ISO-10303-21;
HEADER;
FILE_DESCRIPTION(('FreeCAD Model'),'2;1');
FILE_NAME('Open CASCADE Shape Model','2026-08-02T12:24:31',(''),(''),
  'Open CASCADE STEP processor 7.8','FreeCAD','Unknown');
FILE_SCHEMA(('AUTOMOTIVE_DESIGN { 1 0 10303 214 1 1 1 1 }'));
ENDSEC;
DATA;
#1 = APPLICATION_PROTOCOL_DEFINITION('international standard',
  'automotive_design',2000,#2);
#2 = APPLICATION_CONTEXT(
  'core data for automotive mechanical design processes');
#3 = SHAPE_DEFINITION_REPRESENTATION(#4,#10);
#4 = PRODUCT_DEFINITION_SHAPE('','',#5);
#5 = PRODUCT_DEFINITION('design','',#6,#9);
#6 = PRODUCT_DEFINITION_FORMATION('','',#7);
#7 = PRODUCT('Fillet014','Fillet014','',(#8));
#8 = PRODUCT_CONTEXT('',#2,'mechanical');
#9 = PRODUCT_DEFINITION_CONTEXT('part definition',#2,'design');
#10 = ADVANCED_BREP_SHAPE_REPRESENTATION('',(#11,#15),#3930);
#11 = AXIS2_PLACEMENT_3D('',#12,#13,#14);
#12 = CARTESIAN_POINT('',(0.,0.,0.));
#13 = DIRECTION('',(0.,0.,1.));
#14 = DIRECTION('',(1.,0.,-0.));
#15 = MANIFOLD_SOLID_BREP('',#16);
#16 = CLOSED_SHELL('',(#17,#107,#140,#165,#190,#215,#240,#257,#290,#323,
    #356,#389,#420,#444,#468,#492,#516,#533,#559,#585,#616,#798,#816,
    #1090,#1108,#1141,#1172,#1196,#1220,#1244,#1268,#1285,#1303,#1321,
    #1354,#1380,#1414,#1439,#1464,#1482,#1515,#1541,#1567,#1590,#1615,
    #1641,#1666,#1700,#1735,#1766,#1807,#1833,#1863,#1874,#1905,#1930,
    #1955,#2027,#2051,#2076,#2101,#2118,#2143,#2168,#2193,#2227,#2252,
    #2277,#2303,#2329,#2352,#2377,#2411,#2446,#2487,#2525,#2556,#2574,
    #2608,#2633,#2658,#2676,#2687,#2704,#2729,#2740,#2751,#2768,#2877,
    #2899,#2916,#2933,#2945,#2967,#2979,#2996,#3013,#3030,#3058,#3075,
    #3097,#3114,#3136,#3235,#3257,#3356,#3373,#3390,#3457,#3467,#3487,
    #3507,#3527,#3544,#3561,#3660,#3759,#3776,#3792,#3804,#3821,#3831,
    #3843,#3855,#3867,#3879,#3896,#3913));
#17 = ADVANCED_FACE('',(#18,#68),#102,.F.);
#18 = FACE_BOUND('',#19,.F.);
#19 = EDGE_LOOP('',(#20,#30,#38,#46,#54,#62));
#20 = ORIENTED_EDGE('',*,*,#21,.F.);
#21 = EDGE_CURVE('',#22,#24,#26,.T.);
#22 = VERTEX_POINT('',#23);
#23 = CARTESIAN_POINT('',(-3.990196662083,6.91122335092,8.E-15));
#24 = VERTEX_POINT('',#25);
#25 = CARTESIAN_POINT('',(-7.980393324166,4.E-15,8.E-15));
#26 = LINE('',#27,#28);
#27 = CARTESIAN_POINT('',(-4.207944723935,6.534072644542,7.99E-15));
#28 = VECTOR('',#29,1.);
#29 = DIRECTION('',(-0.5,-0.866025403784,0.));
#30 = ORIENTED_EDGE('',*,*,#31,.F.);
#31 = EDGE_CURVE('',#32,#22,#34,.T.);
#32 = VERTEX_POINT('',#33);
#33 = CARTESIAN_POINT('',(3.990196662083,6.91122335092,-7.E-15));
#34 = LINE('',#35,#36);
#35 = CARTESIAN_POINT('',(3.554700538379,6.91122335092,-6.77E-15));
#36 = VECTOR('',#37,1.);
#37 = DIRECTION('',(-1.,1.9E-16,0.));
#38 = ORIENTED_EDGE('',*,*,#39,.F.);
#39 = EDGE_CURVE('',#40,#32,#42,.T.);
#40 = VERTEX_POINT('',#41);
#41 = CARTESIAN_POINT('',(7.980393324166,1.E-15,-1.6E-14));
#42 = LINE('',#43,#44);
#43 = CARTESIAN_POINT('',(7.762645262314,0.377150706377,-1.554E-14));
#44 = VECTOR('',#45,1.);
#45 = DIRECTION('',(-0.5,0.866025403784,0.));
#46 = ORIENTED_EDGE('',*,*,#47,.F.);
#47 = EDGE_CURVE('',#48,#40,#50,.T.);
#48 = VERTEX_POINT('',#49);
#49 = CARTESIAN_POINT('',(3.990196662083,-6.91122335092,3.E-15));
#50 = LINE('',#51,#52);
#51 = CARTESIAN_POINT('',(4.207944723935,-6.534072644542,-1.055E-14));
#52 = VECTOR('',#53,1.);
#53 = DIRECTION('',(0.5,0.866025403784,0.));
#54 = ORIENTED_EDGE('',*,*,#55,.F.);
#55 = EDGE_CURVE('',#56,#48,#58,.T.);
#56 = VERTEX_POINT('',#57);
#57 = CARTESIAN_POINT('',(-3.990196662083,-6.91122335092,1.2E-14));
#58 = LINE('',#59,#60);
#59 = CARTESIAN_POINT('',(-3.554700538379,-6.91122335092,3.11E-15));
#60 = VECTOR('',#61,1.);
#61 = DIRECTION('',(1.,-3.7E-16,0.));
#62 = ORIENTED_EDGE('',*,*,#63,.F.);
#63 = EDGE_CURVE('',#24,#56,#64,.T.);
#64 = LINE('',#65,#66);
#65 = CARTESIAN_POINT('',(-7.762645262314,-0.377150706377,1.243E-14));
#66 = VECTOR('',#67,1.);
#67 = DIRECTION('',(0.5,-0.866025403784,0.));
#68 = FACE_BOUND('',#69,.F.);
#69 = EDGE_LOOP('',(#70,#80,#88,#96));
#70 = ORIENTED_EDGE('',*,*,#71,.T.);
#71 = EDGE_CURVE('',#72,#74,#76,.T.);
#72 = VERTEX_POINT('',#73);
#73 = CARTESIAN_POINT('',(19.099823797265,-14.,0.));
#74 = VERTEX_POINT('',#75);
#75 = CARTESIAN_POINT('',(19.099823797265,14.,0.));
#76 = LINE('',#77,#78);
#77 = CARTESIAN_POINT('',(19.099823797265,-15.,0.));
#78 = VECTOR('',#79,1.);
#79 = DIRECTION('',(-0.,1.,0.));
#80 = ORIENTED_EDGE('',*,*,#81,.T.);
#81 = EDGE_CURVE('',#74,#82,#84,.T.);
#82 = VERTEX_POINT('',#83);
#83 = CARTESIAN_POINT('',(-19.09982379726,14.,5.684341886081E-14));
#84 = LINE('',#85,#86);
#85 = CARTESIAN_POINT('',(19.099823797265,14.,2.13162820728E-14));
#86 = VECTOR('',#87,1.);
#87 = DIRECTION('',(-1.,0.,1.221245327088E-15));
#88 = ORIENTED_EDGE('',*,*,#89,.F.);
#89 = EDGE_CURVE('',#90,#82,#92,.T.);
#90 = VERTEX_POINT('',#91);
#91 = CARTESIAN_POINT('',(-19.09982379726,-14.,4.973799150321E-14));
#92 = LINE('',#93,#94);
#93 = CARTESIAN_POINT('',(-19.09982379726,-15.,5.329070518201E-14));
#94 = VECTOR('',#95,1.);
#95 = DIRECTION('',(-0.,1.,0.));
#96 = ORIENTED_EDGE('',*,*,#97,.F.);
#97 = EDGE_CURVE('',#72,#90,#98,.T.);
#98 = LINE('',#99,#100);
#99 = CARTESIAN_POINT('',(19.099823797265,-14.,7.105427357601E-15));
#100 = VECTOR('',#101,1.);
#101 = DIRECTION('',(-1.,0.,1.221245327088E-15));
#102 = PLANE('',#103);
#103 = AXIS2_PLACEMENT_3D('',#104,#105,#106);
#104 = CARTESIAN_POINT('',(20.34759929906,-15.,0.));
#105 = DIRECTION('',(1.276756478319E-15,0.,1.));
#106 = DIRECTION('',(-1.,0.,1.221245327088E-15));
#107 = ADVANCED_FACE('',(#108),#135,.T.);
#108 = FACE_BOUND('',#109,.T.);
#109 = EDGE_LOOP('',(#110,#119,#127,#134));
#110 = ORIENTED_EDGE('',*,*,#111,.T.);
#111 = EDGE_CURVE('',#22,#112,#114,.T.);
#112 = VERTEX_POINT('',#113);
#113 = CARTESIAN_POINT('',(-3.43506055208,5.949699403279,0.725278872103)
  );
#114 = ELLIPSE('',#115,1.154700538379,1.);
#115 = AXIS2_PLACEMENT_3D('',#116,#117,#118);
#116 = CARTESIAN_POINT('',(-3.990196662083,6.91122335092,1.));
#117 = DIRECTION('',(-0.866025403784,-0.5,0.));
#118 = DIRECTION('',(0.5,-0.866025403784,0.));
#119 = ORIENTED_EDGE('',*,*,#120,.T.);
#120 = EDGE_CURVE('',#112,#121,#123,.T.);
#121 = VERTEX_POINT('',#122);
#122 = CARTESIAN_POINT('',(-6.870121104161,3.E-15,0.725278872103));
#123 = LINE('',#124,#125);
#124 = CARTESIAN_POINT('',(-3.375240558931,6.053310670722,0.725278872103
    ));
#125 = VECTOR('',#126,1.);
#126 = DIRECTION('',(-0.5,-0.866025403784,0.));
#127 = ORIENTED_EDGE('',*,*,#128,.F.);
#128 = EDGE_CURVE('',#24,#121,#129,.T.);
#129 = ELLIPSE('',#130,1.154700538379,1.);
#130 = AXIS2_PLACEMENT_3D('',#131,#132,#133);
#131 = CARTESIAN_POINT('',(-7.980393324166,2.66E-15,1.));
#132 = DIRECTION('',(-3.5E-16,-1.,0.));
#133 = DIRECTION('',(-1.,3.5E-16,0.));
#134 = ORIENTED_EDGE('',*,*,#21,.F.);
#135 = CYLINDRICAL_SURFACE('',#136,1.);
#136 = AXIS2_PLACEMENT_3D('',#137,#138,#139);
#137 = CARTESIAN_POINT('',(-4.207944723935,6.534072644542,1.));
#138 = DIRECTION('',(-0.5,-0.866025403784,0.));
#139 = DIRECTION('',(-1.458730669589E-15,8.421985447626E-16,-1.));
#140 = ADVANCED_FACE('',(#141),#160,.T.);
#141 = FACE_BOUND('',#142,.T.);
#142 = EDGE_LOOP('',(#143,#152,#158,#159));
#143 = ORIENTED_EDGE('',*,*,#144,.T.);
#144 = EDGE_CURVE('',#32,#145,#147,.T.);
#145 = VERTEX_POINT('',#146);
#146 = CARTESIAN_POINT('',(3.43506055208,5.949699403279,0.725278872103)
  );
#147 = ELLIPSE('',#148,1.154700538379,1.);
#148 = AXIS2_PLACEMENT_3D('',#149,#150,#151);
#149 = CARTESIAN_POINT('',(3.990196662083,6.91122335092,1.));
#150 = DIRECTION('',(-0.866025403784,0.5,0.));
#151 = DIRECTION('',(-0.5,-0.866025403784,0.));
#152 = ORIENTED_EDGE('',*,*,#153,.T.);
#153 = EDGE_CURVE('',#145,#112,#154,.T.);
#154 = LINE('',#155,#156);
#155 = CARTESIAN_POINT('',(3.554700538379,5.949699403279,0.725278872103)
  );
#156 = VECTOR('',#157,1.);
#157 = DIRECTION('',(-1.,1.9E-16,0.));
#158 = ORIENTED_EDGE('',*,*,#111,.F.);
#159 = ORIENTED_EDGE('',*,*,#31,.F.);
#160 = CYLINDRICAL_SURFACE('',#161,1.);
#161 = AXIS2_PLACEMENT_3D('',#162,#163,#164);
#162 = CARTESIAN_POINT('',(3.554700538379,6.91122335092,1.));
#163 = DIRECTION('',(-1.,1.9E-16,0.));
#164 = DIRECTION('',(3.8E-32,2.E-16,-1.));
#165 = ADVANCED_FACE('',(#166),#185,.T.);
#166 = FACE_BOUND('',#167,.T.);
#167 = EDGE_LOOP('',(#168,#169,#177,#184));
#168 = ORIENTED_EDGE('',*,*,#128,.T.);
#169 = ORIENTED_EDGE('',*,*,#170,.T.);
#170 = EDGE_CURVE('',#121,#171,#173,.T.);
#171 = VERTEX_POINT('',#172);
#172 = CARTESIAN_POINT('',(-3.43506055208,-5.949699403279,0.725278872103
    ));
#173 = LINE('',#174,#175);
#174 = CARTESIAN_POINT('',(-6.92994109731,0.103611267443,0.725278872103)
  );
#175 = VECTOR('',#176,1.);
#176 = DIRECTION('',(0.5,-0.866025403784,0.));
#177 = ORIENTED_EDGE('',*,*,#178,.F.);
#178 = EDGE_CURVE('',#56,#171,#179,.T.);
#179 = ELLIPSE('',#180,1.154700538379,1.);
#180 = AXIS2_PLACEMENT_3D('',#181,#182,#183);
#181 = CARTESIAN_POINT('',(-3.990196662083,-6.91122335092,1.));
#182 = DIRECTION('',(0.866025403784,-0.5,0.));
#183 = DIRECTION('',(-0.5,-0.866025403784,0.));
#184 = ORIENTED_EDGE('',*,*,#63,.F.);
#185 = CYLINDRICAL_SURFACE('',#186,1.);
#186 = AXIS2_PLACEMENT_3D('',#187,#188,#189);
#187 = CARTESIAN_POINT('',(-7.762645262314,-0.377150706377,1.));
#188 = DIRECTION('',(0.5,-0.866025403784,0.));
#189 = DIRECTION('',(-1.2879293994E-15,-7.43586385441E-16,-1.));
#190 = ADVANCED_FACE('',(#191),#210,.T.);
#191 = FACE_BOUND('',#192,.T.);
#192 = EDGE_LOOP('',(#193,#202,#208,#209));
#193 = ORIENTED_EDGE('',*,*,#194,.T.);
#194 = EDGE_CURVE('',#40,#195,#197,.T.);
#195 = VERTEX_POINT('',#196);
#196 = CARTESIAN_POINT('',(6.870121104161,0.,0.725278872103));
#197 = ELLIPSE('',#198,1.154700538379,1.);
#198 = AXIS2_PLACEMENT_3D('',#199,#200,#201);
#199 = CARTESIAN_POINT('',(7.980393324166,3.9E-16,1.));
#200 = DIRECTION('',(2.2E-16,1.,0.));
#201 = DIRECTION('',(-1.,2.2E-16,0.));
#202 = ORIENTED_EDGE('',*,*,#203,.T.);
#203 = EDGE_CURVE('',#195,#145,#204,.T.);
#204 = LINE('',#205,#206);
#205 = CARTESIAN_POINT('',(6.92994109731,-0.103611267443,0.725278872103)
  );
#206 = VECTOR('',#207,1.);
#207 = DIRECTION('',(-0.5,0.866025403784,0.));
#208 = ORIENTED_EDGE('',*,*,#144,.F.);
#209 = ORIENTED_EDGE('',*,*,#39,.F.);
#210 = CYLINDRICAL_SURFACE('',#211,1.);
#211 = AXIS2_PLACEMENT_3D('',#212,#213,#214);
#212 = CARTESIAN_POINT('',(7.762645262314,0.377150706377,1.));
#213 = DIRECTION('',(-0.5,0.866025403784,0.));
#214 = DIRECTION('',(-1.2879293994E-15,-7.43586385441E-16,-1.));
#215 = ADVANCED_FACE('',(#216),#235,.T.);
#216 = FACE_BOUND('',#217,.T.);
#217 = EDGE_LOOP('',(#218,#219,#227,#234));
#218 = ORIENTED_EDGE('',*,*,#178,.T.);
#219 = ORIENTED_EDGE('',*,*,#220,.T.);
#220 = EDGE_CURVE('',#171,#221,#223,.T.);
#221 = VERTEX_POINT('',#222);
#222 = CARTESIAN_POINT('',(3.43506055208,-5.949699403279,0.725278872103)
  );
#223 = LINE('',#224,#225);
#224 = CARTESIAN_POINT('',(-3.554700538379,-5.949699403279,
    0.725278872103));
#225 = VECTOR('',#226,1.);
#226 = DIRECTION('',(1.,-3.7E-16,0.));
#227 = ORIENTED_EDGE('',*,*,#228,.F.);
#228 = EDGE_CURVE('',#48,#221,#229,.T.);
#229 = ELLIPSE('',#230,1.154700538379,1.);
#230 = AXIS2_PLACEMENT_3D('',#231,#232,#233);
#231 = CARTESIAN_POINT('',(3.990196662083,-6.91122335092,1.));
#232 = DIRECTION('',(0.866025403784,0.5,0.));
#233 = DIRECTION('',(0.5,-0.866025403784,0.));
#234 = ORIENTED_EDGE('',*,*,#55,.F.);
#235 = CYLINDRICAL_SURFACE('',#236,1.);
#236 = AXIS2_PLACEMENT_3D('',#237,#238,#239);
#237 = CARTESIAN_POINT('',(-3.554700538379,-6.91122335092,1.));
#238 = DIRECTION('',(1.,-3.7E-16,0.));
#239 = DIRECTION('',(7.4E-32,2.E-16,-1.));
#240 = ADVANCED_FACE('',(#241),#252,.T.);
#241 = FACE_BOUND('',#242,.T.);
#242 = EDGE_LOOP('',(#243,#244,#250,#251));
#243 = ORIENTED_EDGE('',*,*,#228,.T.);
#244 = ORIENTED_EDGE('',*,*,#245,.T.);
#245 = EDGE_CURVE('',#221,#195,#246,.T.);
#246 = LINE('',#247,#248);
#247 = CARTESIAN_POINT('',(3.375240558931,-6.053310670722,0.725278872103
    ));
#248 = VECTOR('',#249,1.);
#249 = DIRECTION('',(0.5,0.866025403784,0.));
#250 = ORIENTED_EDGE('',*,*,#194,.F.);
#251 = ORIENTED_EDGE('',*,*,#47,.F.);
#252 = CYLINDRICAL_SURFACE('',#253,1.);
#253 = AXIS2_PLACEMENT_3D('',#254,#255,#256);
#254 = CARTESIAN_POINT('',(4.207944723935,-6.534072644542,1.));
#255 = DIRECTION('',(0.5,0.866025403784,0.));
#256 = DIRECTION('',(-1.458730669589E-15,8.421985447626E-16,-1.));
#257 = ADVANCED_FACE('',(#258),#285,.T.);
#258 = FACE_BOUND('',#259,.F.);
#259 = EDGE_LOOP('',(#260,#261,#270,#278));
#260 = ORIENTED_EDGE('',*,*,#71,.F.);
#261 = ORIENTED_EDGE('',*,*,#262,.F.);
#262 = EDGE_CURVE('',#263,#72,#265,.T.);
#263 = VERTEX_POINT('',#264);
#264 = CARTESIAN_POINT('',(21.557116142427,-14.,0.306614918904));
#265 = CIRCLE('',#266,10.);
#266 = AXIS2_PLACEMENT_3D('',#267,#268,#269);
#267 = CARTESIAN_POINT('',(19.099823797265,-14.,10.));
#268 = DIRECTION('',(0.,1.,0.));
#269 = DIRECTION('',(0.245729234516,-0.,-0.96933850811));
#270 = ORIENTED_EDGE('',*,*,#271,.T.);
#271 = EDGE_CURVE('',#263,#272,#274,.T.);
#272 = VERTEX_POINT('',#273);
#273 = CARTESIAN_POINT('',(21.557116142427,14.,0.306614918904));
#274 = LINE('',#275,#276);
#275 = CARTESIAN_POINT('',(21.557116142427,-15.,0.306614918904));
#276 = VECTOR('',#277,1.);
#277 = DIRECTION('',(-0.,1.,0.));
#278 = ORIENTED_EDGE('',*,*,#279,.T.);
#279 = EDGE_CURVE('',#272,#74,#280,.T.);
#280 = CIRCLE('',#281,10.);
#281 = AXIS2_PLACEMENT_3D('',#282,#283,#284);
#282 = CARTESIAN_POINT('',(19.099823797265,14.,10.));
#283 = DIRECTION('',(0.,1.,0.));
#284 = DIRECTION('',(0.245729234516,-0.,-0.96933850811));
#285 = CYLINDRICAL_SURFACE('',#286,10.);
#286 = AXIS2_PLACEMENT_3D('',#287,#288,#289);
#287 = CARTESIAN_POINT('',(19.099823797265,-15.,10.));
#288 = DIRECTION('',(-0.,1.,0.));
#289 = DIRECTION('',(-1.165734175856E-15,-0.,-1.));
#290 = ADVANCED_FACE('',(#291),#318,.T.);
#291 = FACE_BOUND('',#292,.F.);
#292 = EDGE_LOOP('',(#293,#302,#303,#312));
#293 = ORIENTED_EDGE('',*,*,#294,.T.);
#294 = EDGE_CURVE('',#295,#72,#297,.T.);
#295 = VERTEX_POINT('',#296);
#296 = CARTESIAN_POINT('',(19.099823797265,-15.,1.));
#297 = CIRCLE('',#298,1.);
#298 = AXIS2_PLACEMENT_3D('',#299,#300,#301);
#299 = CARTESIAN_POINT('',(19.099823797265,-14.,1.));
#300 = DIRECTION('',(1.,0.,-2.053912595557E-15));
#301 = DIRECTION('',(-2.053912595557E-15,-0.,-1.));
#302 = ORIENTED_EDGE('',*,*,#97,.T.);
#303 = ORIENTED_EDGE('',*,*,#304,.F.);
#304 = EDGE_CURVE('',#305,#90,#307,.T.);
#305 = VERTEX_POINT('',#306);
#306 = CARTESIAN_POINT('',(-19.09982379726,-15.,1.));
#307 = CIRCLE('',#308,1.);
#308 = AXIS2_PLACEMENT_3D('',#309,#310,#311);
#309 = CARTESIAN_POINT('',(-19.09982379726,-14.,1.));
#310 = DIRECTION('',(1.,0.,-1.221245327088E-15));
#311 = DIRECTION('',(0.,-1.,0.));
#312 = ORIENTED_EDGE('',*,*,#313,.F.);
#313 = EDGE_CURVE('',#295,#305,#314,.T.);
#314 = LINE('',#315,#316);
#315 = CARTESIAN_POINT('',(19.099823797265,-15.,1.));
#316 = VECTOR('',#317,1.);
#317 = DIRECTION('',(-1.,0.,1.221245327088E-15));
#318 = CYLINDRICAL_SURFACE('',#319,1.);
#319 = AXIS2_PLACEMENT_3D('',#320,#321,#322);
#320 = CARTESIAN_POINT('',(19.099823797265,-14.,1.));
#321 = DIRECTION('',(-1.,0.,1.221245327088E-15));
#322 = DIRECTION('',(0.,-1.,0.));
#323 = ADVANCED_FACE('',(#324),#351,.T.);
#324 = FACE_BOUND('',#325,.F.);
#325 = EDGE_LOOP('',(#326,#335,#343,#350));
#326 = ORIENTED_EDGE('',*,*,#327,.T.);
#327 = EDGE_CURVE('',#74,#328,#330,.T.);
#328 = VERTEX_POINT('',#329);
#329 = CARTESIAN_POINT('',(19.099823797265,15.,1.));
#330 = CIRCLE('',#331,1.);
#331 = AXIS2_PLACEMENT_3D('',#332,#333,#334);
#332 = CARTESIAN_POINT('',(19.099823797265,14.,1.));
#333 = DIRECTION('',(1.,0.,-2.053912595557E-15));
#334 = DIRECTION('',(-2.053912595557E-15,-0.,-1.));
#335 = ORIENTED_EDGE('',*,*,#336,.T.);
#336 = EDGE_CURVE('',#328,#337,#339,.T.);
#337 = VERTEX_POINT('',#338);
#338 = CARTESIAN_POINT('',(-19.09982379726,15.,1.));
#339 = LINE('',#340,#341);
#340 = CARTESIAN_POINT('',(19.099823797265,15.,1.));
#341 = VECTOR('',#342,1.);
#342 = DIRECTION('',(-1.,0.,1.221245327088E-15));
#343 = ORIENTED_EDGE('',*,*,#344,.F.);
#344 = EDGE_CURVE('',#82,#337,#345,.T.);
#345 = CIRCLE('',#346,1.);
#346 = AXIS2_PLACEMENT_3D('',#347,#348,#349);
#347 = CARTESIAN_POINT('',(-19.09982379726,14.,1.));
#348 = DIRECTION('',(1.,0.,-1.221245327088E-15));
#349 = DIRECTION('',(-1.221245327088E-15,-0.,-1.));
#350 = ORIENTED_EDGE('',*,*,#81,.F.);
#351 = CYLINDRICAL_SURFACE('',#352,1.);
#352 = AXIS2_PLACEMENT_3D('',#353,#354,#355);
#353 = CARTESIAN_POINT('',(19.099823797265,14.,1.));
#354 = DIRECTION('',(-1.,0.,1.221245327088E-15));
#355 = DIRECTION('',(-1.221245327088E-15,-0.,-1.));
#356 = ADVANCED_FACE('',(#357),#384,.F.);
#357 = FACE_BOUND('',#358,.T.);
#358 = EDGE_LOOP('',(#359,#369,#376,#377));
#359 = ORIENTED_EDGE('',*,*,#360,.T.);
#360 = EDGE_CURVE('',#361,#363,#365,.T.);
#361 = VERTEX_POINT('',#362);
#362 = CARTESIAN_POINT('',(-28.97646067864,-14.,-11.56590035231));
#363 = VERTEX_POINT('',#364);
#364 = CARTESIAN_POINT('',(-28.97646067864,14.,-11.56590035231));
#365 = LINE('',#366,#367);
#366 = CARTESIAN_POINT('',(-28.97646067864,-15.,-11.56590035231));
#367 = VECTOR('',#368,1.);
#368 = DIRECTION('',(0.,1.,-0.));
#369 = ORIENTED_EDGE('',*,*,#370,.F.);
#370 = EDGE_CURVE('',#82,#363,#371,.T.);
#371 = CIRCLE('',#372,10.);
#372 = AXIS2_PLACEMENT_3D('',#373,#374,#375);
#373 = CARTESIAN_POINT('',(-19.09982379726,14.,-10.));
#374 = DIRECTION('',(0.,-1.,0.));
#375 = DIRECTION('',(1.665334536938E-16,0.,1.));
#376 = ORIENTED_EDGE('',*,*,#89,.F.);
#377 = ORIENTED_EDGE('',*,*,#378,.T.);
#378 = EDGE_CURVE('',#90,#361,#379,.T.);
#379 = CIRCLE('',#380,10.);
#380 = AXIS2_PLACEMENT_3D('',#381,#382,#383);
#381 = CARTESIAN_POINT('',(-19.09982379726,-14.,-10.));
#382 = DIRECTION('',(0.,-1.,0.));
#383 = DIRECTION('',(1.665334536938E-16,0.,1.));
#384 = CYLINDRICAL_SURFACE('',#385,10.);
#385 = AXIS2_PLACEMENT_3D('',#386,#387,#388);
#386 = CARTESIAN_POINT('',(-19.09982379726,-15.,-10.));
#387 = DIRECTION('',(0.,-1.,0.));
#388 = DIRECTION('',(-0.45734454543,0.,-0.889289585436));
#389 = ADVANCED_FACE('',(#390),#415,.F.);
#390 = FACE_BOUND('',#391,.F.);
#391 = EDGE_LOOP('',(#392,#400,#401,#409));
#392 = ORIENTED_EDGE('',*,*,#393,.F.);
#393 = EDGE_CURVE('',#112,#394,#396,.T.);
#394 = VERTEX_POINT('',#395);
#395 = CARTESIAN_POINT('',(-2.4,4.156921938165,7.));
#396 = LINE('',#397,#398);
#397 = CARTESIAN_POINT('',(-2.904286458903,5.030371706554,3.94292581064)
  );
#398 = VECTOR('',#399,1.);
#399 = DIRECTION('',(0.156652089998,-0.271329378988,0.949652826457));
#400 = ORIENTED_EDGE('',*,*,#120,.T.);
#401 = ORIENTED_EDGE('',*,*,#402,.T.);
#402 = EDGE_CURVE('',#121,#403,#405,.T.);
#403 = VERTEX_POINT('',#404);
#404 = CARTESIAN_POINT('',(-4.8,3.E-15,7.));
#405 = LINE('',#406,#407);
#406 = CARTESIAN_POINT('',(-5.808572917806,2.75E-15,3.94292581064));
#407 = VECTOR('',#408,1.);
#408 = DIRECTION('',(0.313304179995,-1.6E-16,0.949652826457));
#409 = ORIENTED_EDGE('',*,*,#410,.F.);
#410 = EDGE_CURVE('',#394,#403,#411,.T.);
#411 = LINE('',#412,#413);
#412 = CARTESIAN_POINT('',(-2.4,4.156921938165,7.));
#413 = VECTOR('',#414,1.);
#414 = DIRECTION('',(-0.5,-0.866025403784,0.));
#415 = PLANE('',#416);
#416 = AXIS2_PLACEMENT_3D('',#417,#418,#419);
#417 = CARTESIAN_POINT('',(-3.266025403784,4.656921938165,3.5));
#418 = DIRECTION('',(-0.832704165004,0.48076197382,0.274721127897));
#419 = DIRECTION('',(-0.5,-0.866025403784,8.326672684689E-17));
#420 = ADVANCED_FACE('',(#421),#439,.F.);
#421 = FACE_BOUND('',#422,.F.);
#422 = EDGE_LOOP('',(#423,#431,#432,#433));
#423 = ORIENTED_EDGE('',*,*,#424,.F.);
#424 = EDGE_CURVE('',#145,#425,#427,.T.);
#425 = VERTEX_POINT('',#426);
#426 = CARTESIAN_POINT('',(2.4,4.156921938165,7.));
#427 = LINE('',#428,#429);
#428 = CARTESIAN_POINT('',(2.904286458903,5.030371706554,3.94292581064)
  );
#429 = VECTOR('',#430,1.);
#430 = DIRECTION('',(-0.156652089998,-0.271329378988,0.949652826457));
#431 = ORIENTED_EDGE('',*,*,#153,.T.);
#432 = ORIENTED_EDGE('',*,*,#393,.T.);
#433 = ORIENTED_EDGE('',*,*,#434,.F.);
#434 = EDGE_CURVE('',#425,#394,#435,.T.);
#435 = LINE('',#436,#437);
#436 = CARTESIAN_POINT('',(2.4,4.156921938165,7.));
#437 = VECTOR('',#438,1.);
#438 = DIRECTION('',(-1.,1.9E-16,0.));
#439 = PLANE('',#440);
#440 = AXIS2_PLACEMENT_3D('',#441,#442,#443);
#441 = CARTESIAN_POINT('',(2.4,5.156921938165,3.5));
#442 = DIRECTION('',(6.5E-16,0.961523947641,0.274721127897));
#443 = DIRECTION('',(-1.,6.389528301175E-16,1.29700808605E-16));
#444 = ADVANCED_FACE('',(#445),#463,.F.);
#445 = FACE_BOUND('',#446,.F.);
#446 = EDGE_LOOP('',(#447,#448,#449,#457));
#447 = ORIENTED_EDGE('',*,*,#402,.F.);
#448 = ORIENTED_EDGE('',*,*,#170,.T.);
#449 = ORIENTED_EDGE('',*,*,#450,.T.);
#450 = EDGE_CURVE('',#171,#451,#453,.T.);
#451 = VERTEX_POINT('',#452);
#452 = CARTESIAN_POINT('',(-2.4,-4.156921938165,7.));
#453 = LINE('',#454,#455);
#454 = CARTESIAN_POINT('',(-2.904286458903,-5.030371706554,3.94292581064
    ));
#455 = VECTOR('',#456,1.);
#456 = DIRECTION('',(0.156652089998,0.271329378988,0.949652826457));
#457 = ORIENTED_EDGE('',*,*,#458,.F.);
#458 = EDGE_CURVE('',#403,#451,#459,.T.);
#459 = LINE('',#460,#461);
#460 = CARTESIAN_POINT('',(-4.8,1.78E-15,7.));
#461 = VECTOR('',#462,1.);
#462 = DIRECTION('',(0.5,-0.866025403784,0.));
#463 = PLANE('',#464);
#464 = AXIS2_PLACEMENT_3D('',#465,#466,#467);
#465 = CARTESIAN_POINT('',(-5.666025403784,-0.5,3.5));
#466 = DIRECTION('',(-0.832704165004,-0.48076197382,0.274721127897));
#467 = DIRECTION('',(0.5,-0.866025403784,-5.551115123126E-17));
#468 = ADVANCED_FACE('',(#469),#487,.F.);
#469 = FACE_BOUND('',#470,.F.);
#470 = EDGE_LOOP('',(#471,#479,#480,#481));
#471 = ORIENTED_EDGE('',*,*,#472,.F.);
#472 = EDGE_CURVE('',#195,#473,#475,.T.);
#473 = VERTEX_POINT('',#474);
#474 = CARTESIAN_POINT('',(4.8,0.,7.));
#475 = LINE('',#476,#477);
#476 = CARTESIAN_POINT('',(5.808572917806,2.2E-16,3.94292581064));
#477 = VECTOR('',#478,1.);
#478 = DIRECTION('',(-0.313304179995,2.E-16,0.949652826457));
#479 = ORIENTED_EDGE('',*,*,#203,.T.);
#480 = ORIENTED_EDGE('',*,*,#424,.T.);
#481 = ORIENTED_EDGE('',*,*,#482,.F.);
#482 = EDGE_CURVE('',#473,#425,#483,.T.);
#483 = LINE('',#484,#485);
#484 = CARTESIAN_POINT('',(4.8,0.,7.));
#485 = VECTOR('',#486,1.);
#486 = DIRECTION('',(-0.5,0.866025403784,0.));
#487 = PLANE('',#488);
#488 = AXIS2_PLACEMENT_3D('',#489,#490,#491);
#489 = CARTESIAN_POINT('',(5.666025403784,0.5,3.5));
#490 = DIRECTION('',(0.832704165004,0.48076197382,0.274721127897));
#491 = DIRECTION('',(-0.5,0.866025403784,8.326672684689E-17));
#492 = ADVANCED_FACE('',(#493),#511,.F.);
#493 = FACE_BOUND('',#494,.F.);
#494 = EDGE_LOOP('',(#495,#496,#497,#505));
#495 = ORIENTED_EDGE('',*,*,#450,.F.);
#496 = ORIENTED_EDGE('',*,*,#220,.T.);
#497 = ORIENTED_EDGE('',*,*,#498,.T.);
#498 = EDGE_CURVE('',#221,#499,#501,.T.);
#499 = VERTEX_POINT('',#500);
#500 = CARTESIAN_POINT('',(2.4,-4.156921938165,7.));
#501 = LINE('',#502,#503);
#502 = CARTESIAN_POINT('',(2.904286458903,-5.030371706554,3.94292581064)
  );
#503 = VECTOR('',#504,1.);
#504 = DIRECTION('',(-0.156652089998,0.271329378988,0.949652826457));
#505 = ORIENTED_EDGE('',*,*,#506,.F.);
#506 = EDGE_CURVE('',#451,#499,#507,.T.);
#507 = LINE('',#508,#509);
#508 = CARTESIAN_POINT('',(-2.4,-4.156921938165,7.));
#509 = VECTOR('',#510,1.);
#510 = DIRECTION('',(1.,-3.7E-16,0.));
#511 = PLANE('',#512);
#512 = AXIS2_PLACEMENT_3D('',#513,#514,#515);
#513 = CARTESIAN_POINT('',(-2.4,-5.156921938165,3.5));
#514 = DIRECTION('',(1.7E-16,-0.961523947641,0.274721127897));
#515 = DIRECTION('',(1.,1.370439767593E-16,-1.391554219312E-16));
#516 = ADVANCED_FACE('',(#517),#528,.F.);
#517 = FACE_BOUND('',#518,.F.);
#518 = EDGE_LOOP('',(#519,#520,#521,#522));
#519 = ORIENTED_EDGE('',*,*,#498,.F.);
#520 = ORIENTED_EDGE('',*,*,#245,.T.);
#521 = ORIENTED_EDGE('',*,*,#472,.T.);
#522 = ORIENTED_EDGE('',*,*,#523,.F.);
#523 = EDGE_CURVE('',#499,#473,#524,.T.);
#524 = LINE('',#525,#526);
#525 = CARTESIAN_POINT('',(2.4,-4.156921938165,7.));
#526 = VECTOR('',#527,1.);
#527 = DIRECTION('',(0.5,0.866025403784,0.));
#528 = PLANE('',#529);
#529 = AXIS2_PLACEMENT_3D('',#530,#531,#532);
#530 = CARTESIAN_POINT('',(3.266025403784,-4.656921938165,3.5));
#531 = DIRECTION('',(0.832704165004,-0.48076197382,0.274721127897));
#532 = DIRECTION('',(0.5,0.866025403784,-5.551115123126E-17));
#533 = ADVANCED_FACE('',(#534),#554,.T.);
#534 = FACE_BOUND('',#535,.T.);
#535 = EDGE_LOOP('',(#536,#545,#552,#553));
#536 = ORIENTED_EDGE('',*,*,#537,.F.);
#537 = EDGE_CURVE('',#538,#263,#540,.T.);
#538 = VERTEX_POINT('',#539);
#539 = CARTESIAN_POINT('',(21.31138690791,-15.,1.275953427014));
#540 = CIRCLE('',#541,1.);
#541 = AXIS2_PLACEMENT_3D('',#542,#543,#544);
#542 = CARTESIAN_POINT('',(21.31138690791,-14.,1.275953427014));
#543 = DIRECTION('',(0.96933850811,0.,0.245729234516));
#544 = DIRECTION('',(0.,-1.,0.));
#545 = ORIENTED_EDGE('',*,*,#546,.T.);
#546 = EDGE_CURVE('',#538,#295,#547,.T.);
#547 = CIRCLE('',#548,9.);
#548 = AXIS2_PLACEMENT_3D('',#549,#550,#551);
#549 = CARTESIAN_POINT('',(19.099823797265,-15.,10.));
#550 = DIRECTION('',(0.,1.,0.));
#551 = DIRECTION('',(0.245729234516,-0.,-0.96933850811));
#552 = ORIENTED_EDGE('',*,*,#294,.T.);
#553 = ORIENTED_EDGE('',*,*,#262,.F.);
#554 = TOROIDAL_SURFACE('',#555,9.,1.);
#555 = AXIS2_PLACEMENT_3D('',#556,#557,#558);
#556 = CARTESIAN_POINT('',(19.099823797265,-14.,10.));
#557 = DIRECTION('',(0.,1.,0.));
#558 = DIRECTION('',(0.245729234516,-0.,-0.96933850811));
#559 = ADVANCED_FACE('',(#560),#580,.T.);
#560 = FACE_BOUND('',#561,.T.);
#561 = EDGE_LOOP('',(#562,#571,#572,#573));
#562 = ORIENTED_EDGE('',*,*,#563,.F.);
#563 = EDGE_CURVE('',#272,#564,#566,.T.);
#564 = VERTEX_POINT('',#565);
#565 = CARTESIAN_POINT('',(21.31138690791,15.,1.275953427014));
#566 = CIRCLE('',#567,1.);
#567 = AXIS2_PLACEMENT_3D('',#568,#569,#570);
#568 = CARTESIAN_POINT('',(21.31138690791,14.,1.275953427014));
#569 = DIRECTION('',(0.96933850811,-0.,0.245729234516));
#570 = DIRECTION('',(0.245729234516,-0.,-0.96933850811));
#571 = ORIENTED_EDGE('',*,*,#279,.T.);
#572 = ORIENTED_EDGE('',*,*,#327,.T.);
#573 = ORIENTED_EDGE('',*,*,#574,.F.);
#574 = EDGE_CURVE('',#564,#328,#575,.T.);
#575 = CIRCLE('',#576,9.);
#576 = AXIS2_PLACEMENT_3D('',#577,#578,#579);
#577 = CARTESIAN_POINT('',(19.099823797265,15.,10.));
#578 = DIRECTION('',(0.,1.,0.));
#579 = DIRECTION('',(0.245729234516,-0.,-0.96933850811));
#580 = TOROIDAL_SURFACE('',#581,9.,1.);
#581 = AXIS2_PLACEMENT_3D('',#582,#583,#584);
#582 = CARTESIAN_POINT('',(19.099823797265,14.,10.));
#583 = DIRECTION('',(0.,1.,0.));
#584 = DIRECTION('',(0.245729234516,-0.,-0.96933850811));
#585 = ADVANCED_FACE('',(#586),#611,.F.);
#586 = FACE_BOUND('',#587,.F.);
#587 = EDGE_LOOP('',(#588,#589,#597,#605));
#588 = ORIENTED_EDGE('',*,*,#271,.F.);
#589 = ORIENTED_EDGE('',*,*,#590,.F.);
#590 = EDGE_CURVE('',#591,#263,#593,.T.);
#591 = VERTEX_POINT('',#592);
#592 = CARTESIAN_POINT('',(63.618691250759,-14.,10.969307639193));
#593 = LINE('',#594,#595);
#594 = CARTESIAN_POINT('',(63.618691250759,-14.,10.969307639193));
#595 = VECTOR('',#596,1.);
#596 = DIRECTION('',(-0.96933850811,0.,-0.245729234516));
#597 = ORIENTED_EDGE('',*,*,#598,.T.);
#598 = EDGE_CURVE('',#591,#599,#601,.T.);
#599 = VERTEX_POINT('',#600);
#600 = CARTESIAN_POINT('',(63.618691250759,14.,10.969307639193));
#601 = LINE('',#602,#603);
#602 = CARTESIAN_POINT('',(63.618691250759,-15.,10.969307639193));
#603 = VECTOR('',#604,1.);
#604 = DIRECTION('',(-0.,1.,0.));
#605 = ORIENTED_EDGE('',*,*,#606,.T.);
#606 = EDGE_CURVE('',#599,#272,#607,.T.);
#607 = LINE('',#608,#609);
#608 = CARTESIAN_POINT('',(63.618691250759,14.,10.969307639193));
#609 = VECTOR('',#610,1.);
#610 = DIRECTION('',(-0.96933850811,0.,-0.245729234516));
#611 = PLANE('',#612);
#612 = AXIS2_PLACEMENT_3D('',#613,#614,#615);
#613 = CARTESIAN_POINT('',(64.588029758869,-15.,11.215036873709));
#614 = DIRECTION('',(-0.245729234516,0.,0.96933850811));
#615 = DIRECTION('',(-0.96933850811,0.,-0.245729234516));
#616 = ADVANCED_FACE('',(#617,#628,#664),#793,.F.);
#617 = FACE_BOUND('',#618,.F.);
#618 = EDGE_LOOP('',(#619));
#619 = ORIENTED_EDGE('',*,*,#620,.T.);
#620 = EDGE_CURVE('',#621,#621,#623,.T.);
#621 = VERTEX_POINT('',#622);
#622 = CARTESIAN_POINT('',(-67.95223927298,-15.,27.155934680918));
#623 = CIRCLE('',#624,10.7);
#624 = AXIS2_PLACEMENT_3D('',#625,#626,#627);
#625 = CARTESIAN_POINT('',(-72.84582590908,-15.,17.640536116749));
#626 = DIRECTION('',(0.,-1.,0.));
#627 = DIRECTION('',(0.45734454543,0.,0.889289585436));
#628 = FACE_BOUND('',#629,.F.);
#629 = EDGE_LOOP('',(#630,#641,#649,#658));
#630 = ORIENTED_EDGE('',*,*,#631,.F.);
#631 = EDGE_CURVE('',#632,#634,#636,.T.);
#632 = VERTEX_POINT('',#633);
#633 = CARTESIAN_POINT('',(-57.80410147293,-15.,3.157907695534));
#634 = VERTEX_POINT('',#635);
#635 = CARTESIAN_POINT('',(-52.31596692777,-15.,13.82938272077));
#636 = CIRCLE('',#637,6.);
#637 = AXIS2_PLACEMENT_3D('',#638,#639,#640);
#638 = CARTESIAN_POINT('',(-55.06003420035,-15.,8.493645208152));
#639 = DIRECTION('',(0.,1.,-0.));
#640 = DIRECTION('',(-0.45734454543,-0.,-0.889289585436));
#641 = ORIENTED_EDGE('',*,*,#642,.F.);
#642 = EDGE_CURVE('',#643,#632,#645,.T.);
#643 = VERTEX_POINT('',#644);
#644 = CARTESIAN_POINT('',(-39.62968277857,-15.,-6.188846604021));
#645 = LINE('',#646,#647);
#646 = CARTESIAN_POINT('',(-39.62968277857,-15.,-6.188846604021));
#647 = VECTOR('',#648,1.);
#648 = DIRECTION('',(-0.889289585436,0.,0.45734454543));
#649 = ORIENTED_EDGE('',*,*,#650,.F.);
#650 = EDGE_CURVE('',#651,#643,#653,.T.);
#651 = VERTEX_POINT('',#652);
#652 = CARTESIAN_POINT('',(-34.14154823341,-15.,4.482628421216));
#653 = CIRCLE('',#654,6.);
#654 = AXIS2_PLACEMENT_3D('',#655,#656,#657);
#655 = CARTESIAN_POINT('',(-36.88561550599,-15.,-0.853109091402));
#656 = DIRECTION('',(-0.,1.,0.));
#657 = DIRECTION('',(0.45734454543,0.,0.889289585436));
#658 = ORIENTED_EDGE('',*,*,#659,.F.);
#659 = EDGE_CURVE('',#634,#651,#660,.T.);
#660 = LINE('',#661,#662);
#661 = CARTESIAN_POINT('',(-52.31596692777,-15.,13.82938272077));
#662 = VECTOR('',#663,1.);
#663 = DIRECTION('',(0.889289585436,0.,-0.45734454543));
#664 = FACE_BOUND('',#665,.F.);
#665 = EDGE_LOOP('',(#666,#676,#685,#693,#702,#710,#719,#727,#736,#744,
    #753,#761,#767,#768,#769,#778,#786));
#666 = ORIENTED_EDGE('',*,*,#667,.T.);
#667 = EDGE_CURVE('',#668,#670,#672,.T.);
#668 = VERTEX_POINT('',#669);
#669 = CARTESIAN_POINT('',(-42.94322640997,-15.,-14.15694606654));
#670 = VERTEX_POINT('',#671);
#671 = CARTESIAN_POINT('',(-79.23385502171,-15.,6.318297643012));
#672 = LINE('',#673,#674);
#673 = CARTESIAN_POINT('',(-42.94322640997,-15.,-14.15694606654));
#674 = VECTOR('',#675,1.);
#675 = DIRECTION('',(-0.870941421057,0.,0.491386854818));
#676 = ORIENTED_EDGE('',*,*,#677,.T.);
#677 = EDGE_CURVE('',#670,#678,#680,.T.);
#678 = VERTEX_POINT('',#679);
#679 = CARTESIAN_POINT('',(-67.35178850645,-15.,29.422537348226));
#680 = CIRCLE('',#681,13.);
#681 = AXIS2_PLACEMENT_3D('',#682,#683,#684);
#682 = CARTESIAN_POINT('',(-72.84582590908,-15.,17.640536116749));
#683 = DIRECTION('',(0.,1.,-0.));
#684 = DIRECTION('',(-0.491386854818,-0.,-0.870941421057));
#685 = ORIENTED_EDGE('',*,*,#686,.T.);
#686 = EDGE_CURVE('',#678,#687,#689,.T.);
#687 = VERTEX_POINT('',#688);
#688 = CARTESIAN_POINT('',(-51.64237739319,-15.,22.097118641008));
#689 = LINE('',#690,#691);
#690 = CARTESIAN_POINT('',(-67.35178850645,-15.,29.422537348226));
#691 = VECTOR('',#692,1.);
#692 = DIRECTION('',(0.906307787037,0.,-0.422618261741));
#693 = ORIENTED_EDGE('',*,*,#694,.T.);
#694 = EDGE_CURVE('',#687,#695,#697,.T.);
#695 = VERTEX_POINT('',#696);
#696 = CARTESIAN_POINT('',(-44.88048520534,-15.,20.598043233594));
#697 = CIRCLE('',#698,16.);
#698 = AXIS2_PLACEMENT_3D('',#699,#700,#701);
#699 = CARTESIAN_POINT('',(-44.88048520534,-15.,36.598043233594));
#700 = DIRECTION('',(0.,-1.,0.));
#701 = DIRECTION('',(-0.422618261741,-0.,-0.906307787037));
#702 = ORIENTED_EDGE('',*,*,#703,.T.);
#703 = EDGE_CURVE('',#695,#704,#706,.T.);
#704 = VERTEX_POINT('',#705);
#705 = CARTESIAN_POINT('',(10.392196624383,-15.,20.598043233594));
#706 = LINE('',#707,#708);
#707 = CARTESIAN_POINT('',(-44.88048520534,-15.,20.598043233594));
#708 = VECTOR('',#709,1.);
#709 = DIRECTION('',(1.,0.,-8.881784197001E-16));
#710 = ORIENTED_EDGE('',*,*,#711,.T.);
#711 = EDGE_CURVE('',#704,#712,#714,.T.);
#712 = VERTEX_POINT('',#713);
#713 = CARTESIAN_POINT('',(37.919637478919,-15.,20.598043233594));
#714 = CIRCLE('',#715,13.8);
#715 = AXIS2_PLACEMENT_3D('',#716,#717,#718);
#716 = CARTESIAN_POINT('',(24.155917051651,-15.,21.598043233594));
#717 = DIRECTION('',(-0.,-1.,0.));
#718 = DIRECTION('',(-0.997371045454,0.,-7.246376811594E-02));
#719 = ORIENTED_EDGE('',*,*,#720,.T.);
#720 = EDGE_CURVE('',#712,#721,#723,.T.);
#721 = VERTEX_POINT('',#722);
#722 = CARTESIAN_POINT('',(39.825790032729,-15.,20.598043233594));
#723 = LINE('',#724,#725);
#724 = CARTESIAN_POINT('',(37.919637478919,-15.,20.598043233594));
#725 = VECTOR('',#726,1.);
#726 = DIRECTION('',(1.,0.,-4.107825191113E-15));
#727 = ORIENTED_EDGE('',*,*,#728,.T.);
#728 = EDGE_CURVE('',#721,#729,#731,.T.);
#729 = VERTEX_POINT('',#730);
#730 = CARTESIAN_POINT('',(48.486044070573,-15.,20.598043233594));
#731 = CIRCLE('',#732,5.);
#732 = AXIS2_PLACEMENT_3D('',#733,#734,#735);
#733 = CARTESIAN_POINT('',(44.155917051651,-15.,18.098043233594));
#734 = DIRECTION('',(0.,-1.,0.));
#735 = DIRECTION('',(-0.7453559925,0.,0.666666666667));
#736 = ORIENTED_EDGE('',*,*,#737,.T.);
#737 = EDGE_CURVE('',#729,#738,#740,.T.);
#738 = VERTEX_POINT('',#739);
#739 = CARTESIAN_POINT('',(54.174623322231,-15.,20.598043233594));
#740 = LINE('',#741,#742);
#741 = CARTESIAN_POINT('',(47.510019017901,-15.,20.598043233594));
#742 = VECTOR('',#743,1.);
#743 = DIRECTION('',(1.,0.,-1.276756478319E-15));
#744 = ORIENTED_EDGE('',*,*,#745,.T.);
#745 = EDGE_CURVE('',#738,#746,#748,.T.);
#746 = VERTEX_POINT('',#747);
#747 = CARTESIAN_POINT('',(62.898669895217,-15.,13.80960634424));
#748 = CIRCLE('',#749,9.);
#749 = AXIS2_PLACEMENT_3D('',#750,#751,#752);
#750 = CARTESIAN_POINT('',(54.174623322231,-15.,11.598043233594));
#751 = DIRECTION('',(0.,1.,-0.));
#752 = DIRECTION('',(-1.443289932013E-15,0.,1.));
#753 = ORIENTED_EDGE('',*,*,#754,.T.);
#754 = EDGE_CURVE('',#746,#755,#757,.T.);
#755 = VERTEX_POINT('',#756);
#756 = CARTESIAN_POINT('',(63.372962016243,-15.,11.938646147302));
#757 = LINE('',#758,#759);
#758 = CARTESIAN_POINT('',(62.898669895217,-15.,13.80960634424));
#759 = VECTOR('',#760,1.);
#760 = DIRECTION('',(0.245729234516,-0.,-0.96933850811));
#761 = ORIENTED_EDGE('',*,*,#762,.T.);
#762 = EDGE_CURVE('',#755,#538,#763,.T.);
#763 = LINE('',#764,#765);
#764 = CARTESIAN_POINT('',(63.372962016243,-15.,11.938646147302));
#765 = VECTOR('',#766,1.);
#766 = DIRECTION('',(-0.96933850811,0.,-0.245729234516));
#767 = ORIENTED_EDGE('',*,*,#546,.T.);
#768 = ORIENTED_EDGE('',*,*,#313,.T.);
#769 = ORIENTED_EDGE('',*,*,#770,.T.);
#770 = EDGE_CURVE('',#305,#771,#773,.T.);
#771 = VERTEX_POINT('',#772);
#772 = CARTESIAN_POINT('',(-29.96412436678,-15.,-11.72249038755));
#773 = CIRCLE('',#774,11.);
#774 = AXIS2_PLACEMENT_3D('',#775,#776,#777);
#775 = CARTESIAN_POINT('',(-19.09982379726,-15.,-10.));
#776 = DIRECTION('',(0.,-1.,0.));
#777 = DIRECTION('',(1.665334536938E-16,0.,1.));
#778 = ORIENTED_EDGE('',*,*,#779,.T.);
#779 = EDGE_CURVE('',#771,#780,#782,.T.);
#780 = VERTEX_POINT('',#781);
#781 = CARTESIAN_POINT('',(-40.73187814197,-15.,-14.4521373277));
#782 = LINE('',#783,#784);
#783 = CARTESIAN_POINT('',(-29.96412436678,-15.,-11.72249038755));
#784 = VECTOR('',#785,1.);
#785 = DIRECTION('',(-0.96933850811,0.,-0.245729234516));
#786 = ORIENTED_EDGE('',*,*,#787,.T.);
#787 = EDGE_CURVE('',#780,#668,#788,.T.);
#788 = CIRCLE('',#789,3.);
#789 = AXIS2_PLACEMENT_3D('',#790,#791,#792);
#790 = CARTESIAN_POINT('',(-41.46906584552,-15.,-11.54412180337));
#791 = DIRECTION('',(0.,1.,0.));
#792 = DIRECTION('',(0.245729234516,-0.,-0.96933850811));
#793 = PLANE('',#794);
#794 = AXIS2_PLACEMENT_3D('',#795,#796,#797);
#795 = CARTESIAN_POINT('',(-16.25785237092,-15.,9.508314318828));
#796 = DIRECTION('',(-0.,1.,0.));
#797 = DIRECTION('',(-0.45734454543,0.,-0.889289585436));
#798 = ADVANCED_FACE('',(#799),#811,.T.);
#799 = FACE_BOUND('',#800,.T.);
#800 = EDGE_LOOP('',(#801,#802,#803,#810));
#801 = ORIENTED_EDGE('',*,*,#304,.F.);
#802 = ORIENTED_EDGE('',*,*,#770,.T.);
#803 = ORIENTED_EDGE('',*,*,#804,.T.);
#804 = EDGE_CURVE('',#771,#361,#805,.T.);
#805 = CIRCLE('',#806,1.);
#806 = AXIS2_PLACEMENT_3D('',#807,#808,#809);
#807 = CARTESIAN_POINT('',(-29.96412436678,-14.,-11.72249038755));
#808 = DIRECTION('',(-0.156590035232,0.,0.987663688138));
#809 = DIRECTION('',(-0.987663688138,0.,-0.156590035232));
#810 = ORIENTED_EDGE('',*,*,#378,.F.);
#811 = TOROIDAL_SURFACE('',#812,11.,1.);
#812 = AXIS2_PLACEMENT_3D('',#813,#814,#815);
#813 = CARTESIAN_POINT('',(-19.09982379726,-14.,-10.));
#814 = DIRECTION('',(0.,-1.,0.));
#815 = DIRECTION('',(1.665334536938E-16,0.,1.));
#816 = ADVANCED_FACE('',(#817,#887,#898,#909,#920,#1049),#1085,.T.);
#817 = FACE_BOUND('',#818,.T.);
#818 = EDGE_LOOP('',(#819,#829,#838,#846,#855,#863,#872,#880));
#819 = ORIENTED_EDGE('',*,*,#820,.F.);
#820 = EDGE_CURVE('',#821,#823,#825,.T.);
#821 = VERTEX_POINT('',#822);
#822 = CARTESIAN_POINT('',(-67.81497453023,15.,11.679786633345));
#823 = VERTEX_POINT('',#824);
#824 = CARTESIAN_POINT('',(-76.88572830168,15.,16.34470099673));
#825 = LINE('',#826,#827);
#826 = CARTESIAN_POINT('',(-66.92568494479,15.,11.222442087915));
#827 = VECTOR('',#828,1.);
#828 = DIRECTION('',(-0.889289585436,0.,0.45734454543));
#829 = ORIENTED_EDGE('',*,*,#830,.F.);
#830 = EDGE_CURVE('',#831,#821,#833,.T.);
#831 = VERTEX_POINT('',#832);
#832 = CARTESIAN_POINT('',(-66.46834039936,15.,12.111731673351));
#833 = CIRCLE('',#834,1.);
#834 = AXIS2_PLACEMENT_3D('',#835,#836,#837);
#835 = CARTESIAN_POINT('',(-67.3576299848,15.,12.569076218781));
#836 = DIRECTION('',(0.,1.,0.));
#837 = DIRECTION('',(0.541475099594,0.,-0.840716787343));
#838 = ORIENTED_EDGE('',*,*,#839,.T.);
#839 = EDGE_CURVE('',#831,#840,#842,.T.);
#840 = VERTEX_POINT('',#841);
#841 = CARTESIAN_POINT('',(-64.63896221764,15.,15.668890015097));
#842 = LINE('',#843,#844);
#843 = CARTESIAN_POINT('',(-66.92568494479,15.,11.222442087915));
#844 = VECTOR('',#845,1.);
#845 = DIRECTION('',(0.45734454543,0.,0.889289585436));
#846 = ORIENTED_EDGE('',*,*,#847,.T.);
#847 = EDGE_CURVE('',#840,#848,#850,.T.);
#848 = VERTEX_POINT('',#849);
#849 = CARTESIAN_POINT('',(-65.07090725765,15.,17.015524145963));
#850 = CIRCLE('',#851,1.);
#851 = AXIS2_PLACEMENT_3D('',#852,#853,#854);
#852 = CARTESIAN_POINT('',(-65.52825180308,15.,16.126234560527));
#853 = DIRECTION('',(0.,-1.,0.));
#854 = DIRECTION('',(0.541475099594,0.,-0.840716787343));
#855 = ORIENTED_EDGE('',*,*,#856,.T.);
#856 = EDGE_CURVE('',#848,#857,#859,.T.);
#857 = VERTEX_POINT('',#858);
#858 = CARTESIAN_POINT('',(-74.1416610291,15.,21.680438509348));
#859 = LINE('',#860,#861);
#860 = CARTESIAN_POINT('',(-64.18161767221,15.,16.558179600533));
#861 = VECTOR('',#862,1.);
#862 = DIRECTION('',(-0.889289585436,0.,0.45734454543));
#863 = ORIENTED_EDGE('',*,*,#864,.F.);
#864 = EDGE_CURVE('',#865,#857,#867,.T.);
#865 = VERTEX_POINT('',#866);
#866 = CARTESIAN_POINT('',(-75.48829515996,15.,21.248493469341));
#867 = CIRCLE('',#868,1.);
#868 = AXIS2_PLACEMENT_3D('',#869,#870,#871);
#869 = CARTESIAN_POINT('',(-74.59900557453,15.,20.791148923911));
#870 = DIRECTION('',(0.,1.,0.));
#871 = DIRECTION('',(0.541475099594,0.,-0.840716787343));
#872 = ORIENTED_EDGE('',*,*,#873,.F.);
#873 = EDGE_CURVE('',#874,#865,#876,.T.);
#874 = VERTEX_POINT('',#875);
#875 = CARTESIAN_POINT('',(-77.31767334168,15.,17.691335127596));
#876 = LINE('',#877,#878);
#877 = CARTESIAN_POINT('',(-77.77501788711,15.,16.80204554216));
#878 = VECTOR('',#879,1.);
#879 = DIRECTION('',(0.45734454543,0.,0.889289585436));
#880 = ORIENTED_EDGE('',*,*,#881,.F.);
#881 = EDGE_CURVE('',#823,#874,#882,.T.);
#882 = CIRCLE('',#883,1.);
#883 = AXIS2_PLACEMENT_3D('',#884,#885,#886);
#884 = CARTESIAN_POINT('',(-76.42838375625,15.,17.233990582166));
#885 = DIRECTION('',(0.,1.,0.));
#886 = DIRECTION('',(0.541475099594,0.,-0.840716787343));
#887 = FACE_BOUND('',#888,.T.);
#888 = EDGE_LOOP('',(#889));
#889 = ORIENTED_EDGE('',*,*,#890,.T.);
#890 = EDGE_CURVE('',#891,#891,#893,.T.);
#891 = VERTEX_POINT('',#892);
#892 = CARTESIAN_POINT('',(-64.18644299945,15.,23.217729642566));
#893 = CIRCLE('',#894,2.7);
#894 = AXIS2_PLACEMENT_3D('',#895,#896,#897);
#895 = CARTESIAN_POINT('',(-66.45637832527,15.,21.755746873662));
#896 = DIRECTION('',(0.,-1.,0.));
#897 = DIRECTION('',(0.840716787343,0.,0.541475099594));
#898 = FACE_BOUND('',#899,.T.);
#899 = EDGE_LOOP('',(#900));
#900 = ORIENTED_EDGE('',*,*,#901,.T.);
#901 = EDGE_CURVE('',#902,#902,#904,.T.);
#902 = VERTEX_POINT('',#903);
#903 = CARTESIAN_POINT('',(-82.00550863907,15.,22.351184934677));
#904 = CIRCLE('',#905,2.7);
#905 = AXIS2_PLACEMENT_3D('',#906,#907,#908);
#906 = CARTESIAN_POINT('',(-79.60442675839,15.,21.116354662016));
#907 = DIRECTION('',(-0.,-1.,0.));
#908 = DIRECTION('',(-0.889289585436,0.,0.45734454543));
#909 = FACE_BOUND('',#910,.T.);
#910 = EDGE_LOOP('',(#911));
#911 = ORIENTED_EDGE('',*,*,#912,.T.);
#912 = EDGE_CURVE('',#913,#913,#915,.T.);
#913 = VERTEX_POINT('',#914);
#914 = CARTESIAN_POINT('',(-72.34552608871,15.,7.352693773005));
#915 = CIRCLE('',#916,2.7);
#916 = AXIS2_PLACEMENT_3D('',#917,#918,#919);
#917 = CARTESIAN_POINT('',(-72.47667264357,15.,10.049506814569));
#918 = DIRECTION('',(0.,-1.,0.));
#919 = DIRECTION('',(4.857279809366E-02,0.,-0.998819645024));
#920 = FACE_BOUND('',#921,.T.);
#921 = EDGE_LOOP('',(#922,#933,#941,#950,#958,#967,#975,#984,#992,#1001,
    #1009,#1015,#1016,#1017,#1026,#1034,#1043));
#922 = ORIENTED_EDGE('',*,*,#923,.T.);
#923 = EDGE_CURVE('',#924,#926,#928,.T.);
#924 = VERTEX_POINT('',#925);
#925 = CARTESIAN_POINT('',(-79.23385502171,15.,6.318297643012));
#926 = VERTEX_POINT('',#927);
#927 = CARTESIAN_POINT('',(-67.35178850645,15.,29.422537348226));
#928 = CIRCLE('',#929,13.);
#929 = AXIS2_PLACEMENT_3D('',#930,#931,#932);
#930 = CARTESIAN_POINT('',(-72.84582590908,15.,17.640536116749));
#931 = DIRECTION('',(0.,1.,-0.));
#932 = DIRECTION('',(-0.491386854818,-0.,-0.870941421057));
#933 = ORIENTED_EDGE('',*,*,#934,.T.);
#934 = EDGE_CURVE('',#926,#935,#937,.T.);
#935 = VERTEX_POINT('',#936);
#936 = CARTESIAN_POINT('',(-51.64237739319,15.,22.097118641008));
#937 = LINE('',#938,#939);
#938 = CARTESIAN_POINT('',(-67.35178850645,15.,29.422537348226));
#939 = VECTOR('',#940,1.);
#940 = DIRECTION('',(0.906307787037,0.,-0.422618261741));
#941 = ORIENTED_EDGE('',*,*,#942,.T.);
#942 = EDGE_CURVE('',#935,#943,#945,.T.);
#943 = VERTEX_POINT('',#944);
#944 = CARTESIAN_POINT('',(-44.88048520534,15.,20.598043233594));
#945 = CIRCLE('',#946,16.);
#946 = AXIS2_PLACEMENT_3D('',#947,#948,#949);
#947 = CARTESIAN_POINT('',(-44.88048520534,15.,36.598043233594));
#948 = DIRECTION('',(0.,-1.,0.));
#949 = DIRECTION('',(-0.422618261741,-0.,-0.906307787037));
#950 = ORIENTED_EDGE('',*,*,#951,.T.);
#951 = EDGE_CURVE('',#943,#952,#954,.T.);
#952 = VERTEX_POINT('',#953);
#953 = CARTESIAN_POINT('',(10.392196624383,15.,20.598043233594));
#954 = LINE('',#955,#956);
#955 = CARTESIAN_POINT('',(-44.88048520534,15.,20.598043233594));
#956 = VECTOR('',#957,1.);
#957 = DIRECTION('',(1.,0.,-8.881784197001E-16));
#958 = ORIENTED_EDGE('',*,*,#959,.T.);
#959 = EDGE_CURVE('',#952,#960,#962,.T.);
#960 = VERTEX_POINT('',#961);
#961 = CARTESIAN_POINT('',(37.919637478919,15.,20.598043233594));
#962 = CIRCLE('',#963,13.8);
#963 = AXIS2_PLACEMENT_3D('',#964,#965,#966);
#964 = CARTESIAN_POINT('',(24.155917051651,15.,21.598043233594));
#965 = DIRECTION('',(-0.,-1.,0.));
#966 = DIRECTION('',(-0.997371045454,0.,-7.246376811594E-02));
#967 = ORIENTED_EDGE('',*,*,#968,.T.);
#968 = EDGE_CURVE('',#960,#969,#971,.T.);
#969 = VERTEX_POINT('',#970);
#970 = CARTESIAN_POINT('',(39.825790032729,15.,20.598043233594));
#971 = LINE('',#972,#973);
#972 = CARTESIAN_POINT('',(37.919637478919,15.,20.598043233594));
#973 = VECTOR('',#974,1.);
#974 = DIRECTION('',(1.,0.,-4.107825191113E-15));
#975 = ORIENTED_EDGE('',*,*,#976,.T.);
#976 = EDGE_CURVE('',#969,#977,#979,.T.);
#977 = VERTEX_POINT('',#978);
#978 = CARTESIAN_POINT('',(48.486044070573,15.,20.598043233594));
#979 = CIRCLE('',#980,5.);
#980 = AXIS2_PLACEMENT_3D('',#981,#982,#983);
#981 = CARTESIAN_POINT('',(44.155917051651,15.,18.098043233594));
#982 = DIRECTION('',(0.,-1.,0.));
#983 = DIRECTION('',(-0.7453559925,0.,0.666666666667));
#984 = ORIENTED_EDGE('',*,*,#985,.T.);
#985 = EDGE_CURVE('',#977,#986,#988,.T.);
#986 = VERTEX_POINT('',#987);
#987 = CARTESIAN_POINT('',(54.174623322231,15.,20.598043233594));
#988 = LINE('',#989,#990);
#989 = CARTESIAN_POINT('',(47.510019017901,15.,20.598043233594));
#990 = VECTOR('',#991,1.);
#991 = DIRECTION('',(1.,0.,-1.276756478319E-15));
#992 = ORIENTED_EDGE('',*,*,#993,.T.);
#993 = EDGE_CURVE('',#986,#994,#996,.T.);
#994 = VERTEX_POINT('',#995);
#995 = CARTESIAN_POINT('',(62.898669895217,15.,13.80960634424));
#996 = CIRCLE('',#997,9.);
#997 = AXIS2_PLACEMENT_3D('',#998,#999,#1000);
#998 = CARTESIAN_POINT('',(54.174623322231,15.,11.598043233594));
#999 = DIRECTION('',(0.,1.,-0.));
#1000 = DIRECTION('',(-1.443289932013E-15,0.,1.));
#1001 = ORIENTED_EDGE('',*,*,#1002,.T.);
#1002 = EDGE_CURVE('',#994,#1003,#1005,.T.);
#1003 = VERTEX_POINT('',#1004);
#1004 = CARTESIAN_POINT('',(63.372962016243,15.,11.938646147302));
#1005 = LINE('',#1006,#1007);
#1006 = CARTESIAN_POINT('',(62.898669895217,15.,13.80960634424));
#1007 = VECTOR('',#1008,1.);
#1008 = DIRECTION('',(0.245729234516,-0.,-0.96933850811));
#1009 = ORIENTED_EDGE('',*,*,#1010,.T.);
#1010 = EDGE_CURVE('',#1003,#564,#1011,.T.);
#1011 = LINE('',#1012,#1013);
#1012 = CARTESIAN_POINT('',(63.372962016243,15.,11.938646147302));
#1013 = VECTOR('',#1014,1.);
#1014 = DIRECTION('',(-0.96933850811,0.,-0.245729234516));
#1015 = ORIENTED_EDGE('',*,*,#574,.T.);
#1016 = ORIENTED_EDGE('',*,*,#336,.T.);
#1017 = ORIENTED_EDGE('',*,*,#1018,.T.);
#1018 = EDGE_CURVE('',#337,#1019,#1021,.T.);
#1019 = VERTEX_POINT('',#1020);
#1020 = CARTESIAN_POINT('',(-29.96412436678,15.,-11.72249038755));
#1021 = CIRCLE('',#1022,11.);
#1022 = AXIS2_PLACEMENT_3D('',#1023,#1024,#1025);
#1023 = CARTESIAN_POINT('',(-19.09982379726,15.,-10.));
#1024 = DIRECTION('',(0.,-1.,0.));
#1025 = DIRECTION('',(1.665334536938E-16,0.,1.));
#1026 = ORIENTED_EDGE('',*,*,#1027,.T.);
#1027 = EDGE_CURVE('',#1019,#1028,#1030,.T.);
#1028 = VERTEX_POINT('',#1029);
#1029 = CARTESIAN_POINT('',(-40.73187814197,15.,-14.4521373277));
#1030 = LINE('',#1031,#1032);
#1031 = CARTESIAN_POINT('',(-29.96412436678,15.,-11.72249038755));
#1032 = VECTOR('',#1033,1.);
#1033 = DIRECTION('',(-0.96933850811,0.,-0.245729234516));
#1034 = ORIENTED_EDGE('',*,*,#1035,.T.);
#1035 = EDGE_CURVE('',#1028,#1036,#1038,.T.);
#1036 = VERTEX_POINT('',#1037);
#1037 = CARTESIAN_POINT('',(-42.94322640997,15.,-14.15694606654));
#1038 = CIRCLE('',#1039,3.);
#1039 = AXIS2_PLACEMENT_3D('',#1040,#1041,#1042);
#1040 = CARTESIAN_POINT('',(-41.46906584552,15.,-11.54412180337));
#1041 = DIRECTION('',(0.,1.,0.));
#1042 = DIRECTION('',(0.245729234516,-0.,-0.96933850811));
#1043 = ORIENTED_EDGE('',*,*,#1044,.T.);
#1044 = EDGE_CURVE('',#1036,#924,#1045,.T.);
#1045 = LINE('',#1046,#1047);
#1046 = CARTESIAN_POINT('',(-42.94322640997,15.,-14.15694606654));
#1047 = VECTOR('',#1048,1.);
#1048 = DIRECTION('',(-0.870941421057,0.,0.491386854818));
#1049 = FACE_BOUND('',#1050,.T.);
#1050 = EDGE_LOOP('',(#1051,#1062,#1070,#1079));
#1051 = ORIENTED_EDGE('',*,*,#1052,.F.);
#1052 = EDGE_CURVE('',#1053,#1055,#1057,.T.);
#1053 = VERTEX_POINT('',#1054);
#1054 = CARTESIAN_POINT('',(-57.80410147293,15.,3.157907695534));
#1055 = VERTEX_POINT('',#1056);
#1056 = CARTESIAN_POINT('',(-52.31596692777,15.,13.82938272077));
#1057 = CIRCLE('',#1058,6.);
#1058 = AXIS2_PLACEMENT_3D('',#1059,#1060,#1061);
#1059 = CARTESIAN_POINT('',(-55.06003420035,15.,8.493645208152));
#1060 = DIRECTION('',(0.,1.,-0.));
#1061 = DIRECTION('',(-0.45734454543,-0.,-0.889289585436));
#1062 = ORIENTED_EDGE('',*,*,#1063,.F.);
#1063 = EDGE_CURVE('',#1064,#1053,#1066,.T.);
#1064 = VERTEX_POINT('',#1065);
#1065 = CARTESIAN_POINT('',(-39.62968277857,15.,-6.188846604021));
#1066 = LINE('',#1067,#1068);
#1067 = CARTESIAN_POINT('',(-39.62968277857,15.,-6.188846604021));
#1068 = VECTOR('',#1069,1.);
#1069 = DIRECTION('',(-0.889289585436,0.,0.45734454543));
#1070 = ORIENTED_EDGE('',*,*,#1071,.F.);
#1071 = EDGE_CURVE('',#1072,#1064,#1074,.T.);
#1072 = VERTEX_POINT('',#1073);
#1073 = CARTESIAN_POINT('',(-34.14154823341,15.,4.482628421216));
#1074 = CIRCLE('',#1075,6.);
#1075 = AXIS2_PLACEMENT_3D('',#1076,#1077,#1078);
#1076 = CARTESIAN_POINT('',(-36.88561550599,15.,-0.853109091402));
#1077 = DIRECTION('',(-0.,1.,0.));
#1078 = DIRECTION('',(0.45734454543,0.,0.889289585436));
#1079 = ORIENTED_EDGE('',*,*,#1080,.F.);
#1080 = EDGE_CURVE('',#1055,#1072,#1081,.T.);
#1081 = LINE('',#1082,#1083);
#1082 = CARTESIAN_POINT('',(-52.31596692777,15.,13.82938272077));
#1083 = VECTOR('',#1084,1.);
#1084 = DIRECTION('',(0.889289585436,0.,-0.45734454543));
#1085 = PLANE('',#1086);
#1086 = AXIS2_PLACEMENT_3D('',#1087,#1088,#1089);
#1087 = CARTESIAN_POINT('',(-16.25785237092,15.,9.508314318828));
#1088 = DIRECTION('',(-0.,1.,0.));
#1089 = DIRECTION('',(-0.45734454543,0.,-0.889289585436));
#1090 = ADVANCED_FACE('',(#1091),#1103,.T.);
#1091 = FACE_BOUND('',#1092,.T.);
#1092 = EDGE_LOOP('',(#1093,#1094,#1095,#1102));
#1093 = ORIENTED_EDGE('',*,*,#344,.F.);
#1094 = ORIENTED_EDGE('',*,*,#370,.T.);
#1095 = ORIENTED_EDGE('',*,*,#1096,.T.);
#1096 = EDGE_CURVE('',#363,#1019,#1097,.T.);
#1097 = CIRCLE('',#1098,1.);
#1098 = AXIS2_PLACEMENT_3D('',#1099,#1100,#1101);
#1099 = CARTESIAN_POINT('',(-29.96412436678,14.,-11.72249038755));
#1100 = DIRECTION('',(-0.156590035232,0.,0.987663688138));
#1101 = DIRECTION('',(-0.987663688138,0.,-0.156590035232));
#1102 = ORIENTED_EDGE('',*,*,#1018,.F.);
#1103 = TOROIDAL_SURFACE('',#1104,11.,1.);
#1104 = AXIS2_PLACEMENT_3D('',#1105,#1106,#1107);
#1105 = CARTESIAN_POINT('',(-19.09982379726,14.,-10.));
#1106 = DIRECTION('',(0.,-1.,0.));
#1107 = DIRECTION('',(1.665334536938E-16,0.,1.));
#1108 = ADVANCED_FACE('',(#1109),#1136,.T.);
#1109 = FACE_BOUND('',#1110,.T.);
#1110 = EDGE_LOOP('',(#1111,#1112,#1121,#1129));
#1111 = ORIENTED_EDGE('',*,*,#360,.F.);
#1112 = ORIENTED_EDGE('',*,*,#1113,.T.);
#1113 = EDGE_CURVE('',#361,#1114,#1116,.T.);
#1114 = VERTEX_POINT('',#1115);
#1115 = CARTESIAN_POINT('',(-29.71839513226,-14.,-12.69182889566));
#1116 = CIRCLE('',#1117,1.);
#1117 = AXIS2_PLACEMENT_3D('',#1118,#1119,#1120);
#1118 = CARTESIAN_POINT('',(-29.96412436678,-14.,-11.72249038755));
#1119 = DIRECTION('',(0.,1.,-0.));
#1120 = DIRECTION('',(0.987663688138,0.,0.156590035232));
#1121 = ORIENTED_EDGE('',*,*,#1122,.T.);
#1122 = EDGE_CURVE('',#1114,#1123,#1125,.T.);
#1123 = VERTEX_POINT('',#1124);
#1124 = CARTESIAN_POINT('',(-29.71839513226,14.,-12.69182889566));
#1125 = LINE('',#1126,#1127);
#1126 = CARTESIAN_POINT('',(-29.71839513226,-15.,-12.69182889566));
#1127 = VECTOR('',#1128,1.);
#1128 = DIRECTION('',(0.,1.,-0.));
#1129 = ORIENTED_EDGE('',*,*,#1130,.F.);
#1130 = EDGE_CURVE('',#363,#1123,#1131,.T.);
#1131 = CIRCLE('',#1132,1.);
#1132 = AXIS2_PLACEMENT_3D('',#1133,#1134,#1135);
#1133 = CARTESIAN_POINT('',(-29.96412436678,14.,-11.72249038755));
#1134 = DIRECTION('',(0.,1.,-0.));
#1135 = DIRECTION('',(0.987663688138,0.,0.156590035232));
#1136 = CYLINDRICAL_SURFACE('',#1137,1.);
#1137 = AXIS2_PLACEMENT_3D('',#1138,#1139,#1140);
#1138 = CARTESIAN_POINT('',(-29.96412436678,-15.,-11.72249038755));
#1139 = DIRECTION('',(0.,1.,-0.));
#1140 = DIRECTION('',(0.987663688138,0.,0.156590035232));
#1141 = ADVANCED_FACE('',(#1142),#1167,.T.);
#1142 = FACE_BOUND('',#1143,.T.);
#1143 = EDGE_LOOP('',(#1144,#1152,#1160,#1166));
#1144 = ORIENTED_EDGE('',*,*,#1145,.T.);
#1145 = EDGE_CURVE('',#394,#1146,#1148,.T.);
#1146 = VERTEX_POINT('',#1147);
#1147 = CARTESIAN_POINT('',(-2.4,4.156921938165,10.));
#1148 = LINE('',#1149,#1150);
#1149 = CARTESIAN_POINT('',(-2.4,4.156921938165,0.));
#1150 = VECTOR('',#1151,1.);
#1151 = DIRECTION('',(0.,0.,1.));
#1152 = ORIENTED_EDGE('',*,*,#1153,.T.);
#1153 = EDGE_CURVE('',#1146,#1154,#1156,.T.);
#1154 = VERTEX_POINT('',#1155);
#1155 = CARTESIAN_POINT('',(-4.8,1.E-15,10.));
#1156 = LINE('',#1157,#1158);
#1157 = CARTESIAN_POINT('',(-2.4,4.156921938165,10.));
#1158 = VECTOR('',#1159,1.);
#1159 = DIRECTION('',(-0.5,-0.866025403784,0.));
#1160 = ORIENTED_EDGE('',*,*,#1161,.F.);
#1161 = EDGE_CURVE('',#403,#1154,#1162,.T.);
#1162 = LINE('',#1163,#1164);
#1163 = CARTESIAN_POINT('',(-4.8,1.33E-15,0.));
#1164 = VECTOR('',#1165,1.);
#1165 = DIRECTION('',(0.,0.,1.));
#1166 = ORIENTED_EDGE('',*,*,#410,.F.);
#1167 = PLANE('',#1168);
#1168 = AXIS2_PLACEMENT_3D('',#1169,#1170,#1171);
#1169 = CARTESIAN_POINT('',(-2.4,4.156921938165,0.));
#1170 = DIRECTION('',(0.866025403784,-0.5,0.));
#1171 = DIRECTION('',(-0.5,-0.866025403784,0.));
#1172 = ADVANCED_FACE('',(#1173),#1191,.T.);
#1173 = FACE_BOUND('',#1174,.T.);
#1174 = EDGE_LOOP('',(#1175,#1183,#1189,#1190));
#1175 = ORIENTED_EDGE('',*,*,#1176,.T.);
#1176 = EDGE_CURVE('',#425,#1177,#1179,.T.);
#1177 = VERTEX_POINT('',#1178);
#1178 = CARTESIAN_POINT('',(2.4,4.156921938165,10.));
#1179 = LINE('',#1180,#1181);
#1180 = CARTESIAN_POINT('',(2.4,4.156921938165,0.));
#1181 = VECTOR('',#1182,1.);
#1182 = DIRECTION('',(0.,0.,1.));
#1183 = ORIENTED_EDGE('',*,*,#1184,.T.);
#1184 = EDGE_CURVE('',#1177,#1146,#1185,.T.);
#1185 = LINE('',#1186,#1187);
#1186 = CARTESIAN_POINT('',(2.4,4.156921938165,10.));
#1187 = VECTOR('',#1188,1.);
#1188 = DIRECTION('',(-1.,1.9E-16,0.));
#1189 = ORIENTED_EDGE('',*,*,#1145,.F.);
#1190 = ORIENTED_EDGE('',*,*,#434,.F.);
#1191 = PLANE('',#1192);
#1192 = AXIS2_PLACEMENT_3D('',#1193,#1194,#1195);
#1193 = CARTESIAN_POINT('',(2.4,4.156921938165,0.));
#1194 = DIRECTION('',(-1.9E-16,-1.,0.));
#1195 = DIRECTION('',(-1.,1.9E-16,0.));
#1196 = ADVANCED_FACE('',(#1197),#1215,.T.);
#1197 = FACE_BOUND('',#1198,.T.);
#1198 = EDGE_LOOP('',(#1199,#1200,#1208,#1214));
#1199 = ORIENTED_EDGE('',*,*,#1161,.T.);
#1200 = ORIENTED_EDGE('',*,*,#1201,.T.);
#1201 = EDGE_CURVE('',#1154,#1202,#1204,.T.);
#1202 = VERTEX_POINT('',#1203);
#1203 = CARTESIAN_POINT('',(-2.4,-4.156921938165,10.));
#1204 = LINE('',#1205,#1206);
#1205 = CARTESIAN_POINT('',(-4.8,1.33E-15,10.));
#1206 = VECTOR('',#1207,1.);
#1207 = DIRECTION('',(0.5,-0.866025403784,0.));
#1208 = ORIENTED_EDGE('',*,*,#1209,.F.);
#1209 = EDGE_CURVE('',#451,#1202,#1210,.T.);
#1210 = LINE('',#1211,#1212);
#1211 = CARTESIAN_POINT('',(-2.4,-4.156921938165,0.));
#1212 = VECTOR('',#1213,1.);
#1213 = DIRECTION('',(0.,0.,1.));
#1214 = ORIENTED_EDGE('',*,*,#458,.F.);
#1215 = PLANE('',#1216);
#1216 = AXIS2_PLACEMENT_3D('',#1217,#1218,#1219);
#1217 = CARTESIAN_POINT('',(-4.8,1.33E-15,0.));
#1218 = DIRECTION('',(0.866025403784,0.5,0.));
#1219 = DIRECTION('',(0.5,-0.866025403784,0.));
#1220 = ADVANCED_FACE('',(#1221),#1239,.T.);
#1221 = FACE_BOUND('',#1222,.T.);
#1222 = EDGE_LOOP('',(#1223,#1231,#1237,#1238));
#1223 = ORIENTED_EDGE('',*,*,#1224,.T.);
#1224 = EDGE_CURVE('',#473,#1225,#1227,.T.);
#1225 = VERTEX_POINT('',#1226);
#1226 = CARTESIAN_POINT('',(4.8,0.,10.));
#1227 = LINE('',#1228,#1229);
#1228 = CARTESIAN_POINT('',(4.8,0.,0.));
#1229 = VECTOR('',#1230,1.);
#1230 = DIRECTION('',(0.,0.,1.));
#1231 = ORIENTED_EDGE('',*,*,#1232,.T.);
#1232 = EDGE_CURVE('',#1225,#1177,#1233,.T.);
#1233 = LINE('',#1234,#1235);
#1234 = CARTESIAN_POINT('',(4.8,0.,10.));
#1235 = VECTOR('',#1236,1.);
#1236 = DIRECTION('',(-0.5,0.866025403784,0.));
#1237 = ORIENTED_EDGE('',*,*,#1176,.F.);
#1238 = ORIENTED_EDGE('',*,*,#482,.F.);
#1239 = PLANE('',#1240);
#1240 = AXIS2_PLACEMENT_3D('',#1241,#1242,#1243);
#1241 = CARTESIAN_POINT('',(4.8,0.,0.));
#1242 = DIRECTION('',(-0.866025403784,-0.5,0.));
#1243 = DIRECTION('',(-0.5,0.866025403784,0.));
#1244 = ADVANCED_FACE('',(#1245),#1263,.T.);
#1245 = FACE_BOUND('',#1246,.T.);
#1246 = EDGE_LOOP('',(#1247,#1248,#1256,#1262));
#1247 = ORIENTED_EDGE('',*,*,#1209,.T.);
#1248 = ORIENTED_EDGE('',*,*,#1249,.T.);
#1249 = EDGE_CURVE('',#1202,#1250,#1252,.T.);
#1250 = VERTEX_POINT('',#1251);
#1251 = CARTESIAN_POINT('',(2.4,-4.156921938165,10.));
#1252 = LINE('',#1253,#1254);
#1253 = CARTESIAN_POINT('',(-2.4,-4.156921938165,10.));
#1254 = VECTOR('',#1255,1.);
#1255 = DIRECTION('',(1.,-3.7E-16,0.));
#1256 = ORIENTED_EDGE('',*,*,#1257,.F.);
#1257 = EDGE_CURVE('',#499,#1250,#1258,.T.);
#1258 = LINE('',#1259,#1260);
#1259 = CARTESIAN_POINT('',(2.4,-4.156921938165,0.));
#1260 = VECTOR('',#1261,1.);
#1261 = DIRECTION('',(0.,0.,1.));
#1262 = ORIENTED_EDGE('',*,*,#506,.F.);
#1263 = PLANE('',#1264);
#1264 = AXIS2_PLACEMENT_3D('',#1265,#1266,#1267);
#1265 = CARTESIAN_POINT('',(-2.4,-4.156921938165,0.));
#1266 = DIRECTION('',(3.7E-16,1.,0.));
#1267 = DIRECTION('',(1.,-3.7E-16,0.));
#1268 = ADVANCED_FACE('',(#1269),#1280,.T.);
#1269 = FACE_BOUND('',#1270,.T.);
#1270 = EDGE_LOOP('',(#1271,#1272,#1278,#1279));
#1271 = ORIENTED_EDGE('',*,*,#1257,.T.);
#1272 = ORIENTED_EDGE('',*,*,#1273,.T.);
#1273 = EDGE_CURVE('',#1250,#1225,#1274,.T.);
#1274 = LINE('',#1275,#1276);
#1275 = CARTESIAN_POINT('',(2.4,-4.156921938165,10.));
#1276 = VECTOR('',#1277,1.);
#1277 = DIRECTION('',(0.5,0.866025403784,0.));
#1278 = ORIENTED_EDGE('',*,*,#1224,.F.);
#1279 = ORIENTED_EDGE('',*,*,#523,.F.);
#1280 = PLANE('',#1281);
#1281 = AXIS2_PLACEMENT_3D('',#1282,#1283,#1284);
#1282 = CARTESIAN_POINT('',(2.4,-4.156921938165,0.));
#1283 = DIRECTION('',(-0.866025403784,0.5,0.));
#1284 = DIRECTION('',(0.5,0.866025403784,0.));
#1285 = ADVANCED_FACE('',(#1286),#1298,.T.);
#1286 = FACE_BOUND('',#1287,.F.);
#1287 = EDGE_LOOP('',(#1288,#1295,#1296,#1297));
#1288 = ORIENTED_EDGE('',*,*,#1289,.T.);
#1289 = EDGE_CURVE('',#755,#591,#1290,.T.);
#1290 = CIRCLE('',#1291,1.);
#1291 = AXIS2_PLACEMENT_3D('',#1292,#1293,#1294);
#1292 = CARTESIAN_POINT('',(63.372962016243,-14.,11.938646147302));
#1293 = DIRECTION('',(0.96933850811,-0.,0.245729234516));
#1294 = DIRECTION('',(0.245729234516,-0.,-0.96933850811));
#1295 = ORIENTED_EDGE('',*,*,#590,.T.);
#1296 = ORIENTED_EDGE('',*,*,#537,.F.);
#1297 = ORIENTED_EDGE('',*,*,#762,.F.);
#1298 = CYLINDRICAL_SURFACE('',#1299,1.);
#1299 = AXIS2_PLACEMENT_3D('',#1300,#1301,#1302);
#1300 = CARTESIAN_POINT('',(63.372962016243,-14.,11.938646147302));
#1301 = DIRECTION('',(-0.96933850811,0.,-0.245729234516));
#1302 = DIRECTION('',(0.,-1.,0.));
#1303 = ADVANCED_FACE('',(#1304),#1316,.T.);
#1304 = FACE_BOUND('',#1305,.F.);
#1305 = EDGE_LOOP('',(#1306,#1313,#1314,#1315));
#1306 = ORIENTED_EDGE('',*,*,#1307,.T.);
#1307 = EDGE_CURVE('',#599,#1003,#1308,.T.);
#1308 = CIRCLE('',#1309,1.);
#1309 = AXIS2_PLACEMENT_3D('',#1310,#1311,#1312);
#1310 = CARTESIAN_POINT('',(63.372962016243,14.,11.938646147302));
#1311 = DIRECTION('',(0.96933850811,-0.,0.245729234516));
#1312 = DIRECTION('',(0.245729234516,-0.,-0.96933850811));
#1313 = ORIENTED_EDGE('',*,*,#1010,.T.);
#1314 = ORIENTED_EDGE('',*,*,#563,.F.);
#1315 = ORIENTED_EDGE('',*,*,#606,.F.);
#1316 = CYLINDRICAL_SURFACE('',#1317,1.);
#1317 = AXIS2_PLACEMENT_3D('',#1318,#1319,#1320);
#1318 = CARTESIAN_POINT('',(63.372962016243,14.,11.938646147302));
#1319 = DIRECTION('',(-0.96933850811,0.,-0.245729234516));
#1320 = DIRECTION('',(0.245729234516,-0.,-0.96933850811));
#1321 = ADVANCED_FACE('',(#1322),#1349,.T.);
#1322 = FACE_BOUND('',#1323,.T.);
#1323 = EDGE_LOOP('',(#1324,#1334,#1341,#1342));
#1324 = ORIENTED_EDGE('',*,*,#1325,.F.);
#1325 = EDGE_CURVE('',#1326,#1328,#1330,.T.);
#1326 = VERTEX_POINT('',#1327);
#1327 = CARTESIAN_POINT('',(64.342300524353,-14.,12.184375381818));
#1328 = VERTEX_POINT('',#1329);
#1329 = CARTESIAN_POINT('',(64.342300524353,14.,12.184375381818));
#1330 = LINE('',#1331,#1332);
#1331 = CARTESIAN_POINT('',(64.342300524353,-15.,12.184375381818));
#1332 = VECTOR('',#1333,1.);
#1333 = DIRECTION('',(-0.,1.,0.));
#1334 = ORIENTED_EDGE('',*,*,#1335,.T.);
#1335 = EDGE_CURVE('',#1326,#591,#1336,.T.);
#1336 = CIRCLE('',#1337,1.);
#1337 = AXIS2_PLACEMENT_3D('',#1338,#1339,#1340);
#1338 = CARTESIAN_POINT('',(63.372962016243,-14.,11.938646147302));
#1339 = DIRECTION('',(0.,1.,-0.));
#1340 = DIRECTION('',(0.96933850811,0.,0.245729234516));
#1341 = ORIENTED_EDGE('',*,*,#598,.T.);
#1342 = ORIENTED_EDGE('',*,*,#1343,.F.);
#1343 = EDGE_CURVE('',#1328,#599,#1344,.T.);
#1344 = CIRCLE('',#1345,1.);
#1345 = AXIS2_PLACEMENT_3D('',#1346,#1347,#1348);
#1346 = CARTESIAN_POINT('',(63.372962016243,14.,11.938646147302));
#1347 = DIRECTION('',(0.,1.,-0.));
#1348 = DIRECTION('',(0.96933850811,0.,0.245729234516));
#1349 = CYLINDRICAL_SURFACE('',#1350,1.);
#1350 = AXIS2_PLACEMENT_3D('',#1351,#1352,#1353);
#1351 = CARTESIAN_POINT('',(63.372962016243,-15.,11.938646147302));
#1352 = DIRECTION('',(-0.,1.,0.));
#1353 = DIRECTION('',(0.96933850811,0.,0.245729234516));
#1354 = ADVANCED_FACE('',(#1355),#1375,.T.);
#1355 = FACE_BOUND('',#1356,.T.);
#1356 = EDGE_LOOP('',(#1357,#1366,#1367,#1368));
#1357 = ORIENTED_EDGE('',*,*,#1358,.F.);
#1358 = EDGE_CURVE('',#621,#1359,#1361,.T.);
#1359 = VERTEX_POINT('',#1360);
#1360 = CARTESIAN_POINT('',(-68.40958381841,-14.,26.266645095482));
#1361 = CIRCLE('',#1362,1.);
#1362 = AXIS2_PLACEMENT_3D('',#1363,#1364,#1365);
#1363 = CARTESIAN_POINT('',(-67.95223927298,-14.,27.155934680918));
#1364 = DIRECTION('',(0.889289585436,0.,-0.45734454543));
#1365 = DIRECTION('',(0.45734454543,0.,0.889289585436));
#1366 = ORIENTED_EDGE('',*,*,#620,.T.);
#1367 = ORIENTED_EDGE('',*,*,#1358,.T.);
#1368 = ORIENTED_EDGE('',*,*,#1369,.F.);
#1369 = EDGE_CURVE('',#1359,#1359,#1370,.T.);
#1370 = CIRCLE('',#1371,9.7);
#1371 = AXIS2_PLACEMENT_3D('',#1372,#1373,#1374);
#1372 = CARTESIAN_POINT('',(-72.84582590908,-14.,17.640536116749));
#1373 = DIRECTION('',(0.,-1.,0.));
#1374 = DIRECTION('',(0.45734454543,0.,0.889289585436));
#1375 = TOROIDAL_SURFACE('',#1376,10.7,1.);
#1376 = AXIS2_PLACEMENT_3D('',#1377,#1378,#1379);
#1377 = CARTESIAN_POINT('',(-72.84582590908,-14.,17.640536116749));
#1378 = DIRECTION('',(0.,-1.,0.));
#1379 = DIRECTION('',(0.45734454543,0.,0.889289585436));
#1380 = ADVANCED_FACE('',(#1381),#1409,.T.);
#1381 = FACE_BOUND('',#1382,.F.);
#1382 = EDGE_LOOP('',(#1383,#1392,#1393,#1402));
#1383 = ORIENTED_EDGE('',*,*,#1384,.F.);
#1384 = EDGE_CURVE('',#632,#1385,#1387,.T.);
#1385 = VERTEX_POINT('',#1386);
#1386 = CARTESIAN_POINT('',(-57.3467569275,-14.,4.04719728097));
#1387 = CIRCLE('',#1388,1.);
#1388 = AXIS2_PLACEMENT_3D('',#1389,#1390,#1391);
#1389 = CARTESIAN_POINT('',(-57.80410147293,-14.,3.157907695534));
#1390 = DIRECTION('',(-0.889289585436,0.,0.45734454543));
#1391 = DIRECTION('',(-0.45734454543,-0.,-0.889289585436));
#1392 = ORIENTED_EDGE('',*,*,#631,.T.);
#1393 = ORIENTED_EDGE('',*,*,#1394,.T.);
#1394 = EDGE_CURVE('',#634,#1395,#1397,.T.);
#1395 = VERTEX_POINT('',#1396);
#1396 = CARTESIAN_POINT('',(-52.7733114732,-14.,12.940093135333));
#1397 = CIRCLE('',#1398,1.);
#1398 = AXIS2_PLACEMENT_3D('',#1399,#1400,#1401);
#1399 = CARTESIAN_POINT('',(-52.31596692777,-14.,13.82938272077));
#1400 = DIRECTION('',(0.889289585436,0.,-0.45734454543));
#1401 = DIRECTION('',(0.45734454543,0.,0.889289585436));
#1402 = ORIENTED_EDGE('',*,*,#1403,.F.);
#1403 = EDGE_CURVE('',#1385,#1395,#1404,.T.);
#1404 = CIRCLE('',#1405,5.);
#1405 = AXIS2_PLACEMENT_3D('',#1406,#1407,#1408);
#1406 = CARTESIAN_POINT('',(-55.06003420035,-14.,8.493645208152));
#1407 = DIRECTION('',(0.,1.,-0.));
#1408 = DIRECTION('',(-0.45734454543,-0.,-0.889289585436));
#1409 = TOROIDAL_SURFACE('',#1410,6.,1.);
#1410 = AXIS2_PLACEMENT_3D('',#1411,#1412,#1413);
#1411 = CARTESIAN_POINT('',(-55.06003420035,-14.,8.493645208152));
#1412 = DIRECTION('',(0.,-1.,0.));
#1413 = DIRECTION('',(-0.45734454543,-0.,-0.889289585436));
#1414 = ADVANCED_FACE('',(#1415),#1434,.T.);
#1415 = FACE_BOUND('',#1416,.T.);
#1416 = EDGE_LOOP('',(#1417,#1426,#1432,#1433));
#1417 = ORIENTED_EDGE('',*,*,#1418,.T.);
#1418 = EDGE_CURVE('',#643,#1419,#1421,.T.);
#1419 = VERTEX_POINT('',#1420);
#1420 = CARTESIAN_POINT('',(-39.17233823314,-14.,-5.299557018584));
#1421 = CIRCLE('',#1422,1.);
#1422 = AXIS2_PLACEMENT_3D('',#1423,#1424,#1425);
#1423 = CARTESIAN_POINT('',(-39.62968277857,-14.,-6.188846604021));
#1424 = DIRECTION('',(-0.889289585436,0.,0.45734454543));
#1425 = DIRECTION('',(-0.45734454543,0.,-0.889289585436));
#1426 = ORIENTED_EDGE('',*,*,#1427,.T.);
#1427 = EDGE_CURVE('',#1419,#1385,#1428,.T.);
#1428 = LINE('',#1429,#1430);
#1429 = CARTESIAN_POINT('',(-39.17233823314,-14.,-5.299557018584));
#1430 = VECTOR('',#1431,1.);
#1431 = DIRECTION('',(-0.889289585436,0.,0.45734454543));
#1432 = ORIENTED_EDGE('',*,*,#1384,.F.);
#1433 = ORIENTED_EDGE('',*,*,#642,.F.);
#1434 = CYLINDRICAL_SURFACE('',#1435,1.);
#1435 = AXIS2_PLACEMENT_3D('',#1436,#1437,#1438);
#1436 = CARTESIAN_POINT('',(-39.62968277857,-14.,-6.188846604021));
#1437 = DIRECTION('',(-0.889289585436,0.,0.45734454543));
#1438 = DIRECTION('',(0.,-1.,0.));
#1439 = ADVANCED_FACE('',(#1440),#1459,.T.);
#1440 = FACE_BOUND('',#1441,.T.);
#1441 = EDGE_LOOP('',(#1442,#1443,#1451,#1458));
#1442 = ORIENTED_EDGE('',*,*,#1394,.T.);
#1443 = ORIENTED_EDGE('',*,*,#1444,.T.);
#1444 = EDGE_CURVE('',#1395,#1445,#1447,.T.);
#1445 = VERTEX_POINT('',#1446);
#1446 = CARTESIAN_POINT('',(-34.59889277884,-14.,3.593338835779));
#1447 = LINE('',#1448,#1449);
#1448 = CARTESIAN_POINT('',(-52.7733114732,-14.,12.940093135333));
#1449 = VECTOR('',#1450,1.);
#1450 = DIRECTION('',(0.889289585436,0.,-0.45734454543));
#1451 = ORIENTED_EDGE('',*,*,#1452,.F.);
#1452 = EDGE_CURVE('',#651,#1445,#1453,.T.);
#1453 = CIRCLE('',#1454,1.);
#1454 = AXIS2_PLACEMENT_3D('',#1455,#1456,#1457);
#1455 = CARTESIAN_POINT('',(-34.14154823341,-14.,4.482628421216));
#1456 = DIRECTION('',(0.889289585436,-0.,-0.45734454543));
#1457 = DIRECTION('',(-0.,-1.,0.));
#1458 = ORIENTED_EDGE('',*,*,#659,.F.);
#1459 = CYLINDRICAL_SURFACE('',#1460,1.);
#1460 = AXIS2_PLACEMENT_3D('',#1461,#1462,#1463);
#1461 = CARTESIAN_POINT('',(-52.31596692777,-14.,13.82938272077));
#1462 = DIRECTION('',(0.889289585436,0.,-0.45734454543));
#1463 = DIRECTION('',(-0.,-1.,0.));
#1464 = ADVANCED_FACE('',(#1465),#1477,.T.);
#1465 = FACE_BOUND('',#1466,.F.);
#1466 = EDGE_LOOP('',(#1467,#1468,#1469,#1470));
#1467 = ORIENTED_EDGE('',*,*,#1452,.F.);
#1468 = ORIENTED_EDGE('',*,*,#650,.T.);
#1469 = ORIENTED_EDGE('',*,*,#1418,.T.);
#1470 = ORIENTED_EDGE('',*,*,#1471,.F.);
#1471 = EDGE_CURVE('',#1445,#1419,#1472,.T.);
#1472 = CIRCLE('',#1473,5.);
#1473 = AXIS2_PLACEMENT_3D('',#1474,#1475,#1476);
#1474 = CARTESIAN_POINT('',(-36.88561550599,-14.,-0.853109091402));
#1475 = DIRECTION('',(-0.,1.,0.));
#1476 = DIRECTION('',(0.45734454543,0.,0.889289585436));
#1477 = TOROIDAL_SURFACE('',#1478,6.,1.);
#1478 = AXIS2_PLACEMENT_3D('',#1479,#1480,#1481);
#1479 = CARTESIAN_POINT('',(-36.88561550599,-14.,-0.853109091402));
#1480 = DIRECTION('',(0.,-1.,0.));
#1481 = DIRECTION('',(0.45734454543,0.,0.889289585436));
#1482 = ADVANCED_FACE('',(#1483),#1510,.T.);
#1483 = FACE_BOUND('',#1484,.F.);
#1484 = EDGE_LOOP('',(#1485,#1494,#1502,#1509));
#1485 = ORIENTED_EDGE('',*,*,#1486,.T.);
#1486 = EDGE_CURVE('',#668,#1487,#1489,.T.);
#1487 = VERTEX_POINT('',#1488);
#1488 = CARTESIAN_POINT('',(-43.43461326479,-14.,-15.0278874876));
#1489 = CIRCLE('',#1490,1.);
#1490 = AXIS2_PLACEMENT_3D('',#1491,#1492,#1493);
#1491 = CARTESIAN_POINT('',(-42.94322640997,-14.,-14.15694606654));
#1492 = DIRECTION('',(0.870941421057,0.,-0.491386854818));
#1493 = DIRECTION('',(0.,-1.,0.));
#1494 = ORIENTED_EDGE('',*,*,#1495,.T.);
#1495 = EDGE_CURVE('',#1487,#1496,#1498,.T.);
#1496 = VERTEX_POINT('',#1497);
#1497 = CARTESIAN_POINT('',(-79.72524187653,-14.,5.447356221956));
#1498 = LINE('',#1499,#1500);
#1499 = CARTESIAN_POINT('',(-43.43461326479,-14.,-15.0278874876));
#1500 = VECTOR('',#1501,1.);
#1501 = DIRECTION('',(-0.870941421057,0.,0.491386854818));
#1502 = ORIENTED_EDGE('',*,*,#1503,.F.);
#1503 = EDGE_CURVE('',#670,#1496,#1504,.T.);
#1504 = CIRCLE('',#1505,1.);
#1505 = AXIS2_PLACEMENT_3D('',#1506,#1507,#1508);
#1506 = CARTESIAN_POINT('',(-79.23385502171,-14.,6.318297643012));
#1507 = DIRECTION('',(0.870941421057,0.,-0.491386854818));
#1508 = DIRECTION('',(0.,-1.,0.));
#1509 = ORIENTED_EDGE('',*,*,#667,.F.);
#1510 = CYLINDRICAL_SURFACE('',#1511,1.);
#1511 = AXIS2_PLACEMENT_3D('',#1512,#1513,#1514);
#1512 = CARTESIAN_POINT('',(-42.94322640997,-14.,-14.15694606654));
#1513 = DIRECTION('',(-0.870941421057,0.,0.491386854818));
#1514 = DIRECTION('',(0.,-1.,0.));
#1515 = ADVANCED_FACE('',(#1516),#1536,.T.);
#1516 = FACE_BOUND('',#1517,.T.);
#1517 = EDGE_LOOP('',(#1518,#1527,#1528,#1529));
#1518 = ORIENTED_EDGE('',*,*,#1519,.F.);
#1519 = EDGE_CURVE('',#780,#1520,#1522,.T.);
#1520 = VERTEX_POINT('',#1521);
#1521 = CARTESIAN_POINT('',(-40.48614890745,-14.,-15.42147583581));
#1522 = CIRCLE('',#1523,1.);
#1523 = AXIS2_PLACEMENT_3D('',#1524,#1525,#1526);
#1524 = CARTESIAN_POINT('',(-40.73187814197,-14.,-14.4521373277));
#1525 = DIRECTION('',(0.96933850811,0.,0.245729234516));
#1526 = DIRECTION('',(0.,-1.,0.));
#1527 = ORIENTED_EDGE('',*,*,#787,.T.);
#1528 = ORIENTED_EDGE('',*,*,#1486,.T.);
#1529 = ORIENTED_EDGE('',*,*,#1530,.F.);
#1530 = EDGE_CURVE('',#1520,#1487,#1531,.T.);
#1531 = CIRCLE('',#1532,4.);
#1532 = AXIS2_PLACEMENT_3D('',#1533,#1534,#1535);
#1533 = CARTESIAN_POINT('',(-41.46906584552,-14.,-11.54412180337));
#1534 = DIRECTION('',(0.,1.,0.));
#1535 = DIRECTION('',(0.245729234516,-0.,-0.96933850811));
#1536 = TOROIDAL_SURFACE('',#1537,3.,1.);
#1537 = AXIS2_PLACEMENT_3D('',#1538,#1539,#1540);
#1538 = CARTESIAN_POINT('',(-41.46906584552,-14.,-11.54412180337));
#1539 = DIRECTION('',(0.,1.,0.));
#1540 = DIRECTION('',(0.245729234516,-0.,-0.96933850811));
#1541 = ADVANCED_FACE('',(#1542),#1562,.T.);
#1542 = FACE_BOUND('',#1543,.T.);
#1543 = EDGE_LOOP('',(#1544,#1545,#1546,#1555));
#1544 = ORIENTED_EDGE('',*,*,#1503,.F.);
#1545 = ORIENTED_EDGE('',*,*,#677,.T.);
#1546 = ORIENTED_EDGE('',*,*,#1547,.T.);
#1547 = EDGE_CURVE('',#678,#1548,#1550,.T.);
#1548 = VERTEX_POINT('',#1549);
#1549 = CARTESIAN_POINT('',(-66.92917024471,-14.,30.328845135262));
#1550 = CIRCLE('',#1551,1.);
#1551 = AXIS2_PLACEMENT_3D('',#1552,#1553,#1554);
#1552 = CARTESIAN_POINT('',(-67.35178850645,-14.,29.422537348226));
#1553 = DIRECTION('',(-0.906307787037,0.,0.422618261741));
#1554 = DIRECTION('',(0.422618261741,0.,0.906307787037));
#1555 = ORIENTED_EDGE('',*,*,#1556,.F.);
#1556 = EDGE_CURVE('',#1496,#1548,#1557,.T.);
#1557 = CIRCLE('',#1558,14.);
#1558 = AXIS2_PLACEMENT_3D('',#1559,#1560,#1561);
#1559 = CARTESIAN_POINT('',(-72.84582590908,-14.,17.640536116749));
#1560 = DIRECTION('',(0.,1.,-0.));
#1561 = DIRECTION('',(-0.491386854818,-0.,-0.870941421057));
#1562 = TOROIDAL_SURFACE('',#1563,13.,1.);
#1563 = AXIS2_PLACEMENT_3D('',#1564,#1565,#1566);
#1564 = CARTESIAN_POINT('',(-72.84582590908,-14.,17.640536116749));
#1565 = DIRECTION('',(0.,1.,0.));
#1566 = DIRECTION('',(-0.491386854818,-0.,-0.870941421057));
#1567 = ADVANCED_FACE('',(#1568),#1585,.T.);
#1568 = FACE_BOUND('',#1569,.F.);
#1569 = EDGE_LOOP('',(#1570,#1577,#1583,#1584));
#1570 = ORIENTED_EDGE('',*,*,#1571,.T.);
#1571 = EDGE_CURVE('',#771,#1114,#1572,.T.);
#1572 = CIRCLE('',#1573,1.);
#1573 = AXIS2_PLACEMENT_3D('',#1574,#1575,#1576);
#1574 = CARTESIAN_POINT('',(-29.96412436678,-14.,-11.72249038755));
#1575 = DIRECTION('',(0.96933850811,-0.,0.245729234516));
#1576 = DIRECTION('',(0.245729234516,-0.,-0.96933850811));
#1577 = ORIENTED_EDGE('',*,*,#1578,.T.);
#1578 = EDGE_CURVE('',#1114,#1520,#1579,.T.);
#1579 = LINE('',#1580,#1581);
#1580 = CARTESIAN_POINT('',(-29.71839513226,-14.,-12.69182889566));
#1581 = VECTOR('',#1582,1.);
#1582 = DIRECTION('',(-0.96933850811,0.,-0.245729234516));
#1583 = ORIENTED_EDGE('',*,*,#1519,.F.);
#1584 = ORIENTED_EDGE('',*,*,#779,.F.);
#1585 = CYLINDRICAL_SURFACE('',#1586,1.);
#1586 = AXIS2_PLACEMENT_3D('',#1587,#1588,#1589);
#1587 = CARTESIAN_POINT('',(-29.96412436678,-14.,-11.72249038755));
#1588 = DIRECTION('',(-0.96933850811,0.,-0.245729234516));
#1589 = DIRECTION('',(0.,-1.,0.));
#1590 = ADVANCED_FACE('',(#1591),#1610,.T.);
#1591 = FACE_BOUND('',#1592,.F.);
#1592 = EDGE_LOOP('',(#1593,#1594,#1602,#1609));
#1593 = ORIENTED_EDGE('',*,*,#1547,.T.);
#1594 = ORIENTED_EDGE('',*,*,#1595,.T.);
#1595 = EDGE_CURVE('',#1548,#1596,#1598,.T.);
#1596 = VERTEX_POINT('',#1597);
#1597 = CARTESIAN_POINT('',(-51.21975913145,-14.,23.003426428044));
#1598 = LINE('',#1599,#1600);
#1599 = CARTESIAN_POINT('',(-66.92917024471,-14.,30.328845135262));
#1600 = VECTOR('',#1601,1.);
#1601 = DIRECTION('',(0.906307787037,0.,-0.422618261741));
#1602 = ORIENTED_EDGE('',*,*,#1603,.F.);
#1603 = EDGE_CURVE('',#687,#1596,#1604,.T.);
#1604 = CIRCLE('',#1605,1.);
#1605 = AXIS2_PLACEMENT_3D('',#1606,#1607,#1608);
#1606 = CARTESIAN_POINT('',(-51.64237739319,-14.,22.097118641008));
#1607 = DIRECTION('',(-0.906307787037,0.,0.422618261741));
#1608 = DIRECTION('',(0.,-1.,0.));
#1609 = ORIENTED_EDGE('',*,*,#686,.F.);
#1610 = CYLINDRICAL_SURFACE('',#1611,1.);
#1611 = AXIS2_PLACEMENT_3D('',#1612,#1613,#1614);
#1612 = CARTESIAN_POINT('',(-67.35178850645,-14.,29.422537348226));
#1613 = DIRECTION('',(0.906307787037,0.,-0.422618261741));
#1614 = DIRECTION('',(0.,-1.,0.));
#1615 = ADVANCED_FACE('',(#1616),#1636,.T.);
#1616 = FACE_BOUND('',#1617,.T.);
#1617 = EDGE_LOOP('',(#1618,#1619,#1620,#1629));
#1618 = ORIENTED_EDGE('',*,*,#1603,.F.);
#1619 = ORIENTED_EDGE('',*,*,#694,.T.);
#1620 = ORIENTED_EDGE('',*,*,#1621,.T.);
#1621 = EDGE_CURVE('',#695,#1622,#1624,.T.);
#1622 = VERTEX_POINT('',#1623);
#1623 = CARTESIAN_POINT('',(-44.88048520534,-14.,21.598043233594));
#1624 = CIRCLE('',#1625,1.);
#1625 = AXIS2_PLACEMENT_3D('',#1626,#1627,#1628);
#1626 = CARTESIAN_POINT('',(-44.88048520534,-14.,20.598043233594));
#1627 = DIRECTION('',(-1.,0.,5.551115123126E-16));
#1628 = DIRECTION('',(-5.551115123126E-16,-0.,-1.));
#1629 = ORIENTED_EDGE('',*,*,#1630,.F.);
#1630 = EDGE_CURVE('',#1596,#1622,#1631,.T.);
#1631 = CIRCLE('',#1632,15.);
#1632 = AXIS2_PLACEMENT_3D('',#1633,#1634,#1635);
#1633 = CARTESIAN_POINT('',(-44.88048520534,-14.,36.598043233594));
#1634 = DIRECTION('',(0.,-1.,0.));
#1635 = DIRECTION('',(-0.422618261741,-0.,-0.906307787037));
#1636 = TOROIDAL_SURFACE('',#1637,16.,1.);
#1637 = AXIS2_PLACEMENT_3D('',#1638,#1639,#1640);
#1638 = CARTESIAN_POINT('',(-44.88048520534,-14.,36.598043233594));
#1639 = DIRECTION('',(0.,-1.,0.));
#1640 = DIRECTION('',(-0.422618261741,-0.,-0.906307787037));
#1641 = ADVANCED_FACE('',(#1642),#1661,.T.);
#1642 = FACE_BOUND('',#1643,.F.);
#1643 = EDGE_LOOP('',(#1644,#1645,#1653,#1660));
#1644 = ORIENTED_EDGE('',*,*,#1621,.T.);
#1645 = ORIENTED_EDGE('',*,*,#1646,.T.);
#1646 = EDGE_CURVE('',#1622,#1647,#1649,.T.);
#1647 = VERTEX_POINT('',#1648);
#1648 = CARTESIAN_POINT('',(10.392196624383,-14.,21.598043233594));
#1649 = LINE('',#1650,#1651);
#1650 = CARTESIAN_POINT('',(-44.88048520534,-14.,21.598043233594));
#1651 = VECTOR('',#1652,1.);
#1652 = DIRECTION('',(1.,0.,-8.881784197001E-16));
#1653 = ORIENTED_EDGE('',*,*,#1654,.F.);
#1654 = EDGE_CURVE('',#704,#1647,#1655,.T.);
#1655 = CIRCLE('',#1656,1.);
#1656 = AXIS2_PLACEMENT_3D('',#1657,#1658,#1659);
#1657 = CARTESIAN_POINT('',(10.392196624383,-14.,20.598043233594));
#1658 = DIRECTION('',(-1.,0.,8.881784197001E-16));
#1659 = DIRECTION('',(0.,-1.,0.));
#1660 = ORIENTED_EDGE('',*,*,#703,.F.);
#1661 = CYLINDRICAL_SURFACE('',#1662,1.);
#1662 = AXIS2_PLACEMENT_3D('',#1663,#1664,#1665);
#1663 = CARTESIAN_POINT('',(-44.88048520534,-14.,20.598043233594));
#1664 = DIRECTION('',(1.,0.,-8.881784197001E-16));
#1665 = DIRECTION('',(0.,-1.,0.));
#1666 = ADVANCED_FACE('',(#1667),#1695,.T.);
#1667 = FACE_BOUND('',#1668,.T.);
#1668 = EDGE_LOOP('',(#1669,#1678,#1679,#1688));
#1669 = ORIENTED_EDGE('',*,*,#1670,.F.);
#1670 = EDGE_CURVE('',#704,#1671,#1673,.T.);
#1671 = VERTEX_POINT('',#1672);
#1672 = CARTESIAN_POINT('',(11.389567669837,-14.,20.67050700171));
#1673 = CIRCLE('',#1674,1.);
#1674 = AXIS2_PLACEMENT_3D('',#1675,#1676,#1677);
#1675 = CARTESIAN_POINT('',(10.392196624383,-14.,20.598043233594));
#1676 = DIRECTION('',(-7.246376811593E-02,0.,0.997371045454));
#1677 = DIRECTION('',(0.997371045454,0.,7.246376811593E-02));
#1678 = ORIENTED_EDGE('',*,*,#711,.T.);
#1679 = ORIENTED_EDGE('',*,*,#1680,.T.);
#1680 = EDGE_CURVE('',#712,#1681,#1683,.T.);
#1681 = VERTEX_POINT('',#1682);
#1682 = CARTESIAN_POINT('',(36.922266433465,-14.,20.67050700171));
#1683 = CIRCLE('',#1684,1.);
#1684 = AXIS2_PLACEMENT_3D('',#1685,#1686,#1687);
#1685 = CARTESIAN_POINT('',(37.919637478919,-14.,20.598043233594));
#1686 = DIRECTION('',(-7.246376811594E-02,-0.,-0.997371045454));
#1687 = DIRECTION('',(0.997371045454,0.,-7.246376811594E-02));
#1688 = ORIENTED_EDGE('',*,*,#1689,.F.);
#1689 = EDGE_CURVE('',#1671,#1681,#1690,.T.);
#1690 = CIRCLE('',#1691,12.8);
#1691 = AXIS2_PLACEMENT_3D('',#1692,#1693,#1694);
#1692 = CARTESIAN_POINT('',(24.155917051651,-14.,21.598043233594));
#1693 = DIRECTION('',(-0.,-1.,0.));
#1694 = DIRECTION('',(-0.997371045454,0.,-7.246376811594E-02));
#1695 = TOROIDAL_SURFACE('',#1696,13.8,1.);
#1696 = AXIS2_PLACEMENT_3D('',#1697,#1698,#1699);
#1697 = CARTESIAN_POINT('',(24.155917051651,-14.,21.598043233594));
#1698 = DIRECTION('',(0.,-1.,0.));
#1699 = DIRECTION('',(-0.997371045454,0.,-7.246376811594E-02));
#1700 = ADVANCED_FACE('',(#1701),#1730,.T.);
#1701 = FACE_BOUND('',#1702,.F.);
#1702 = EDGE_LOOP('',(#1703,#1712,#1720,#1729));
#1703 = ORIENTED_EDGE('',*,*,#1704,.T.);
#1704 = EDGE_CURVE('',#712,#1705,#1707,.T.);
#1705 = VERTEX_POINT('',#1706);
#1706 = CARTESIAN_POINT('',(37.919637478919,-14.,21.598043233594));
#1707 = CIRCLE('',#1708,1.);
#1708 = AXIS2_PLACEMENT_3D('',#1709,#1710,#1711);
#1709 = CARTESIAN_POINT('',(37.919637478919,-14.,20.598043233594));
#1710 = DIRECTION('',(-1.,0.,-1.298960938811E-14));
#1711 = DIRECTION('',(-1.298960938811E-14,0.,1.));
#1712 = ORIENTED_EDGE('',*,*,#1713,.T.);
#1713 = EDGE_CURVE('',#1705,#1714,#1716,.T.);
#1714 = VERTEX_POINT('',#1715);
#1715 = CARTESIAN_POINT('',(40.801815085401,-14.,21.598043233594));
#1716 = LINE('',#1717,#1718);
#1717 = CARTESIAN_POINT('',(37.919637478919,-14.,21.598043233594));
#1718 = VECTOR('',#1719,1.);
#1719 = DIRECTION('',(1.,0.,-4.107825191113E-15));
#1720 = ORIENTED_EDGE('',*,*,#1721,.F.);
#1721 = EDGE_CURVE('',#721,#1714,#1722,.T.);
#1722 = B_SPLINE_CURVE_WITH_KNOTS('',5,(#1723,#1724,#1725,#1726,#1727,
    #1728),.UNSPECIFIED.,.F.,.F.,(6,6),(0.,1.),
  .PIECEWISE_BEZIER_KNOTS.);
#1723 = CARTESIAN_POINT('',(39.825790032729,-15.,20.598043233594));
#1724 = CARTESIAN_POINT('',(40.020995043263,-15.,20.912202498953));
#1725 = CARTESIAN_POINT('',(40.216200053798,-14.87698499595,
    21.226654876957));
#1726 = CARTESIAN_POINT('',(40.411405064332,-14.62861164336,
    21.475028229548));
#1727 = CARTESIAN_POINT('',(40.606610074867,-14.31415926535,
    21.598043233594));
#1728 = CARTESIAN_POINT('',(40.801815085401,-14.,21.598043233594));
#1729 = ORIENTED_EDGE('',*,*,#720,.F.);
#1730 = CYLINDRICAL_SURFACE('',#1731,1.);
#1731 = AXIS2_PLACEMENT_3D('',#1732,#1733,#1734);
#1732 = CARTESIAN_POINT('',(37.919637478919,-14.,20.598043233594));
#1733 = DIRECTION('',(1.,0.,-4.107825191113E-15));
#1734 = DIRECTION('',(0.,-1.,0.));
#1735 = ADVANCED_FACE('',(#1736),#1761,.T.);
#1736 = FACE_BOUND('',#1737,.F.);
#1737 = EDGE_LOOP('',(#1738,#1747,#1753,#1760));
#1738 = ORIENTED_EDGE('',*,*,#1739,.T.);
#1739 = EDGE_CURVE('',#746,#1740,#1742,.T.);
#1740 = VERTEX_POINT('',#1741);
#1741 = CARTESIAN_POINT('',(63.868008403327,-14.,14.055335578756));
#1742 = CIRCLE('',#1743,1.);
#1743 = AXIS2_PLACEMENT_3D('',#1744,#1745,#1746);
#1744 = CARTESIAN_POINT('',(62.898669895217,-14.,13.80960634424));
#1745 = DIRECTION('',(-0.245729234516,0.,0.96933850811));
#1746 = DIRECTION('',(0.96933850811,0.,0.245729234516));
#1747 = ORIENTED_EDGE('',*,*,#1748,.T.);
#1748 = EDGE_CURVE('',#1740,#1326,#1749,.T.);
#1749 = LINE('',#1750,#1751);
#1750 = CARTESIAN_POINT('',(63.868008403327,-14.,14.055335578756));
#1751 = VECTOR('',#1752,1.);
#1752 = DIRECTION('',(0.245729234516,-0.,-0.96933850811));
#1753 = ORIENTED_EDGE('',*,*,#1754,.F.);
#1754 = EDGE_CURVE('',#755,#1326,#1755,.T.);
#1755 = CIRCLE('',#1756,1.);
#1756 = AXIS2_PLACEMENT_3D('',#1757,#1758,#1759);
#1757 = CARTESIAN_POINT('',(63.372962016243,-14.,11.938646147302));
#1758 = DIRECTION('',(-0.245729234516,0.,0.96933850811));
#1759 = DIRECTION('',(0.,-1.,0.));
#1760 = ORIENTED_EDGE('',*,*,#754,.F.);
#1761 = CYLINDRICAL_SURFACE('',#1762,1.);
#1762 = AXIS2_PLACEMENT_3D('',#1763,#1764,#1765);
#1763 = CARTESIAN_POINT('',(62.898669895217,-14.,13.80960634424));
#1764 = DIRECTION('',(0.245729234516,-0.,-0.96933850811));
#1765 = DIRECTION('',(0.,-1.,0.));
#1766 = ADVANCED_FACE('',(#1767),#1802,.T.);
#1767 = FACE_BOUND('',#1768,.T.);
#1768 = EDGE_LOOP('',(#1769,#1783,#1784,#1795));
#1769 = ORIENTED_EDGE('',*,*,#1770,.F.);
#1770 = EDGE_CURVE('',#721,#1771,#1773,.T.);
#1771 = VERTEX_POINT('',#1772);
#1772 = CARTESIAN_POINT('',(41.174493081651,-14.,20.764709900261));
#1773 = B_SPLINE_CURVE_WITH_KNOTS('',8,(#1774,#1775,#1776,#1777,#1778,
    #1779,#1780,#1781,#1782),.UNSPECIFIED.,.F.,.F.,(9,9),(0.,1.),
  .PIECEWISE_BEZIER_KNOTS.);
#1774 = CARTESIAN_POINT('',(39.825790032729,-15.,20.598043233594));
#1775 = CARTESIAN_POINT('',(40.051787363507,-15.,20.610955539037));
#1776 = CARTESIAN_POINT('',(40.278408097413,-14.95906377127,
    20.612967684202));
#1777 = CARTESIAN_POINT('',(40.496092756464,-14.87531229229,
    20.608916028628));
#1778 = CARTESIAN_POINT('',(40.694898658068,-14.75001030111,
    20.605604834818));
#1779 = CARTESIAN_POINT('',(40.865604356448,-14.58833882395,
    20.611695276369));
#1780 = CARTESIAN_POINT('',(41.002351852445,-14.40085769527,
    20.636379573485));
#1781 = CARTESIAN_POINT('',(41.104355995903,-14.20042874935,
    20.686294254522));
#1782 = CARTESIAN_POINT('',(41.174493081651,-14.,20.764709900261));
#1783 = ORIENTED_EDGE('',*,*,#728,.T.);
#1784 = ORIENTED_EDGE('',*,*,#1785,.T.);
#1785 = EDGE_CURVE('',#729,#1786,#1788,.T.);
#1786 = VERTEX_POINT('',#1787);
#1787 = CARTESIAN_POINT('',(47.137341021651,-14.,20.764709900261));
#1788 = B_SPLINE_CURVE_WITH_KNOTS('',5,(#1789,#1790,#1791,#1792,#1793,
    #1794),.UNSPECIFIED.,.F.,.F.,(6,6),(0.,1.),
  .PIECEWISE_BEZIER_KNOTS.);
#1789 = CARTESIAN_POINT('',(48.486044070573,-15.,20.598043233594));
#1790 = CARTESIAN_POINT('',(48.110909725623,-15.,20.619476447993));
#1791 = CARTESIAN_POINT('',(47.74229644784,-14.87698499595,
    20.607584436152));
#1792 = CARTESIAN_POINT('',(47.442330890809,-14.62861164336,
    20.595395873365));
#1793 = CARTESIAN_POINT('',(47.247276424653,-14.31415926535,
    20.641798383138));
#1794 = CARTESIAN_POINT('',(47.137341021651,-14.,20.764709900261));
#1795 = ORIENTED_EDGE('',*,*,#1796,.F.);
#1796 = EDGE_CURVE('',#1771,#1786,#1797,.T.);
#1797 = CIRCLE('',#1798,4.);
#1798 = AXIS2_PLACEMENT_3D('',#1799,#1800,#1801);
#1799 = CARTESIAN_POINT('',(44.155917051651,-14.,18.098043233594));
#1800 = DIRECTION('',(0.,-1.,0.));
#1801 = DIRECTION('',(-0.7453559925,0.,0.666666666667));
#1802 = TOROIDAL_SURFACE('',#1803,5.,1.);
#1803 = AXIS2_PLACEMENT_3D('',#1804,#1805,#1806);
#1804 = CARTESIAN_POINT('',(44.155917051651,-14.,18.098043233594));
#1805 = DIRECTION('',(0.,-1.,0.));
#1806 = DIRECTION('',(-0.7453559925,0.,0.666666666667));
#1807 = ADVANCED_FACE('',(#1808),#1828,.T.);
#1808 = FACE_BOUND('',#1809,.T.);
#1809 = EDGE_LOOP('',(#1810,#1819,#1820,#1821));
#1810 = ORIENTED_EDGE('',*,*,#1811,.F.);
#1811 = EDGE_CURVE('',#738,#1812,#1814,.T.);
#1812 = VERTEX_POINT('',#1813);
#1813 = CARTESIAN_POINT('',(54.174623322231,-14.,21.598043233594));
#1814 = CIRCLE('',#1815,1.);
#1815 = AXIS2_PLACEMENT_3D('',#1816,#1817,#1818);
#1816 = CARTESIAN_POINT('',(54.174623322231,-14.,20.598043233594));
#1817 = DIRECTION('',(-1.,0.,1.276756478319E-15));
#1818 = DIRECTION('',(0.,-1.,0.));
#1819 = ORIENTED_EDGE('',*,*,#745,.T.);
#1820 = ORIENTED_EDGE('',*,*,#1739,.T.);
#1821 = ORIENTED_EDGE('',*,*,#1822,.F.);
#1822 = EDGE_CURVE('',#1812,#1740,#1823,.T.);
#1823 = CIRCLE('',#1824,10.);
#1824 = AXIS2_PLACEMENT_3D('',#1825,#1826,#1827);
#1825 = CARTESIAN_POINT('',(54.174623322231,-14.,11.598043233594));
#1826 = DIRECTION('',(0.,1.,-0.));
#1827 = DIRECTION('',(-1.443289932013E-15,0.,1.));
#1828 = TOROIDAL_SURFACE('',#1829,9.,1.);
#1829 = AXIS2_PLACEMENT_3D('',#1830,#1831,#1832);
#1830 = CARTESIAN_POINT('',(54.174623322231,-14.,11.598043233594));
#1831 = DIRECTION('',(0.,1.,0.));
#1832 = DIRECTION('',(-1.443289932013E-15,0.,1.));
#1833 = ADVANCED_FACE('',(#1834),#1858,.T.);
#1834 = FACE_BOUND('',#1835,.F.);
#1835 = EDGE_LOOP('',(#1836,#1850,#1856,#1857));
#1836 = ORIENTED_EDGE('',*,*,#1837,.T.);
#1837 = EDGE_CURVE('',#729,#1838,#1840,.T.);
#1838 = VERTEX_POINT('',#1839);
#1839 = CARTESIAN_POINT('',(47.510019017901,-14.,21.598043233594));
#1840 = B_SPLINE_CURVE_WITH_KNOTS('',8,(#1841,#1842,#1843,#1844,#1845,
    #1846,#1847,#1848,#1849),.UNSPECIFIED.,.F.,.F.,(9,9),(0.,1.),
  .PIECEWISE_BEZIER_KNOTS.);
#1841 = CARTESIAN_POINT('',(48.486044070573,-15.,20.598043233594));
#1842 = CARTESIAN_POINT('',(48.364040938988,-15.,20.794392774443));
#1843 = CARTESIAN_POINT('',(48.242037807407,-14.95593921103,
    20.9907423771));
#1844 = CARTESIAN_POINT('',(48.120034675817,-14.86781806587,
    21.175556467927));
#1845 = CARTESIAN_POINT('',(47.998031544242,-14.73925875578,
    21.337301989378));
#1846 = CARTESIAN_POINT('',(47.87602841265,-14.57751323433,
    21.465861299463));
#1847 = CARTESIAN_POINT('',(47.754025281072,-14.3926991435,
    21.553982444635));
#1848 = CARTESIAN_POINT('',(47.632022149485,-14.19634954084,
    21.598043233594));
#1849 = CARTESIAN_POINT('',(47.510019017901,-14.,21.598043233594));
#1850 = ORIENTED_EDGE('',*,*,#1851,.T.);
#1851 = EDGE_CURVE('',#1838,#1812,#1852,.T.);
#1852 = LINE('',#1853,#1854);
#1853 = CARTESIAN_POINT('',(47.510019017901,-14.,21.598043233594));
#1854 = VECTOR('',#1855,1.);
#1855 = DIRECTION('',(1.,0.,-1.276756478319E-15));
#1856 = ORIENTED_EDGE('',*,*,#1811,.F.);
#1857 = ORIENTED_EDGE('',*,*,#737,.F.);
#1858 = CYLINDRICAL_SURFACE('',#1859,1.);
#1859 = AXIS2_PLACEMENT_3D('',#1860,#1861,#1862);
#1860 = CARTESIAN_POINT('',(47.510019017901,-14.,20.598043233594));
#1861 = DIRECTION('',(1.,0.,-1.276756478319E-15));
#1862 = DIRECTION('',(0.,-1.,0.));
#1863 = ADVANCED_FACE('',(#1864),#1869,.T.);
#1864 = FACE_BOUND('',#1865,.T.);
#1865 = EDGE_LOOP('',(#1866,#1867,#1868));
#1866 = ORIENTED_EDGE('',*,*,#804,.F.);
#1867 = ORIENTED_EDGE('',*,*,#1571,.T.);
#1868 = ORIENTED_EDGE('',*,*,#1113,.F.);
#1869 = SPHERICAL_SURFACE('',#1870,1.);
#1870 = AXIS2_PLACEMENT_3D('',#1871,#1872,#1873);
#1871 = CARTESIAN_POINT('',(-29.96412436678,-14.,-11.72249038755));
#1872 = DIRECTION('',(0.,1.,0.));
#1873 = DIRECTION('',(0.987663688138,0.,0.156590035232));
#1874 = ADVANCED_FACE('',(#1875),#1900,.T.);
#1875 = FACE_BOUND('',#1876,.T.);
#1876 = EDGE_LOOP('',(#1877,#1887,#1893,#1894));
#1877 = ORIENTED_EDGE('',*,*,#1878,.F.);
#1878 = EDGE_CURVE('',#1879,#1881,#1883,.T.);
#1879 = VERTEX_POINT('',#1880);
#1880 = CARTESIAN_POINT('',(-67.81497453023,-1.5,11.679786633345));
#1881 = VERTEX_POINT('',#1882);
#1882 = CARTESIAN_POINT('',(-76.88572830168,-1.5,16.34470099673));
#1883 = LINE('',#1884,#1885);
#1884 = CARTESIAN_POINT('',(-66.92568494479,-1.5,11.222442087915));
#1885 = VECTOR('',#1886,1.);
#1886 = DIRECTION('',(-0.889289585436,0.,0.45734454543));
#1887 = ORIENTED_EDGE('',*,*,#1888,.F.);
#1888 = EDGE_CURVE('',#821,#1879,#1889,.T.);
#1889 = LINE('',#1890,#1891);
#1890 = CARTESIAN_POINT('',(-67.81497453023,15.,11.679786633345));
#1891 = VECTOR('',#1892,1.);
#1892 = DIRECTION('',(0.,-1.,0.));
#1893 = ORIENTED_EDGE('',*,*,#820,.T.);
#1894 = ORIENTED_EDGE('',*,*,#1895,.T.);
#1895 = EDGE_CURVE('',#823,#1881,#1896,.T.);
#1896 = LINE('',#1897,#1898);
#1897 = CARTESIAN_POINT('',(-76.88572830168,15.,16.34470099673));
#1898 = VECTOR('',#1899,1.);
#1899 = DIRECTION('',(0.,-1.,0.));
#1900 = PLANE('',#1901);
#1901 = AXIS2_PLACEMENT_3D('',#1902,#1903,#1904);
#1902 = CARTESIAN_POINT('',(-66.92568494479,15.,11.222442087915));
#1903 = DIRECTION('',(0.45734454543,0.,0.889289585436));
#1904 = DIRECTION('',(0.,-1.,0.));
#1905 = ADVANCED_FACE('',(#1906),#1925,.F.);
#1906 = FACE_BOUND('',#1907,.T.);
#1907 = EDGE_LOOP('',(#1908,#1909,#1910,#1919));
#1908 = ORIENTED_EDGE('',*,*,#830,.T.);
#1909 = ORIENTED_EDGE('',*,*,#1888,.T.);
#1910 = ORIENTED_EDGE('',*,*,#1911,.F.);
#1911 = EDGE_CURVE('',#1912,#1879,#1914,.T.);
#1912 = VERTEX_POINT('',#1913);
#1913 = CARTESIAN_POINT('',(-66.46834039936,-1.5,12.111731673351));
#1914 = CIRCLE('',#1915,1.);
#1915 = AXIS2_PLACEMENT_3D('',#1916,#1917,#1918);
#1916 = CARTESIAN_POINT('',(-67.3576299848,-1.5,12.569076218781));
#1917 = DIRECTION('',(0.,1.,0.));
#1918 = DIRECTION('',(0.541475099594,0.,-0.840716787343));
#1919 = ORIENTED_EDGE('',*,*,#1920,.F.);
#1920 = EDGE_CURVE('',#831,#1912,#1921,.T.);
#1921 = LINE('',#1922,#1923);
#1922 = CARTESIAN_POINT('',(-66.46834039936,15.,12.111731673351));
#1923 = VECTOR('',#1924,1.);
#1924 = DIRECTION('',(0.,-1.,0.));
#1925 = CYLINDRICAL_SURFACE('',#1926,1.);
#1926 = AXIS2_PLACEMENT_3D('',#1927,#1928,#1929);
#1927 = CARTESIAN_POINT('',(-67.3576299848,15.,12.569076218781));
#1928 = DIRECTION('',(0.,-1.,0.));
#1929 = DIRECTION('',(0.889289585436,0.,-0.45734454543));
#1930 = ADVANCED_FACE('',(#1931),#1950,.F.);
#1931 = FACE_BOUND('',#1932,.T.);
#1932 = EDGE_LOOP('',(#1933,#1934,#1942,#1949));
#1933 = ORIENTED_EDGE('',*,*,#881,.T.);
#1934 = ORIENTED_EDGE('',*,*,#1935,.T.);
#1935 = EDGE_CURVE('',#874,#1936,#1938,.T.);
#1936 = VERTEX_POINT('',#1937);
#1937 = CARTESIAN_POINT('',(-77.31767334168,-1.5,17.691335127596));
#1938 = LINE('',#1939,#1940);
#1939 = CARTESIAN_POINT('',(-77.31767334168,15.,17.691335127596));
#1940 = VECTOR('',#1941,1.);
#1941 = DIRECTION('',(0.,-1.,0.));
#1942 = ORIENTED_EDGE('',*,*,#1943,.F.);
#1943 = EDGE_CURVE('',#1881,#1936,#1944,.T.);
#1944 = CIRCLE('',#1945,1.);
#1945 = AXIS2_PLACEMENT_3D('',#1946,#1947,#1948);
#1946 = CARTESIAN_POINT('',(-76.42838375625,-1.5,17.233990582166));
#1947 = DIRECTION('',(0.,1.,0.));
#1948 = DIRECTION('',(0.541475099594,0.,-0.840716787343));
#1949 = ORIENTED_EDGE('',*,*,#1895,.F.);
#1950 = CYLINDRICAL_SURFACE('',#1951,1.);
#1951 = AXIS2_PLACEMENT_3D('',#1952,#1953,#1954);
#1952 = CARTESIAN_POINT('',(-76.42838375625,15.,17.233990582166));
#1953 = DIRECTION('',(0.,-1.,0.));
#1954 = DIRECTION('',(-0.45734454543,-0.,-0.889289585436));
#1955 = ADVANCED_FACE('',(#1956),#2022,.T.);
#1956 = FACE_BOUND('',#1957,.T.);
#1957 = EDGE_LOOP('',(#1958,#1959,#1960,#1968,#1976,#1984,#1992,#2000,
    #2008,#2016));
#1958 = ORIENTED_EDGE('',*,*,#839,.F.);
#1959 = ORIENTED_EDGE('',*,*,#1920,.T.);
#1960 = ORIENTED_EDGE('',*,*,#1961,.F.);
#1961 = EDGE_CURVE('',#1962,#1912,#1964,.T.);
#1962 = VERTEX_POINT('',#1963);
#1963 = CARTESIAN_POINT('',(-66.92568494479,-1.5,11.222442087915));
#1964 = LINE('',#1965,#1966);
#1965 = CARTESIAN_POINT('',(-65.5536513085,-1.5,13.890310844224));
#1966 = VECTOR('',#1967,1.);
#1967 = DIRECTION('',(0.45734454543,0.,0.889289585436));
#1968 = ORIENTED_EDGE('',*,*,#1969,.F.);
#1969 = EDGE_CURVE('',#1970,#1962,#1972,.T.);
#1970 = VERTEX_POINT('',#1971);
#1971 = CARTESIAN_POINT('',(-67.92347288245,-1.5,9.282280277089));
#1972 = LINE('',#1973,#1974);
#1973 = CARTESIAN_POINT('',(-68.75506312651,-1.5,7.66528374617));
#1974 = VECTOR('',#1975,1.);
#1975 = DIRECTION('',(0.45734454543,0.,0.889289585436));
#1976 = ORIENTED_EDGE('',*,*,#1977,.F.);
#1977 = EDGE_CURVE('',#1978,#1970,#1980,.T.);
#1978 = VERTEX_POINT('',#1979);
#1979 = CARTESIAN_POINT('',(-67.92347288245,-9.,9.282280277089));
#1980 = LINE('',#1981,#1982);
#1981 = CARTESIAN_POINT('',(-67.92347288245,-1.5,9.282280277089));
#1982 = VECTOR('',#1983,1.);
#1983 = DIRECTION('',(-1.097626909032E-16,1.,-2.134295005047E-16));
#1984 = ORIENTED_EDGE('',*,*,#1985,.T.);
#1985 = EDGE_CURVE('',#1978,#1986,#1988,.T.);
#1986 = VERTEX_POINT('',#1987);
#1987 = CARTESIAN_POINT('',(-63.18382973455,-9.,18.49834141136));
#1988 = LINE('',#1989,#1990);
#1989 = CARTESIAN_POINT('',(-68.75506312651,-9.,7.66528374617));
#1990 = VECTOR('',#1991,1.);
#1991 = DIRECTION('',(0.45734454543,0.,0.889289585436));
#1992 = ORIENTED_EDGE('',*,*,#1993,.T.);
#1993 = EDGE_CURVE('',#1986,#1994,#1996,.T.);
#1994 = VERTEX_POINT('',#1995);
#1995 = CARTESIAN_POINT('',(-63.18382973455,-1.5,18.498341411359));
#1996 = LINE('',#1997,#1998);
#1997 = CARTESIAN_POINT('',(-63.18382973455,-1.5,18.49834141136));
#1998 = VECTOR('',#1999,1.);
#1999 = DIRECTION('',(-1.097626909032E-16,1.,-2.134295005047E-16));
#2000 = ORIENTED_EDGE('',*,*,#2001,.F.);
#2001 = EDGE_CURVE('',#2002,#1994,#2004,.T.);
#2002 = VERTEX_POINT('',#2003);
#2003 = CARTESIAN_POINT('',(-64.18161767221,-1.5,16.558179600533));
#2004 = LINE('',#2005,#2006);
#2005 = CARTESIAN_POINT('',(-68.75506312651,-1.5,7.66528374617));
#2006 = VECTOR('',#2007,1.);
#2007 = DIRECTION('',(0.45734454543,0.,0.889289585436));
#2008 = ORIENTED_EDGE('',*,*,#2009,.T.);
#2009 = EDGE_CURVE('',#2002,#2010,#2012,.T.);
#2010 = VERTEX_POINT('',#2011);
#2011 = CARTESIAN_POINT('',(-64.63896221764,-1.5,15.668890015097));
#2012 = LINE('',#2013,#2014);
#2013 = CARTESIAN_POINT('',(-65.5536513085,-1.5,13.890310844224));
#2014 = VECTOR('',#2015,1.);
#2015 = DIRECTION('',(-0.45734454543,-0.,-0.889289585436));
#2016 = ORIENTED_EDGE('',*,*,#2017,.F.);
#2017 = EDGE_CURVE('',#840,#2010,#2018,.T.);
#2018 = LINE('',#2019,#2020);
#2019 = CARTESIAN_POINT('',(-64.63896221764,15.,15.668890015097));
#2020 = VECTOR('',#2021,1.);
#2021 = DIRECTION('',(0.,-1.,0.));
#2022 = PLANE('',#2023);
#2023 = AXIS2_PLACEMENT_3D('',#2024,#2025,#2026);
#2024 = CARTESIAN_POINT('',(-65.5536513085,1.952431095198,
    13.890310844224));
#2025 = DIRECTION('',(-0.889289585436,0.,0.45734454543));
#2026 = DIRECTION('',(0.,-1.,0.));
#2027 = ADVANCED_FACE('',(#2028),#2046,.F.);
#2028 = FACE_BOUND('',#2029,.F.);
#2029 = EDGE_LOOP('',(#2030,#2031,#2032,#2040));
#2030 = ORIENTED_EDGE('',*,*,#873,.F.);
#2031 = ORIENTED_EDGE('',*,*,#1935,.T.);
#2032 = ORIENTED_EDGE('',*,*,#2033,.T.);
#2033 = EDGE_CURVE('',#1936,#2034,#2036,.T.);
#2034 = VERTEX_POINT('',#2035);
#2035 = CARTESIAN_POINT('',(-75.48829515996,-1.5,21.248493469341));
#2036 = LINE('',#2037,#2038);
#2037 = CARTESIAN_POINT('',(-77.77501788711,-1.5,16.80204554216));
#2038 = VECTOR('',#2039,1.);
#2039 = DIRECTION('',(0.45734454543,0.,0.889289585436));
#2040 = ORIENTED_EDGE('',*,*,#2041,.F.);
#2041 = EDGE_CURVE('',#865,#2034,#2042,.T.);
#2042 = LINE('',#2043,#2044);
#2043 = CARTESIAN_POINT('',(-75.48829515996,15.,21.248493469341));
#2044 = VECTOR('',#2045,1.);
#2045 = DIRECTION('',(0.,-1.,0.));
#2046 = PLANE('',#2047);
#2047 = AXIS2_PLACEMENT_3D('',#2048,#2049,#2050);
#2048 = CARTESIAN_POINT('',(-77.77501788711,15.,16.80204554216));
#2049 = DIRECTION('',(-0.889289585436,0.,0.45734454543));
#2050 = DIRECTION('',(0.,-1.,0.));
#2051 = ADVANCED_FACE('',(#2052),#2071,.F.);
#2052 = FACE_BOUND('',#2053,.F.);
#2053 = EDGE_LOOP('',(#2054,#2055,#2063,#2070));
#2054 = ORIENTED_EDGE('',*,*,#847,.T.);
#2055 = ORIENTED_EDGE('',*,*,#2056,.T.);
#2056 = EDGE_CURVE('',#848,#2057,#2059,.T.);
#2057 = VERTEX_POINT('',#2058);
#2058 = CARTESIAN_POINT('',(-65.07090725765,-1.5,17.015524145963));
#2059 = LINE('',#2060,#2061);
#2060 = CARTESIAN_POINT('',(-65.07090725765,15.,17.015524145963));
#2061 = VECTOR('',#2062,1.);
#2062 = DIRECTION('',(0.,-1.,0.));
#2063 = ORIENTED_EDGE('',*,*,#2064,.F.);
#2064 = EDGE_CURVE('',#2010,#2057,#2065,.T.);
#2065 = CIRCLE('',#2066,1.);
#2066 = AXIS2_PLACEMENT_3D('',#2067,#2068,#2069);
#2067 = CARTESIAN_POINT('',(-65.52825180308,-1.5,16.126234560527));
#2068 = DIRECTION('',(0.,-1.,0.));
#2069 = DIRECTION('',(0.541475099594,0.,-0.840716787343));
#2070 = ORIENTED_EDGE('',*,*,#2017,.F.);
#2071 = CYLINDRICAL_SURFACE('',#2072,1.);
#2072 = AXIS2_PLACEMENT_3D('',#2073,#2074,#2075);
#2073 = CARTESIAN_POINT('',(-65.52825180308,15.,16.126234560527));
#2074 = DIRECTION('',(0.,-1.,0.));
#2075 = DIRECTION('',(0.889289585436,0.,-0.45734454543));
#2076 = ADVANCED_FACE('',(#2077),#2096,.F.);
#2077 = FACE_BOUND('',#2078,.T.);
#2078 = EDGE_LOOP('',(#2079,#2080,#2088,#2095));
#2079 = ORIENTED_EDGE('',*,*,#864,.T.);
#2080 = ORIENTED_EDGE('',*,*,#2081,.T.);
#2081 = EDGE_CURVE('',#857,#2082,#2084,.T.);
#2082 = VERTEX_POINT('',#2083);
#2083 = CARTESIAN_POINT('',(-74.1416610291,-1.5,21.680438509348));
#2084 = LINE('',#2085,#2086);
#2085 = CARTESIAN_POINT('',(-74.1416610291,15.,21.680438509348));
#2086 = VECTOR('',#2087,1.);
#2087 = DIRECTION('',(0.,-1.,0.));
#2088 = ORIENTED_EDGE('',*,*,#2089,.F.);
#2089 = EDGE_CURVE('',#2034,#2082,#2090,.T.);
#2090 = CIRCLE('',#2091,1.);
#2091 = AXIS2_PLACEMENT_3D('',#2092,#2093,#2094);
#2092 = CARTESIAN_POINT('',(-74.59900557453,-1.5,20.791148923911));
#2093 = DIRECTION('',(0.,1.,0.));
#2094 = DIRECTION('',(0.541475099594,0.,-0.840716787343));
#2095 = ORIENTED_EDGE('',*,*,#2041,.F.);
#2096 = CYLINDRICAL_SURFACE('',#2097,1.);
#2097 = AXIS2_PLACEMENT_3D('',#2098,#2099,#2100);
#2098 = CARTESIAN_POINT('',(-74.59900557453,15.,20.791148923911));
#2099 = DIRECTION('',(0.,-1.,0.));
#2100 = DIRECTION('',(-0.889289585436,0.,0.45734454543));
#2101 = ADVANCED_FACE('',(#2102),#2113,.F.);
#2102 = FACE_BOUND('',#2103,.F.);
#2103 = EDGE_LOOP('',(#2104,#2110,#2111,#2112));
#2104 = ORIENTED_EDGE('',*,*,#2105,.F.);
#2105 = EDGE_CURVE('',#2057,#2082,#2106,.T.);
#2106 = LINE('',#2107,#2108);
#2107 = CARTESIAN_POINT('',(-64.18161767221,-1.5,16.558179600533));
#2108 = VECTOR('',#2109,1.);
#2109 = DIRECTION('',(-0.889289585436,0.,0.45734454543));
#2110 = ORIENTED_EDGE('',*,*,#2056,.F.);
#2111 = ORIENTED_EDGE('',*,*,#856,.T.);
#2112 = ORIENTED_EDGE('',*,*,#2081,.T.);
#2113 = PLANE('',#2114);
#2114 = AXIS2_PLACEMENT_3D('',#2115,#2116,#2117);
#2115 = CARTESIAN_POINT('',(-64.18161767221,15.,16.558179600533));
#2116 = DIRECTION('',(0.45734454543,0.,0.889289585436));
#2117 = DIRECTION('',(0.,-1.,0.));
#2118 = ADVANCED_FACE('',(#2119),#2138,.F.);
#2119 = FACE_BOUND('',#2120,.T.);
#2120 = EDGE_LOOP('',(#2121,#2129,#2136,#2137));
#2121 = ORIENTED_EDGE('',*,*,#2122,.T.);
#2122 = EDGE_CURVE('',#891,#2123,#2125,.T.);
#2123 = VERTEX_POINT('',#2124);
#2124 = CARTESIAN_POINT('',(-64.18644299945,12.3,23.217729642566));
#2125 = LINE('',#2126,#2127);
#2126 = CARTESIAN_POINT('',(-64.18644299945,15.,23.217729642566));
#2127 = VECTOR('',#2128,1.);
#2128 = DIRECTION('',(0.,-1.,0.));
#2129 = ORIENTED_EDGE('',*,*,#2130,.T.);
#2130 = EDGE_CURVE('',#2123,#2123,#2131,.T.);
#2131 = CIRCLE('',#2132,2.7);
#2132 = AXIS2_PLACEMENT_3D('',#2133,#2134,#2135);
#2133 = CARTESIAN_POINT('',(-66.45637832527,12.3,21.755746873662));
#2134 = DIRECTION('',(0.,-1.,0.));
#2135 = DIRECTION('',(0.840716787343,0.,0.541475099594));
#2136 = ORIENTED_EDGE('',*,*,#2122,.F.);
#2137 = ORIENTED_EDGE('',*,*,#890,.F.);
#2138 = CYLINDRICAL_SURFACE('',#2139,2.7);
#2139 = AXIS2_PLACEMENT_3D('',#2140,#2141,#2142);
#2140 = CARTESIAN_POINT('',(-66.45637832527,15.,21.755746873662));
#2141 = DIRECTION('',(0.,1.,-0.));
#2142 = DIRECTION('',(0.840716787343,0.,0.541475099594));
#2143 = ADVANCED_FACE('',(#2144),#2163,.F.);
#2144 = FACE_BOUND('',#2145,.T.);
#2145 = EDGE_LOOP('',(#2146,#2154,#2161,#2162));
#2146 = ORIENTED_EDGE('',*,*,#2147,.T.);
#2147 = EDGE_CURVE('',#902,#2148,#2150,.T.);
#2148 = VERTEX_POINT('',#2149);
#2149 = CARTESIAN_POINT('',(-82.00550863907,12.3,22.351184934677));
#2150 = LINE('',#2151,#2152);
#2151 = CARTESIAN_POINT('',(-82.00550863907,15.,22.351184934677));
#2152 = VECTOR('',#2153,1.);
#2153 = DIRECTION('',(-0.,-1.,0.));
#2154 = ORIENTED_EDGE('',*,*,#2155,.T.);
#2155 = EDGE_CURVE('',#2148,#2148,#2156,.T.);
#2156 = CIRCLE('',#2157,2.7);
#2157 = AXIS2_PLACEMENT_3D('',#2158,#2159,#2160);
#2158 = CARTESIAN_POINT('',(-79.60442675839,12.3,21.116354662016));
#2159 = DIRECTION('',(-0.,-1.,0.));
#2160 = DIRECTION('',(-0.889289585436,0.,0.45734454543));
#2161 = ORIENTED_EDGE('',*,*,#2147,.F.);
#2162 = ORIENTED_EDGE('',*,*,#901,.F.);
#2163 = CYLINDRICAL_SURFACE('',#2164,2.7);
#2164 = AXIS2_PLACEMENT_3D('',#2165,#2166,#2167);
#2165 = CARTESIAN_POINT('',(-79.60442675839,15.,21.116354662016));
#2166 = DIRECTION('',(0.,1.,0.));
#2167 = DIRECTION('',(-0.889289585436,0.,0.45734454543));
#2168 = ADVANCED_FACE('',(#2169),#2188,.F.);
#2169 = FACE_BOUND('',#2170,.T.);
#2170 = EDGE_LOOP('',(#2171,#2179,#2186,#2187));
#2171 = ORIENTED_EDGE('',*,*,#2172,.T.);
#2172 = EDGE_CURVE('',#913,#2173,#2175,.T.);
#2173 = VERTEX_POINT('',#2174);
#2174 = CARTESIAN_POINT('',(-72.34552608871,12.3,7.352693773005));
#2175 = LINE('',#2176,#2177);
#2176 = CARTESIAN_POINT('',(-72.34552608871,15.,7.352693773005));
#2177 = VECTOR('',#2178,1.);
#2178 = DIRECTION('',(0.,-1.,0.));
#2179 = ORIENTED_EDGE('',*,*,#2180,.T.);
#2180 = EDGE_CURVE('',#2173,#2173,#2181,.T.);
#2181 = CIRCLE('',#2182,2.7);
#2182 = AXIS2_PLACEMENT_3D('',#2183,#2184,#2185);
#2183 = CARTESIAN_POINT('',(-72.47667264357,12.3,10.049506814569));
#2184 = DIRECTION('',(0.,-1.,0.));
#2185 = DIRECTION('',(4.857279809366E-02,0.,-0.998819645024));
#2186 = ORIENTED_EDGE('',*,*,#2172,.F.);
#2187 = ORIENTED_EDGE('',*,*,#912,.F.);
#2188 = CYLINDRICAL_SURFACE('',#2189,2.7);
#2189 = AXIS2_PLACEMENT_3D('',#2190,#2191,#2192);
#2190 = CARTESIAN_POINT('',(-72.47667264357,15.,10.049506814569));
#2191 = DIRECTION('',(0.,1.,0.));
#2192 = DIRECTION('',(4.857279809366E-02,0.,-0.998819645024));
#2193 = ADVANCED_FACE('',(#2194),#2222,.T.);
#2194 = FACE_BOUND('',#2195,.T.);
#2195 = EDGE_LOOP('',(#2196,#2205,#2214,#2221));
#2196 = ORIENTED_EDGE('',*,*,#2197,.F.);
#2197 = EDGE_CURVE('',#2198,#924,#2200,.T.);
#2198 = VERTEX_POINT('',#2199);
#2199 = CARTESIAN_POINT('',(-79.72524187653,14.,5.447356221956));
#2200 = CIRCLE('',#2201,1.);
#2201 = AXIS2_PLACEMENT_3D('',#2202,#2203,#2204);
#2202 = CARTESIAN_POINT('',(-79.23385502171,14.,6.318297643012));
#2203 = DIRECTION('',(0.870941421057,0.,-0.491386854818));
#2204 = DIRECTION('',(-0.491386854818,-0.,-0.870941421057));
#2205 = ORIENTED_EDGE('',*,*,#2206,.T.);
#2206 = EDGE_CURVE('',#2198,#2207,#2209,.T.);
#2207 = VERTEX_POINT('',#2208);
#2208 = CARTESIAN_POINT('',(-66.92917024471,14.,30.328845135262));
#2209 = CIRCLE('',#2210,14.);
#2210 = AXIS2_PLACEMENT_3D('',#2211,#2212,#2213);
#2211 = CARTESIAN_POINT('',(-72.84582590908,14.,17.640536116749));
#2212 = DIRECTION('',(0.,1.,-0.));
#2213 = DIRECTION('',(-0.491386854818,-0.,-0.870941421057));
#2214 = ORIENTED_EDGE('',*,*,#2215,.T.);
#2215 = EDGE_CURVE('',#2207,#926,#2216,.T.);
#2216 = CIRCLE('',#2217,1.);
#2217 = AXIS2_PLACEMENT_3D('',#2218,#2219,#2220);
#2218 = CARTESIAN_POINT('',(-67.35178850645,14.,29.422537348226));
#2219 = DIRECTION('',(-0.906307787037,0.,0.422618261741));
#2220 = DIRECTION('',(0.422618261741,0.,0.906307787037));
#2221 = ORIENTED_EDGE('',*,*,#923,.F.);
#2222 = TOROIDAL_SURFACE('',#2223,13.,1.);
#2223 = AXIS2_PLACEMENT_3D('',#2224,#2225,#2226);
#2224 = CARTESIAN_POINT('',(-72.84582590908,14.,17.640536116749));
#2225 = DIRECTION('',(0.,1.,0.));
#2226 = DIRECTION('',(-0.491386854818,-0.,-0.870941421057));
#2227 = ADVANCED_FACE('',(#2228),#2247,.T.);
#2228 = FACE_BOUND('',#2229,.F.);
#2229 = EDGE_LOOP('',(#2230,#2239,#2240,#2241));
#2230 = ORIENTED_EDGE('',*,*,#2231,.T.);
#2231 = EDGE_CURVE('',#2232,#1036,#2234,.T.);
#2232 = VERTEX_POINT('',#2233);
#2233 = CARTESIAN_POINT('',(-43.43461326479,14.,-15.0278874876));
#2234 = CIRCLE('',#2235,1.);
#2235 = AXIS2_PLACEMENT_3D('',#2236,#2237,#2238);
#2236 = CARTESIAN_POINT('',(-42.94322640997,14.,-14.15694606654));
#2237 = DIRECTION('',(0.870941421057,0.,-0.491386854818));
#2238 = DIRECTION('',(-0.491386854818,-0.,-0.870941421057));
#2239 = ORIENTED_EDGE('',*,*,#1044,.T.);
#2240 = ORIENTED_EDGE('',*,*,#2197,.F.);
#2241 = ORIENTED_EDGE('',*,*,#2242,.F.);
#2242 = EDGE_CURVE('',#2232,#2198,#2243,.T.);
#2243 = LINE('',#2244,#2245);
#2244 = CARTESIAN_POINT('',(-43.43461326479,14.,-15.0278874876));
#2245 = VECTOR('',#2246,1.);
#2246 = DIRECTION('',(-0.870941421057,0.,0.491386854818));
#2247 = CYLINDRICAL_SURFACE('',#2248,1.);
#2248 = AXIS2_PLACEMENT_3D('',#2249,#2250,#2251);
#2249 = CARTESIAN_POINT('',(-42.94322640997,14.,-14.15694606654));
#2250 = DIRECTION('',(-0.870941421057,0.,0.491386854818));
#2251 = DIRECTION('',(-0.491386854818,-0.,-0.870941421057));
#2252 = ADVANCED_FACE('',(#2253),#2272,.T.);
#2253 = FACE_BOUND('',#2254,.F.);
#2254 = EDGE_LOOP('',(#2255,#2256,#2257,#2266));
#2255 = ORIENTED_EDGE('',*,*,#2215,.T.);
#2256 = ORIENTED_EDGE('',*,*,#934,.T.);
#2257 = ORIENTED_EDGE('',*,*,#2258,.F.);
#2258 = EDGE_CURVE('',#2259,#935,#2261,.T.);
#2259 = VERTEX_POINT('',#2260);
#2260 = CARTESIAN_POINT('',(-51.21975913145,14.,23.003426428044));
#2261 = CIRCLE('',#2262,1.);
#2262 = AXIS2_PLACEMENT_3D('',#2263,#2264,#2265);
#2263 = CARTESIAN_POINT('',(-51.64237739319,14.,22.097118641008));
#2264 = DIRECTION('',(-0.906307787037,0.,0.422618261741));
#2265 = DIRECTION('',(0.422618261741,0.,0.906307787037));
#2266 = ORIENTED_EDGE('',*,*,#2267,.F.);
#2267 = EDGE_CURVE('',#2207,#2259,#2268,.T.);
#2268 = LINE('',#2269,#2270);
#2269 = CARTESIAN_POINT('',(-66.92917024471,14.,30.328845135262));
#2270 = VECTOR('',#2271,1.);
#2271 = DIRECTION('',(0.906307787037,0.,-0.422618261741));
#2272 = CYLINDRICAL_SURFACE('',#2273,1.);
#2273 = AXIS2_PLACEMENT_3D('',#2274,#2275,#2276);
#2274 = CARTESIAN_POINT('',(-67.35178850645,14.,29.422537348226));
#2275 = DIRECTION('',(0.906307787037,0.,-0.422618261741));
#2276 = DIRECTION('',(0.422618261741,0.,0.906307787037));
#2277 = ADVANCED_FACE('',(#2278),#2298,.T.);
#2278 = FACE_BOUND('',#2279,.T.);
#2279 = EDGE_LOOP('',(#2280,#2289,#2296,#2297));
#2280 = ORIENTED_EDGE('',*,*,#2281,.F.);
#2281 = EDGE_CURVE('',#2282,#1028,#2284,.T.);
#2282 = VERTEX_POINT('',#2283);
#2283 = CARTESIAN_POINT('',(-40.48614890745,14.,-15.42147583581));
#2284 = CIRCLE('',#2285,1.);
#2285 = AXIS2_PLACEMENT_3D('',#2286,#2287,#2288);
#2286 = CARTESIAN_POINT('',(-40.73187814197,14.,-14.4521373277));
#2287 = DIRECTION('',(0.96933850811,-0.,0.245729234516));
#2288 = DIRECTION('',(0.245729234516,-0.,-0.96933850811));
#2289 = ORIENTED_EDGE('',*,*,#2290,.T.);
#2290 = EDGE_CURVE('',#2282,#2232,#2291,.T.);
#2291 = CIRCLE('',#2292,4.);
#2292 = AXIS2_PLACEMENT_3D('',#2293,#2294,#2295);
#2293 = CARTESIAN_POINT('',(-41.46906584552,14.,-11.54412180337));
#2294 = DIRECTION('',(0.,1.,0.));
#2295 = DIRECTION('',(0.245729234516,-0.,-0.96933850811));
#2296 = ORIENTED_EDGE('',*,*,#2231,.T.);
#2297 = ORIENTED_EDGE('',*,*,#1035,.F.);
#2298 = TOROIDAL_SURFACE('',#2299,3.,1.);
#2299 = AXIS2_PLACEMENT_3D('',#2300,#2301,#2302);
#2300 = CARTESIAN_POINT('',(-41.46906584552,14.,-11.54412180337));
#2301 = DIRECTION('',(0.,1.,0.));
#2302 = DIRECTION('',(0.245729234516,-0.,-0.96933850811));
#2303 = ADVANCED_FACE('',(#2304),#2324,.T.);
#2304 = FACE_BOUND('',#2305,.T.);
#2305 = EDGE_LOOP('',(#2306,#2307,#2316,#2323));
#2306 = ORIENTED_EDGE('',*,*,#2258,.F.);
#2307 = ORIENTED_EDGE('',*,*,#2308,.T.);
#2308 = EDGE_CURVE('',#2259,#2309,#2311,.T.);
#2309 = VERTEX_POINT('',#2310);
#2310 = CARTESIAN_POINT('',(-44.88048520534,14.,21.598043233594));
#2311 = CIRCLE('',#2312,15.);
#2312 = AXIS2_PLACEMENT_3D('',#2313,#2314,#2315);
#2313 = CARTESIAN_POINT('',(-44.88048520534,14.,36.598043233594));
#2314 = DIRECTION('',(0.,-1.,0.));
#2315 = DIRECTION('',(-0.422618261741,-0.,-0.906307787037));
#2316 = ORIENTED_EDGE('',*,*,#2317,.T.);
#2317 = EDGE_CURVE('',#2309,#943,#2318,.T.);
#2318 = CIRCLE('',#2319,1.);
#2319 = AXIS2_PLACEMENT_3D('',#2320,#2321,#2322);
#2320 = CARTESIAN_POINT('',(-44.88048520534,14.,20.598043233594));
#2321 = DIRECTION('',(-1.,0.,5.551115123126E-16));
#2322 = DIRECTION('',(-5.551115123126E-16,-0.,-1.));
#2323 = ORIENTED_EDGE('',*,*,#942,.F.);
#2324 = TOROIDAL_SURFACE('',#2325,16.,1.);
#2325 = AXIS2_PLACEMENT_3D('',#2326,#2327,#2328);
#2326 = CARTESIAN_POINT('',(-44.88048520534,14.,36.598043233594));
#2327 = DIRECTION('',(0.,-1.,0.));
#2328 = DIRECTION('',(-0.422618261741,-0.,-0.906307787037));
#2329 = ADVANCED_FACE('',(#2330),#2347,.T.);
#2330 = FACE_BOUND('',#2331,.F.);
#2331 = EDGE_LOOP('',(#2332,#2339,#2340,#2341));
#2332 = ORIENTED_EDGE('',*,*,#2333,.T.);
#2333 = EDGE_CURVE('',#1123,#1019,#2334,.T.);
#2334 = CIRCLE('',#2335,1.);
#2335 = AXIS2_PLACEMENT_3D('',#2336,#2337,#2338);
#2336 = CARTESIAN_POINT('',(-29.96412436678,14.,-11.72249038755));
#2337 = DIRECTION('',(0.96933850811,-0.,0.245729234516));
#2338 = DIRECTION('',(0.245729234516,-0.,-0.96933850811));
#2339 = ORIENTED_EDGE('',*,*,#1027,.T.);
#2340 = ORIENTED_EDGE('',*,*,#2281,.F.);
#2341 = ORIENTED_EDGE('',*,*,#2342,.F.);
#2342 = EDGE_CURVE('',#1123,#2282,#2343,.T.);
#2343 = LINE('',#2344,#2345);
#2344 = CARTESIAN_POINT('',(-29.71839513226,14.,-12.69182889566));
#2345 = VECTOR('',#2346,1.);
#2346 = DIRECTION('',(-0.96933850811,0.,-0.245729234516));
#2347 = CYLINDRICAL_SURFACE('',#2348,1.);
#2348 = AXIS2_PLACEMENT_3D('',#2349,#2350,#2351);
#2349 = CARTESIAN_POINT('',(-29.96412436678,14.,-11.72249038755));
#2350 = DIRECTION('',(-0.96933850811,0.,-0.245729234516));
#2351 = DIRECTION('',(0.245729234516,-0.,-0.96933850811));
#2352 = ADVANCED_FACE('',(#2353),#2372,.T.);
#2353 = FACE_BOUND('',#2354,.F.);
#2354 = EDGE_LOOP('',(#2355,#2356,#2357,#2366));
#2355 = ORIENTED_EDGE('',*,*,#2317,.T.);
#2356 = ORIENTED_EDGE('',*,*,#951,.T.);
#2357 = ORIENTED_EDGE('',*,*,#2358,.F.);
#2358 = EDGE_CURVE('',#2359,#952,#2361,.T.);
#2359 = VERTEX_POINT('',#2360);
#2360 = CARTESIAN_POINT('',(10.392196624383,14.,21.598043233594));
#2361 = CIRCLE('',#2362,1.);
#2362 = AXIS2_PLACEMENT_3D('',#2363,#2364,#2365);
#2363 = CARTESIAN_POINT('',(10.392196624383,14.,20.598043233594));
#2364 = DIRECTION('',(-1.,0.,8.881784197001E-16));
#2365 = DIRECTION('',(8.881784197001E-16,0.,1.));
#2366 = ORIENTED_EDGE('',*,*,#2367,.F.);
#2367 = EDGE_CURVE('',#2309,#2359,#2368,.T.);
#2368 = LINE('',#2369,#2370);
#2369 = CARTESIAN_POINT('',(-44.88048520534,14.,21.598043233594));
#2370 = VECTOR('',#2371,1.);
#2371 = DIRECTION('',(1.,0.,-8.881784197001E-16));
#2372 = CYLINDRICAL_SURFACE('',#2373,1.);
#2373 = AXIS2_PLACEMENT_3D('',#2374,#2375,#2376);
#2374 = CARTESIAN_POINT('',(-44.88048520534,14.,20.598043233594));
#2375 = DIRECTION('',(1.,0.,-8.881784197001E-16));
#2376 = DIRECTION('',(8.881784197001E-16,0.,1.));
#2377 = ADVANCED_FACE('',(#2378),#2406,.T.);
#2378 = FACE_BOUND('',#2379,.T.);
#2379 = EDGE_LOOP('',(#2380,#2389,#2398,#2405));
#2380 = ORIENTED_EDGE('',*,*,#2381,.F.);
#2381 = EDGE_CURVE('',#2382,#952,#2384,.T.);
#2382 = VERTEX_POINT('',#2383);
#2383 = CARTESIAN_POINT('',(11.389567669837,14.,20.67050700171));
#2384 = CIRCLE('',#2385,1.);
#2385 = AXIS2_PLACEMENT_3D('',#2386,#2387,#2388);
#2386 = CARTESIAN_POINT('',(10.392196624383,14.,20.598043233594));
#2387 = DIRECTION('',(-7.246376811593E-02,0.,0.997371045454));
#2388 = DIRECTION('',(0.997371045454,0.,7.246376811593E-02));
#2389 = ORIENTED_EDGE('',*,*,#2390,.T.);
#2390 = EDGE_CURVE('',#2382,#2391,#2393,.T.);
#2391 = VERTEX_POINT('',#2392);
#2392 = CARTESIAN_POINT('',(36.922266433465,14.,20.67050700171));
#2393 = CIRCLE('',#2394,12.8);
#2394 = AXIS2_PLACEMENT_3D('',#2395,#2396,#2397);
#2395 = CARTESIAN_POINT('',(24.155917051651,14.,21.598043233594));
#2396 = DIRECTION('',(-0.,-1.,0.));
#2397 = DIRECTION('',(-0.997371045454,0.,-7.246376811594E-02));
#2398 = ORIENTED_EDGE('',*,*,#2399,.T.);
#2399 = EDGE_CURVE('',#2391,#960,#2400,.T.);
#2400 = CIRCLE('',#2401,1.);
#2401 = AXIS2_PLACEMENT_3D('',#2402,#2403,#2404);
#2402 = CARTESIAN_POINT('',(37.919637478919,14.,20.598043233594));
#2403 = DIRECTION('',(-7.246376811594E-02,-0.,-0.997371045454));
#2404 = DIRECTION('',(0.997371045454,0.,-7.246376811594E-02));
#2405 = ORIENTED_EDGE('',*,*,#959,.F.);
#2406 = TOROIDAL_SURFACE('',#2407,13.8,1.);
#2407 = AXIS2_PLACEMENT_3D('',#2408,#2409,#2410);
#2408 = CARTESIAN_POINT('',(24.155917051651,14.,21.598043233594));
#2409 = DIRECTION('',(0.,-1.,0.));
#2410 = DIRECTION('',(-0.997371045454,0.,-7.246376811594E-02));
#2411 = ADVANCED_FACE('',(#2412),#2441,.T.);
#2412 = FACE_BOUND('',#2413,.F.);
#2413 = EDGE_LOOP('',(#2414,#2423,#2424,#2435));
#2414 = ORIENTED_EDGE('',*,*,#2415,.T.);
#2415 = EDGE_CURVE('',#2416,#960,#2418,.T.);
#2416 = VERTEX_POINT('',#2417);
#2417 = CARTESIAN_POINT('',(37.919637478919,14.,21.598043233594));
#2418 = CIRCLE('',#2419,1.);
#2419 = AXIS2_PLACEMENT_3D('',#2420,#2421,#2422);
#2420 = CARTESIAN_POINT('',(37.919637478919,14.,20.598043233594));
#2421 = DIRECTION('',(-1.,0.,-1.298960938811E-14));
#2422 = DIRECTION('',(-1.298960938811E-14,0.,1.));
#2423 = ORIENTED_EDGE('',*,*,#968,.T.);
#2424 = ORIENTED_EDGE('',*,*,#2425,.F.);
#2425 = EDGE_CURVE('',#2426,#969,#2428,.T.);
#2426 = VERTEX_POINT('',#2427);
#2427 = CARTESIAN_POINT('',(40.801815085401,14.,21.598043233594));
#2428 = B_SPLINE_CURVE_WITH_KNOTS('',5,(#2429,#2430,#2431,#2432,#2433,
    #2434),.UNSPECIFIED.,.F.,.F.,(6,6),(0.,1.),
  .PIECEWISE_BEZIER_KNOTS.);
#2429 = CARTESIAN_POINT('',(40.801815085401,14.,21.598043233594));
#2430 = CARTESIAN_POINT('',(40.606610074867,14.314159265359,
    21.598043233594));
#2431 = CARTESIAN_POINT('',(40.411405064333,14.628611643363,
    21.475028229549));
#2432 = CARTESIAN_POINT('',(40.216200053797,14.876984995954,
    21.226654876957));
#2433 = CARTESIAN_POINT('',(40.020995043264,15.,20.912202498953));
#2434 = CARTESIAN_POINT('',(39.825790032729,15.,20.598043233594));
#2435 = ORIENTED_EDGE('',*,*,#2436,.F.);
#2436 = EDGE_CURVE('',#2416,#2426,#2437,.T.);
#2437 = LINE('',#2438,#2439);
#2438 = CARTESIAN_POINT('',(37.919637478919,14.,21.598043233594));
#2439 = VECTOR('',#2440,1.);
#2440 = DIRECTION('',(1.,0.,-4.107825191113E-15));
#2441 = CYLINDRICAL_SURFACE('',#2442,1.);
#2442 = AXIS2_PLACEMENT_3D('',#2443,#2444,#2445);
#2443 = CARTESIAN_POINT('',(37.919637478919,14.,20.598043233594));
#2444 = DIRECTION('',(1.,0.,-4.107825191113E-15));
#2445 = DIRECTION('',(4.107825191113E-15,0.,1.));
#2446 = ADVANCED_FACE('',(#2447),#2482,.T.);
#2447 = FACE_BOUND('',#2448,.T.);
#2448 = EDGE_LOOP('',(#2449,#2463,#2472,#2481));
#2449 = ORIENTED_EDGE('',*,*,#2450,.F.);
#2450 = EDGE_CURVE('',#2451,#969,#2453,.T.);
#2451 = VERTEX_POINT('',#2452);
#2452 = CARTESIAN_POINT('',(41.174493081651,14.,20.764709900261));
#2453 = B_SPLINE_CURVE_WITH_KNOTS('',8,(#2454,#2455,#2456,#2457,#2458,
    #2459,#2460,#2461,#2462),.UNSPECIFIED.,.F.,.F.,(9,9),(0.,1.),
  .PIECEWISE_BEZIER_KNOTS.);
#2454 = CARTESIAN_POINT('',(41.174493081651,14.,20.764709900261));
#2455 = CARTESIAN_POINT('',(41.104355995903,14.200428749351,
    20.686294254522));
#2456 = CARTESIAN_POINT('',(41.002351852446,14.400857695276,
    20.636379573485));
#2457 = CARTESIAN_POINT('',(40.865604356447,14.588338823954,
    20.611695276369));
#2458 = CARTESIAN_POINT('',(40.694898658069,14.75001030111,
    20.605604834818));
#2459 = CARTESIAN_POINT('',(40.496092756464,14.875312292293,
    20.608916028628));
#2460 = CARTESIAN_POINT('',(40.278408097414,14.959063771278,
    20.612967684202));
#2461 = CARTESIAN_POINT('',(40.051787363507,15.,20.610955539037));
#2462 = CARTESIAN_POINT('',(39.825790032729,15.,20.598043233594));
#2463 = ORIENTED_EDGE('',*,*,#2464,.T.);
#2464 = EDGE_CURVE('',#2451,#2465,#2467,.T.);
#2465 = VERTEX_POINT('',#2466);
#2466 = CARTESIAN_POINT('',(47.137341021651,14.,20.764709900261));
#2467 = CIRCLE('',#2468,4.);
#2468 = AXIS2_PLACEMENT_3D('',#2469,#2470,#2471);
#2469 = CARTESIAN_POINT('',(44.155917051651,14.,18.098043233594));
#2470 = DIRECTION('',(0.,-1.,0.));
#2471 = DIRECTION('',(-0.7453559925,0.,0.666666666667));
#2472 = ORIENTED_EDGE('',*,*,#2473,.T.);
#2473 = EDGE_CURVE('',#2465,#977,#2474,.T.);
#2474 = B_SPLINE_CURVE_WITH_KNOTS('',5,(#2475,#2476,#2477,#2478,#2479,
    #2480),.UNSPECIFIED.,.F.,.F.,(6,6),(0.,1.),
  .PIECEWISE_BEZIER_KNOTS.);
#2475 = CARTESIAN_POINT('',(47.137341021651,14.,20.764709900261));
#2476 = CARTESIAN_POINT('',(47.247276424652,14.314159265359,
    20.641798383138));
#2477 = CARTESIAN_POINT('',(47.44233089081,14.628611643363,
    20.595395873365));
#2478 = CARTESIAN_POINT('',(47.742296447839,14.876984995954,
    20.607584436152));
#2479 = CARTESIAN_POINT('',(48.110909725624,15.,20.619476447993));
#2480 = CARTESIAN_POINT('',(48.486044070573,15.,20.598043233594));
#2481 = ORIENTED_EDGE('',*,*,#976,.F.);
#2482 = TOROIDAL_SURFACE('',#2483,5.,1.);
#2483 = AXIS2_PLACEMENT_3D('',#2484,#2485,#2486);
#2484 = CARTESIAN_POINT('',(44.155917051651,14.,18.098043233594));
#2485 = DIRECTION('',(0.,-1.,0.));
#2486 = DIRECTION('',(-0.7453559925,0.,0.666666666667));
#2487 = ADVANCED_FACE('',(#2488),#2520,.T.);
#2488 = FACE_BOUND('',#2489,.F.);
#2489 = EDGE_LOOP('',(#2490,#2504,#2505,#2514));
#2490 = ORIENTED_EDGE('',*,*,#2491,.T.);
#2491 = EDGE_CURVE('',#2492,#977,#2494,.T.);
#2492 = VERTEX_POINT('',#2493);
#2493 = CARTESIAN_POINT('',(47.510019017901,14.,21.598043233594));
#2494 = B_SPLINE_CURVE_WITH_KNOTS('',8,(#2495,#2496,#2497,#2498,#2499,
    #2500,#2501,#2502,#2503),.UNSPECIFIED.,.F.,.F.,(9,9),(0.,1.),
  .PIECEWISE_BEZIER_KNOTS.);
#2495 = CARTESIAN_POINT('',(47.510019017901,14.,21.598043233594));
#2496 = CARTESIAN_POINT('',(47.632022149485,14.196349540849,
    21.598043233594));
#2497 = CARTESIAN_POINT('',(47.754025281069,14.392699143504,
    21.553982444634));
#2498 = CARTESIAN_POINT('',(47.876028412652,14.577513234335,
    21.465861299464));
#2499 = CARTESIAN_POINT('',(47.998031544238,14.73925875578,
    21.337301989377));
#2500 = CARTESIAN_POINT('',(48.12003467582,14.867818065871,
    21.175556467927));
#2501 = CARTESIAN_POINT('',(48.242037807406,14.955939211039,
    20.9907423771));
#2502 = CARTESIAN_POINT('',(48.364040938989,15.,20.794392774443));
#2503 = CARTESIAN_POINT('',(48.486044070573,15.,20.598043233594));
#2504 = ORIENTED_EDGE('',*,*,#985,.T.);
#2505 = ORIENTED_EDGE('',*,*,#2506,.F.);
#2506 = EDGE_CURVE('',#2507,#986,#2509,.T.);
#2507 = VERTEX_POINT('',#2508);
#2508 = CARTESIAN_POINT('',(54.174623322231,14.,21.598043233594));
#2509 = CIRCLE('',#2510,1.);
#2510 = AXIS2_PLACEMENT_3D('',#2511,#2512,#2513);
#2511 = CARTESIAN_POINT('',(54.174623322231,14.,20.598043233594));
#2512 = DIRECTION('',(-1.,0.,1.276756478319E-15));
#2513 = DIRECTION('',(1.276756478319E-15,0.,1.));
#2514 = ORIENTED_EDGE('',*,*,#2515,.F.);
#2515 = EDGE_CURVE('',#2492,#2507,#2516,.T.);
#2516 = LINE('',#2517,#2518);
#2517 = CARTESIAN_POINT('',(47.510019017901,14.,21.598043233594));
#2518 = VECTOR('',#2519,1.);
#2519 = DIRECTION('',(1.,0.,-1.276756478319E-15));
#2520 = CYLINDRICAL_SURFACE('',#2521,1.);
#2521 = AXIS2_PLACEMENT_3D('',#2522,#2523,#2524);
#2522 = CARTESIAN_POINT('',(47.510019017901,14.,20.598043233594));
#2523 = DIRECTION('',(1.,0.,-1.276756478319E-15));
#2524 = DIRECTION('',(1.276756478319E-15,0.,1.));
#2525 = ADVANCED_FACE('',(#2526),#2551,.T.);
#2526 = FACE_BOUND('',#2527,.F.);
#2527 = EDGE_LOOP('',(#2528,#2537,#2538,#2545));
#2528 = ORIENTED_EDGE('',*,*,#2529,.T.);
#2529 = EDGE_CURVE('',#2530,#994,#2532,.T.);
#2530 = VERTEX_POINT('',#2531);
#2531 = CARTESIAN_POINT('',(63.868008403327,14.,14.055335578756));
#2532 = CIRCLE('',#2533,1.);
#2533 = AXIS2_PLACEMENT_3D('',#2534,#2535,#2536);
#2534 = CARTESIAN_POINT('',(62.898669895217,14.,13.80960634424));
#2535 = DIRECTION('',(-0.245729234516,0.,0.96933850811));
#2536 = DIRECTION('',(0.96933850811,0.,0.245729234516));
#2537 = ORIENTED_EDGE('',*,*,#1002,.T.);
#2538 = ORIENTED_EDGE('',*,*,#2539,.F.);
#2539 = EDGE_CURVE('',#1328,#1003,#2540,.T.);
#2540 = CIRCLE('',#2541,1.);
#2541 = AXIS2_PLACEMENT_3D('',#2542,#2543,#2544);
#2542 = CARTESIAN_POINT('',(63.372962016243,14.,11.938646147302));
#2543 = DIRECTION('',(-0.245729234516,0.,0.96933850811));
#2544 = DIRECTION('',(0.96933850811,0.,0.245729234516));
#2545 = ORIENTED_EDGE('',*,*,#2546,.F.);
#2546 = EDGE_CURVE('',#2530,#1328,#2547,.T.);
#2547 = LINE('',#2548,#2549);
#2548 = CARTESIAN_POINT('',(63.868008403327,14.,14.055335578756));
#2549 = VECTOR('',#2550,1.);
#2550 = DIRECTION('',(0.245729234516,-0.,-0.96933850811));
#2551 = CYLINDRICAL_SURFACE('',#2552,1.);
#2552 = AXIS2_PLACEMENT_3D('',#2553,#2554,#2555);
#2553 = CARTESIAN_POINT('',(62.898669895217,14.,13.80960634424));
#2554 = DIRECTION('',(0.245729234516,-0.,-0.96933850811));
#2555 = DIRECTION('',(0.96933850811,0.,0.245729234516));
#2556 = ADVANCED_FACE('',(#2557),#2569,.T.);
#2557 = FACE_BOUND('',#2558,.T.);
#2558 = EDGE_LOOP('',(#2559,#2560,#2567,#2568));
#2559 = ORIENTED_EDGE('',*,*,#2506,.F.);
#2560 = ORIENTED_EDGE('',*,*,#2561,.T.);
#2561 = EDGE_CURVE('',#2507,#2530,#2562,.T.);
#2562 = CIRCLE('',#2563,10.);
#2563 = AXIS2_PLACEMENT_3D('',#2564,#2565,#2566);
#2564 = CARTESIAN_POINT('',(54.174623322231,14.,11.598043233594));
#2565 = DIRECTION('',(0.,1.,-0.));
#2566 = DIRECTION('',(-1.443289932013E-15,0.,1.));
#2567 = ORIENTED_EDGE('',*,*,#2529,.T.);
#2568 = ORIENTED_EDGE('',*,*,#993,.F.);
#2569 = TOROIDAL_SURFACE('',#2570,9.,1.);
#2570 = AXIS2_PLACEMENT_3D('',#2571,#2572,#2573);
#2571 = CARTESIAN_POINT('',(54.174623322231,14.,11.598043233594));
#2572 = DIRECTION('',(0.,1.,0.));
#2573 = DIRECTION('',(-1.443289932013E-15,0.,1.));
#2574 = ADVANCED_FACE('',(#2575),#2603,.T.);
#2575 = FACE_BOUND('',#2576,.F.);
#2576 = EDGE_LOOP('',(#2577,#2586,#2595,#2602));
#2577 = ORIENTED_EDGE('',*,*,#2578,.F.);
#2578 = EDGE_CURVE('',#2579,#1053,#2581,.T.);
#2579 = VERTEX_POINT('',#2580);
#2580 = CARTESIAN_POINT('',(-57.3467569275,14.,4.04719728097));
#2581 = CIRCLE('',#2582,1.);
#2582 = AXIS2_PLACEMENT_3D('',#2583,#2584,#2585);
#2583 = CARTESIAN_POINT('',(-57.80410147293,14.,3.157907695534));
#2584 = DIRECTION('',(-0.889289585436,0.,0.45734454543));
#2585 = DIRECTION('',(-0.45734454543,-0.,-0.889289585436));
#2586 = ORIENTED_EDGE('',*,*,#2587,.T.);
#2587 = EDGE_CURVE('',#2579,#2588,#2590,.T.);
#2588 = VERTEX_POINT('',#2589);
#2589 = CARTESIAN_POINT('',(-52.7733114732,14.,12.940093135333));
#2590 = CIRCLE('',#2591,5.);
#2591 = AXIS2_PLACEMENT_3D('',#2592,#2593,#2594);
#2592 = CARTESIAN_POINT('',(-55.06003420035,14.,8.493645208152));
#2593 = DIRECTION('',(0.,1.,-0.));
#2594 = DIRECTION('',(-0.45734454543,-0.,-0.889289585436));
#2595 = ORIENTED_EDGE('',*,*,#2596,.T.);
#2596 = EDGE_CURVE('',#2588,#1055,#2597,.T.);
#2597 = CIRCLE('',#2598,1.);
#2598 = AXIS2_PLACEMENT_3D('',#2599,#2600,#2601);
#2599 = CARTESIAN_POINT('',(-52.31596692777,14.,13.82938272077));
#2600 = DIRECTION('',(0.889289585436,0.,-0.45734454543));
#2601 = DIRECTION('',(0.45734454543,0.,0.889289585436));
#2602 = ORIENTED_EDGE('',*,*,#1052,.F.);
#2603 = TOROIDAL_SURFACE('',#2604,6.,1.);
#2604 = AXIS2_PLACEMENT_3D('',#2605,#2606,#2607);
#2605 = CARTESIAN_POINT('',(-55.06003420035,14.,8.493645208152));
#2606 = DIRECTION('',(0.,-1.,0.));
#2607 = DIRECTION('',(-0.45734454543,-0.,-0.889289585436));
#2608 = ADVANCED_FACE('',(#2609),#2628,.T.);
#2609 = FACE_BOUND('',#2610,.T.);
#2610 = EDGE_LOOP('',(#2611,#2620,#2621,#2622));
#2611 = ORIENTED_EDGE('',*,*,#2612,.T.);
#2612 = EDGE_CURVE('',#2613,#1064,#2615,.T.);
#2613 = VERTEX_POINT('',#2614);
#2614 = CARTESIAN_POINT('',(-39.17233823314,14.,-5.299557018584));
#2615 = CIRCLE('',#2616,1.);
#2616 = AXIS2_PLACEMENT_3D('',#2617,#2618,#2619);
#2617 = CARTESIAN_POINT('',(-39.62968277857,14.,-6.188846604021));
#2618 = DIRECTION('',(-0.889289585436,0.,0.45734454543));
#2619 = DIRECTION('',(-0.45734454543,0.,-0.889289585436));
#2620 = ORIENTED_EDGE('',*,*,#1063,.T.);
#2621 = ORIENTED_EDGE('',*,*,#2578,.F.);
#2622 = ORIENTED_EDGE('',*,*,#2623,.F.);
#2623 = EDGE_CURVE('',#2613,#2579,#2624,.T.);
#2624 = LINE('',#2625,#2626);
#2625 = CARTESIAN_POINT('',(-39.17233823314,14.,-5.299557018584));
#2626 = VECTOR('',#2627,1.);
#2627 = DIRECTION('',(-0.889289585436,0.,0.45734454543));
#2628 = CYLINDRICAL_SURFACE('',#2629,1.);
#2629 = AXIS2_PLACEMENT_3D('',#2630,#2631,#2632);
#2630 = CARTESIAN_POINT('',(-39.62968277857,14.,-6.188846604021));
#2631 = DIRECTION('',(-0.889289585436,0.,0.45734454543));
#2632 = DIRECTION('',(0.45734454543,0.,0.889289585436));
#2633 = ADVANCED_FACE('',(#2634),#2653,.T.);
#2634 = FACE_BOUND('',#2635,.T.);
#2635 = EDGE_LOOP('',(#2636,#2637,#2638,#2647));
#2636 = ORIENTED_EDGE('',*,*,#2596,.T.);
#2637 = ORIENTED_EDGE('',*,*,#1080,.T.);
#2638 = ORIENTED_EDGE('',*,*,#2639,.F.);
#2639 = EDGE_CURVE('',#2640,#1072,#2642,.T.);
#2640 = VERTEX_POINT('',#2641);
#2641 = CARTESIAN_POINT('',(-34.59889277884,14.,3.593338835779));
#2642 = CIRCLE('',#2643,1.);
#2643 = AXIS2_PLACEMENT_3D('',#2644,#2645,#2646);
#2644 = CARTESIAN_POINT('',(-34.14154823341,14.,4.482628421216));
#2645 = DIRECTION('',(0.889289585436,0.,-0.45734454543));
#2646 = DIRECTION('',(-0.45734454543,-0.,-0.889289585436));
#2647 = ORIENTED_EDGE('',*,*,#2648,.F.);
#2648 = EDGE_CURVE('',#2588,#2640,#2649,.T.);
#2649 = LINE('',#2650,#2651);
#2650 = CARTESIAN_POINT('',(-52.7733114732,14.,12.940093135333));
#2651 = VECTOR('',#2652,1.);
#2652 = DIRECTION('',(0.889289585436,0.,-0.45734454543));
#2653 = CYLINDRICAL_SURFACE('',#2654,1.);
#2654 = AXIS2_PLACEMENT_3D('',#2655,#2656,#2657);
#2655 = CARTESIAN_POINT('',(-52.31596692777,14.,13.82938272077));
#2656 = DIRECTION('',(0.889289585436,0.,-0.45734454543));
#2657 = DIRECTION('',(-0.45734454543,-0.,-0.889289585436));
#2658 = ADVANCED_FACE('',(#2659),#2671,.T.);
#2659 = FACE_BOUND('',#2660,.F.);
#2660 = EDGE_LOOP('',(#2661,#2662,#2669,#2670));
#2661 = ORIENTED_EDGE('',*,*,#2639,.F.);
#2662 = ORIENTED_EDGE('',*,*,#2663,.T.);
#2663 = EDGE_CURVE('',#2640,#2613,#2664,.T.);
#2664 = CIRCLE('',#2665,5.);
#2665 = AXIS2_PLACEMENT_3D('',#2666,#2667,#2668);
#2666 = CARTESIAN_POINT('',(-36.88561550599,14.,-0.853109091402));
#2667 = DIRECTION('',(-0.,1.,0.));
#2668 = DIRECTION('',(0.45734454543,0.,0.889289585436));
#2669 = ORIENTED_EDGE('',*,*,#2612,.T.);
#2670 = ORIENTED_EDGE('',*,*,#1071,.F.);
#2671 = TOROIDAL_SURFACE('',#2672,6.,1.);
#2672 = AXIS2_PLACEMENT_3D('',#2673,#2674,#2675);
#2673 = CARTESIAN_POINT('',(-36.88561550599,14.,-0.853109091402));
#2674 = DIRECTION('',(0.,-1.,0.));
#2675 = DIRECTION('',(0.45734454543,0.,0.889289585436));
#2676 = ADVANCED_FACE('',(#2677),#2682,.T.);
#2677 = FACE_BOUND('',#2678,.T.);
#2678 = EDGE_LOOP('',(#2679,#2680,#2681));
#2679 = ORIENTED_EDGE('',*,*,#1096,.F.);
#2680 = ORIENTED_EDGE('',*,*,#1130,.T.);
#2681 = ORIENTED_EDGE('',*,*,#2333,.T.);
#2682 = SPHERICAL_SURFACE('',#2683,1.);
#2683 = AXIS2_PLACEMENT_3D('',#2684,#2685,#2686);
#2684 = CARTESIAN_POINT('',(-29.96412436678,14.,-11.72249038755));
#2685 = DIRECTION('',(0.,1.,0.));
#2686 = DIRECTION('',(0.987663688138,0.,0.156590035232));
#2687 = ADVANCED_FACE('',(#2688),#2699,.F.);
#2688 = FACE_BOUND('',#2689,.F.);
#2689 = EDGE_LOOP('',(#2690,#2696,#2697,#2698));
#2690 = ORIENTED_EDGE('',*,*,#2691,.F.);
#2691 = EDGE_CURVE('',#1520,#2282,#2692,.T.);
#2692 = LINE('',#2693,#2694);
#2693 = CARTESIAN_POINT('',(-40.48614890745,-15.,-15.42147583581));
#2694 = VECTOR('',#2695,1.);
#2695 = DIRECTION('',(-0.,1.,0.));
#2696 = ORIENTED_EDGE('',*,*,#1578,.F.);
#2697 = ORIENTED_EDGE('',*,*,#1122,.T.);
#2698 = ORIENTED_EDGE('',*,*,#2342,.T.);
#2699 = PLANE('',#2700);
#2700 = AXIS2_PLACEMENT_3D('',#2701,#2702,#2703);
#2701 = CARTESIAN_POINT('',(-28.79320887836,-15.,-12.45729234516));
#2702 = DIRECTION('',(-0.245729234516,0.,0.96933850811));
#2703 = DIRECTION('',(-0.96933850811,0.,-0.245729234516));
#2704 = ADVANCED_FACE('',(#2705,#2713),#2724,.F.);
#2705 = FACE_BOUND('',#2706,.F.);
#2706 = EDGE_LOOP('',(#2707,#2708,#2709,#2710,#2711,#2712));
#2707 = ORIENTED_EDGE('',*,*,#1232,.T.);
#2708 = ORIENTED_EDGE('',*,*,#1184,.T.);
#2709 = ORIENTED_EDGE('',*,*,#1153,.T.);
#2710 = ORIENTED_EDGE('',*,*,#1201,.T.);
#2711 = ORIENTED_EDGE('',*,*,#1249,.T.);
#2712 = ORIENTED_EDGE('',*,*,#1273,.T.);
#2713 = FACE_BOUND('',#2714,.F.);
#2714 = EDGE_LOOP('',(#2715));
#2715 = ORIENTED_EDGE('',*,*,#2716,.T.);
#2716 = EDGE_CURVE('',#2717,#2717,#2719,.T.);
#2717 = VERTEX_POINT('',#2718);
#2718 = CARTESIAN_POINT('',(-2.E-15,-2.8,10.));
#2719 = CIRCLE('',#2720,2.8);
#2720 = AXIS2_PLACEMENT_3D('',#2721,#2722,#2723);
#2721 = CARTESIAN_POINT('',(-5.6E-16,-3.71E-15,10.));
#2722 = DIRECTION('',(6.E-17,3.7E-16,-1.));
#2723 = DIRECTION('',(-1.E-16,-1.,-3.7E-16));
#2724 = PLANE('',#2725);
#2725 = AXIS2_PLACEMENT_3D('',#2726,#2727,#2728);
#2726 = CARTESIAN_POINT('',(-3.7E-16,2.5E-16,10.));
#2727 = DIRECTION('',(0.,0.,1.));
#2728 = DIRECTION('',(1.,0.,0.));
#2729 = ADVANCED_FACE('',(#2730),#2735,.T.);
#2730 = FACE_BOUND('',#2731,.T.);
#2731 = EDGE_LOOP('',(#2732,#2733,#2734));
#2732 = ORIENTED_EDGE('',*,*,#1754,.F.);
#2733 = ORIENTED_EDGE('',*,*,#1289,.T.);
#2734 = ORIENTED_EDGE('',*,*,#1335,.F.);
#2735 = SPHERICAL_SURFACE('',#2736,1.);
#2736 = AXIS2_PLACEMENT_3D('',#2737,#2738,#2739);
#2737 = CARTESIAN_POINT('',(63.372962016243,-14.,11.938646147302));
#2738 = DIRECTION('',(0.,1.,0.));
#2739 = DIRECTION('',(0.96933850811,0.,0.245729234516));
#2740 = ADVANCED_FACE('',(#2741),#2746,.T.);
#2741 = FACE_BOUND('',#2742,.T.);
#2742 = EDGE_LOOP('',(#2743,#2744,#2745));
#2743 = ORIENTED_EDGE('',*,*,#2539,.F.);
#2744 = ORIENTED_EDGE('',*,*,#1343,.T.);
#2745 = ORIENTED_EDGE('',*,*,#1307,.T.);
#2746 = SPHERICAL_SURFACE('',#2747,1.);
#2747 = AXIS2_PLACEMENT_3D('',#2748,#2749,#2750);
#2748 = CARTESIAN_POINT('',(63.372962016243,14.,11.938646147302));
#2749 = DIRECTION('',(0.,1.,0.));
#2750 = DIRECTION('',(0.96933850811,0.,0.245729234516));
#2751 = ADVANCED_FACE('',(#2752),#2763,.F.);
#2752 = FACE_BOUND('',#2753,.F.);
#2753 = EDGE_LOOP('',(#2754,#2755,#2756,#2762));
#2754 = ORIENTED_EDGE('',*,*,#1325,.F.);
#2755 = ORIENTED_EDGE('',*,*,#1748,.F.);
#2756 = ORIENTED_EDGE('',*,*,#2757,.T.);
#2757 = EDGE_CURVE('',#1740,#2530,#2758,.T.);
#2758 = LINE('',#2759,#2760);
#2759 = CARTESIAN_POINT('',(63.868008403327,-15.,14.055335578756));
#2760 = VECTOR('',#2761,1.);
#2761 = DIRECTION('',(-0.,1.,0.));
#2762 = ORIENTED_EDGE('',*,*,#2546,.T.);
#2763 = PLANE('',#2764);
#2764 = AXIS2_PLACEMENT_3D('',#2765,#2766,#2767);
#2765 = CARTESIAN_POINT('',(63.868008403327,-15.,14.055335578756));
#2766 = DIRECTION('',(-0.96933850811,0.,-0.245729234516));
#2767 = DIRECTION('',(0.245729234516,0.,-0.96933850811));
#2768 = ADVANCED_FACE('',(#2769),#2872,.F.);
#2769 = FACE_BOUND('',#2770,.T.);
#2770 = EDGE_LOOP('',(#2771,#2779,#2788,#2796,#2803,#2804,#2811,#2812,
    #2821,#2829,#2838,#2846,#2855,#2863,#2870,#2871));
#2771 = ORIENTED_EDGE('',*,*,#2772,.F.);
#2772 = EDGE_CURVE('',#2773,#1359,#2775,.T.);
#2773 = VERTEX_POINT('',#2774);
#2774 = CARTESIAN_POINT('',(-68.40958381841,-9.,26.266645095482));
#2775 = LINE('',#2776,#2777);
#2776 = CARTESIAN_POINT('',(-68.40958381841,-1.5,26.266645095482));
#2777 = VECTOR('',#2778,1.);
#2778 = DIRECTION('',(0.,-1.,0.));
#2779 = ORIENTED_EDGE('',*,*,#2780,.T.);
#2780 = EDGE_CURVE('',#2773,#2781,#2783,.T.);
#2781 = VERTEX_POINT('',#2782);
#2782 = CARTESIAN_POINT('',(-68.06854053392,-9.,26.082546804037));
#2783 = CIRCLE('',#2784,9.7);
#2784 = AXIS2_PLACEMENT_3D('',#2785,#2786,#2787);
#2785 = CARTESIAN_POINT('',(-72.84582590908,-9.,17.640536116749));
#2786 = DIRECTION('',(-1.097626909032E-16,1.,-2.134295005047E-16));
#2787 = DIRECTION('',(0.45734454543,2.4E-16,0.889289585436));
#2788 = ORIENTED_EDGE('',*,*,#2789,.T.);
#2789 = EDGE_CURVE('',#2781,#2790,#2792,.T.);
#2790 = VERTEX_POINT('',#2791);
#2791 = CARTESIAN_POINT('',(-68.06854053392,-1.5,26.082546804037));
#2792 = LINE('',#2793,#2794);
#2793 = CARTESIAN_POINT('',(-68.06854053392,-1.5,26.082546804037));
#2794 = VECTOR('',#2795,1.);
#2795 = DIRECTION('',(-1.097626909032E-16,1.,-2.134295005047E-16));
#2796 = ORIENTED_EDGE('',*,*,#2797,.F.);
#2797 = EDGE_CURVE('',#1994,#2790,#2798,.T.);
#2798 = CIRCLE('',#2799,9.7);
#2799 = AXIS2_PLACEMENT_3D('',#2800,#2801,#2802);
#2800 = CARTESIAN_POINT('',(-72.84582590908,-1.5,17.640536116749));
#2801 = DIRECTION('',(0.,-1.,0.));
#2802 = DIRECTION('',(0.45734454543,0.,0.889289585436));
#2803 = ORIENTED_EDGE('',*,*,#1993,.F.);
#2804 = ORIENTED_EDGE('',*,*,#2805,.T.);
#2805 = EDGE_CURVE('',#1986,#1978,#2806,.T.);
#2806 = CIRCLE('',#2807,9.7);
#2807 = AXIS2_PLACEMENT_3D('',#2808,#2809,#2810);
#2808 = CARTESIAN_POINT('',(-72.84582590908,-9.,17.640536116749));
#2809 = DIRECTION('',(-1.097626909032E-16,1.,-2.134295005047E-16));
#2810 = DIRECTION('',(0.45734454543,2.4E-16,0.889289585436));
#2811 = ORIENTED_EDGE('',*,*,#1977,.T.);
#2812 = ORIENTED_EDGE('',*,*,#2813,.F.);
#2813 = EDGE_CURVE('',#2814,#1970,#2816,.T.);
#2814 = VERTEX_POINT('',#2815);
#2815 = CARTESIAN_POINT('',(-76.93394281971,-1.5,8.844099331037));
#2816 = CIRCLE('',#2817,9.7);
#2817 = AXIS2_PLACEMENT_3D('',#2818,#2819,#2820);
#2818 = CARTESIAN_POINT('',(-72.84582590908,-1.5,17.640536116749));
#2819 = DIRECTION('',(0.,-1.,0.));
#2820 = DIRECTION('',(0.45734454543,0.,0.889289585436));
#2821 = ORIENTED_EDGE('',*,*,#2822,.F.);
#2822 = EDGE_CURVE('',#2823,#2814,#2825,.T.);
#2823 = VERTEX_POINT('',#2824);
#2824 = CARTESIAN_POINT('',(-76.93394281971,-9.,8.844099331037));
#2825 = LINE('',#2826,#2827);
#2826 = CARTESIAN_POINT('',(-76.93394281971,-1.5,8.844099331037));
#2827 = VECTOR('',#2828,1.);
#2828 = DIRECTION('',(-1.097626909032E-16,1.,-2.134295005047E-16));
#2829 = ORIENTED_EDGE('',*,*,#2830,.T.);
#2830 = EDGE_CURVE('',#2823,#2831,#2833,.T.);
#2831 = VERTEX_POINT('',#2832);
#2832 = CARTESIAN_POINT('',(-82.54546431087,-9.,17.556781269122));
#2833 = CIRCLE('',#2834,9.7);
#2834 = AXIS2_PLACEMENT_3D('',#2835,#2836,#2837);
#2835 = CARTESIAN_POINT('',(-72.84582590908,-9.,17.640536116749));
#2836 = DIRECTION('',(-1.097626909032E-16,1.,-2.134295005047E-16));
#2837 = DIRECTION('',(0.45734454543,2.4E-16,0.889289585436));
#2838 = ORIENTED_EDGE('',*,*,#2839,.T.);
#2839 = EDGE_CURVE('',#2831,#2840,#2842,.T.);
#2840 = VERTEX_POINT('',#2841);
#2841 = CARTESIAN_POINT('',(-82.54546431087,-1.5,17.556781269122));
#2842 = LINE('',#2843,#2844);
#2843 = CARTESIAN_POINT('',(-82.54546431087,-1.5,17.556781269122));
#2844 = VECTOR('',#2845,1.);
#2845 = DIRECTION('',(-1.097626909032E-16,1.,-2.134295005047E-16));
#2846 = ORIENTED_EDGE('',*,*,#2847,.F.);
#2847 = EDGE_CURVE('',#2848,#2840,#2850,.T.);
#2848 = VERTEX_POINT('',#2849);
#2849 = CARTESIAN_POINT('',(-78.41970517297,-1.5,25.579167607851));
#2850 = CIRCLE('',#2851,9.7);
#2851 = AXIS2_PLACEMENT_3D('',#2852,#2853,#2854);
#2852 = CARTESIAN_POINT('',(-72.84582590908,-1.5,17.640536116749));
#2853 = DIRECTION('',(0.,-1.,0.));
#2854 = DIRECTION('',(0.45734454543,0.,0.889289585436));
#2855 = ORIENTED_EDGE('',*,*,#2856,.F.);
#2856 = EDGE_CURVE('',#2857,#2848,#2859,.T.);
#2857 = VERTEX_POINT('',#2858);
#2858 = CARTESIAN_POINT('',(-78.41970517297,-9.,25.579167607851));
#2859 = LINE('',#2860,#2861);
#2860 = CARTESIAN_POINT('',(-78.41970517297,-1.5,25.579167607851));
#2861 = VECTOR('',#2862,1.);
#2862 = DIRECTION('',(-1.097626909032E-16,1.,-2.134295005047E-16));
#2863 = ORIENTED_EDGE('',*,*,#2864,.T.);
#2864 = EDGE_CURVE('',#2857,#2773,#2865,.T.);
#2865 = CIRCLE('',#2866,9.7);
#2866 = AXIS2_PLACEMENT_3D('',#2867,#2868,#2869);
#2867 = CARTESIAN_POINT('',(-72.84582590908,-9.,17.640536116749));
#2868 = DIRECTION('',(-1.097626909032E-16,1.,-2.134295005047E-16));
#2869 = DIRECTION('',(0.45734454543,2.4E-16,0.889289585436));
#2870 = ORIENTED_EDGE('',*,*,#2772,.T.);
#2871 = ORIENTED_EDGE('',*,*,#1369,.T.);
#2872 = CYLINDRICAL_SURFACE('',#2873,9.7);
#2873 = AXIS2_PLACEMENT_3D('',#2874,#2875,#2876);
#2874 = CARTESIAN_POINT('',(-72.84582590908,-1.5,17.640536116749));
#2875 = DIRECTION('',(0.,1.,-0.));
#2876 = DIRECTION('',(0.45734454543,0.,0.889289585436));
#2877 = ADVANCED_FACE('',(#2878),#2894,.F.);
#2878 = FACE_BOUND('',#2879,.T.);
#2879 = EDGE_LOOP('',(#2880,#2886,#2887,#2893));
#2880 = ORIENTED_EDGE('',*,*,#2881,.T.);
#2881 = EDGE_CURVE('',#1385,#2579,#2882,.T.);
#2882 = LINE('',#2883,#2884);
#2883 = CARTESIAN_POINT('',(-57.3467569275,-15.,4.04719728097));
#2884 = VECTOR('',#2885,1.);
#2885 = DIRECTION('',(-0.,1.,0.));
#2886 = ORIENTED_EDGE('',*,*,#2587,.T.);
#2887 = ORIENTED_EDGE('',*,*,#2888,.F.);
#2888 = EDGE_CURVE('',#1395,#2588,#2889,.T.);
#2889 = LINE('',#2890,#2891);
#2890 = CARTESIAN_POINT('',(-52.7733114732,-15.,12.940093135333));
#2891 = VECTOR('',#2892,1.);
#2892 = DIRECTION('',(-0.,1.,0.));
#2893 = ORIENTED_EDGE('',*,*,#1403,.F.);
#2894 = CYLINDRICAL_SURFACE('',#2895,5.);
#2895 = AXIS2_PLACEMENT_3D('',#2896,#2897,#2898);
#2896 = CARTESIAN_POINT('',(-55.06003420035,-15.,8.493645208152));
#2897 = DIRECTION('',(0.,-1.,0.));
#2898 = DIRECTION('',(-0.45734454543,0.,-0.889289585436));
#2899 = ADVANCED_FACE('',(#2900),#2911,.F.);
#2900 = FACE_BOUND('',#2901,.F.);
#2901 = EDGE_LOOP('',(#2902,#2903,#2904,#2910));
#2902 = ORIENTED_EDGE('',*,*,#2881,.T.);
#2903 = ORIENTED_EDGE('',*,*,#2623,.F.);
#2904 = ORIENTED_EDGE('',*,*,#2905,.F.);
#2905 = EDGE_CURVE('',#1419,#2613,#2906,.T.);
#2906 = LINE('',#2907,#2908);
#2907 = CARTESIAN_POINT('',(-39.17233823314,-15.,-5.299557018584));
#2908 = VECTOR('',#2909,1.);
#2909 = DIRECTION('',(-0.,1.,0.));
#2910 = ORIENTED_EDGE('',*,*,#1427,.T.);
#2911 = PLANE('',#2912);
#2912 = AXIS2_PLACEMENT_3D('',#2913,#2914,#2915);
#2913 = CARTESIAN_POINT('',(-57.3467569275,-15.,4.04719728097));
#2914 = DIRECTION('',(-0.45734454543,0.,-0.889289585436));
#2915 = DIRECTION('',(0.889289585436,0.,-0.45734454543));
#2916 = ADVANCED_FACE('',(#2917),#2928,.T.);
#2917 = FACE_BOUND('',#2918,.T.);
#2918 = EDGE_LOOP('',(#2919,#2920,#2921,#2927));
#2919 = ORIENTED_EDGE('',*,*,#2888,.T.);
#2920 = ORIENTED_EDGE('',*,*,#2648,.T.);
#2921 = ORIENTED_EDGE('',*,*,#2922,.F.);
#2922 = EDGE_CURVE('',#1445,#2640,#2923,.T.);
#2923 = LINE('',#2924,#2925);
#2924 = CARTESIAN_POINT('',(-34.59889277884,-15.,3.593338835779));
#2925 = VECTOR('',#2926,1.);
#2926 = DIRECTION('',(-0.,1.,0.));
#2927 = ORIENTED_EDGE('',*,*,#1444,.F.);
#2928 = PLANE('',#2929);
#2929 = AXIS2_PLACEMENT_3D('',#2930,#2931,#2932);
#2930 = CARTESIAN_POINT('',(-52.7733114732,-15.,12.940093135333));
#2931 = DIRECTION('',(-0.45734454543,0.,-0.889289585436));
#2932 = DIRECTION('',(0.889289585436,0.,-0.45734454543));
#2933 = ADVANCED_FACE('',(#2934),#2940,.F.);
#2934 = FACE_BOUND('',#2935,.T.);
#2935 = EDGE_LOOP('',(#2936,#2937,#2938,#2939));
#2936 = ORIENTED_EDGE('',*,*,#2922,.T.);
#2937 = ORIENTED_EDGE('',*,*,#2663,.T.);
#2938 = ORIENTED_EDGE('',*,*,#2905,.F.);
#2939 = ORIENTED_EDGE('',*,*,#1471,.F.);
#2940 = CYLINDRICAL_SURFACE('',#2941,5.);
#2941 = AXIS2_PLACEMENT_3D('',#2942,#2943,#2944);
#2942 = CARTESIAN_POINT('',(-36.88561550599,-15.,-0.853109091402));
#2943 = DIRECTION('',(0.,-1.,0.));
#2944 = DIRECTION('',(-0.45734454543,0.,-0.889289585436));
#2945 = ADVANCED_FACE('',(#2946),#2962,.F.);
#2946 = FACE_BOUND('',#2947,.F.);
#2947 = EDGE_LOOP('',(#2948,#2954,#2955,#2961));
#2948 = ORIENTED_EDGE('',*,*,#2949,.T.);
#2949 = EDGE_CURVE('',#1487,#2232,#2950,.T.);
#2950 = LINE('',#2951,#2952);
#2951 = CARTESIAN_POINT('',(-43.43461326479,-15.,-15.0278874876));
#2952 = VECTOR('',#2953,1.);
#2953 = DIRECTION('',(-0.,1.,0.));
#2954 = ORIENTED_EDGE('',*,*,#2242,.T.);
#2955 = ORIENTED_EDGE('',*,*,#2956,.F.);
#2956 = EDGE_CURVE('',#1496,#2198,#2957,.T.);
#2957 = LINE('',#2958,#2959);
#2958 = CARTESIAN_POINT('',(-79.72524187653,-15.,5.447356221956));
#2959 = VECTOR('',#2960,1.);
#2960 = DIRECTION('',(-0.,1.,0.));
#2961 = ORIENTED_EDGE('',*,*,#1495,.F.);
#2962 = PLANE('',#2963);
#2963 = AXIS2_PLACEMENT_3D('',#2964,#2965,#2966);
#2964 = CARTESIAN_POINT('',(-42.03920613318,-15.,-15.81517892307));
#2965 = DIRECTION('',(0.491386854818,0.,0.870941421057));
#2966 = DIRECTION('',(-0.870941421057,0.,0.491386854818));
#2967 = ADVANCED_FACE('',(#2968),#2974,.T.);
#2968 = FACE_BOUND('',#2969,.F.);
#2969 = EDGE_LOOP('',(#2970,#2971,#2972,#2973));
#2970 = ORIENTED_EDGE('',*,*,#2949,.F.);
#2971 = ORIENTED_EDGE('',*,*,#1530,.F.);
#2972 = ORIENTED_EDGE('',*,*,#2691,.T.);
#2973 = ORIENTED_EDGE('',*,*,#2290,.T.);
#2974 = CYLINDRICAL_SURFACE('',#2975,4.);
#2975 = AXIS2_PLACEMENT_3D('',#2976,#2977,#2978);
#2976 = CARTESIAN_POINT('',(-41.46906584552,-15.,-11.54412180337));
#2977 = DIRECTION('',(-0.,1.,0.));
#2978 = DIRECTION('',(-0.491386854818,-0.,-0.870941421057));
#2979 = ADVANCED_FACE('',(#2980),#2991,.T.);
#2980 = FACE_BOUND('',#2981,.F.);
#2981 = EDGE_LOOP('',(#2982,#2983,#2984,#2990));
#2982 = ORIENTED_EDGE('',*,*,#2956,.T.);
#2983 = ORIENTED_EDGE('',*,*,#2206,.T.);
#2984 = ORIENTED_EDGE('',*,*,#2985,.F.);
#2985 = EDGE_CURVE('',#1548,#2207,#2986,.T.);
#2986 = LINE('',#2987,#2988);
#2987 = CARTESIAN_POINT('',(-66.92917024471,-15.,30.328845135262));
#2988 = VECTOR('',#2989,1.);
#2989 = DIRECTION('',(-0.,1.,0.));
#2990 = ORIENTED_EDGE('',*,*,#1556,.F.);
#2991 = CYLINDRICAL_SURFACE('',#2992,14.);
#2992 = AXIS2_PLACEMENT_3D('',#2993,#2994,#2995);
#2993 = CARTESIAN_POINT('',(-72.84582590908,-15.,17.640536116749));
#2994 = DIRECTION('',(0.,-1.,0.));
#2995 = DIRECTION('',(-0.45734454543,0.,-0.889289585436));
#2996 = ADVANCED_FACE('',(#2997),#3008,.T.);
#2997 = FACE_BOUND('',#2998,.T.);
#2998 = EDGE_LOOP('',(#2999,#3005,#3006,#3007));
#2999 = ORIENTED_EDGE('',*,*,#3000,.T.);
#3000 = EDGE_CURVE('',#1596,#2259,#3001,.T.);
#3001 = LINE('',#3002,#3003);
#3002 = CARTESIAN_POINT('',(-51.21975913145,-15.,23.003426428045));
#3003 = VECTOR('',#3004,1.);
#3004 = DIRECTION('',(-0.,1.,0.));
#3005 = ORIENTED_EDGE('',*,*,#2267,.F.);
#3006 = ORIENTED_EDGE('',*,*,#2985,.F.);
#3007 = ORIENTED_EDGE('',*,*,#1595,.T.);
#3008 = PLANE('',#3009);
#3009 = AXIS2_PLACEMENT_3D('',#3010,#3011,#3012);
#3010 = CARTESIAN_POINT('',(-48.20590514498,-15.,21.598043233594));
#3011 = DIRECTION('',(0.422618261741,0.,0.906307787037));
#3012 = DIRECTION('',(-0.906307787037,0.,0.422618261741));
#3013 = ADVANCED_FACE('',(#3014),#3025,.F.);
#3014 = FACE_BOUND('',#3015,.T.);
#3015 = EDGE_LOOP('',(#3016,#3017,#3018,#3024));
#3016 = ORIENTED_EDGE('',*,*,#3000,.F.);
#3017 = ORIENTED_EDGE('',*,*,#1630,.T.);
#3018 = ORIENTED_EDGE('',*,*,#3019,.T.);
#3019 = EDGE_CURVE('',#1622,#2309,#3020,.T.);
#3020 = LINE('',#3021,#3022);
#3021 = CARTESIAN_POINT('',(-44.88048520534,-15.,21.598043233594));
#3022 = VECTOR('',#3023,1.);
#3023 = DIRECTION('',(-0.,1.,0.));
#3024 = ORIENTED_EDGE('',*,*,#2308,.F.);
#3025 = CYLINDRICAL_SURFACE('',#3026,15.);
#3026 = AXIS2_PLACEMENT_3D('',#3027,#3028,#3029);
#3027 = CARTESIAN_POINT('',(-44.88048520534,-15.,36.598043233594));
#3028 = DIRECTION('',(-0.,1.,0.));
#3029 = DIRECTION('',(-0.422618261741,-0.,-0.906307787037));
#3030 = ADVANCED_FACE('',(#3031,#3042),#3053,.T.);
#3031 = FACE_BOUND('',#3032,.T.);
#3032 = EDGE_LOOP('',(#3033,#3034,#3035,#3041));
#3033 = ORIENTED_EDGE('',*,*,#3019,.F.);
#3034 = ORIENTED_EDGE('',*,*,#1646,.T.);
#3035 = ORIENTED_EDGE('',*,*,#3036,.T.);
#3036 = EDGE_CURVE('',#1647,#2359,#3037,.T.);
#3037 = LINE('',#3038,#3039);
#3038 = CARTESIAN_POINT('',(10.392196624383,-15.,21.598043233594));
#3039 = VECTOR('',#3040,1.);
#3040 = DIRECTION('',(0.,1.,-0.));
#3041 = ORIENTED_EDGE('',*,*,#2367,.F.);
#3042 = FACE_BOUND('',#3043,.T.);
#3043 = EDGE_LOOP('',(#3044));
#3044 = ORIENTED_EDGE('',*,*,#3045,.T.);
#3045 = EDGE_CURVE('',#3046,#3046,#3048,.T.);
#3046 = VERTEX_POINT('',#3047);
#3047 = CARTESIAN_POINT('',(-1.E-15,-2.8,21.598043233594));
#3048 = CIRCLE('',#3049,2.8);
#3049 = AXIS2_PLACEMENT_3D('',#3050,#3051,#3052);
#3050 = CARTESIAN_POINT('',(0.,0.,21.598043233594));
#3051 = DIRECTION('',(-0.,-0.,-1.));
#3052 = DIRECTION('',(0.,-1.,0.));
#3053 = PLANE('',#3054);
#3054 = AXIS2_PLACEMENT_3D('',#3055,#3056,#3057);
#3055 = CARTESIAN_POINT('',(11.355917051651,-15.,21.598043233594));
#3056 = DIRECTION('',(9.992007221626E-16,0.,1.));
#3057 = DIRECTION('',(-1.,0.,9.992007221626E-16));
#3058 = ADVANCED_FACE('',(#3059),#3070,.T.);
#3059 = FACE_BOUND('',#3060,.T.);
#3060 = EDGE_LOOP('',(#3061,#3062,#3063));
#3061 = ORIENTED_EDGE('',*,*,#1654,.F.);
#3062 = ORIENTED_EDGE('',*,*,#1670,.T.);
#3063 = ORIENTED_EDGE('',*,*,#3064,.F.);
#3064 = EDGE_CURVE('',#1647,#1671,#3065,.T.);
#3065 = CIRCLE('',#3066,1.);
#3066 = AXIS2_PLACEMENT_3D('',#3067,#3068,#3069);
#3067 = CARTESIAN_POINT('',(10.392196624383,-14.,20.598043233594));
#3068 = DIRECTION('',(-0.,1.,0.));
#3069 = DIRECTION('',(1.665334536938E-16,0.,1.));
#3070 = SPHERICAL_SURFACE('',#3071,1.);
#3071 = AXIS2_PLACEMENT_3D('',#3072,#3073,#3074);
#3072 = CARTESIAN_POINT('',(10.392196624383,-14.,20.598043233594));
#3073 = DIRECTION('',(0.,1.,0.));
#3074 = DIRECTION('',(1.665334536938E-16,0.,1.));
#3075 = ADVANCED_FACE('',(#3076),#3092,.F.);
#3076 = FACE_BOUND('',#3077,.T.);
#3077 = EDGE_LOOP('',(#3078,#3084,#3085,#3091));
#3078 = ORIENTED_EDGE('',*,*,#3079,.T.);
#3079 = EDGE_CURVE('',#1681,#2391,#3080,.T.);
#3080 = LINE('',#3081,#3082);
#3081 = CARTESIAN_POINT('',(36.922266433465,-15.,20.67050700171));
#3082 = VECTOR('',#3083,1.);
#3083 = DIRECTION('',(0.,1.,-0.));
#3084 = ORIENTED_EDGE('',*,*,#2390,.F.);
#3085 = ORIENTED_EDGE('',*,*,#3086,.F.);
#3086 = EDGE_CURVE('',#1671,#2382,#3087,.T.);
#3087 = LINE('',#3088,#3089);
#3088 = CARTESIAN_POINT('',(11.389567669837,-15.,20.67050700171));
#3089 = VECTOR('',#3090,1.);
#3090 = DIRECTION('',(0.,1.,-0.));
#3091 = ORIENTED_EDGE('',*,*,#1689,.T.);
#3092 = CYLINDRICAL_SURFACE('',#3093,12.8);
#3093 = AXIS2_PLACEMENT_3D('',#3094,#3095,#3096);
#3094 = CARTESIAN_POINT('',(24.155917051651,-15.,21.598043233594));
#3095 = DIRECTION('',(0.,-1.,0.));
#3096 = DIRECTION('',(-0.45734454543,0.,-0.889289585436));
#3097 = ADVANCED_FACE('',(#3098),#3109,.T.);
#3098 = FACE_BOUND('',#3099,.T.);
#3099 = EDGE_LOOP('',(#3100,#3101,#3102));
#3100 = ORIENTED_EDGE('',*,*,#1680,.F.);
#3101 = ORIENTED_EDGE('',*,*,#1704,.T.);
#3102 = ORIENTED_EDGE('',*,*,#3103,.F.);
#3103 = EDGE_CURVE('',#1681,#1705,#3104,.T.);
#3104 = CIRCLE('',#3105,1.);
#3105 = AXIS2_PLACEMENT_3D('',#3106,#3107,#3108);
#3106 = CARTESIAN_POINT('',(37.919637478919,-14.,20.598043233594));
#3107 = DIRECTION('',(0.,1.,-0.));
#3108 = DIRECTION('',(-0.997371045454,0.,7.246376811592E-02));
#3109 = SPHERICAL_SURFACE('',#3110,1.);
#3110 = AXIS2_PLACEMENT_3D('',#3111,#3112,#3113);
#3111 = CARTESIAN_POINT('',(37.919637478919,-14.,20.598043233594));
#3112 = DIRECTION('',(0.,1.,0.));
#3113 = DIRECTION('',(-0.997371045454,0.,7.246376811592E-02));
#3114 = ADVANCED_FACE('',(#3115),#3131,.T.);
#3115 = FACE_BOUND('',#3116,.T.);
#3116 = EDGE_LOOP('',(#3117,#3123,#3124,#3130));
#3117 = ORIENTED_EDGE('',*,*,#3118,.F.);
#3118 = EDGE_CURVE('',#1705,#2416,#3119,.T.);
#3119 = LINE('',#3120,#3121);
#3120 = CARTESIAN_POINT('',(37.919637478919,-15.,21.598043233594));
#3121 = VECTOR('',#3122,1.);
#3122 = DIRECTION('',(0.,1.,-0.));
#3123 = ORIENTED_EDGE('',*,*,#1713,.T.);
#3124 = ORIENTED_EDGE('',*,*,#3125,.T.);
#3125 = EDGE_CURVE('',#1714,#2426,#3126,.T.);
#3126 = LINE('',#3127,#3128);
#3127 = CARTESIAN_POINT('',(40.801815085401,-15.,21.598043233594));
#3128 = VECTOR('',#3129,1.);
#3129 = DIRECTION('',(0.,1.,-0.));
#3130 = ORIENTED_EDGE('',*,*,#2436,.F.);
#3131 = PLANE('',#3132);
#3132 = AXIS2_PLACEMENT_3D('',#3133,#3134,#3135);
#3133 = CARTESIAN_POINT('',(42.219425378548,-15.,21.598043233594));
#3134 = DIRECTION('',(4.163336342344E-15,0.,1.));
#3135 = DIRECTION('',(-1.,0.,4.163336342344E-15));
#3136 = ADVANCED_FACE('',(#3137),#3153,.T.);
#3137 = FACE_BOUND('',#3138,.T.);
#3138 = EDGE_LOOP('',(#3139,#3140,#3141));
#3139 = ORIENTED_EDGE('',*,*,#1721,.F.);
#3140 = ORIENTED_EDGE('',*,*,#1770,.T.);
#3141 = ORIENTED_EDGE('',*,*,#3142,.F.);
#3142 = EDGE_CURVE('',#1714,#1771,#3143,.T.);
#3143 = B_SPLINE_CURVE_WITH_KNOTS('',8,(#3144,#3145,#3146,#3147,#3148,
    #3149,#3150,#3151,#3152),.UNSPECIFIED.,.F.,.F.,(9,9),(0.,1.),
  .PIECEWISE_BEZIER_KNOTS.);
#3144 = CARTESIAN_POINT('',(40.801815085401,-14.,21.598043233594));
#3145 = CARTESIAN_POINT('',(40.945597677878,-14.,21.598043233594));
#3146 = CARTESIAN_POINT('',(41.089381741864,-14.,21.550788538943));
#3147 = CARTESIAN_POINT('',(41.215041069331,-14.,21.456287331455));
#3148 = CARTESIAN_POINT('',(41.304484727467,-14.,21.322843931574));
#3149 = CARTESIAN_POINT('',(41.344318459806,-14.,21.167214298396));
#3150 = CARTESIAN_POINT('',(41.330982616127,-14.,21.010552560668));
#3151 = CARTESIAN_POINT('',(41.270348143302,-14.,20.871879117179));
#3152 = CARTESIAN_POINT('',(41.174493081651,-14.,20.764709900261));
#3153 = B_SPLINE_SURFACE_WITH_KNOTS('',8,8,(
    (#3154,#3155,#3156,#3157,#3158,#3159,#3160,#3161,#3162)
    ,(#3163,#3164,#3165,#3166,#3167,#3168,#3169,#3170,#3171)
    ,(#3172,#3173,#3174,#3175,#3176,#3177,#3178,#3179,#3180)
    ,(#3181,#3182,#3183,#3184,#3185,#3186,#3187,#3188,#3189)
    ,(#3190,#3191,#3192,#3193,#3194,#3195,#3196,#3197,#3198)
    ,(#3199,#3200,#3201,#3202,#3203,#3204,#3205,#3206,#3207)
    ,(#3208,#3209,#3210,#3211,#3212,#3213,#3214,#3215,#3216)
    ,(#3217,#3218,#3219,#3220,#3221,#3222,#3223,#3224,#3225)
    ,(#3226,#3227,#3228,#3229,#3230,#3231,#3232,#3233,#3234
  )),.UNSPECIFIED.,.F.,.F.,.F.,(9,9),(9,9),(0.,1.),(0.,1.),
  .PIECEWISE_BEZIER_KNOTS.);
#3154 = CARTESIAN_POINT('',(39.825790032729,-15.,20.598043233594));
#3155 = CARTESIAN_POINT('',(39.947793164313,-15.,20.794392774443));
#3156 = CARTESIAN_POINT('',(40.069796295898,-14.95593921103,
    20.990742377099));
#3157 = CARTESIAN_POINT('',(40.19179942748,-14.86781806587,
    21.175556467928));
#3158 = CARTESIAN_POINT('',(40.313802559067,-14.73925875577,
    21.337301989376));
#3159 = CARTESIAN_POINT('',(40.435805690648,-14.57751323433,
    21.465861299464));
#3160 = CARTESIAN_POINT('',(40.557808822235,-14.3926991435,
    21.553982444634));
#3161 = CARTESIAN_POINT('',(40.679811953817,-14.19634954084,
    21.598043233594));
#3162 = CARTESIAN_POINT('',(40.801815085401,-14.,21.598043233594));
#3163 = CARTESIAN_POINT('',(39.825790032729,-15.,20.598043233594));
#3164 = CARTESIAN_POINT('',(39.97294216958,-15.,20.784483953351));
#3165 = CARTESIAN_POINT('',(40.120172231824,-14.96045308041,
    20.97459077889));
#3166 = CARTESIAN_POINT('',(40.266285284707,-14.88189631568,
    21.159449077396));
#3167 = CARTESIAN_POINT('',(40.410038492916,-14.76599652988,
    21.332378198603));
#3168 = CARTESIAN_POINT('',(40.550279175713,-14.6025597135,
    21.482427828649));
#3169 = CARTESIAN_POINT('',(40.686275083221,-14.40390430065,
    21.578770359729));
#3170 = CARTESIAN_POINT('',(40.817928071655,-14.19685944191,
    21.615585160144));
#3171 = CARTESIAN_POINT('',(40.945597677878,-14.,21.598043233594));
#3172 = CARTESIAN_POINT('',(39.825790032729,-15.,20.598043233594));
#3173 = CARTESIAN_POINT('',(40.011091922064,-15.,20.741036570662));
#3174 = CARTESIAN_POINT('',(40.193026175448,-14.96394779285,
    20.933155082454));
#3175 = CARTESIAN_POINT('',(40.379875726634,-14.89252760918,
    21.113970141291));
#3176 = CARTESIAN_POINT('',(40.561151990021,-14.785807567,
    21.291700191417));
#3177 = CARTESIAN_POINT('',(40.729748072211,-14.62106890093,
    21.451491339035));
#3178 = CARTESIAN_POINT('',(40.875458551456,-14.41230201,21.553267494703
    ));
#3179 = CARTESIAN_POINT('',(40.990624517071,-14.19736934297,
    21.602634219721));
#3180 = CARTESIAN_POINT('',(41.089381741864,-14.,21.550788538943));
#3181 = CARTESIAN_POINT('',(39.825790032729,-15.,20.598043233594));
#3182 = CARTESIAN_POINT('',(40.02615078332,-15.,20.728094761896));
#3183 = CARTESIAN_POINT('',(40.250181685158,-14.9658191326,
    20.904690909177));
#3184 = CARTESIAN_POINT('',(40.483438379862,-14.89833115019,
    21.077911042418));
#3185 = CARTESIAN_POINT('',(40.712538354448,-14.79689640458,
    21.248199124275));
#3186 = CARTESIAN_POINT('',(40.920231779208,-14.63158589825,
    21.39726114993));
#3187 = CARTESIAN_POINT('',(41.079780718652,-14.41721654238,
    21.488767715479));
#3188 = CARTESIAN_POINT('',(41.180134553541,-14.19787924403,
    21.521892886284));
#3189 = CARTESIAN_POINT('',(41.215041069331,-14.,21.456287331455));
#3190 = CARTESIAN_POINT('',(39.825790032729,-15.,20.598043233594));
#3191 = CARTESIAN_POINT('',(40.034024214499,-15.,20.717984044871));
#3192 = CARTESIAN_POINT('',(40.294926838696,-14.96644241995,
    20.854534600345));
#3193 = CARTESIAN_POINT('',(40.569460012699,-14.90021639555,
    20.99042240847));
#3194 = CARTESIAN_POINT('',(40.841927275603,-14.80051237644,
    21.120348439087));
#3195 = CARTESIAN_POINT('',(41.08488194847,-14.63515488156,
    21.231102147511));
#3196 = CARTESIAN_POINT('',(41.254879546057,-14.41913772418,
    21.305122381491));
#3197 = CARTESIAN_POINT('',(41.337730665304,-14.1983891451,
    21.339197727129));
#3198 = CARTESIAN_POINT('',(41.304484727467,-14.,21.322843931574));
#3199 = CARTESIAN_POINT('',(39.825790032729,-15.,20.598043233594));
#3200 = CARTESIAN_POINT('',(40.037618401855,-15.,20.70595959183));
#3201 = CARTESIAN_POINT('',(40.304267675837,-14.96594809121,
    20.789606763402));
#3202 = CARTESIAN_POINT('',(40.579056463917,-14.89852023885,
    20.871319752933));
#3203 = CARTESIAN_POINT('',(40.852948466463,-14.7971436173,
    20.943390954293));
#3204 = CARTESIAN_POINT('',(41.100046693473,-14.63219525831,
    21.002784011101));
#3205 = CARTESIAN_POINT('',(41.274156589317,-14.41826399288,
    21.056552872817));
#3206 = CARTESIAN_POINT('',(41.367308039853,-14.19889904616,
    21.102658056858));
#3207 = CARTESIAN_POINT('',(41.344318459806,-14.,21.167214298396));
#3208 = CARTESIAN_POINT('',(39.825790032729,-15.,20.598043233594));
#3209 = CARTESIAN_POINT('',(40.03983953164,-15.,20.687276575016));
#3210 = CARTESIAN_POINT('',(40.292352738564,-14.96446658266,
    20.731517888912));
#3211 = CARTESIAN_POINT('',(40.543741176245,-14.89357957368,
    20.776043754666));
#3212 = CARTESIAN_POINT('',(40.792884345715,-14.78727826188,
    20.809129935964));
#3213 = CARTESIAN_POINT('',(41.021640009828,-14.62312643598,
    20.832776979566));
#3214 = CARTESIAN_POINT('',(41.191808611988,-14.41479378597,
    20.868530900289));
#3215 = CARTESIAN_POINT('',(41.303989948185,-14.19940894722,
    20.912347552184));
#3216 = CARTESIAN_POINT('',(41.330982616127,-14.,21.010552560668));
#3217 = CARTESIAN_POINT('',(39.825790032729,-15.,20.598043233594));
#3218 = CARTESIAN_POINT('',(40.056593065005,-15.,20.634260512244));
#3219 = CARTESIAN_POINT('',(40.29159060919,-14.96237321459,
    20.657708704351));
#3220 = CARTESIAN_POINT('',(40.522811709499,-14.88630385689,
    20.67132698726));
#3221 = CARTESIAN_POINT('',(40.743965681209,-14.772165644,
    20.679098331614));
#3222 = CARTESIAN_POINT('',(40.943439897356,-14.60899259065,
    20.686270321087));
#3223 = CARTESIAN_POINT('',(41.097095158339,-14.40921692982,
    20.716071715132));
#3224 = CARTESIAN_POINT('',(41.203965875502,-14.19991884828,
    20.77780764187));
#3225 = CARTESIAN_POINT('',(41.270348143302,-14.,20.871879117179));
#3226 = CARTESIAN_POINT('',(39.825790032729,-15.,20.598043233594));
#3227 = CARTESIAN_POINT('',(40.051787363507,-15.,20.610955539037));
#3228 = CARTESIAN_POINT('',(40.278408097413,-14.95906377127,
    20.612967684202));
#3229 = CARTESIAN_POINT('',(40.496092756464,-14.87531229229,
    20.608916028628));
#3230 = CARTESIAN_POINT('',(40.694898658068,-14.75001030111,
    20.605604834818));
#3231 = CARTESIAN_POINT('',(40.865604356448,-14.58833882395,
    20.611695276369));
#3232 = CARTESIAN_POINT('',(41.002351852445,-14.40085769527,
    20.636379573485));
#3233 = CARTESIAN_POINT('',(41.104355995903,-14.20042874935,
    20.686294254522));
#3234 = CARTESIAN_POINT('',(41.174493081651,-14.,20.764709900261));
#3235 = ADVANCED_FACE('',(#3236),#3252,.F.);
#3236 = FACE_BOUND('',#3237,.T.);
#3237 = EDGE_LOOP('',(#3238,#3244,#3245,#3251));
#3238 = ORIENTED_EDGE('',*,*,#3239,.T.);
#3239 = EDGE_CURVE('',#1786,#2465,#3240,.T.);
#3240 = LINE('',#3241,#3242);
#3241 = CARTESIAN_POINT('',(47.137341021651,-15.,20.764709900261));
#3242 = VECTOR('',#3243,1.);
#3243 = DIRECTION('',(0.,1.,-0.));
#3244 = ORIENTED_EDGE('',*,*,#2464,.F.);
#3245 = ORIENTED_EDGE('',*,*,#3246,.F.);
#3246 = EDGE_CURVE('',#1771,#2451,#3247,.T.);
#3247 = LINE('',#3248,#3249);
#3248 = CARTESIAN_POINT('',(41.174493081651,-15.,20.764709900261));
#3249 = VECTOR('',#3250,1.);
#3250 = DIRECTION('',(0.,1.,-0.));
#3251 = ORIENTED_EDGE('',*,*,#1796,.T.);
#3252 = CYLINDRICAL_SURFACE('',#3253,4.);
#3253 = AXIS2_PLACEMENT_3D('',#3254,#3255,#3256);
#3254 = CARTESIAN_POINT('',(44.155917051651,-15.,18.098043233594));
#3255 = DIRECTION('',(0.,-1.,0.));
#3256 = DIRECTION('',(-0.45734454543,0.,-0.889289585436));
#3257 = ADVANCED_FACE('',(#3258),#3274,.T.);
#3258 = FACE_BOUND('',#3259,.T.);
#3259 = EDGE_LOOP('',(#3260,#3261,#3262));
#3260 = ORIENTED_EDGE('',*,*,#1785,.F.);
#3261 = ORIENTED_EDGE('',*,*,#1837,.T.);
#3262 = ORIENTED_EDGE('',*,*,#3263,.F.);
#3263 = EDGE_CURVE('',#1786,#1838,#3264,.T.);
#3264 = B_SPLINE_CURVE_WITH_KNOTS('',8,(#3265,#3266,#3267,#3268,#3269,
    #3270,#3271,#3272,#3273),.UNSPECIFIED.,.F.,.F.,(9,9),(0.,1.),
  .PIECEWISE_BEZIER_KNOTS.);
#3265 = CARTESIAN_POINT('',(47.137341021651,-14.,20.764709900261));
#3266 = CARTESIAN_POINT('',(47.04148596,-14.,20.87187911718));
#3267 = CARTESIAN_POINT('',(46.980851487176,-14.,21.01055256067));
#3268 = CARTESIAN_POINT('',(46.967515643496,-14.,21.167214298395));
#3269 = CARTESIAN_POINT('',(47.007349375833,-14.,21.322843931578));
#3270 = CARTESIAN_POINT('',(47.096793033975,-14.,21.456287331453));
#3271 = CARTESIAN_POINT('',(47.222452361436,-14.,21.550788538946));
#3272 = CARTESIAN_POINT('',(47.366236425426,-14.,21.598043233594));
#3273 = CARTESIAN_POINT('',(47.510019017901,-14.,21.598043233594));
#3274 = B_SPLINE_SURFACE_WITH_KNOTS('',8,8,(
    (#3275,#3276,#3277,#3278,#3279,#3280,#3281,#3282,#3283)
    ,(#3284,#3285,#3286,#3287,#3288,#3289,#3290,#3291,#3292)
    ,(#3293,#3294,#3295,#3296,#3297,#3298,#3299,#3300,#3301)
    ,(#3302,#3303,#3304,#3305,#3306,#3307,#3308,#3309,#3310)
    ,(#3311,#3312,#3313,#3314,#3315,#3316,#3317,#3318,#3319)
    ,(#3320,#3321,#3322,#3323,#3324,#3325,#3326,#3327,#3328)
    ,(#3329,#3330,#3331,#3332,#3333,#3334,#3335,#3336,#3337)
    ,(#3338,#3339,#3340,#3341,#3342,#3343,#3344,#3345,#3346)
    ,(#3347,#3348,#3349,#3350,#3351,#3352,#3353,#3354,#3355
  )),.UNSPECIFIED.,.F.,.F.,.F.,(9,9),(9,9),(0.,1.),(0.,1.),
  .PIECEWISE_BEZIER_KNOTS.);
#3275 = CARTESIAN_POINT('',(48.486044070573,-15.,20.598043233594));
#3276 = CARTESIAN_POINT('',(48.260046739796,-15.,20.610955539037));
#3277 = CARTESIAN_POINT('',(48.033426005886,-14.95906377127,
    20.612967684202));
#3278 = CARTESIAN_POINT('',(47.815741346842,-14.87531229229,
    20.608916028627));
#3279 = CARTESIAN_POINT('',(47.616935445227,-14.75001030111,
    20.605604834819));
#3280 = CARTESIAN_POINT('',(47.446229746858,-14.58833882395,
    20.611695276368));
#3281 = CARTESIAN_POINT('',(47.309482250854,-14.40085769527,
    20.636379573486));
#3282 = CARTESIAN_POINT('',(47.207478107399,-14.20042874935,
    20.686294254522));
#3283 = CARTESIAN_POINT('',(47.137341021651,-14.,20.764709900261));
#3284 = CARTESIAN_POINT('',(48.486044070573,-15.,20.598043233594));
#3285 = CARTESIAN_POINT('',(48.255241038297,-15.,20.634260512244));
#3286 = CARTESIAN_POINT('',(48.020243494109,-14.96237321459,
    20.657708704352));
#3287 = CARTESIAN_POINT('',(47.789022393807,-14.88630385689,
    20.67132698726));
#3288 = CARTESIAN_POINT('',(47.567868422087,-14.772165644,
    20.679098331616));
#3289 = CARTESIAN_POINT('',(47.368394205949,-14.60899259065,
    20.686270321086));
#3290 = CARTESIAN_POINT('',(47.21473894496,-14.40921692982,
    20.716071715133));
#3291 = CARTESIAN_POINT('',(47.107868227799,-14.19991884828,
    20.777807641871));
#3292 = CARTESIAN_POINT('',(47.04148596,-14.,20.87187911718));
#3293 = CARTESIAN_POINT('',(48.486044070573,-15.,20.598043233594));
#3294 = CARTESIAN_POINT('',(48.271994571663,-15.,20.687276575016));
#3295 = CARTESIAN_POINT('',(48.019481364737,-14.96446658266,
    20.731517888913));
#3296 = CARTESIAN_POINT('',(47.76809292706,-14.89357957368,
    20.776043754666));
#3297 = CARTESIAN_POINT('',(47.518949757584,-14.78727826188,
    20.809129935967));
#3298 = CARTESIAN_POINT('',(47.290194093476,-14.62312643598,
    20.832776979568));
#3299 = CARTESIAN_POINT('',(47.120025491313,-14.41479378597,
    20.868530900292));
#3300 = CARTESIAN_POINT('',(47.007844155117,-14.19940894722,
    20.912347552186));
#3301 = CARTESIAN_POINT('',(46.980851487176,-14.,21.01055256067));
#3302 = CARTESIAN_POINT('',(48.486044070573,-15.,20.598043233594));
#3303 = CARTESIAN_POINT('',(48.274215701447,-15.,20.70595959183));
#3304 = CARTESIAN_POINT('',(48.007566427464,-14.96594809121,
    20.789606763403));
#3305 = CARTESIAN_POINT('',(47.732777639386,-14.89852023885,
    20.871319752931));
#3306 = CARTESIAN_POINT('',(47.458885636837,-14.7971436173,
    20.943390954293));
#3307 = CARTESIAN_POINT('',(47.211787409829,-14.63219525831,
    21.002784011098));
#3308 = CARTESIAN_POINT('',(47.037677513985,-14.41826399288,
    21.056552872816));
#3309 = CARTESIAN_POINT('',(46.944526063449,-14.19889904616,
    21.102658056857));
#3310 = CARTESIAN_POINT('',(46.967515643496,-14.,21.167214298395));
#3311 = CARTESIAN_POINT('',(48.486044070573,-15.,20.598043233594));
#3312 = CARTESIAN_POINT('',(48.277809888803,-15.,20.717984044871));
#3313 = CARTESIAN_POINT('',(48.016907264607,-14.96644241996,
    20.854534600347));
#3314 = CARTESIAN_POINT('',(47.742374090603,-14.90021639555,
    20.990422408473));
#3315 = CARTESIAN_POINT('',(47.4699068277,-14.80051237644,
    21.120348439094));
#3316 = CARTESIAN_POINT('',(47.226952154832,-14.63515488156,
    21.231102147516));
#3317 = CARTESIAN_POINT('',(47.056954557246,-14.41913772418,
    21.305122381498));
#3318 = CARTESIAN_POINT('',(46.974103437997,-14.1983891451,
    21.339197727135));
#3319 = CARTESIAN_POINT('',(47.007349375833,-14.,21.322843931578));
#3320 = CARTESIAN_POINT('',(48.486044070573,-15.,20.598043233594));
#3321 = CARTESIAN_POINT('',(48.285683319982,-15.,20.728094761896));
#3322 = CARTESIAN_POINT('',(48.061652418146,-14.9658191326,
    20.904690909177));
#3323 = CARTESIAN_POINT('',(47.82839572344,-14.89833115019,
    21.077911042415));
#3324 = CARTESIAN_POINT('',(47.599295748858,-14.79689640458,
    21.248199124274));
#3325 = CARTESIAN_POINT('',(47.391602324095,-14.63158589825,
    21.397261149926));
#3326 = CARTESIAN_POINT('',(47.232053384654,-14.41721654238,
    21.488767715477));
#3327 = CARTESIAN_POINT('',(47.131699549765,-14.19787924403,
    21.521892886281));
#3328 = CARTESIAN_POINT('',(47.096793033975,-14.,21.456287331453));
#3329 = CARTESIAN_POINT('',(48.486044070573,-15.,20.598043233594));
#3330 = CARTESIAN_POINT('',(48.300742181238,-15.,20.741036570662));
#3331 = CARTESIAN_POINT('',(48.118807927856,-14.96394779285,
    20.933155082456));
#3332 = CARTESIAN_POINT('',(47.931958376665,-14.89252760918,
    21.113970141292));
#3333 = CARTESIAN_POINT('',(47.750682113285,-14.785807567,
    21.291700191422));
#3334 = CARTESIAN_POINT('',(47.582086031089,-14.62106890093,
    21.451491339038));
#3335 = CARTESIAN_POINT('',(47.436375551848,-14.41230201,21.553267494707
    ));
#3336 = CARTESIAN_POINT('',(47.321209586229,-14.19736934297,
    21.602634219725));
#3337 = CARTESIAN_POINT('',(47.222452361436,-14.,21.550788538946));
#3338 = CARTESIAN_POINT('',(48.486044070573,-15.,20.598043233594));
#3339 = CARTESIAN_POINT('',(48.338891933721,-15.,20.784483953351));
#3340 = CARTESIAN_POINT('',(48.191661871482,-14.96045308041,
    20.974590778891));
#3341 = CARTESIAN_POINT('',(48.045548818591,-14.88189631568,
    21.159449077394));
#3342 = CARTESIAN_POINT('',(47.901795610395,-14.76599652988,
    21.332378198604));
#3343 = CARTESIAN_POINT('',(47.761554927585,-14.60255971349,
    21.482427828648));
#3344 = CARTESIAN_POINT('',(47.625559020087,-14.40390430065,
    21.578770359729));
#3345 = CARTESIAN_POINT('',(47.493906031648,-14.19685944191,
    21.615585160143));
#3346 = CARTESIAN_POINT('',(47.366236425426,-14.,21.598043233594));
#3347 = CARTESIAN_POINT('',(48.486044070573,-15.,20.598043233594));
#3348 = CARTESIAN_POINT('',(48.364040938988,-15.,20.794392774443));
#3349 = CARTESIAN_POINT('',(48.242037807407,-14.95593921103,
    20.9907423771));
#3350 = CARTESIAN_POINT('',(48.120034675817,-14.86781806587,
    21.175556467927));
#3351 = CARTESIAN_POINT('',(47.998031544242,-14.73925875578,
    21.337301989378));
#3352 = CARTESIAN_POINT('',(47.87602841265,-14.57751323433,
    21.465861299463));
#3353 = CARTESIAN_POINT('',(47.754025281072,-14.3926991435,
    21.553982444635));
#3354 = CARTESIAN_POINT('',(47.632022149485,-14.19634954084,
    21.598043233594));
#3355 = CARTESIAN_POINT('',(47.510019017901,-14.,21.598043233594));
#3356 = ADVANCED_FACE('',(#3357),#3368,.T.);
#3357 = FACE_BOUND('',#3358,.F.);
#3358 = EDGE_LOOP('',(#3359,#3365,#3366,#3367));
#3359 = ORIENTED_EDGE('',*,*,#3360,.T.);
#3360 = EDGE_CURVE('',#1812,#2507,#3361,.T.);
#3361 = LINE('',#3362,#3363);
#3362 = CARTESIAN_POINT('',(54.174623322231,-15.,21.598043233594));
#3363 = VECTOR('',#3364,1.);
#3364 = DIRECTION('',(-0.,1.,0.));
#3365 = ORIENTED_EDGE('',*,*,#2561,.T.);
#3366 = ORIENTED_EDGE('',*,*,#2757,.F.);
#3367 = ORIENTED_EDGE('',*,*,#1822,.F.);
#3368 = CYLINDRICAL_SURFACE('',#3369,10.);
#3369 = AXIS2_PLACEMENT_3D('',#3370,#3371,#3372);
#3370 = CARTESIAN_POINT('',(54.174623322231,-15.,11.598043233594));
#3371 = DIRECTION('',(0.,-1.,0.));
#3372 = DIRECTION('',(-0.45734454543,0.,-0.889289585436));
#3373 = ADVANCED_FACE('',(#3374),#3385,.T.);
#3374 = FACE_BOUND('',#3375,.T.);
#3375 = EDGE_LOOP('',(#3376,#3382,#3383,#3384));
#3376 = ORIENTED_EDGE('',*,*,#3377,.F.);
#3377 = EDGE_CURVE('',#1838,#2492,#3378,.T.);
#3378 = LINE('',#3379,#3380);
#3379 = CARTESIAN_POINT('',(47.510019017901,-15.,21.598043233594));
#3380 = VECTOR('',#3381,1.);
#3381 = DIRECTION('',(0.,1.,-0.));
#3382 = ORIENTED_EDGE('',*,*,#1851,.T.);
#3383 = ORIENTED_EDGE('',*,*,#3360,.T.);
#3384 = ORIENTED_EDGE('',*,*,#2515,.F.);
#3385 = PLANE('',#3386);
#3386 = AXIS2_PLACEMENT_3D('',#3387,#3388,#3389);
#3387 = CARTESIAN_POINT('',(54.174623322231,-15.,21.598043233594));
#3388 = DIRECTION('',(1.387778780781E-15,0.,1.));
#3389 = DIRECTION('',(-1.,0.,1.387778780781E-15));
#3390 = ADVANCED_FACE('',(#3391,#3419,#3430,#3441),#3452,.T.);
#3391 = FACE_BOUND('',#3392,.T.);
#3392 = EDGE_LOOP('',(#3393,#3394,#3395,#3396,#3397,#3398,#3404,#3405,
    #3411,#3412,#3413,#3414,#3415,#3416,#3417,#3418));
#3393 = ORIENTED_EDGE('',*,*,#2105,.F.);
#3394 = ORIENTED_EDGE('',*,*,#2064,.F.);
#3395 = ORIENTED_EDGE('',*,*,#2009,.F.);
#3396 = ORIENTED_EDGE('',*,*,#2001,.T.);
#3397 = ORIENTED_EDGE('',*,*,#2797,.T.);
#3398 = ORIENTED_EDGE('',*,*,#3399,.T.);
#3399 = EDGE_CURVE('',#2790,#2848,#3400,.T.);
#3400 = LINE('',#3401,#3402);
#3401 = CARTESIAN_POINT('',(-66.25238533828,-1.5,26.170866792599));
#3402 = VECTOR('',#3403,1.);
#3403 = DIRECTION('',(-0.998819645024,0.,-4.857279809366E-02));
#3404 = ORIENTED_EDGE('',*,*,#2847,.T.);
#3405 = ORIENTED_EDGE('',*,*,#3406,.T.);
#3406 = EDGE_CURVE('',#2840,#2814,#3407,.T.);
#3407 = LINE('',#3408,#3409);
#3408 = CARTESIAN_POINT('',(-83.53002926244,-1.5,19.085457811478));
#3409 = VECTOR('',#3410,1.);
#3410 = DIRECTION('',(0.541475099594,0.,-0.840716787343));
#3411 = ORIENTED_EDGE('',*,*,#2813,.T.);
#3412 = ORIENTED_EDGE('',*,*,#1969,.T.);
#3413 = ORIENTED_EDGE('',*,*,#1961,.T.);
#3414 = ORIENTED_EDGE('',*,*,#1911,.T.);
#3415 = ORIENTED_EDGE('',*,*,#1878,.T.);
#3416 = ORIENTED_EDGE('',*,*,#1943,.T.);
#3417 = ORIENTED_EDGE('',*,*,#2033,.T.);
#3418 = ORIENTED_EDGE('',*,*,#2089,.T.);
#3419 = FACE_BOUND('',#3420,.T.);
#3420 = EDGE_LOOP('',(#3421));
#3421 = ORIENTED_EDGE('',*,*,#3422,.F.);
#3422 = EDGE_CURVE('',#3423,#3423,#3425,.T.);
#3423 = VERTEX_POINT('',#3424);
#3424 = CARTESIAN_POINT('',(-73.9749021111,-1.5,9.976647617428));
#3425 = CIRCLE('',#3426,1.5);
#3426 = AXIS2_PLACEMENT_3D('',#3427,#3428,#3429);
#3427 = CARTESIAN_POINT('',(-72.47667264357,-1.5,10.049506814569));
#3428 = DIRECTION('',(0.,-1.,-0.));
#3429 = DIRECTION('',(-0.998819645024,0.,-4.857279809366E-02));
#3430 = FACE_BOUND('',#3431,.T.);
#3431 = EDGE_LOOP('',(#3432));
#3432 = ORIENTED_EDGE('',*,*,#3433,.F.);
#3433 = EDGE_CURVE('',#3434,#3434,#3436,.T.);
#3434 = VERTEX_POINT('',#3435);
#3435 = CARTESIAN_POINT('',(-65.64416567588,-1.5,20.494671692648));
#3436 = CIRCLE('',#3437,1.5);
#3437 = AXIS2_PLACEMENT_3D('',#3438,#3439,#3440);
#3438 = CARTESIAN_POINT('',(-66.45637832527,-1.5,21.755746873662));
#3439 = DIRECTION('',(0.,-1.,0.));
#3440 = DIRECTION('',(0.541475099594,0.,-0.840716787343));
#3441 = FACE_BOUND('',#3442,.T.);
#3442 = EDGE_LOOP('',(#3443));
#3443 = ORIENTED_EDGE('',*,*,#3444,.F.);
#3444 = EDGE_CURVE('',#3445,#3445,#3447,.T.);
#3445 = VERTEX_POINT('',#3446);
#3446 = CARTESIAN_POINT('',(-78.91840994025,-1.5,22.450289040171));
#3447 = CIRCLE('',#3448,1.5);
#3448 = AXIS2_PLACEMENT_3D('',#3449,#3450,#3451);
#3449 = CARTESIAN_POINT('',(-79.60442675839,-1.5,21.116354662016));
#3450 = DIRECTION('',(0.,-1.,0.));
#3451 = DIRECTION('',(0.45734454543,0.,0.889289585436));
#3452 = PLANE('',#3453);
#3453 = AXIS2_PLACEMENT_3D('',#3454,#3455,#3456);
#3454 = CARTESIAN_POINT('',(-72.84582590908,-1.5,17.640536116749));
#3455 = DIRECTION('',(0.,-1.,0.));
#3456 = DIRECTION('',(0.45734454543,0.,0.889289585436));
#3457 = ADVANCED_FACE('',(#3458),#3462,.T.);
#3458 = FACE_BOUND('',#3459,.T.);
#3459 = EDGE_LOOP('',(#3460,#3461));
#3460 = ORIENTED_EDGE('',*,*,#1985,.F.);
#3461 = ORIENTED_EDGE('',*,*,#2805,.F.);
#3462 = PLANE('',#3463);
#3463 = AXIS2_PLACEMENT_3D('',#3464,#3465,#3466);
#3464 = CARTESIAN_POINT('',(-66.0871943702,-9.,6.29325010988));
#3465 = DIRECTION('',(0.,-1.,0.));
#3466 = DIRECTION('',(0.45734454543,0.,0.889289585436));
#3467 = ADVANCED_FACE('',(#3468,#3471),#3482,.F.);
#3468 = FACE_BOUND('',#3469,.F.);
#3469 = EDGE_LOOP('',(#3470));
#3470 = ORIENTED_EDGE('',*,*,#2130,.T.);
#3471 = FACE_BOUND('',#3472,.F.);
#3472 = EDGE_LOOP('',(#3473));
#3473 = ORIENTED_EDGE('',*,*,#3474,.T.);
#3474 = EDGE_CURVE('',#3475,#3475,#3477,.T.);
#3475 = VERTEX_POINT('',#3476);
#3476 = CARTESIAN_POINT('',(-65.64416567588,12.3,20.494671692648));
#3477 = CIRCLE('',#3478,1.5);
#3478 = AXIS2_PLACEMENT_3D('',#3479,#3480,#3481);
#3479 = CARTESIAN_POINT('',(-66.45637832527,12.3,21.755746873662));
#3480 = DIRECTION('',(-1.373671701999E-16,1.,-9.686744863737E-16));
#3481 = DIRECTION('',(0.541475099594,-7.4E-16,-0.840716787343));
#3482 = PLANE('',#3483);
#3483 = AXIS2_PLACEMENT_3D('',#3484,#3485,#3486);
#3484 = CARTESIAN_POINT('',(-66.45637832527,12.3,21.755746873662));
#3485 = DIRECTION('',(0.,-1.,0.));
#3486 = DIRECTION('',(0.840716787343,0.,0.541475099594));
#3487 = ADVANCED_FACE('',(#3488,#3491),#3502,.F.);
#3488 = FACE_BOUND('',#3489,.F.);
#3489 = EDGE_LOOP('',(#3490));
#3490 = ORIENTED_EDGE('',*,*,#2155,.T.);
#3491 = FACE_BOUND('',#3492,.F.);
#3492 = EDGE_LOOP('',(#3493));
#3493 = ORIENTED_EDGE('',*,*,#3494,.T.);
#3494 = EDGE_CURVE('',#3495,#3495,#3497,.T.);
#3495 = VERTEX_POINT('',#3496);
#3496 = CARTESIAN_POINT('',(-78.91840994025,12.3,22.450289040171));
#3497 = CIRCLE('',#3498,1.5);
#3498 = AXIS2_PLACEMENT_3D('',#3499,#3500,#3501);
#3499 = CARTESIAN_POINT('',(-79.60442675839,12.3,21.116354662016));
#3500 = DIRECTION('',(-7.088763730259E-17,1.,-3.346265722827E-16));
#3501 = DIRECTION('',(0.45734454543,3.3E-16,0.889289585436));
#3502 = PLANE('',#3503);
#3503 = AXIS2_PLACEMENT_3D('',#3504,#3505,#3506);
#3504 = CARTESIAN_POINT('',(-79.60442675839,12.3,21.116354662016));
#3505 = DIRECTION('',(-0.,-1.,0.));
#3506 = DIRECTION('',(-0.889289585436,0.,0.45734454543));
#3507 = ADVANCED_FACE('',(#3508,#3511),#3522,.F.);
#3508 = FACE_BOUND('',#3509,.F.);
#3509 = EDGE_LOOP('',(#3510));
#3510 = ORIENTED_EDGE('',*,*,#2180,.T.);
#3511 = FACE_BOUND('',#3512,.F.);
#3512 = EDGE_LOOP('',(#3513));
#3513 = ORIENTED_EDGE('',*,*,#3514,.T.);
#3514 = EDGE_CURVE('',#3515,#3515,#3517,.T.);
#3515 = VERTEX_POINT('',#3516);
#3516 = CARTESIAN_POINT('',(-73.9749021111,12.3,9.976647617428));
#3517 = CIRCLE('',#3518,1.5);
#3518 = AXIS2_PLACEMENT_3D('',#3519,#3520,#3521);
#3519 = CARTESIAN_POINT('',(-72.47667264357,12.3,10.049506814569));
#3520 = DIRECTION('',(-5.199334890754E-16,1.,-4.257571689801E-16));
#3521 = DIRECTION('',(-0.998819645024,-5.4E-16,-4.857279809366E-02));
#3522 = PLANE('',#3523);
#3523 = AXIS2_PLACEMENT_3D('',#3524,#3525,#3526);
#3524 = CARTESIAN_POINT('',(-72.47667264357,12.3,10.049506814569));
#3525 = DIRECTION('',(0.,-1.,0.));
#3526 = DIRECTION('',(4.857279809366E-02,0.,-0.998819645024));
#3527 = ADVANCED_FACE('',(#3528),#3539,.T.);
#3528 = FACE_BOUND('',#3529,.T.);
#3529 = EDGE_LOOP('',(#3530,#3531,#3538));
#3530 = ORIENTED_EDGE('',*,*,#2358,.F.);
#3531 = ORIENTED_EDGE('',*,*,#3532,.T.);
#3532 = EDGE_CURVE('',#2359,#2382,#3533,.T.);
#3533 = CIRCLE('',#3534,1.);
#3534 = AXIS2_PLACEMENT_3D('',#3535,#3536,#3537);
#3535 = CARTESIAN_POINT('',(10.392196624383,14.,20.598043233594));
#3536 = DIRECTION('',(-0.,1.,0.));
#3537 = DIRECTION('',(1.665334536938E-16,0.,1.));
#3538 = ORIENTED_EDGE('',*,*,#2381,.T.);
#3539 = SPHERICAL_SURFACE('',#3540,1.);
#3540 = AXIS2_PLACEMENT_3D('',#3541,#3542,#3543);
#3541 = CARTESIAN_POINT('',(10.392196624383,14.,20.598043233594));
#3542 = DIRECTION('',(0.,1.,0.));
#3543 = DIRECTION('',(1.665334536938E-16,0.,1.));
#3544 = ADVANCED_FACE('',(#3545),#3556,.T.);
#3545 = FACE_BOUND('',#3546,.T.);
#3546 = EDGE_LOOP('',(#3547,#3548,#3555));
#3547 = ORIENTED_EDGE('',*,*,#2399,.F.);
#3548 = ORIENTED_EDGE('',*,*,#3549,.T.);
#3549 = EDGE_CURVE('',#2391,#2416,#3550,.T.);
#3550 = CIRCLE('',#3551,1.);
#3551 = AXIS2_PLACEMENT_3D('',#3552,#3553,#3554);
#3552 = CARTESIAN_POINT('',(37.919637478919,14.,20.598043233594));
#3553 = DIRECTION('',(0.,1.,-0.));
#3554 = DIRECTION('',(-0.997371045454,0.,7.246376811592E-02));
#3555 = ORIENTED_EDGE('',*,*,#2415,.T.);
#3556 = SPHERICAL_SURFACE('',#3557,1.);
#3557 = AXIS2_PLACEMENT_3D('',#3558,#3559,#3560);
#3558 = CARTESIAN_POINT('',(37.919637478919,14.,20.598043233594));
#3559 = DIRECTION('',(0.,1.,0.));
#3560 = DIRECTION('',(-0.997371045454,0.,7.246376811592E-02));
#3561 = ADVANCED_FACE('',(#3562),#3578,.T.);
#3562 = FACE_BOUND('',#3563,.T.);
#3563 = EDGE_LOOP('',(#3564,#3565,#3577));
#3564 = ORIENTED_EDGE('',*,*,#2425,.F.);
#3565 = ORIENTED_EDGE('',*,*,#3566,.T.);
#3566 = EDGE_CURVE('',#2426,#2451,#3567,.T.);
#3567 = B_SPLINE_CURVE_WITH_KNOTS('',8,(#3568,#3569,#3570,#3571,#3572,
    #3573,#3574,#3575,#3576),.UNSPECIFIED.,.F.,.F.,(9,9),(0.,1.),
  .PIECEWISE_BEZIER_KNOTS.);
#3568 = CARTESIAN_POINT('',(40.801815085401,14.,21.598043233594));
#3569 = CARTESIAN_POINT('',(40.945597677878,14.,21.598043233594));
#3570 = CARTESIAN_POINT('',(41.089381741865,14.,21.550788538943));
#3571 = CARTESIAN_POINT('',(41.215041069329,14.,21.456287331454));
#3572 = CARTESIAN_POINT('',(41.304484727469,14.,21.322843931575));
#3573 = CARTESIAN_POINT('',(41.344318459804,14.,21.167214298394));
#3574 = CARTESIAN_POINT('',(41.330982616127,14.,21.010552560669));
#3575 = CARTESIAN_POINT('',(41.270348143301,14.,20.871879117179));
#3576 = CARTESIAN_POINT('',(41.174493081651,14.,20.764709900261));
#3577 = ORIENTED_EDGE('',*,*,#2450,.T.);
#3578 = B_SPLINE_SURFACE_WITH_KNOTS('',8,8,(
    (#3579,#3580,#3581,#3582,#3583,#3584,#3585,#3586,#3587)
    ,(#3588,#3589,#3590,#3591,#3592,#3593,#3594,#3595,#3596)
    ,(#3597,#3598,#3599,#3600,#3601,#3602,#3603,#3604,#3605)
    ,(#3606,#3607,#3608,#3609,#3610,#3611,#3612,#3613,#3614)
    ,(#3615,#3616,#3617,#3618,#3619,#3620,#3621,#3622,#3623)
    ,(#3624,#3625,#3626,#3627,#3628,#3629,#3630,#3631,#3632)
    ,(#3633,#3634,#3635,#3636,#3637,#3638,#3639,#3640,#3641)
    ,(#3642,#3643,#3644,#3645,#3646,#3647,#3648,#3649,#3650)
    ,(#3651,#3652,#3653,#3654,#3655,#3656,#3657,#3658,#3659
  )),.UNSPECIFIED.,.F.,.F.,.F.,(9,9),(9,9),(0.,1.),(0.,1.),
  .PIECEWISE_BEZIER_KNOTS.);
#3579 = CARTESIAN_POINT('',(40.801815085401,14.,21.598043233594));
#3580 = CARTESIAN_POINT('',(40.679811953817,14.196349540849,
    21.598043233594));
#3581 = CARTESIAN_POINT('',(40.557808822235,14.392699143504,
    21.553982444634));
#3582 = CARTESIAN_POINT('',(40.435805690648,14.577513234335,
    21.465861299466));
#3583 = CARTESIAN_POINT('',(40.313802559068,14.73925875578,
    21.337301989374));
#3584 = CARTESIAN_POINT('',(40.191799427479,14.867818065872,
    21.17555646793));
#3585 = CARTESIAN_POINT('',(40.069796295898,14.955939211039,
    20.990742377098));
#3586 = CARTESIAN_POINT('',(39.947793164313,15.,20.794392774444));
#3587 = CARTESIAN_POINT('',(39.825790032729,15.,20.598043233594));
#3588 = CARTESIAN_POINT('',(40.945597677878,14.,21.598043233594));
#3589 = CARTESIAN_POINT('',(40.817928071655,14.196859441912,
    21.615585160144));
#3590 = CARTESIAN_POINT('',(40.686275083221,14.403904300654,
    21.578770359728));
#3591 = CARTESIAN_POINT('',(40.550279175713,14.602559713499,
    21.48242782865));
#3592 = CARTESIAN_POINT('',(40.410038492917,14.765996529882,
    21.332378198601));
#3593 = CARTESIAN_POINT('',(40.266285284706,14.881896315682,
    21.159449077398));
#3594 = CARTESIAN_POINT('',(40.120172231824,14.960453080419,
    20.974590778889));
#3595 = CARTESIAN_POINT('',(39.97294216958,15.,20.784483953351));
#3596 = CARTESIAN_POINT('',(39.825790032729,15.,20.598043233594));
#3597 = CARTESIAN_POINT('',(41.089381741865,14.,21.550788538943));
#3598 = CARTESIAN_POINT('',(40.990624517072,14.197369342975,
    21.602634219721));
#3599 = CARTESIAN_POINT('',(40.875458551457,14.41230201,21.553267494702)
  );
#3600 = CARTESIAN_POINT('',(40.729748072211,14.62106890093,
    21.451491339037));
#3601 = CARTESIAN_POINT('',(40.561151990022,14.785807567004,
    21.291700191416));
#3602 = CARTESIAN_POINT('',(40.379875726634,14.892527609183,
    21.113970141293));
#3603 = CARTESIAN_POINT('',(40.193026175448,14.963947792855,
    20.933155082453));
#3604 = CARTESIAN_POINT('',(40.011091922064,15.,20.741036570662));
#3605 = CARTESIAN_POINT('',(39.825790032729,15.,20.598043233594));
#3606 = CARTESIAN_POINT('',(41.215041069329,14.,21.456287331454));
#3607 = CARTESIAN_POINT('',(41.180134553539,14.197879244038,
    21.521892886283));
#3608 = CARTESIAN_POINT('',(41.079780718651,14.417216542388,
    21.488767715478));
#3609 = CARTESIAN_POINT('',(40.920231779206,14.631585898258,
    21.39726114993));
#3610 = CARTESIAN_POINT('',(40.712538354448,14.796896404586,
    21.248199124273));
#3611 = CARTESIAN_POINT('',(40.483438379861,14.898331150192,
    21.077911042419));
#3612 = CARTESIAN_POINT('',(40.250181685157,14.965819132602,
    20.904690909176));
#3613 = CARTESIAN_POINT('',(40.02615078332,15.,20.728094761896));
#3614 = CARTESIAN_POINT('',(39.825790032729,15.,20.598043233594));
#3615 = CARTESIAN_POINT('',(41.304484727469,14.,21.322843931575));
#3616 = CARTESIAN_POINT('',(41.337730665306,14.1983891451,21.33919772713
    ));
#3617 = CARTESIAN_POINT('',(41.254879546059,14.419137724187,
    21.305122381491));
#3618 = CARTESIAN_POINT('',(41.084881948471,14.635154881564,
    21.231102147512));
#3619 = CARTESIAN_POINT('',(40.841927275605,14.800512376444,
    21.120348439087));
#3620 = CARTESIAN_POINT('',(40.5694600127,14.900216395552,
    20.990422408472));
#3621 = CARTESIAN_POINT('',(40.294926838696,14.96644241996,
    20.854534600344));
#3622 = CARTESIAN_POINT('',(40.034024214499,15.,20.717984044872));
#3623 = CARTESIAN_POINT('',(39.825790032729,15.,20.598043233594));
#3624 = CARTESIAN_POINT('',(41.344318459804,14.,21.167214298394));
#3625 = CARTESIAN_POINT('',(41.367308039852,14.198899046163,
    21.102658056857));
#3626 = CARTESIAN_POINT('',(41.274156589316,14.418263992886,
    21.056552872815));
#3627 = CARTESIAN_POINT('',(41.100046693472,14.632195258318,
    21.0027840111));
#3628 = CARTESIAN_POINT('',(40.852948466463,14.797143617302,
    20.943390954291));
#3629 = CARTESIAN_POINT('',(40.579056463916,14.898520238854,
    20.871319752933));
#3630 = CARTESIAN_POINT('',(40.304267675837,14.965948091217,
    20.789606763402));
#3631 = CARTESIAN_POINT('',(40.037618401855,15.,20.70595959183));
#3632 = CARTESIAN_POINT('',(39.825790032729,15.,20.598043233594));
#3633 = CARTESIAN_POINT('',(41.330982616127,14.,21.010552560669));
#3634 = CARTESIAN_POINT('',(41.303989948186,14.199408947226,
    20.912347552184));
#3635 = CARTESIAN_POINT('',(41.191808611989,14.414793785975,
    20.868530900288));
#3636 = CARTESIAN_POINT('',(41.021640009828,14.623126435989,
    20.832776979567));
#3637 = CARTESIAN_POINT('',(40.792884345716,14.787278261884,
    20.809129935963));
#3638 = CARTESIAN_POINT('',(40.543741176245,14.893579573686,
    20.776043754666));
#3639 = CARTESIAN_POINT('',(40.292352738564,14.964466582663,
    20.731517888912));
#3640 = CARTESIAN_POINT('',(40.03983953164,15.,20.687276575016));
#3641 = CARTESIAN_POINT('',(39.825790032729,15.,20.598043233594));
#3642 = CARTESIAN_POINT('',(41.270348143301,14.,20.871879117179));
#3643 = CARTESIAN_POINT('',(41.203965875502,14.199918848288,
    20.77780764187));
#3644 = CARTESIAN_POINT('',(41.097095158339,14.409216929824,
    20.716071715131));
#3645 = CARTESIAN_POINT('',(40.943439897355,14.608992590657,
    20.686270321087));
#3646 = CARTESIAN_POINT('',(40.743965681209,14.772165644007,
    20.679098331614));
#3647 = CARTESIAN_POINT('',(40.522811709499,14.886303856894,
    20.67132698726));
#3648 = CARTESIAN_POINT('',(40.29159060919,14.962373214599,
    20.657708704351));
#3649 = CARTESIAN_POINT('',(40.056593065005,15.,20.634260512244));
#3650 = CARTESIAN_POINT('',(39.825790032729,15.,20.598043233594));
#3651 = CARTESIAN_POINT('',(41.174493081651,14.,20.764709900261));
#3652 = CARTESIAN_POINT('',(41.104355995903,14.200428749351,
    20.686294254522));
#3653 = CARTESIAN_POINT('',(41.002351852446,14.400857695276,
    20.636379573485));
#3654 = CARTESIAN_POINT('',(40.865604356447,14.588338823954,
    20.611695276369));
#3655 = CARTESIAN_POINT('',(40.694898658069,14.75001030111,
    20.605604834818));
#3656 = CARTESIAN_POINT('',(40.496092756464,14.875312292293,
    20.608916028628));
#3657 = CARTESIAN_POINT('',(40.278408097414,14.959063771278,
    20.612967684202));
#3658 = CARTESIAN_POINT('',(40.051787363507,15.,20.610955539037));
#3659 = CARTESIAN_POINT('',(39.825790032729,15.,20.598043233594));
#3660 = ADVANCED_FACE('',(#3661),#3677,.T.);
#3661 = FACE_BOUND('',#3662,.T.);
#3662 = EDGE_LOOP('',(#3663,#3664,#3676));
#3663 = ORIENTED_EDGE('',*,*,#2473,.F.);
#3664 = ORIENTED_EDGE('',*,*,#3665,.T.);
#3665 = EDGE_CURVE('',#2465,#2492,#3666,.T.);
#3666 = B_SPLINE_CURVE_WITH_KNOTS('',8,(#3667,#3668,#3669,#3670,#3671,
    #3672,#3673,#3674,#3675),.UNSPECIFIED.,.F.,.F.,(9,9),(0.,1.),
  .PIECEWISE_BEZIER_KNOTS.);
#3667 = CARTESIAN_POINT('',(47.137341021651,14.,20.764709900261));
#3668 = CARTESIAN_POINT('',(47.04148596,14.,20.87187911718));
#3669 = CARTESIAN_POINT('',(46.980851487173,14.,21.010552560668));
#3670 = CARTESIAN_POINT('',(46.9675156435,14.,21.167214298398));
#3671 = CARTESIAN_POINT('',(47.007349375827,14.,21.322843931572));
#3672 = CARTESIAN_POINT('',(47.096793033979,14.,21.456287331456));
#3673 = CARTESIAN_POINT('',(47.222452361433,14.,21.550788538943));
#3674 = CARTESIAN_POINT('',(47.366236425426,14.,21.598043233594));
#3675 = CARTESIAN_POINT('',(47.510019017901,14.,21.598043233594));
#3676 = ORIENTED_EDGE('',*,*,#2491,.T.);
#3677 = B_SPLINE_SURFACE_WITH_KNOTS('',8,8,(
    (#3678,#3679,#3680,#3681,#3682,#3683,#3684,#3685,#3686)
    ,(#3687,#3688,#3689,#3690,#3691,#3692,#3693,#3694,#3695)
    ,(#3696,#3697,#3698,#3699,#3700,#3701,#3702,#3703,#3704)
    ,(#3705,#3706,#3707,#3708,#3709,#3710,#3711,#3712,#3713)
    ,(#3714,#3715,#3716,#3717,#3718,#3719,#3720,#3721,#3722)
    ,(#3723,#3724,#3725,#3726,#3727,#3728,#3729,#3730,#3731)
    ,(#3732,#3733,#3734,#3735,#3736,#3737,#3738,#3739,#3740)
    ,(#3741,#3742,#3743,#3744,#3745,#3746,#3747,#3748,#3749)
    ,(#3750,#3751,#3752,#3753,#3754,#3755,#3756,#3757,#3758
  )),.UNSPECIFIED.,.F.,.F.,.F.,(9,9),(9,9),(0.,1.),(0.,1.),
  .PIECEWISE_BEZIER_KNOTS.);
#3678 = CARTESIAN_POINT('',(47.137341021651,14.,20.764709900261));
#3679 = CARTESIAN_POINT('',(47.207478107399,14.200428749351,
    20.686294254522));
#3680 = CARTESIAN_POINT('',(47.309482250853,14.400857695276,
    20.636379573485));
#3681 = CARTESIAN_POINT('',(47.446229746858,14.588338823954,
    20.611695276369));
#3682 = CARTESIAN_POINT('',(47.616935445226,14.750010301111,
    20.605604834818));
#3683 = CARTESIAN_POINT('',(47.815741346843,14.875312292293,
    20.608916028628));
#3684 = CARTESIAN_POINT('',(48.033426005885,14.959063771278,
    20.612967684202));
#3685 = CARTESIAN_POINT('',(48.260046739796,15.,20.610955539037));
#3686 = CARTESIAN_POINT('',(48.486044070573,15.,20.598043233594));
#3687 = CARTESIAN_POINT('',(47.04148596,14.,20.87187911718));
#3688 = CARTESIAN_POINT('',(47.107868227799,14.199918848288,
    20.777807641871));
#3689 = CARTESIAN_POINT('',(47.214738944959,14.409216929824,
    20.716071715132));
#3690 = CARTESIAN_POINT('',(47.36839420595,14.608992590657,
    20.686270321087));
#3691 = CARTESIAN_POINT('',(47.567868422085,14.772165644007,
    20.679098331614));
#3692 = CARTESIAN_POINT('',(47.789022393808,14.886303856894,
    20.671326987261));
#3693 = CARTESIAN_POINT('',(48.020243494108,14.962373214599,
    20.657708704351));
#3694 = CARTESIAN_POINT('',(48.255241038298,15.,20.634260512245));
#3695 = CARTESIAN_POINT('',(48.486044070573,15.,20.598043233594));
#3696 = CARTESIAN_POINT('',(46.980851487173,14.,21.010552560668));
#3697 = CARTESIAN_POINT('',(47.007844155114,14.199408947226,
    20.912347552184));
#3698 = CARTESIAN_POINT('',(47.12002549131,14.414793785975,
    20.86853090029));
#3699 = CARTESIAN_POINT('',(47.290194093476,14.623126435989,
    20.832776979567));
#3700 = CARTESIAN_POINT('',(47.518949757581,14.787278261884,
    20.809129935965));
#3701 = CARTESIAN_POINT('',(47.76809292706,14.893579573686,
    20.776043754666));
#3702 = CARTESIAN_POINT('',(48.019481364735,14.964466582663,
    20.731517888912));
#3703 = CARTESIAN_POINT('',(48.271994571663,15.,20.687276575016));
#3704 = CARTESIAN_POINT('',(48.486044070573,15.,20.598043233594));
#3705 = CARTESIAN_POINT('',(46.9675156435,14.,21.167214298398));
#3706 = CARTESIAN_POINT('',(46.944526063452,14.198899046163,
    21.102658056859));
#3707 = CARTESIAN_POINT('',(47.037677513986,14.418263992886,
    21.056552872817));
#3708 = CARTESIAN_POINT('',(47.211787409833,14.632195258318,
    21.0027840111));
#3709 = CARTESIAN_POINT('',(47.458885636837,14.797143617302,
    20.943390954293));
#3710 = CARTESIAN_POINT('',(47.732777639389,14.898520238854,
    20.871319752933));
#3711 = CARTESIAN_POINT('',(48.007566427464,14.965948091217,
    20.789606763403));
#3712 = CARTESIAN_POINT('',(48.274215701448,15.,20.70595959183));
#3713 = CARTESIAN_POINT('',(48.486044070573,15.,20.598043233594));
#3714 = CARTESIAN_POINT('',(47.007349375827,14.,21.322843931572));
#3715 = CARTESIAN_POINT('',(46.97410343799,14.1983891451,21.33919772713)
  );
#3716 = CARTESIAN_POINT('',(47.056954557239,14.419137724187,
    21.305122381493));
#3717 = CARTESIAN_POINT('',(47.22695215483,14.635154881564,
    21.231102147513));
#3718 = CARTESIAN_POINT('',(47.469906827694,14.800512376444,
    21.12034843909));
#3719 = CARTESIAN_POINT('',(47.742374090602,14.900216395552,
    20.990422408471));
#3720 = CARTESIAN_POINT('',(48.016907264604,14.96644241996,
    20.854534600345));
#3721 = CARTESIAN_POINT('',(48.277809888803,15.,20.717984044871));
#3722 = CARTESIAN_POINT('',(48.486044070573,15.,20.598043233594));
#3723 = CARTESIAN_POINT('',(47.096793033979,14.,21.456287331456));
#3724 = CARTESIAN_POINT('',(47.131699549768,14.197879244037,
    21.521892886284));
#3725 = CARTESIAN_POINT('',(47.232053384655,14.417216542388,
    21.488767715479));
#3726 = CARTESIAN_POINT('',(47.391602324099,14.631585898258,
    21.397261149928));
#3727 = CARTESIAN_POINT('',(47.599295748856,14.796896404586,
    21.248199124275));
#3728 = CARTESIAN_POINT('',(47.828395723443,14.898331150191,
    21.077911042417));
#3729 = CARTESIAN_POINT('',(48.061652418146,14.965819132602,
    20.904690909177));
#3730 = CARTESIAN_POINT('',(48.285683319983,15.,20.728094761896));
#3731 = CARTESIAN_POINT('',(48.486044070573,15.,20.598043233594));
#3732 = CARTESIAN_POINT('',(47.222452361433,14.,21.550788538943));
#3733 = CARTESIAN_POINT('',(47.321209586226,14.197369342975,
    21.602634219722));
#3734 = CARTESIAN_POINT('',(47.436375551844,14.412302010001,
    21.553267494705));
#3735 = CARTESIAN_POINT('',(47.582086031089,14.62106890093,
    21.451491339037));
#3736 = CARTESIAN_POINT('',(47.75068211328,14.785807567005,
    21.29170019142));
#3737 = CARTESIAN_POINT('',(47.931958376666,14.892527609183,
    21.113970141292));
#3738 = CARTESIAN_POINT('',(48.118807927853,14.963947792855,
    20.933155082455));
#3739 = CARTESIAN_POINT('',(48.300742181238,15.,20.741036570662));
#3740 = CARTESIAN_POINT('',(48.486044070573,15.,20.598043233594));
#3741 = CARTESIAN_POINT('',(47.366236425426,14.,21.598043233594));
#3742 = CARTESIAN_POINT('',(47.493906031648,14.196859441912,
    21.615585160143));
#3743 = CARTESIAN_POINT('',(47.625559020085,14.403904300654,
    21.578770359729));
#3744 = CARTESIAN_POINT('',(47.761554927588,14.602559713499,
    21.482427828648));
#3745 = CARTESIAN_POINT('',(47.90179561039,14.765996529882,
    21.332378198604));
#3746 = CARTESIAN_POINT('',(48.045548818594,14.881896315682,
    21.159449077394));
#3747 = CARTESIAN_POINT('',(48.19166187148,14.960453080419,
    20.974590778891));
#3748 = CARTESIAN_POINT('',(48.338891933722,15.,20.784483953351));
#3749 = CARTESIAN_POINT('',(48.486044070573,15.,20.598043233594));
#3750 = CARTESIAN_POINT('',(47.510019017901,14.,21.598043233594));
#3751 = CARTESIAN_POINT('',(47.632022149485,14.196349540849,
    21.598043233594));
#3752 = CARTESIAN_POINT('',(47.754025281069,14.392699143504,
    21.553982444634));
#3753 = CARTESIAN_POINT('',(47.876028412652,14.577513234335,
    21.465861299464));
#3754 = CARTESIAN_POINT('',(47.998031544238,14.73925875578,
    21.337301989377));
#3755 = CARTESIAN_POINT('',(48.12003467582,14.867818065871,
    21.175556467927));
#3756 = CARTESIAN_POINT('',(48.242037807406,14.955939211039,
    20.9907423771));
#3757 = CARTESIAN_POINT('',(48.364040938989,15.,20.794392774443));
#3758 = CARTESIAN_POINT('',(48.486044070573,15.,20.598043233594));
#3759 = ADVANCED_FACE('',(#3760),#3771,.F.);
#3760 = FACE_BOUND('',#3761,.T.);
#3761 = EDGE_LOOP('',(#3762,#3763,#3769,#3770));
#3762 = ORIENTED_EDGE('',*,*,#2716,.T.);
#3763 = ORIENTED_EDGE('',*,*,#3764,.T.);
#3764 = EDGE_CURVE('',#2717,#3046,#3765,.T.);
#3765 = LINE('',#3766,#3767);
#3766 = CARTESIAN_POINT('',(-6.9E-16,-2.8,0.));
#3767 = VECTOR('',#3768,1.);
#3768 = DIRECTION('',(0.,0.,1.));
#3769 = ORIENTED_EDGE('',*,*,#3045,.F.);
#3770 = ORIENTED_EDGE('',*,*,#3764,.F.);
#3771 = CYLINDRICAL_SURFACE('',#3772,2.8);
#3772 = AXIS2_PLACEMENT_3D('',#3773,#3774,#3775);
#3773 = CARTESIAN_POINT('',(0.,0.,0.));
#3774 = DIRECTION('',(-0.,0.,-1.));
#3775 = DIRECTION('',(0.,-1.,0.));
#3776 = ADVANCED_FACE('',(#3777),#3787,.T.);
#3777 = FACE_BOUND('',#3778,.T.);
#3778 = EDGE_LOOP('',(#3779,#3785,#3786));
#3779 = ORIENTED_EDGE('',*,*,#3780,.F.);
#3780 = EDGE_CURVE('',#2781,#2857,#3781,.T.);
#3781 = LINE('',#3782,#3783);
#3782 = CARTESIAN_POINT('',(-66.25238533828,-9.,26.170866792599));
#3783 = VECTOR('',#3784,1.);
#3784 = DIRECTION('',(-0.998819645024,0.,-4.857279809366E-02));
#3785 = ORIENTED_EDGE('',*,*,#2780,.F.);
#3786 = ORIENTED_EDGE('',*,*,#2864,.F.);
#3787 = PLANE('',#3788);
#3788 = AXIS2_PLACEMENT_3D('',#3789,#3790,#3791);
#3789 = CARTESIAN_POINT('',(-66.39810373256,-9.,29.167325727671));
#3790 = DIRECTION('',(0.,-1.,0.));
#3791 = DIRECTION('',(-0.998819645024,0.,-4.857279809366E-02));
#3792 = ADVANCED_FACE('',(#3793),#3799,.T.);
#3793 = FACE_BOUND('',#3794,.T.);
#3794 = EDGE_LOOP('',(#3795,#3796,#3797,#3798));
#3795 = ORIENTED_EDGE('',*,*,#3399,.F.);
#3796 = ORIENTED_EDGE('',*,*,#2789,.F.);
#3797 = ORIENTED_EDGE('',*,*,#3780,.T.);
#3798 = ORIENTED_EDGE('',*,*,#2856,.T.);
#3799 = PLANE('',#3800);
#3800 = AXIS2_PLACEMENT_3D('',#3801,#3802,#3803);
#3801 = CARTESIAN_POINT('',(-66.25238533828,-1.5,26.170866792599));
#3802 = DIRECTION('',(4.857279809366E-02,0.,-0.998819645024));
#3803 = DIRECTION('',(0.,-1.,0.));
#3804 = ADVANCED_FACE('',(#3805),#3816,.T.);
#3805 = FACE_BOUND('',#3806,.T.);
#3806 = EDGE_LOOP('',(#3807,#3808,#3809,#3815));
#3807 = ORIENTED_EDGE('',*,*,#3406,.F.);
#3808 = ORIENTED_EDGE('',*,*,#2839,.F.);
#3809 = ORIENTED_EDGE('',*,*,#3810,.T.);
#3810 = EDGE_CURVE('',#2831,#2823,#3811,.T.);
#3811 = LINE('',#3812,#3813);
#3812 = CARTESIAN_POINT('',(-83.53002926244,-9.,19.085457811478));
#3813 = VECTOR('',#3814,1.);
#3814 = DIRECTION('',(0.541475099594,0.,-0.840716787343));
#3815 = ORIENTED_EDGE('',*,*,#2822,.T.);
#3816 = PLANE('',#3817);
#3817 = AXIS2_PLACEMENT_3D('',#3818,#3819,#3820);
#3818 = CARTESIAN_POINT('',(-83.53002926244,-1.5,19.085457811478));
#3819 = DIRECTION('',(0.840716787343,0.,0.541475099594));
#3820 = DIRECTION('',(0.,-1.,0.));
#3821 = ADVANCED_FACE('',(#3822),#3826,.T.);
#3822 = FACE_BOUND('',#3823,.T.);
#3823 = EDGE_LOOP('',(#3824,#3825));
#3824 = ORIENTED_EDGE('',*,*,#3810,.F.);
#3825 = ORIENTED_EDGE('',*,*,#2830,.F.);
#3826 = PLANE('',#3827);
#3827 = AXIS2_PLACEMENT_3D('',#3828,#3829,#3830);
#3828 = CARTESIAN_POINT('',(-86.05217962447,-9.,17.461032512697));
#3829 = DIRECTION('',(0.,-1.,0.));
#3830 = DIRECTION('',(0.541475099594,0.,-0.840716787343));
#3831 = ADVANCED_FACE('',(#3832),#3838,.T.);
#3832 = FACE_BOUND('',#3833,.F.);
#3833 = EDGE_LOOP('',(#3834,#3835,#3836,#3837));
#3834 = ORIENTED_EDGE('',*,*,#3086,.F.);
#3835 = ORIENTED_EDGE('',*,*,#3064,.F.);
#3836 = ORIENTED_EDGE('',*,*,#3036,.T.);
#3837 = ORIENTED_EDGE('',*,*,#3532,.T.);
#3838 = CYLINDRICAL_SURFACE('',#3839,1.);
#3839 = AXIS2_PLACEMENT_3D('',#3840,#3841,#3842);
#3840 = CARTESIAN_POINT('',(10.392196624383,-15.,20.598043233594));
#3841 = DIRECTION('',(0.,1.,-0.));
#3842 = DIRECTION('',(0.997371045454,0.,7.246376811592E-02));
#3843 = ADVANCED_FACE('',(#3844),#3850,.T.);
#3844 = FACE_BOUND('',#3845,.F.);
#3845 = EDGE_LOOP('',(#3846,#3847,#3848,#3849));
#3846 = ORIENTED_EDGE('',*,*,#3118,.F.);
#3847 = ORIENTED_EDGE('',*,*,#3103,.F.);
#3848 = ORIENTED_EDGE('',*,*,#3079,.T.);
#3849 = ORIENTED_EDGE('',*,*,#3549,.T.);
#3850 = CYLINDRICAL_SURFACE('',#3851,1.);
#3851 = AXIS2_PLACEMENT_3D('',#3852,#3853,#3854);
#3852 = CARTESIAN_POINT('',(37.919637478919,-15.,20.598043233594));
#3853 = DIRECTION('',(0.,1.,-0.));
#3854 = DIRECTION('',(4.107825191113E-15,0.,1.));
#3855 = ADVANCED_FACE('',(#3856),#3862,.T.);
#3856 = FACE_BOUND('',#3857,.T.);
#3857 = EDGE_LOOP('',(#3858,#3859,#3860,#3861));
#3858 = ORIENTED_EDGE('',*,*,#3125,.F.);
#3859 = ORIENTED_EDGE('',*,*,#3142,.T.);
#3860 = ORIENTED_EDGE('',*,*,#3246,.T.);
#3861 = ORIENTED_EDGE('',*,*,#3566,.F.);
#3862 = CYLINDRICAL_SURFACE('',#3863,0.5);
#3863 = AXIS2_PLACEMENT_3D('',#3864,#3865,#3866);
#3864 = CARTESIAN_POINT('',(40.801815085401,-15.,21.098043233594));
#3865 = DIRECTION('',(0.,1.,-0.));
#3866 = DIRECTION('',(4.107825191113E-15,0.,1.));
#3867 = ADVANCED_FACE('',(#3868),#3874,.T.);
#3868 = FACE_BOUND('',#3869,.F.);
#3869 = EDGE_LOOP('',(#3870,#3871,#3872,#3873));
#3870 = ORIENTED_EDGE('',*,*,#3377,.F.);
#3871 = ORIENTED_EDGE('',*,*,#3263,.F.);
#3872 = ORIENTED_EDGE('',*,*,#3239,.T.);
#3873 = ORIENTED_EDGE('',*,*,#3665,.T.);
#3874 = CYLINDRICAL_SURFACE('',#3875,0.5);
#3875 = AXIS2_PLACEMENT_3D('',#3876,#3877,#3878);
#3876 = CARTESIAN_POINT('',(47.510019017901,-15.,21.098043233594));
#3877 = DIRECTION('',(0.,1.,-0.));
#3878 = DIRECTION('',(1.276756478319E-15,0.,1.));
#3879 = ADVANCED_FACE('',(#3880),#3891,.F.);
#3880 = FACE_BOUND('',#3881,.T.);
#3881 = EDGE_LOOP('',(#3882,#3883,#3889,#3890));
#3882 = ORIENTED_EDGE('',*,*,#3514,.T.);
#3883 = ORIENTED_EDGE('',*,*,#3884,.T.);
#3884 = EDGE_CURVE('',#3515,#3423,#3885,.T.);
#3885 = LINE('',#3886,#3887);
#3886 = CARTESIAN_POINT('',(-73.9749021111,15.,9.976647617428));
#3887 = VECTOR('',#3888,1.);
#3888 = DIRECTION('',(0.,-1.,0.));
#3889 = ORIENTED_EDGE('',*,*,#3422,.T.);
#3890 = ORIENTED_EDGE('',*,*,#3884,.F.);
#3891 = CYLINDRICAL_SURFACE('',#3892,1.5);
#3892 = AXIS2_PLACEMENT_3D('',#3893,#3894,#3895);
#3893 = CARTESIAN_POINT('',(-72.47667264357,15.,10.049506814569));
#3894 = DIRECTION('',(0.,1.,0.));
#3895 = DIRECTION('',(-0.998819645024,0.,-4.857279809366E-02));
#3896 = ADVANCED_FACE('',(#3897),#3908,.F.);
#3897 = FACE_BOUND('',#3898,.T.);
#3898 = EDGE_LOOP('',(#3899,#3900,#3906,#3907));
#3899 = ORIENTED_EDGE('',*,*,#3474,.T.);
#3900 = ORIENTED_EDGE('',*,*,#3901,.T.);
#3901 = EDGE_CURVE('',#3475,#3434,#3902,.T.);
#3902 = LINE('',#3903,#3904);
#3903 = CARTESIAN_POINT('',(-65.64416567588,15.,20.494671692648));
#3904 = VECTOR('',#3905,1.);
#3905 = DIRECTION('',(0.,-1.,0.));
#3906 = ORIENTED_EDGE('',*,*,#3433,.T.);
#3907 = ORIENTED_EDGE('',*,*,#3901,.F.);
#3908 = CYLINDRICAL_SURFACE('',#3909,1.5);
#3909 = AXIS2_PLACEMENT_3D('',#3910,#3911,#3912);
#3910 = CARTESIAN_POINT('',(-66.45637832527,15.,21.755746873662));
#3911 = DIRECTION('',(-0.,1.,0.));
#3912 = DIRECTION('',(0.541475099594,0.,-0.840716787343));
#3913 = ADVANCED_FACE('',(#3914),#3925,.F.);
#3914 = FACE_BOUND('',#3915,.T.);
#3915 = EDGE_LOOP('',(#3916,#3917,#3923,#3924));
#3916 = ORIENTED_EDGE('',*,*,#3494,.T.);
#3917 = ORIENTED_EDGE('',*,*,#3918,.T.);
#3918 = EDGE_CURVE('',#3495,#3445,#3919,.T.);
#3919 = LINE('',#3920,#3921);
#3920 = CARTESIAN_POINT('',(-78.91840994025,15.,22.450289040171));
#3921 = VECTOR('',#3922,1.);
#3922 = DIRECTION('',(0.,-1.,0.));
#3923 = ORIENTED_EDGE('',*,*,#3444,.T.);
#3924 = ORIENTED_EDGE('',*,*,#3918,.F.);
#3925 = CYLINDRICAL_SURFACE('',#3926,1.5);
#3926 = AXIS2_PLACEMENT_3D('',#3927,#3928,#3929);
#3927 = CARTESIAN_POINT('',(-79.60442675839,15.,21.116354662016));
#3928 = DIRECTION('',(0.,1.,-0.));
#3929 = DIRECTION('',(0.45734454543,0.,0.889289585436));
#3930 = ( GEOMETRIC_REPRESENTATION_CONTEXT(3) 
GLOBAL_UNCERTAINTY_ASSIGNED_CONTEXT((#3934)) 
GLOBAL_UNIT_ASSIGNED_CONTEXT((#3931,#3932,#3933)) REPRESENTATION_CONTEXT
('Context #1','3D Context with UNIT and UNCERTAINTY') );
#3931 = ( LENGTH_UNIT() NAMED_UNIT(*) SI_UNIT(.MILLI.,.METRE.) );
#3932 = ( NAMED_UNIT(*) PLANE_ANGLE_UNIT() SI_UNIT($,.RADIAN.) );
#3933 = ( NAMED_UNIT(*) SI_UNIT($,.STERADIAN.) SOLID_ANGLE_UNIT() );
#3934 = UNCERTAINTY_MEASURE_WITH_UNIT(LENGTH_MEASURE(1.E-05),#3931,
  'distance_accuracy_value','confusion accuracy');
#3935 = PRODUCT_RELATED_PRODUCT_CATEGORY('part',$,(#7));
#3936 = MECHANICAL_DESIGN_GEOMETRIC_PRESENTATION_REPRESENTATION('',(
    #3937),#3930);
#3937 = STYLED_ITEM('color',(#3938),#15);
#3938 = PRESENTATION_STYLE_ASSIGNMENT((#3939,#3945));
#3939 = SURFACE_STYLE_USAGE(.BOTH.,#3940);
#3940 = SURFACE_SIDE_STYLE('',(#3941));
#3941 = SURFACE_STYLE_FILL_AREA(#3942);
#3942 = FILL_AREA_STYLE('',(#3943));
#3943 = FILL_AREA_STYLE_COLOUR('',#3944);
#3944 = COLOUR_RGB('',0.447058818107,0.474509808674,0.501960817233);
#3945 = CURVE_STYLE('',#3946,POSITIVE_LENGTH_MEASURE(0.1),#3947);
#3946 = DRAUGHTING_PRE_DEFINED_CURVE_FONT('continuous');
#3947 = COLOUR_RGB('',9.803921802644E-02,9.803921802644E-02,
  9.803921802644E-02);
ENDSEC;
END-ISO-10303-21;
