ISO-10303-21;
HEADER;
FILE_DESCRIPTION(('FreeCAD Model'),'2;1');
FILE_NAME('Open CASCADE Shape Model','2026-08-01T16:07:27',(''),(''),
  'Open CASCADE STEP processor 7.8','FreeCAD','Unknown');
FILE_SCHEMA(('AUTOMOTIVE_DESIGN { 1 0 10303 214 1 1 1 1 }'));
ENDSEC;
DATA;
#1 = APPLICATION_PROTOCOL_DEFINITION('international standard',
  'automotive_design',2000,#2);
#2 = APPLICATION_CONTEXT(
  'core data for automotive mechanical design processes');
#3 = SHAPE_DEFINITION_REPRESENTATION(#4,#10);
#4 = PRODUCT_DEFINITION_SHAPE('','',#5);
#5 = PRODUCT_DEFINITION('design','',#6,#9);
#6 = PRODUCT_DEFINITION_FORMATION('','',#7);
#7 = PRODUCT('Fillet001','Fillet001','',(#8));
#8 = PRODUCT_CONTEXT('',#2,'mechanical');
#9 = PRODUCT_DEFINITION_CONTEXT('part definition',#2,'design');
#10 = ADVANCED_BREP_SHAPE_REPRESENTATION('',(#11,#15),#5114);
#11 = AXIS2_PLACEMENT_3D('',#12,#13,#14);
#12 = CARTESIAN_POINT('',(0.,0.,0.));
#13 = DIRECTION('',(0.,0.,1.));
#14 = DIRECTION('',(1.,0.,-0.));
#15 = MANIFOLD_SOLID_BREP('',#16);
#16 = CLOSED_SHELL('',(#17,#233,#264,#289,#314,#725,#920,#945,#970,#987,
    #1018,#1043,#1068,#1092,#1116,#1141,#1166,#1183,#1214,#1239,#1264,
    #1288,#1312,#1337,#1362,#1379,#1412,#1430,#1448,#1474,#1499,#1524,
    #1550,#1576,#1601,#1626,#1652,#1678,#1703,#1728,#1746,#1771,#1796,
    #1821,#1900,#1925,#1950,#1974,#1998,#2023,#2048,#2065,#2099,#2124,
    #2149,#2167,#2201,#2226,#2251,#2277,#2295,#2329,#2354,#2379,#2405,
    #2423,#2457,#2482,#2508,#2534,#2560,#2578,#2604,#2629,#2654,#2680,
    #2706,#2731,#2756,#2774,#2808,#2834,#2860,#2886,#2911,#2929,#2955,
    #2989,#3014,#3039,#3057,#3074,#3132,#3190,#3214,#3238,#3262,#3286,
    #3310,#3334,#3398,#3462,#3474,#3494,#3514,#3534,#3627,#3710,#3720,
    #3742,#3759,#3776,#3788,#3820,#3844,#3868,#3893,#3911,#3943,#3967,
    #3991,#4016,#4034,#4056,#4073,#4090,#4107,#4124,#4136,#4154,#4172,
    #4229,#4254,#4311,#4336,#4385,#4434,#4531,#4628,#4653,#4678,#4695,
    #4712,#4729,#4746,#4763,#4774,#4784,#4818,#4843,#4868,#4894,#4912,
    #4946,#4971,#4996,#5022,#5040,#5058,#5076,#5095));
#17 = ADVANCED_FACE('',(#18,#88,#158),#228,.T.);
#18 = FACE_BOUND('',#19,.T.);
#19 = EDGE_LOOP('',(#20,#30,#39,#47,#56,#64,#73,#81));
#20 = ORIENTED_EDGE('',*,*,#21,.F.);
#21 = EDGE_CURVE('',#22,#24,#26,.T.);
#22 = VERTEX_POINT('',#23);
#23 = CARTESIAN_POINT('',(6.,-14.,23.15));
#24 = VERTEX_POINT('',#25);
#25 = CARTESIAN_POINT('',(6.,14.,23.15));
#26 = LINE('',#27,#28);
#27 = CARTESIAN_POINT('',(6.,-15.,23.15));
#28 = VECTOR('',#29,1.);
#29 = DIRECTION('',(-1.110223024625E-16,1.,3.08148791102E-33));
#30 = ORIENTED_EDGE('',*,*,#31,.F.);
#31 = EDGE_CURVE('',#32,#22,#34,.T.);
#32 = VERTEX_POINT('',#33);
#33 = CARTESIAN_POINT('',(6.,-15.,22.15));
#34 = CIRCLE('',#35,1.);
#35 = AXIS2_PLACEMENT_3D('',#36,#37,#38);
#36 = CARTESIAN_POINT('',(6.,-14.,22.15));
#37 = DIRECTION('',(-1.,-1.232595164408E-32,5.551115123126E-17));
#38 = DIRECTION('',(-5.551115123126E-17,0.,-1.));
#39 = ORIENTED_EDGE('',*,*,#40,.F.);
#40 = EDGE_CURVE('',#41,#32,#43,.T.);
#41 = VERTEX_POINT('',#42);
#42 = CARTESIAN_POINT('',(6.,-15.,-127.85));
#43 = LINE('',#44,#45);
#44 = CARTESIAN_POINT('',(6.,-15.,-128.85));
#45 = VECTOR('',#46,1.);
#46 = DIRECTION('',(-1.110223024625E-16,1.110223024625E-16,1.));
#47 = ORIENTED_EDGE('',*,*,#48,.T.);
#48 = EDGE_CURVE('',#41,#49,#51,.T.);
#49 = VERTEX_POINT('',#50);
#50 = CARTESIAN_POINT('',(6.,-14.,-128.85));
#51 = CIRCLE('',#52,1.);
#52 = AXIS2_PLACEMENT_3D('',#53,#54,#55);
#53 = CARTESIAN_POINT('',(6.,-14.,-127.85));
#54 = DIRECTION('',(1.,1.232595164408E-32,-5.551115123126E-17));
#55 = DIRECTION('',(-5.551115123126E-17,0.,-1.));
#56 = ORIENTED_EDGE('',*,*,#57,.T.);
#57 = EDGE_CURVE('',#49,#58,#60,.T.);
#58 = VERTEX_POINT('',#59);
#59 = CARTESIAN_POINT('',(6.,14.,-128.85));
#60 = LINE('',#61,#62);
#61 = CARTESIAN_POINT('',(6.,-15.,-128.85));
#62 = VECTOR('',#63,1.);
#63 = DIRECTION('',(-1.110223024625E-16,1.,3.08148791102E-33));
#64 = ORIENTED_EDGE('',*,*,#65,.F.);
#65 = EDGE_CURVE('',#66,#58,#68,.T.);
#66 = VERTEX_POINT('',#67);
#67 = CARTESIAN_POINT('',(6.,15.,-127.85));
#68 = CIRCLE('',#69,1.);
#69 = AXIS2_PLACEMENT_3D('',#70,#71,#72);
#70 = CARTESIAN_POINT('',(6.,14.,-127.85));
#71 = DIRECTION('',(-1.,-1.232595164408E-32,5.551115123126E-17));
#72 = DIRECTION('',(-5.551115123126E-17,0.,-1.));
#73 = ORIENTED_EDGE('',*,*,#74,.T.);
#74 = EDGE_CURVE('',#66,#75,#77,.T.);
#75 = VERTEX_POINT('',#76);
#76 = CARTESIAN_POINT('',(6.,15.,22.15));
#77 = LINE('',#78,#79);
#78 = CARTESIAN_POINT('',(6.,15.,-52.85));
#79 = VECTOR('',#80,1.);
#80 = DIRECTION('',(-1.110223024625E-16,1.110223024625E-16,1.));
#81 = ORIENTED_EDGE('',*,*,#82,.T.);
#82 = EDGE_CURVE('',#75,#24,#83,.T.);
#83 = CIRCLE('',#84,1.);
#84 = AXIS2_PLACEMENT_3D('',#85,#86,#87);
#85 = CARTESIAN_POINT('',(6.,14.,22.15));
#86 = DIRECTION('',(1.,1.232595164408E-32,-5.551115123126E-17));
#87 = DIRECTION('',(5.551115123126E-17,0.,1.));
#88 = FACE_BOUND('',#89,.T.);
#89 = EDGE_LOOP('',(#90,#100,#109,#117,#126,#134,#143,#151));
#90 = ORIENTED_EDGE('',*,*,#91,.F.);
#91 = EDGE_CURVE('',#92,#94,#96,.T.);
#92 = VERTEX_POINT('',#93);
#93 = CARTESIAN_POINT('',(6.,4.15,-1.221245327088E-15));
#94 = VERTEX_POINT('',#95);
#95 = CARTESIAN_POINT('',(6.,4.25,-1.221245327088E-15));
#96 = LINE('',#97,#98);
#97 = CARTESIAN_POINT('',(6.,0.,-3.330669073875E-16));
#98 = VECTOR('',#99,1.);
#99 = DIRECTION('',(-5.551115123126E-17,1.,0.));
#100 = ORIENTED_EDGE('',*,*,#101,.T.);
#101 = EDGE_CURVE('',#92,#102,#104,.T.);
#102 = VERTEX_POINT('',#103);
#103 = CARTESIAN_POINT('',(6.,-6.578071420904E-16,4.15));
#104 = CIRCLE('',#105,4.15);
#105 = AXIS2_PLACEMENT_3D('',#106,#107,#108);
#106 = CARTESIAN_POINT('',(6.,4.15,4.15));
#107 = DIRECTION('',(-1.,-5.551115123126E-17,3.08148791102E-33));
#108 = DIRECTION('',(-0.,5.551115123126E-17,1.));
#109 = ORIENTED_EDGE('',*,*,#110,.T.);
#110 = EDGE_CURVE('',#102,#111,#113,.T.);
#111 = VERTEX_POINT('',#112);
#112 = CARTESIAN_POINT('',(6.,-4.302114220422E-16,8.25));
#113 = LINE('',#114,#115);
#114 = CARTESIAN_POINT('',(6.,0.,-3.330669073875E-16));
#115 = VECTOR('',#116,1.);
#116 = DIRECTION('',(0.,5.551115123126E-17,1.));
#117 = ORIENTED_EDGE('',*,*,#118,.T.);
#118 = EDGE_CURVE('',#111,#119,#121,.T.);
#119 = VERTEX_POINT('',#120);
#120 = CARTESIAN_POINT('',(6.,4.15,12.4));
#121 = CIRCLE('',#122,4.15);
#122 = AXIS2_PLACEMENT_3D('',#123,#124,#125);
#123 = CARTESIAN_POINT('',(6.,4.15,8.25));
#124 = DIRECTION('',(-1.,-5.551115123126E-17,3.08148791102E-33));
#125 = DIRECTION('',(-0.,5.551115123126E-17,1.));
#126 = ORIENTED_EDGE('',*,*,#127,.T.);
#127 = EDGE_CURVE('',#119,#128,#130,.T.);
#128 = VERTEX_POINT('',#129);
#129 = CARTESIAN_POINT('',(6.,4.25,12.4));
#130 = LINE('',#131,#132);
#131 = CARTESIAN_POINT('',(6.,6.883382752676E-16,12.4));
#132 = VECTOR('',#133,1.);
#133 = DIRECTION('',(-5.551115123126E-17,1.,0.));
#134 = ORIENTED_EDGE('',*,*,#135,.F.);
#135 = EDGE_CURVE('',#136,#128,#138,.T.);
#136 = VERTEX_POINT('',#137);
#137 = CARTESIAN_POINT('',(6.,8.4,8.25));
#138 = CIRCLE('',#139,4.15);
#139 = AXIS2_PLACEMENT_3D('',#140,#141,#142);
#140 = CARTESIAN_POINT('',(6.,4.25,8.25));
#141 = DIRECTION('',(1.,5.551115123126E-17,-3.08148791102E-33));
#142 = DIRECTION('',(-0.,5.551115123126E-17,1.));
#143 = ORIENTED_EDGE('',*,*,#144,.F.);
#144 = EDGE_CURVE('',#145,#136,#147,.T.);
#145 = VERTEX_POINT('',#146);
#146 = CARTESIAN_POINT('',(6.,8.4,4.15));
#147 = LINE('',#148,#149);
#148 = CARTESIAN_POINT('',(6.,8.4,-3.330669073875E-16));
#149 = VECTOR('',#150,1.);
#150 = DIRECTION('',(0.,5.551115123126E-17,1.));
#151 = ORIENTED_EDGE('',*,*,#152,.F.);
#152 = EDGE_CURVE('',#94,#145,#153,.T.);
#153 = CIRCLE('',#154,4.15);
#154 = AXIS2_PLACEMENT_3D('',#155,#156,#157);
#155 = CARTESIAN_POINT('',(6.,4.25,4.15));
#156 = DIRECTION('',(1.,5.551115123126E-17,-3.08148791102E-33));
#157 = DIRECTION('',(-0.,5.551115123126E-17,1.));
#158 = FACE_BOUND('',#159,.T.);
#159 = EDGE_LOOP('',(#160,#170,#179,#187,#196,#204,#213,#221));
#160 = ORIENTED_EDGE('',*,*,#161,.F.);
#161 = EDGE_CURVE('',#162,#164,#166,.T.);
#162 = VERTEX_POINT('',#163);
#163 = CARTESIAN_POINT('',(6.,-7.874256802154E-15,-109.85));
#164 = VERTEX_POINT('',#165);
#165 = CARTESIAN_POINT('',(6.,-6.325495682802E-15,-113.95));
#166 = LINE('',#167,#168);
#167 = CARTESIAN_POINT('',(6.,-7.072120666862E-15,-105.7));
#168 = VECTOR('',#169,1.);
#169 = DIRECTION('',(2.22044604925E-16,-1.232595164408E-32,-1.));
#170 = ORIENTED_EDGE('',*,*,#171,.T.);
#171 = EDGE_CURVE('',#162,#172,#174,.T.);
#172 = VERTEX_POINT('',#173);
#173 = CARTESIAN_POINT('',(6.,4.15,-105.7));
#174 = CIRCLE('',#175,4.15);
#175 = AXIS2_PLACEMENT_3D('',#176,#177,#178);
#176 = CARTESIAN_POINT('',(6.,4.15,-109.85));
#177 = DIRECTION('',(-1.,5.551115123126E-17,-1.665334536938E-16));
#178 = DIRECTION('',(-1.665334536938E-16,5.551115123126E-17,1.));
#179 = ORIENTED_EDGE('',*,*,#180,.T.);
#180 = EDGE_CURVE('',#172,#181,#183,.T.);
#181 = VERTEX_POINT('',#182);
#182 = CARTESIAN_POINT('',(6.,4.25,-105.7));
#183 = LINE('',#184,#185);
#184 = CARTESIAN_POINT('',(6.,-7.072120666862E-15,-105.7));
#185 = VECTOR('',#186,1.);
#186 = DIRECTION('',(-1.110223024625E-16,1.,1.110223024625E-16));
#187 = ORIENTED_EDGE('',*,*,#188,.F.);
#188 = EDGE_CURVE('',#189,#181,#191,.T.);
#189 = VERTEX_POINT('',#190);
#190 = CARTESIAN_POINT('',(6.,8.4,-109.85));
#191 = CIRCLE('',#192,4.15);
#192 = AXIS2_PLACEMENT_3D('',#193,#194,#195);
#193 = CARTESIAN_POINT('',(6.,4.25,-109.85));
#194 = DIRECTION('',(1.,-5.551115123126E-17,1.665334536938E-16));
#195 = DIRECTION('',(-1.665334536938E-16,5.551115123126E-17,1.));
#196 = ORIENTED_EDGE('',*,*,#197,.T.);
#197 = EDGE_CURVE('',#189,#198,#200,.T.);
#198 = VERTEX_POINT('',#199);
#199 = CARTESIAN_POINT('',(6.,8.4,-113.95));
#200 = LINE('',#201,#202);
#201 = CARTESIAN_POINT('',(6.,8.4,-105.7));
#202 = VECTOR('',#203,1.);
#203 = DIRECTION('',(2.22044604925E-16,-1.232595164408E-32,-1.));
#204 = ORIENTED_EDGE('',*,*,#205,.F.);
#205 = EDGE_CURVE('',#206,#198,#208,.T.);
#206 = VERTEX_POINT('',#207);
#207 = CARTESIAN_POINT('',(6.,4.25,-118.1));
#208 = CIRCLE('',#209,4.15);
#209 = AXIS2_PLACEMENT_3D('',#210,#211,#212);
#210 = CARTESIAN_POINT('',(6.,4.25,-113.95));
#211 = DIRECTION('',(1.,-5.551115123126E-17,1.665334536938E-16));
#212 = DIRECTION('',(-1.665334536938E-16,5.551115123126E-17,1.));
#213 = ORIENTED_EDGE('',*,*,#214,.F.);
#214 = EDGE_CURVE('',#215,#206,#217,.T.);
#215 = VERTEX_POINT('',#216);
#216 = CARTESIAN_POINT('',(6.,4.15,-118.1));
#217 = LINE('',#218,#219);
#218 = CARTESIAN_POINT('',(6.,-7.072120666862E-15,-118.1));
#219 = VECTOR('',#220,1.);
#220 = DIRECTION('',(-1.110223024625E-16,1.,1.110223024625E-16));
#221 = ORIENTED_EDGE('',*,*,#222,.F.);
#222 = EDGE_CURVE('',#164,#215,#223,.T.);
#223 = CIRCLE('',#224,4.15);
#224 = AXIS2_PLACEMENT_3D('',#225,#226,#227);
#225 = CARTESIAN_POINT('',(6.,4.15,-113.95));
#226 = DIRECTION('',(1.,-5.551115123126E-17,1.665334536938E-16));
#227 = DIRECTION('',(-1.665334536938E-16,5.551115123126E-17,1.));
#228 = PLANE('',#229);
#229 = AXIS2_PLACEMENT_3D('',#230,#231,#232);
#230 = CARTESIAN_POINT('',(6.,-7.105427357601E-15,-52.85));
#231 = DIRECTION('',(1.,1.232595164408E-32,-5.551115123126E-17));
#232 = DIRECTION('',(1.110223024625E-16,-1.,-3.08148791102E-33));
#233 = ADVANCED_FACE('',(#234),#259,.F.);
#234 = FACE_BOUND('',#235,.F.);
#235 = EDGE_LOOP('',(#236,#246,#252,#253));
#236 = ORIENTED_EDGE('',*,*,#237,.T.);
#237 = EDGE_CURVE('',#238,#240,#242,.T.);
#238 = VERTEX_POINT('',#239);
#239 = CARTESIAN_POINT('',(3.,-14.,23.15));
#240 = VERTEX_POINT('',#241);
#241 = CARTESIAN_POINT('',(3.,14.,23.15));
#242 = LINE('',#243,#244);
#243 = CARTESIAN_POINT('',(3.,-15.,23.15));
#244 = VECTOR('',#245,1.);
#245 = DIRECTION('',(-1.110223024625E-16,1.,3.08148791102E-33));
#246 = ORIENTED_EDGE('',*,*,#247,.T.);
#247 = EDGE_CURVE('',#240,#24,#248,.T.);
#248 = LINE('',#249,#250);
#249 = CARTESIAN_POINT('',(3.,14.,23.15));
#250 = VECTOR('',#251,1.);
#251 = DIRECTION('',(1.,1.232595164408E-32,-5.551115123126E-17));
#252 = ORIENTED_EDGE('',*,*,#21,.F.);
#253 = ORIENTED_EDGE('',*,*,#254,.T.);
#254 = EDGE_CURVE('',#22,#238,#255,.T.);
#255 = LINE('',#256,#257);
#256 = CARTESIAN_POINT('',(6.,-14.,23.15));
#257 = VECTOR('',#258,1.);
#258 = DIRECTION('',(-1.,-1.232595164408E-32,5.551115123126E-17));
#259 = PLANE('',#260);
#260 = AXIS2_PLACEMENT_3D('',#261,#262,#263);
#261 = CARTESIAN_POINT('',(3.,-15.,23.15));
#262 = DIRECTION('',(1.110223024625E-16,-1.110223024625E-16,-1.));
#263 = DIRECTION('',(1.,1.232595164408E-32,-5.551115123126E-17));
#264 = ADVANCED_FACE('',(#265),#284,.T.);
#265 = FACE_BOUND('',#266,.T.);
#266 = EDGE_LOOP('',(#267,#268,#269,#278));
#267 = ORIENTED_EDGE('',*,*,#31,.T.);
#268 = ORIENTED_EDGE('',*,*,#254,.T.);
#269 = ORIENTED_EDGE('',*,*,#270,.F.);
#270 = EDGE_CURVE('',#271,#238,#273,.T.);
#271 = VERTEX_POINT('',#272);
#272 = CARTESIAN_POINT('',(3.,-15.,22.15));
#273 = CIRCLE('',#274,1.);
#274 = AXIS2_PLACEMENT_3D('',#275,#276,#277);
#275 = CARTESIAN_POINT('',(3.,-14.,22.15));
#276 = DIRECTION('',(-1.,-1.232595164408E-32,5.551115123126E-17));
#277 = DIRECTION('',(1.848892746612E-32,-1.,1.110223024625E-16));
#278 = ORIENTED_EDGE('',*,*,#279,.F.);
#279 = EDGE_CURVE('',#32,#271,#280,.T.);
#280 = LINE('',#281,#282);
#281 = CARTESIAN_POINT('',(6.,-15.,22.15));
#282 = VECTOR('',#283,1.);
#283 = DIRECTION('',(-1.,-1.232595164408E-32,5.551115123126E-17));
#284 = CYLINDRICAL_SURFACE('',#285,1.);
#285 = AXIS2_PLACEMENT_3D('',#286,#287,#288);
#286 = CARTESIAN_POINT('',(6.,-14.,22.15));
#287 = DIRECTION('',(-1.,-1.232595164408E-32,5.551115123126E-17));
#288 = DIRECTION('',(1.848892746612E-32,-1.,1.110223024625E-16));
#289 = ADVANCED_FACE('',(#290),#309,.T.);
#290 = FACE_BOUND('',#291,.T.);
#291 = EDGE_LOOP('',(#292,#301,#302,#303));
#292 = ORIENTED_EDGE('',*,*,#293,.T.);
#293 = EDGE_CURVE('',#294,#240,#296,.T.);
#294 = VERTEX_POINT('',#295);
#295 = CARTESIAN_POINT('',(3.,15.,22.15));
#296 = CIRCLE('',#297,1.);
#297 = AXIS2_PLACEMENT_3D('',#298,#299,#300);
#298 = CARTESIAN_POINT('',(3.,14.,22.15));
#299 = DIRECTION('',(1.,-6.033364510146E-31,-5.600905085631E-15));
#300 = DIRECTION('',(5.600905085631E-15,1.110223024625E-16,1.));
#301 = ORIENTED_EDGE('',*,*,#247,.T.);
#302 = ORIENTED_EDGE('',*,*,#82,.F.);
#303 = ORIENTED_EDGE('',*,*,#304,.F.);
#304 = EDGE_CURVE('',#294,#75,#305,.T.);
#305 = LINE('',#306,#307);
#306 = CARTESIAN_POINT('',(3.,15.,22.15));
#307 = VECTOR('',#308,1.);
#308 = DIRECTION('',(1.,1.232595164408E-32,-5.551115123126E-17));
#309 = CYLINDRICAL_SURFACE('',#310,1.);
#310 = AXIS2_PLACEMENT_3D('',#311,#312,#313);
#311 = CARTESIAN_POINT('',(3.,14.,22.15));
#312 = DIRECTION('',(1.,1.232595164408E-32,-5.551115123126E-17));
#313 = DIRECTION('',(-1.848892746612E-32,1.,-1.110223024625E-16));
#314 = ADVANCED_FACE('',(#315,#436,#447,#458,#469,#539,#575,#620,#665),
  #720,.F.);
#315 = FACE_BOUND('',#316,.F.);
#316 = EDGE_LOOP('',(#317,#318,#326,#335,#343,#352,#360,#369,#377,#386,
    #394,#403,#411,#420,#428,#435));
#317 = ORIENTED_EDGE('',*,*,#40,.F.);
#318 = ORIENTED_EDGE('',*,*,#319,.T.);
#319 = EDGE_CURVE('',#41,#320,#322,.T.);
#320 = VERTEX_POINT('',#321);
#321 = CARTESIAN_POINT('',(3.,-15.,-127.85));
#322 = LINE('',#323,#324);
#323 = CARTESIAN_POINT('',(6.,-15.,-127.85));
#324 = VECTOR('',#325,1.);
#325 = DIRECTION('',(-1.,-1.232595164408E-32,5.551115123126E-17));
#326 = ORIENTED_EDGE('',*,*,#327,.T.);
#327 = EDGE_CURVE('',#320,#328,#330,.T.);
#328 = VERTEX_POINT('',#329);
#329 = CARTESIAN_POINT('',(1.,-15.,-125.85));
#330 = CIRCLE('',#331,2.);
#331 = AXIS2_PLACEMENT_3D('',#332,#333,#334);
#332 = CARTESIAN_POINT('',(3.,-15.,-125.85));
#333 = DIRECTION('',(-1.848892746612E-32,1.,-1.110223024625E-16));
#334 = DIRECTION('',(-4.736951571734E-15,-1.110223024625E-16,-1.));
#335 = ORIENTED_EDGE('',*,*,#336,.T.);
#336 = EDGE_CURVE('',#328,#337,#339,.T.);
#337 = VERTEX_POINT('',#338);
#338 = CARTESIAN_POINT('',(1.,-15.,-118.4936508395));
#339 = LINE('',#340,#341);
#340 = CARTESIAN_POINT('',(1.,-15.,-125.85));
#341 = VECTOR('',#342,1.);
#342 = DIRECTION('',(-1.110223024625E-16,1.110223024625E-16,1.));
#343 = ORIENTED_EDGE('',*,*,#344,.F.);
#344 = EDGE_CURVE('',#345,#337,#347,.T.);
#345 = VERTEX_POINT('',#346);
#346 = CARTESIAN_POINT('',(-0.171718549405,-15.,-116.6732251094));
#347 = CIRCLE('',#348,2.);
#348 = AXIS2_PLACEMENT_3D('',#349,#350,#351);
#349 = CARTESIAN_POINT('',(-1.,-15.,-118.4936508395));
#350 = DIRECTION('',(-1.848892746612E-32,1.,-1.110223024625E-16));
#351 = DIRECTION('',(0.414140725298,1.010539280056E-16,0.910212865021));
#352 = ORIENTED_EDGE('',*,*,#353,.T.);
#353 = EDGE_CURVE('',#345,#354,#356,.T.);
#354 = VERTEX_POINT('',#355);
#355 = CARTESIAN_POINT('',(-112.6889594312,-15.,-65.47863806503));
#356 = LINE('',#357,#358);
#357 = CARTESIAN_POINT('',(0.414140725298,-15.,-116.9397871349));
#358 = VECTOR('',#359,1.);
#359 = DIRECTION('',(-0.910212865021,4.597885686604E-17,0.414140725298)
  );
#360 = ORIENTED_EDGE('',*,*,#361,.F.);
#361 = EDGE_CURVE('',#362,#354,#364,.T.);
#362 = VERTEX_POINT('',#363);
#363 = CARTESIAN_POINT('',(-113.7558593545,-15.,-65.31334950936));
#364 = CIRCLE('',#365,2.);
#365 = AXIS2_PLACEMENT_3D('',#366,#367,#368);
#366 = CARTESIAN_POINT('',(-113.5172408818,-15.,-67.29906379507));
#367 = DIRECTION('',(-1.848892746612E-32,1.,-1.110223024625E-16));
#368 = DIRECTION('',(-0.119309236346,1.102292860164E-16,0.992857142857)
  );
#369 = ORIENTED_EDGE('',*,*,#370,.F.);
#370 = EDGE_CURVE('',#371,#362,#373,.T.);
#371 = VERTEX_POINT('',#372);
#372 = CARTESIAN_POINT('',(-117.4489799274,-15.,-65.75714285714));
#373 = LINE('',#374,#375);
#374 = CARTESIAN_POINT('',(-117.4489799274,-15.,-65.75714285714));
#375 = VECTOR('',#376,1.);
#376 = DIRECTION('',(0.992857142857,1.324598612422E-17,0.119309236346));
#377 = ORIENTED_EDGE('',*,*,#378,.F.);
#378 = EDGE_CURVE('',#379,#371,#381,.T.);
#379 = VERTEX_POINT('',#380);
#380 = CARTESIAN_POINT('',(-117.4489799274,-15.,-39.94285714285));
#381 = CIRCLE('',#382,13.);
#382 = AXIS2_PLACEMENT_3D('',#383,#384,#385);
#383 = CARTESIAN_POINT('',(-119.,-15.,-52.85));
#384 = DIRECTION('',(2.002967142163E-32,-1.,1.110223024625E-16));
#385 = DIRECTION('',(0.119309236346,1.102292860164E-16,0.992857142857));
#386 = ORIENTED_EDGE('',*,*,#387,.F.);
#387 = EDGE_CURVE('',#388,#379,#390,.T.);
#388 = VERTEX_POINT('',#389);
#389 = CARTESIAN_POINT('',(-113.7558593545,-15.,-40.38665049064));
#390 = LINE('',#391,#392);
#391 = CARTESIAN_POINT('',(-113.477551356,-15.,-40.42009408824));
#392 = VECTOR('',#393,1.);
#393 = DIRECTION('',(-0.992857142857,1.324598612422E-17,0.119309236346)
  );
#394 = ORIENTED_EDGE('',*,*,#395,.T.);
#395 = EDGE_CURVE('',#388,#396,#398,.T.);
#396 = VERTEX_POINT('',#397);
#397 = CARTESIAN_POINT('',(-112.6889594312,-15.,-40.22136193496));
#398 = CIRCLE('',#399,2.);
#399 = AXIS2_PLACEMENT_3D('',#400,#401,#402);
#400 = CARTESIAN_POINT('',(-113.5172408818,-15.,-38.40093620492));
#401 = DIRECTION('',(1.848892746612E-32,-1.,1.110223024625E-16));
#402 = DIRECTION('',(-0.119309236346,-1.102292860164E-16,-0.992857142857
    ));
#403 = ORIENTED_EDGE('',*,*,#404,.F.);
#404 = EDGE_CURVE('',#405,#396,#407,.T.);
#405 = VERTEX_POINT('',#406);
#406 = CARTESIAN_POINT('',(-0.171718549405,-15.,10.973225109466));
#407 = LINE('',#408,#409);
#408 = CARTESIAN_POINT('',(0.414140725298,-15.,11.239787134979));
#409 = VECTOR('',#410,1.);
#410 = DIRECTION('',(-0.910212865021,-4.597885686604E-17,-0.414140725298
    ));
#411 = ORIENTED_EDGE('',*,*,#412,.T.);
#412 = EDGE_CURVE('',#405,#413,#415,.T.);
#413 = VERTEX_POINT('',#414);
#414 = CARTESIAN_POINT('',(1.,-15.,12.793650839509));
#415 = CIRCLE('',#416,2.);
#416 = AXIS2_PLACEMENT_3D('',#417,#418,#419);
#417 = CARTESIAN_POINT('',(-1.,-15.,12.793650839509));
#418 = DIRECTION('',(2.465190328816E-32,-1.,1.110223024625E-16));
#419 = DIRECTION('',(0.414140725298,-1.010539280056E-16,-0.910212865021)
  );
#420 = ORIENTED_EDGE('',*,*,#421,.F.);
#421 = EDGE_CURVE('',#422,#413,#424,.T.);
#422 = VERTEX_POINT('',#423);
#423 = CARTESIAN_POINT('',(1.,-15.,20.15));
#424 = LINE('',#425,#426);
#425 = CARTESIAN_POINT('',(1.,-15.,20.15));
#426 = VECTOR('',#427,1.);
#427 = DIRECTION('',(1.110223024625E-16,-1.110223024625E-16,-1.));
#428 = ORIENTED_EDGE('',*,*,#429,.F.);
#429 = EDGE_CURVE('',#271,#422,#430,.T.);
#430 = CIRCLE('',#431,2.);
#431 = AXIS2_PLACEMENT_3D('',#432,#433,#434);
#432 = CARTESIAN_POINT('',(3.,-15.,20.15));
#433 = DIRECTION('',(1.848892746612E-32,-1.,1.110223024625E-16));
#434 = DIRECTION('',(2.368475785867E-15,1.110223024625E-16,1.));
#435 = ORIENTED_EDGE('',*,*,#279,.F.);
#436 = FACE_BOUND('',#437,.F.);
#437 = EDGE_LOOP('',(#438));
#438 = ORIENTED_EDGE('',*,*,#439,.F.);
#439 = EDGE_CURVE('',#440,#440,#442,.T.);
#440 = VERTEX_POINT('',#441);
#441 = CARTESIAN_POINT('',(-113.85,-15.,-43.92993834102));
#442 = CIRCLE('',#443,2.7);
#443 = AXIS2_PLACEMENT_3D('',#444,#445,#446);
#444 = CARTESIAN_POINT('',(-115.2,-15.,-46.26820693123));
#445 = DIRECTION('',(0.,1.,-1.110223024625E-16));
#446 = DIRECTION('',(0.5,9.614813431918E-17,0.866025403784));
#447 = FACE_BOUND('',#448,.F.);
#448 = EDGE_LOOP('',(#449));
#449 = ORIENTED_EDGE('',*,*,#450,.F.);
#450 = EDGE_CURVE('',#451,#451,#453,.T.);
#451 = VERTEX_POINT('',#452);
#452 = CARTESIAN_POINT('',(-129.3,-15.,-52.85));
#453 = CIRCLE('',#454,2.7);
#454 = AXIS2_PLACEMENT_3D('',#455,#456,#457);
#455 = CARTESIAN_POINT('',(-126.6,-15.,-52.85));
#456 = DIRECTION('',(-1.848892746612E-32,1.,-1.110223024625E-16));
#457 = DIRECTION('',(-1.,-2.465190328816E-32,-5.551115123126E-17));
#458 = FACE_BOUND('',#459,.F.);
#459 = EDGE_LOOP('',(#460));
#460 = ORIENTED_EDGE('',*,*,#461,.F.);
#461 = EDGE_CURVE('',#462,#462,#464,.T.);
#462 = VERTEX_POINT('',#463);
#463 = CARTESIAN_POINT('',(-113.85,-15.,-61.77006165898));
#464 = CIRCLE('',#465,2.7);
#465 = AXIS2_PLACEMENT_3D('',#466,#467,#468);
#466 = CARTESIAN_POINT('',(-115.2,-15.,-59.43179306876));
#467 = DIRECTION('',(-1.848892746612E-32,1.,-1.110223024625E-16));
#468 = DIRECTION('',(0.5,-9.614813431918E-17,-0.866025403784));
#469 = FACE_BOUND('',#470,.F.);
#470 = EDGE_LOOP('',(#471,#481,#490,#498,#507,#515,#524,#532));
#471 = ORIENTED_EDGE('',*,*,#472,.F.);
#472 = EDGE_CURVE('',#473,#475,#477,.T.);
#473 = VERTEX_POINT('',#474);
#474 = CARTESIAN_POINT('',(-110.8,-15.,-50.85));
#475 = VERTEX_POINT('',#476);
#476 = CARTESIAN_POINT('',(-110.8,-15.,-54.85));
#477 = LINE('',#478,#479);
#478 = CARTESIAN_POINT('',(-110.8,-15.,-49.85));
#479 = VECTOR('',#480,1.);
#480 = DIRECTION('',(1.110223024625E-16,-1.110223024625E-16,-1.));
#481 = ORIENTED_EDGE('',*,*,#482,.T.);
#482 = EDGE_CURVE('',#473,#483,#485,.T.);
#483 = VERTEX_POINT('',#484);
#484 = CARTESIAN_POINT('',(-111.8,-15.,-49.85));
#485 = CIRCLE('',#486,1.);
#486 = AXIS2_PLACEMENT_3D('',#487,#488,#489);
#487 = CARTESIAN_POINT('',(-111.8,-15.,-50.85));
#488 = DIRECTION('',(1.110223024625E-16,-1.,-3.08148791102E-33));
#489 = DIRECTION('',(-1.,-1.110223024625E-16,0.));
#490 = ORIENTED_EDGE('',*,*,#491,.T.);
#491 = EDGE_CURVE('',#483,#492,#494,.T.);
#492 = VERTEX_POINT('',#493);
#493 = CARTESIAN_POINT('',(-122.,-15.,-49.85));
#494 = LINE('',#495,#496);
#495 = CARTESIAN_POINT('',(-110.8,-15.,-49.85));
#496 = VECTOR('',#497,1.);
#497 = DIRECTION('',(-1.,-1.232595164408E-32,5.551115123126E-17));
#498 = ORIENTED_EDGE('',*,*,#499,.T.);
#499 = EDGE_CURVE('',#492,#500,#502,.T.);
#500 = VERTEX_POINT('',#501);
#501 = CARTESIAN_POINT('',(-123.,-15.,-50.85));
#502 = CIRCLE('',#503,1.);
#503 = AXIS2_PLACEMENT_3D('',#504,#505,#506);
#504 = CARTESIAN_POINT('',(-122.,-15.,-50.85));
#505 = DIRECTION('',(1.110223024625E-16,-1.,-3.08148791102E-33));
#506 = DIRECTION('',(-1.,-1.110223024625E-16,0.));
#507 = ORIENTED_EDGE('',*,*,#508,.T.);
#508 = EDGE_CURVE('',#500,#509,#511,.T.);
#509 = VERTEX_POINT('',#510);
#510 = CARTESIAN_POINT('',(-123.,-15.,-54.85));
#511 = LINE('',#512,#513);
#512 = CARTESIAN_POINT('',(-123.,-15.,-49.85));
#513 = VECTOR('',#514,1.);
#514 = DIRECTION('',(1.110223024625E-16,-1.110223024625E-16,-1.));
#515 = ORIENTED_EDGE('',*,*,#516,.F.);
#516 = EDGE_CURVE('',#517,#509,#519,.T.);
#517 = VERTEX_POINT('',#518);
#518 = CARTESIAN_POINT('',(-122.,-15.,-55.85));
#519 = CIRCLE('',#520,1.);
#520 = AXIS2_PLACEMENT_3D('',#521,#522,#523);
#521 = CARTESIAN_POINT('',(-122.,-15.,-54.85));
#522 = DIRECTION('',(-1.110223024625E-16,1.,3.08148791102E-33));
#523 = DIRECTION('',(-1.,-1.110223024625E-16,0.));
#524 = ORIENTED_EDGE('',*,*,#525,.F.);
#525 = EDGE_CURVE('',#526,#517,#528,.T.);
#526 = VERTEX_POINT('',#527);
#527 = CARTESIAN_POINT('',(-111.8,-15.,-55.85));
#528 = LINE('',#529,#530);
#529 = CARTESIAN_POINT('',(-110.8,-15.,-55.85));
#530 = VECTOR('',#531,1.);
#531 = DIRECTION('',(-1.,-1.232595164408E-32,5.551115123126E-17));
#532 = ORIENTED_EDGE('',*,*,#533,.F.);
#533 = EDGE_CURVE('',#475,#526,#534,.T.);
#534 = CIRCLE('',#535,1.);
#535 = AXIS2_PLACEMENT_3D('',#536,#537,#538);
#536 = CARTESIAN_POINT('',(-111.8,-15.,-54.85));
#537 = DIRECTION('',(-1.110223024625E-16,1.,3.08148791102E-33));
#538 = DIRECTION('',(-1.,-1.110223024625E-16,0.));
#539 = FACE_BOUND('',#540,.F.);
#540 = EDGE_LOOP('',(#541,#552,#560,#569));
#541 = ORIENTED_EDGE('',*,*,#542,.F.);
#542 = EDGE_CURVE('',#543,#545,#547,.T.);
#543 = VERTEX_POINT('',#544);
#544 = CARTESIAN_POINT('',(-98.00808504864,-15.,-61.10443087826));
#545 = VERTEX_POINT('',#546);
#546 = CARTESIAN_POINT('',(-98.00808504864,-15.,-44.59556912173));
#547 = CIRCLE('',#548,8.313815273072);
#548 = AXIS2_PLACEMENT_3D('',#549,#550,#551);
#549 = CARTESIAN_POINT('',(-99.,-15.,-52.85));
#550 = DIRECTION('',(-1.694818351061E-32,1.,-1.110223024625E-16));
#551 = DIRECTION('',(0.119309236346,-1.102292860164E-16,-0.992857142857)
  );
#552 = ORIENTED_EDGE('',*,*,#553,.F.);
#553 = EDGE_CURVE('',#554,#543,#556,.T.);
#554 = VERTEX_POINT('',#555);
#555 = CARTESIAN_POINT('',(-58.57747280374,-15.,-56.36614977765));
#556 = LINE('',#557,#558);
#557 = CARTESIAN_POINT('',(-58.57747280374,-15.,-56.36614977765));
#558 = VECTOR('',#559,1.);
#559 = DIRECTION('',(-0.992857142857,-1.102292860164E-16,-0.119309236346
    ));
#560 = ORIENTED_EDGE('',*,*,#561,.F.);
#561 = EDGE_CURVE('',#562,#554,#564,.T.);
#562 = VERTEX_POINT('',#563);
#563 = CARTESIAN_POINT('',(-58.57747280374,-15.,-49.33385022235));
#564 = CIRCLE('',#565,3.541445819216);
#565 = AXIS2_PLACEMENT_3D('',#566,#567,#568);
#566 = CARTESIAN_POINT('',(-59.,-15.,-52.85));
#567 = DIRECTION('',(-1.848892746612E-32,1.,-1.110223024625E-16));
#568 = DIRECTION('',(0.119309236346,1.102292860164E-16,0.992857142857));
#569 = ORIENTED_EDGE('',*,*,#570,.F.);
#570 = EDGE_CURVE('',#545,#562,#571,.T.);
#571 = LINE('',#572,#573);
#572 = CARTESIAN_POINT('',(-98.00808504864,-15.,-44.59556912173));
#573 = VECTOR('',#574,1.);
#574 = DIRECTION('',(0.992857142857,1.102292860164E-16,-0.119309236346)
  );
#575 = FACE_BOUND('',#576,.F.);
#576 = EDGE_LOOP('',(#577,#588,#596,#605,#614));
#577 = ORIENTED_EDGE('',*,*,#578,.F.);
#578 = EDGE_CURVE('',#579,#581,#583,.T.);
#579 = VERTEX_POINT('',#580);
#580 = CARTESIAN_POINT('',(-67.6478496647,-15.,-35.85539581133));
#581 = VERTEX_POINT('',#582);
#582 = CARTESIAN_POINT('',(-68.70986589013,-15.,-29.00032333011));
#583 = CIRCLE('',#584,3.60211261427);
#584 = AXIS2_PLACEMENT_3D('',#585,#586,#587);
#585 = CARTESIAN_POINT('',(-67.21808435945,-15.,-32.27901257287));
#586 = DIRECTION('',(-1.848892746612E-32,1.,-1.110223024625E-16));
#587 = DIRECTION('',(-0.119309236346,-1.102292860164E-16,-0.992857142857
    ));
#588 = ORIENTED_EDGE('',*,*,#589,.F.);
#589 = EDGE_CURVE('',#590,#579,#592,.T.);
#590 = VERTEX_POINT('',#591);
#591 = CARTESIAN_POINT('',(-43.80258742667,-15.,-38.72082317776));
#592 = LINE('',#593,#594);
#593 = CARTESIAN_POINT('',(-43.80258742667,-15.,-38.72082317776));
#594 = VECTOR('',#595,1.);
#595 = DIRECTION('',(-0.992857142857,-1.102292860164E-16,0.119309236346)
  );
#596 = ORIENTED_EDGE('',*,*,#597,.F.);
#597 = EDGE_CURVE('',#598,#590,#600,.T.);
#598 = VERTEX_POINT('',#599);
#599 = CARTESIAN_POINT('',(-9.003619118624,-15.,-7.375611129348));
#600 = CIRCLE('',#601,31.092915430838);
#601 = AXIS2_PLACEMENT_3D('',#602,#603,#604);
#602 = CARTESIAN_POINT('',(-40.09291543083,-15.,-7.85));
#603 = DIRECTION('',(-1.848892746612E-32,1.,-1.110223024625E-16));
#604 = DIRECTION('',(0.999883603111,1.693882479419E-18,
    1.525713700624E-02));
#605 = ORIENTED_EDGE('',*,*,#606,.F.);
#606 = EDGE_CURVE('',#607,#598,#609,.T.);
#607 = VERTEX_POINT('',#608);
#608 = CARTESIAN_POINT('',(-14.09709398887,-15.,-4.151879812253));
#609 = CIRCLE('',#610,3.60211261427);
#610 = AXIS2_PLACEMENT_3D('',#611,#612,#613);
#611 = CARTESIAN_POINT('',(-12.60531245819,-15.,-7.430569055016));
#612 = DIRECTION('',(-2.465190328816E-32,1.,-1.110223024625E-16));
#613 = DIRECTION('',(-0.414140725298,1.010539280056E-16,0.910212865021)
  );
#614 = ORIENTED_EDGE('',*,*,#615,.F.);
#615 = EDGE_CURVE('',#581,#607,#616,.T.);
#616 = LINE('',#617,#618);
#617 = CARTESIAN_POINT('',(-68.70986589013,-15.,-29.00032333011));
#618 = VECTOR('',#619,1.);
#619 = DIRECTION('',(0.910212865021,1.010539280056E-16,0.414140725298));
#620 = FACE_BOUND('',#621,.F.);
#621 = EDGE_LOOP('',(#622,#633,#641,#650,#659));
#622 = ORIENTED_EDGE('',*,*,#623,.F.);
#623 = EDGE_CURVE('',#624,#626,#628,.T.);
#624 = VERTEX_POINT('',#625);
#625 = CARTESIAN_POINT('',(-68.70986589013,-15.,-76.69967666988));
#626 = VERTEX_POINT('',#627);
#627 = CARTESIAN_POINT('',(-67.6478496647,-15.,-69.84460418866));
#628 = CIRCLE('',#629,3.60211261427);
#629 = AXIS2_PLACEMENT_3D('',#630,#631,#632);
#630 = CARTESIAN_POINT('',(-67.21808435945,-15.,-73.42098742712));
#631 = DIRECTION('',(-1.848892746612E-32,1.,-1.110223024625E-16));
#632 = DIRECTION('',(-0.414140725298,-1.010539280056E-16,-0.910212865021
    ));
#633 = ORIENTED_EDGE('',*,*,#634,.F.);
#634 = EDGE_CURVE('',#635,#624,#637,.T.);
#635 = VERTEX_POINT('',#636);
#636 = CARTESIAN_POINT('',(-14.09709398887,-15.,-101.5481201877));
#637 = LINE('',#638,#639);
#638 = CARTESIAN_POINT('',(-14.09709398887,-15.,-101.5481201877));
#639 = VECTOR('',#640,1.);
#640 = DIRECTION('',(-0.910212865021,-1.010539280056E-16,0.414140725298)
  );
#641 = ORIENTED_EDGE('',*,*,#642,.F.);
#642 = EDGE_CURVE('',#643,#635,#645,.T.);
#643 = VERTEX_POINT('',#644);
#644 = CARTESIAN_POINT('',(-9.003619118624,-15.,-98.32438887065));
#645 = CIRCLE('',#646,3.60211261427);
#646 = AXIS2_PLACEMENT_3D('',#647,#648,#649);
#647 = CARTESIAN_POINT('',(-12.60531245819,-15.,-98.26943094498));
#648 = DIRECTION('',(-1.868152046056E-32,1.,-1.110223024625E-16));
#649 = DIRECTION('',(0.999883603111,-1.693882479418E-18,
    -1.525713700624E-02));
#650 = ORIENTED_EDGE('',*,*,#651,.F.);
#651 = EDGE_CURVE('',#652,#643,#654,.T.);
#652 = VERTEX_POINT('',#653);
#653 = CARTESIAN_POINT('',(-43.80258742667,-15.,-66.97917682223));
#654 = CIRCLE('',#655,31.092915430838);
#655 = AXIS2_PLACEMENT_3D('',#656,#657,#658);
#656 = CARTESIAN_POINT('',(-40.09291543083,-15.,-97.85));
#657 = DIRECTION('',(-1.848892746612E-32,1.,-1.110223024625E-16));
#658 = DIRECTION('',(-0.119309236346,1.102292860164E-16,0.992857142857)
  );
#659 = ORIENTED_EDGE('',*,*,#660,.F.);
#660 = EDGE_CURVE('',#626,#652,#661,.T.);
#661 = LINE('',#662,#663);
#662 = CARTESIAN_POINT('',(-67.6478496647,-15.,-69.84460418866));
#663 = VECTOR('',#664,1.);
#664 = DIRECTION('',(0.992857142857,1.102292860164E-16,0.119309236346));
#665 = FACE_BOUND('',#666,.F.);
#666 = EDGE_LOOP('',(#667,#678,#686,#695,#704,#713));
#667 = ORIENTED_EDGE('',*,*,#668,.F.);
#668 = EDGE_CURVE('',#669,#671,#673,.T.);
#669 = VERTEX_POINT('',#670);
#670 = CARTESIAN_POINT('',(2.7,-15.,-71.91520415439));
#671 = VERTEX_POINT('',#672);
#672 = CARTESIAN_POINT('',(-3.906040711801,-15.,-73.90307519416));
#673 = CIRCLE('',#674,3.60211261427);
#674 = AXIS2_PLACEMENT_3D('',#675,#676,#677);
#675 = CARTESIAN_POINT('',(-0.90211261427,-15.,-71.91520415439));
#676 = DIRECTION('',(-1.848892746612E-32,1.,-1.110223024625E-16));
#677 = DIRECTION('',(1.,1.375202577459E-32,-4.26662173857E-17));
#678 = ORIENTED_EDGE('',*,*,#679,.F.);
#679 = EDGE_CURVE('',#680,#669,#682,.T.);
#680 = VERTEX_POINT('',#681);
#681 = CARTESIAN_POINT('',(2.7,-15.,-33.7847958456));
#682 = LINE('',#683,#684);
#683 = CARTESIAN_POINT('',(2.7,-15.,-33.7847958456));
#684 = VECTOR('',#685,1.);
#685 = DIRECTION('',(-3.08148791102E-33,3.08148791102E-33,-1.));
#686 = ORIENTED_EDGE('',*,*,#687,.F.);
#687 = EDGE_CURVE('',#688,#680,#690,.T.);
#688 = VERTEX_POINT('',#689);
#689 = CARTESIAN_POINT('',(-3.906040711801,-15.,-31.79692480584));
#690 = CIRCLE('',#691,3.60211261427);
#691 = AXIS2_PLACEMENT_3D('',#692,#693,#694);
#692 = CARTESIAN_POINT('',(-0.90211261427,-15.,-33.7847958456));
#693 = DIRECTION('',(-1.848892746612E-32,1.,-1.110223024625E-16));
#694 = DIRECTION('',(-0.833935087324,6.126905054533E-17,0.551862546411)
  );
#695 = ORIENTED_EDGE('',*,*,#696,.F.);
#696 = EDGE_CURVE('',#697,#688,#699,.T.);
#697 = VERTEX_POINT('',#698);
#698 = CARTESIAN_POINT('',(-27.58388648423,-15.,-49.40080389596));
#699 = CIRCLE('',#700,43.392915430838);
#700 = AXIS2_PLACEMENT_3D('',#701,#702,#703);
#701 = CARTESIAN_POINT('',(-40.09291543083,-15.,-7.85));
#702 = DIRECTION('',(2.465190328816E-32,-1.,1.110223024625E-16));
#703 = DIRECTION('',(0.288273530884,-1.063091952199E-16,-0.957548103957)
  );
#704 = ORIENTED_EDGE('',*,*,#705,.F.);
#705 = EDGE_CURVE('',#706,#697,#708,.T.);
#706 = VERTEX_POINT('',#707);
#707 = CARTESIAN_POINT('',(-27.58388648423,-15.,-56.29919610403));
#708 = CIRCLE('',#709,3.60211261427);
#709 = AXIS2_PLACEMENT_3D('',#710,#711,#712);
#710 = CARTESIAN_POINT('',(-26.54549276228,-15.,-52.85));
#711 = DIRECTION('',(-1.232595164408E-32,1.,-1.110223024625E-16));
#712 = DIRECTION('',(-0.288273530884,-1.063091952199E-16,-0.957548103957
    ));
#713 = ORIENTED_EDGE('',*,*,#714,.F.);
#714 = EDGE_CURVE('',#671,#706,#715,.T.);
#715 = CIRCLE('',#716,43.392915430838);
#716 = AXIS2_PLACEMENT_3D('',#717,#718,#719);
#717 = CARTESIAN_POINT('',(-40.09291543083,-15.,-97.85));
#718 = DIRECTION('',(1.848892746612E-32,-1.,1.110223024625E-16));
#719 = DIRECTION('',(0.833935087324,6.126905054533E-17,0.551862546411));
#720 = PLANE('',#721);
#721 = AXIS2_PLACEMENT_3D('',#722,#723,#724);
#722 = CARTESIAN_POINT('',(-40.71790026257,-15.,-52.85));
#723 = DIRECTION('',(-1.110223024625E-16,1.,3.08148791102E-33));
#724 = DIRECTION('',(1.110223024625E-16,-1.110223024625E-16,-1.));
#725 = ADVANCED_FACE('',(#726,#813,#868,#879),#915,.T.);
#726 = FACE_BOUND('',#727,.T.);
#727 = EDGE_LOOP('',(#728,#729,#737,#746,#754,#763,#771,#780,#788,#797,
    #805,#812));
#728 = ORIENTED_EDGE('',*,*,#74,.F.);
#729 = ORIENTED_EDGE('',*,*,#730,.T.);
#730 = EDGE_CURVE('',#66,#731,#733,.T.);
#731 = VERTEX_POINT('',#732);
#732 = CARTESIAN_POINT('',(3.,15.,-127.85));
#733 = LINE('',#734,#735);
#734 = CARTESIAN_POINT('',(6.,15.,-127.85));
#735 = VECTOR('',#736,1.);
#736 = DIRECTION('',(-1.,-1.232595164408E-32,5.551115123126E-17));
#737 = ORIENTED_EDGE('',*,*,#738,.T.);
#738 = EDGE_CURVE('',#731,#739,#741,.T.);
#739 = VERTEX_POINT('',#740);
#740 = CARTESIAN_POINT('',(1.,15.,-125.85));
#741 = CIRCLE('',#742,2.);
#742 = AXIS2_PLACEMENT_3D('',#743,#744,#745);
#743 = CARTESIAN_POINT('',(3.,15.,-125.85));
#744 = DIRECTION('',(-1.848892746612E-32,1.,-1.110223024625E-16));
#745 = DIRECTION('',(-4.736951571734E-15,-1.110223024625E-16,-1.));
#746 = ORIENTED_EDGE('',*,*,#747,.T.);
#747 = EDGE_CURVE('',#739,#748,#750,.T.);
#748 = VERTEX_POINT('',#749);
#749 = CARTESIAN_POINT('',(1.,15.,-97.85));
#750 = LINE('',#751,#752);
#751 = CARTESIAN_POINT('',(1.,15.,-125.85));
#752 = VECTOR('',#753,1.);
#753 = DIRECTION('',(0.,1.110223024625E-16,1.));
#754 = ORIENTED_EDGE('',*,*,#755,.T.);
#755 = EDGE_CURVE('',#748,#756,#758,.T.);
#756 = VERTEX_POINT('',#757);
#757 = CARTESIAN_POINT('',(-44.99567979013,15.,-57.05060539366));
#758 = CIRCLE('',#759,41.092915430838);
#759 = AXIS2_PLACEMENT_3D('',#760,#761,#762);
#760 = CARTESIAN_POINT('',(-40.09291543083,15.,-97.85));
#761 = DIRECTION('',(1.848892746612E-32,-1.,1.110223024625E-16));
#762 = DIRECTION('',(1.,9.749963393351E-32,7.116651764097E-16));
#763 = ORIENTED_EDGE('',*,*,#764,.T.);
#764 = EDGE_CURVE('',#756,#765,#767,.T.);
#765 = VERTEX_POINT('',#766);
#766 = CARTESIAN_POINT('',(-117.4489799274,15.,-65.75714285714));
#767 = LINE('',#768,#769);
#768 = CARTESIAN_POINT('',(-44.99567979013,15.,-57.05060539366));
#769 = VECTOR('',#770,1.);
#770 = DIRECTION('',(-0.992857142857,-1.324598612422E-17,-0.119309236346
    ));
#771 = ORIENTED_EDGE('',*,*,#772,.T.);
#772 = EDGE_CURVE('',#765,#773,#775,.T.);
#773 = VERTEX_POINT('',#774);
#774 = CARTESIAN_POINT('',(-117.4489799274,15.,-39.94285714285));
#775 = CIRCLE('',#776,13.);
#776 = AXIS2_PLACEMENT_3D('',#777,#778,#779);
#777 = CARTESIAN_POINT('',(-119.,15.,-52.85));
#778 = DIRECTION('',(-1.848892746612E-32,1.,-1.110223024625E-16));
#779 = DIRECTION('',(0.119309236346,-1.102292860164E-16,-0.992857142857)
  );
#780 = ORIENTED_EDGE('',*,*,#781,.T.);
#781 = EDGE_CURVE('',#773,#782,#784,.T.);
#782 = VERTEX_POINT('',#783);
#783 = CARTESIAN_POINT('',(-44.99567979013,15.,-48.64939460633));
#784 = LINE('',#785,#786);
#785 = CARTESIAN_POINT('',(-117.4489799274,15.,-39.94285714285));
#786 = VECTOR('',#787,1.);
#787 = DIRECTION('',(0.992857142857,-1.324598612422E-17,-0.119309236346)
  );
#788 = ORIENTED_EDGE('',*,*,#789,.T.);
#789 = EDGE_CURVE('',#782,#790,#792,.T.);
#790 = VERTEX_POINT('',#791);
#791 = CARTESIAN_POINT('',(1.,15.,-7.85));
#792 = CIRCLE('',#793,41.092915430838);
#793 = AXIS2_PLACEMENT_3D('',#794,#795,#796);
#794 = CARTESIAN_POINT('',(-40.09291543083,15.,-7.85));
#795 = DIRECTION('',(1.848892746612E-32,-1.,1.110223024625E-16));
#796 = DIRECTION('',(-0.119309236346,-1.102292860164E-16,-0.992857142857
    ));
#797 = ORIENTED_EDGE('',*,*,#798,.T.);
#798 = EDGE_CURVE('',#790,#799,#801,.T.);
#799 = VERTEX_POINT('',#800);
#800 = CARTESIAN_POINT('',(1.,15.,20.15));
#801 = LINE('',#802,#803);
#802 = CARTESIAN_POINT('',(1.,15.,-7.85));
#803 = VECTOR('',#804,1.);
#804 = DIRECTION('',(5.551115123126E-17,1.110223024625E-16,1.));
#805 = ORIENTED_EDGE('',*,*,#806,.T.);
#806 = EDGE_CURVE('',#799,#294,#807,.T.);
#807 = CIRCLE('',#808,2.);
#808 = AXIS2_PLACEMENT_3D('',#809,#810,#811);
#809 = CARTESIAN_POINT('',(3.,15.,20.15));
#810 = DIRECTION('',(-1.848892746612E-32,1.,-1.110223024625E-16));
#811 = DIRECTION('',(-1.,5.115269932293E-31,4.773959005888E-15));
#812 = ORIENTED_EDGE('',*,*,#304,.T.);
#813 = FACE_BOUND('',#814,.T.);
#814 = EDGE_LOOP('',(#815,#826,#835,#843,#852,#861));
#815 = ORIENTED_EDGE('',*,*,#816,.T.);
#816 = EDGE_CURVE('',#817,#819,#821,.T.);
#817 = VERTEX_POINT('',#818);
#818 = CARTESIAN_POINT('',(-27.58388648423,15.,-56.29919610403));
#819 = VERTEX_POINT('',#820);
#820 = CARTESIAN_POINT('',(-3.906040711801,15.,-73.90307519416));
#821 = CIRCLE('',#822,43.392915430838);
#822 = AXIS2_PLACEMENT_3D('',#823,#824,#825);
#823 = CARTESIAN_POINT('',(-40.09291543083,15.,-97.85));
#824 = DIRECTION('',(-1.232595164408E-32,1.,-1.110223024625E-16));
#825 = DIRECTION('',(0.288273530884,1.063091952199E-16,0.957548103957));
#826 = ORIENTED_EDGE('',*,*,#827,.T.);
#827 = EDGE_CURVE('',#819,#828,#830,.T.);
#828 = VERTEX_POINT('',#829);
#829 = CARTESIAN_POINT('',(2.7,15.,-71.91520415439));
#830 = CIRCLE('',#831,3.60211261427);
#831 = AXIS2_PLACEMENT_3D('',#832,#833,#834);
#832 = CARTESIAN_POINT('',(-0.90211261427,15.,-71.91520415439));
#833 = DIRECTION('',(1.848892746612E-32,-1.,1.110223024625E-16));
#834 = DIRECTION('',(-0.833935087324,-6.126905054533E-17,-0.551862546411
    ));
#835 = ORIENTED_EDGE('',*,*,#836,.T.);
#836 = EDGE_CURVE('',#828,#837,#839,.T.);
#837 = VERTEX_POINT('',#838);
#838 = CARTESIAN_POINT('',(2.7,15.,-33.7847958456));
#839 = LINE('',#840,#841);
#840 = CARTESIAN_POINT('',(2.7,15.,-71.91520415439));
#841 = VECTOR('',#842,1.);
#842 = DIRECTION('',(-0.,5.551115123126E-17,1.));
#843 = ORIENTED_EDGE('',*,*,#844,.T.);
#844 = EDGE_CURVE('',#837,#845,#847,.T.);
#845 = VERTEX_POINT('',#846);
#846 = CARTESIAN_POINT('',(-3.906040711801,15.,-31.79692480584));
#847 = CIRCLE('',#848,3.60211261427);
#848 = AXIS2_PLACEMENT_3D('',#849,#850,#851);
#849 = CARTESIAN_POINT('',(-0.90211261427,15.,-33.7847958456));
#850 = DIRECTION('',(1.848892746612E-32,-1.,1.110223024625E-16));
#851 = DIRECTION('',(1.,6.29549245673E-31,5.503942042755E-15));
#852 = ORIENTED_EDGE('',*,*,#853,.T.);
#853 = EDGE_CURVE('',#845,#854,#856,.T.);
#854 = VERTEX_POINT('',#855);
#855 = CARTESIAN_POINT('',(-27.58388648423,15.,-49.40080389596));
#856 = CIRCLE('',#857,43.392915430838);
#857 = AXIS2_PLACEMENT_3D('',#858,#859,#860);
#858 = CARTESIAN_POINT('',(-40.09291543083,15.,-7.85));
#859 = DIRECTION('',(-1.848892746612E-32,1.,-1.110223024625E-16));
#860 = DIRECTION('',(0.833935087324,-6.126905054533E-17,-0.551862546411)
  );
#861 = ORIENTED_EDGE('',*,*,#862,.T.);
#862 = EDGE_CURVE('',#854,#817,#863,.T.);
#863 = CIRCLE('',#864,3.60211261427);
#864 = AXIS2_PLACEMENT_3D('',#865,#866,#867);
#865 = CARTESIAN_POINT('',(-26.54549276228,15.,-52.85));
#866 = DIRECTION('',(1.848892746612E-32,-1.,1.110223024625E-16));
#867 = DIRECTION('',(-0.288273530884,1.063091952199E-16,0.957548103957)
  );
#868 = FACE_BOUND('',#869,.T.);
#869 = EDGE_LOOP('',(#870));
#870 = ORIENTED_EDGE('',*,*,#871,.F.);
#871 = EDGE_CURVE('',#872,#872,#874,.T.);
#872 = VERTEX_POINT('',#873);
#873 = CARTESIAN_POINT('',(-119.,15.,-63.55));
#874 = CIRCLE('',#875,10.7);
#875 = AXIS2_PLACEMENT_3D('',#876,#877,#878);
#876 = CARTESIAN_POINT('',(-119.,15.,-52.85));
#877 = DIRECTION('',(-1.848892746612E-32,1.,-1.110223024625E-16));
#878 = DIRECTION('',(1.906074996507E-33,-1.110223024625E-16,-1.));
#879 = FACE_BOUND('',#880,.T.);
#880 = EDGE_LOOP('',(#881,#892,#900,#909));
#881 = ORIENTED_EDGE('',*,*,#882,.F.);
#882 = EDGE_CURVE('',#883,#885,#887,.T.);
#883 = VERTEX_POINT('',#884);
#884 = CARTESIAN_POINT('',(-98.00808504864,15.,-61.10443087826));
#885 = VERTEX_POINT('',#886);
#886 = CARTESIAN_POINT('',(-98.00808504864,15.,-44.59556912173));
#887 = CIRCLE('',#888,8.313815273072);
#888 = AXIS2_PLACEMENT_3D('',#889,#890,#891);
#889 = CARTESIAN_POINT('',(-99.,15.,-52.85));
#890 = DIRECTION('',(-1.694818351061E-32,1.,-1.110223024625E-16));
#891 = DIRECTION('',(0.119309236346,-1.102292860164E-16,-0.992857142857)
  );
#892 = ORIENTED_EDGE('',*,*,#893,.F.);
#893 = EDGE_CURVE('',#894,#883,#896,.T.);
#894 = VERTEX_POINT('',#895);
#895 = CARTESIAN_POINT('',(-58.57747280374,15.,-56.36614977765));
#896 = LINE('',#897,#898);
#897 = CARTESIAN_POINT('',(-58.57747280374,15.,-56.36614977765));
#898 = VECTOR('',#899,1.);
#899 = DIRECTION('',(-0.992857142857,-6.622993062111E-18,-0.119309236346
    ));
#900 = ORIENTED_EDGE('',*,*,#901,.F.);
#901 = EDGE_CURVE('',#902,#894,#904,.T.);
#902 = VERTEX_POINT('',#903);
#903 = CARTESIAN_POINT('',(-58.57747280374,15.,-49.33385022235));
#904 = CIRCLE('',#905,3.541445819216);
#905 = AXIS2_PLACEMENT_3D('',#906,#907,#908);
#906 = CARTESIAN_POINT('',(-59.,15.,-52.85));
#907 = DIRECTION('',(-1.848892746612E-32,1.,-1.110223024625E-16));
#908 = DIRECTION('',(0.119309236346,1.102292860164E-16,0.992857142857));
#909 = ORIENTED_EDGE('',*,*,#910,.F.);
#910 = EDGE_CURVE('',#885,#902,#911,.T.);
#911 = LINE('',#912,#913);
#912 = CARTESIAN_POINT('',(-98.00808504864,15.,-44.59556912173));
#913 = VECTOR('',#914,1.);
#914 = DIRECTION('',(0.992857142857,-6.622993062111E-18,-0.119309236346)
  );
#915 = PLANE('',#916);
#916 = AXIS2_PLACEMENT_3D('',#917,#918,#919);
#917 = CARTESIAN_POINT('',(-40.71790026257,15.,-52.85));
#918 = DIRECTION('',(-1.110223024625E-16,1.,3.08148791102E-33));
#919 = DIRECTION('',(1.110223024625E-16,-1.110223024625E-16,-1.));
#920 = ADVANCED_FACE('',(#921),#940,.T.);
#921 = FACE_BOUND('',#922,.F.);
#922 = EDGE_LOOP('',(#923,#924,#932,#939));
#923 = ORIENTED_EDGE('',*,*,#48,.T.);
#924 = ORIENTED_EDGE('',*,*,#925,.T.);
#925 = EDGE_CURVE('',#49,#926,#928,.T.);
#926 = VERTEX_POINT('',#927);
#927 = CARTESIAN_POINT('',(3.,-14.,-128.85));
#928 = LINE('',#929,#930);
#929 = CARTESIAN_POINT('',(6.,-14.,-128.85));
#930 = VECTOR('',#931,1.);
#931 = DIRECTION('',(-1.,-1.232595164408E-32,5.551115123126E-17));
#932 = ORIENTED_EDGE('',*,*,#933,.F.);
#933 = EDGE_CURVE('',#320,#926,#934,.T.);
#934 = CIRCLE('',#935,1.);
#935 = AXIS2_PLACEMENT_3D('',#936,#937,#938);
#936 = CARTESIAN_POINT('',(3.,-14.,-127.85));
#937 = DIRECTION('',(1.,1.232595164408E-32,-5.551115123126E-17));
#938 = DIRECTION('',(1.848892746612E-32,-1.,1.110223024625E-16));
#939 = ORIENTED_EDGE('',*,*,#319,.F.);
#940 = CYLINDRICAL_SURFACE('',#941,1.);
#941 = AXIS2_PLACEMENT_3D('',#942,#943,#944);
#942 = CARTESIAN_POINT('',(6.,-14.,-127.85));
#943 = DIRECTION('',(-1.,-1.232595164408E-32,5.551115123126E-17));
#944 = DIRECTION('',(1.848892746612E-32,-1.,1.110223024625E-16));
#945 = ADVANCED_FACE('',(#946),#965,.T.);
#946 = FACE_BOUND('',#947,.T.);
#947 = EDGE_LOOP('',(#948,#949,#957,#964));
#948 = ORIENTED_EDGE('',*,*,#65,.T.);
#949 = ORIENTED_EDGE('',*,*,#950,.T.);
#950 = EDGE_CURVE('',#58,#951,#953,.T.);
#951 = VERTEX_POINT('',#952);
#952 = CARTESIAN_POINT('',(3.,14.,-128.85));
#953 = LINE('',#954,#955);
#954 = CARTESIAN_POINT('',(6.,14.,-128.85));
#955 = VECTOR('',#956,1.);
#956 = DIRECTION('',(-1.,-1.232595164408E-32,5.551115123126E-17));
#957 = ORIENTED_EDGE('',*,*,#958,.F.);
#958 = EDGE_CURVE('',#731,#951,#959,.T.);
#959 = CIRCLE('',#960,1.);
#960 = AXIS2_PLACEMENT_3D('',#961,#962,#963);
#961 = CARTESIAN_POINT('',(3.,14.,-127.85));
#962 = DIRECTION('',(-1.,-1.232595164408E-32,5.551115123126E-17));
#963 = DIRECTION('',(-1.848892746612E-32,1.,-1.110223024625E-16));
#964 = ORIENTED_EDGE('',*,*,#730,.F.);
#965 = CYLINDRICAL_SURFACE('',#966,1.);
#966 = AXIS2_PLACEMENT_3D('',#967,#968,#969);
#967 = CARTESIAN_POINT('',(6.,14.,-127.85));
#968 = DIRECTION('',(-1.,-1.232595164408E-32,5.551115123126E-17));
#969 = DIRECTION('',(-1.848892746612E-32,1.,-1.110223024625E-16));
#970 = ADVANCED_FACE('',(#971),#982,.F.);
#971 = FACE_BOUND('',#972,.F.);
#972 = EDGE_LOOP('',(#973,#974,#975,#981));
#973 = ORIENTED_EDGE('',*,*,#57,.T.);
#974 = ORIENTED_EDGE('',*,*,#950,.T.);
#975 = ORIENTED_EDGE('',*,*,#976,.F.);
#976 = EDGE_CURVE('',#926,#951,#977,.T.);
#977 = LINE('',#978,#979);
#978 = CARTESIAN_POINT('',(3.,-15.,-128.85));
#979 = VECTOR('',#980,1.);
#980 = DIRECTION('',(-1.110223024625E-16,1.,3.08148791102E-33));
#981 = ORIENTED_EDGE('',*,*,#925,.F.);
#982 = PLANE('',#983);
#983 = AXIS2_PLACEMENT_3D('',#984,#985,#986);
#984 = CARTESIAN_POINT('',(6.,-15.,-128.85));
#985 = DIRECTION('',(-1.110223024625E-16,1.110223024625E-16,1.));
#986 = DIRECTION('',(-1.,-1.232595164408E-32,5.551115123126E-17));
#987 = ADVANCED_FACE('',(#988),#1013,.T.);
#988 = FACE_BOUND('',#989,.T.);
#989 = EDGE_LOOP('',(#990,#1000,#1006,#1007));
#990 = ORIENTED_EDGE('',*,*,#991,.F.);
#991 = EDGE_CURVE('',#992,#994,#996,.T.);
#992 = VERTEX_POINT('',#993);
#993 = CARTESIAN_POINT('',(-2.303712776097E-16,4.15,-8.881784197001E-16)
  );
#994 = VERTEX_POINT('',#995);
#995 = CARTESIAN_POINT('',(-2.359223927328E-16,4.25,-8.881784197001E-16)
  );
#996 = LINE('',#997,#998);
#997 = CARTESIAN_POINT('',(0.,0.,0.));
#998 = VECTOR('',#999,1.);
#999 = DIRECTION('',(-5.551115123126E-17,1.,0.));
#1000 = ORIENTED_EDGE('',*,*,#1001,.T.);
#1001 = EDGE_CURVE('',#992,#92,#1002,.T.);
#1002 = LINE('',#1003,#1004);
#1003 = CARTESIAN_POINT('',(-2.303712776097E-16,4.15,-8.881784197001E-16
    ));
#1004 = VECTOR('',#1005,1.);
#1005 = DIRECTION('',(1.,0.,-5.551115123126E-17));
#1006 = ORIENTED_EDGE('',*,*,#91,.T.);
#1007 = ORIENTED_EDGE('',*,*,#1008,.F.);
#1008 = EDGE_CURVE('',#994,#94,#1009,.T.);
#1009 = LINE('',#1010,#1011);
#1010 = CARTESIAN_POINT('',(-2.359223927328E-16,4.25,-8.881784197001E-16
    ));
#1011 = VECTOR('',#1012,1.);
#1012 = DIRECTION('',(1.,0.,-5.551115123126E-17));
#1013 = PLANE('',#1014);
#1014 = AXIS2_PLACEMENT_3D('',#1015,#1016,#1017);
#1015 = CARTESIAN_POINT('',(0.,0.,0.));
#1016 = DIRECTION('',(0.,5.551115123126E-17,1.));
#1017 = DIRECTION('',(1.,0.,-5.551115123126E-17));
#1018 = ADVANCED_FACE('',(#1019),#1038,.F.);
#1019 = FACE_BOUND('',#1020,.T.);
#1020 = EDGE_LOOP('',(#1021,#1030,#1036,#1037));
#1021 = ORIENTED_EDGE('',*,*,#1022,.T.);
#1022 = EDGE_CURVE('',#992,#1023,#1025,.T.);
#1023 = VERTEX_POINT('',#1024);
#1024 = CARTESIAN_POINT('',(4.930380657631E-32,-6.578071420904E-16,4.15)
  );
#1025 = CIRCLE('',#1026,4.15);
#1026 = AXIS2_PLACEMENT_3D('',#1027,#1028,#1029);
#1027 = CARTESIAN_POINT('',(-1.444122599281E-14,4.15,4.15));
#1028 = DIRECTION('',(-1.,-5.551115123126E-17,3.08148791102E-33));
#1029 = DIRECTION('',(-0.,5.551115123126E-17,1.));
#1030 = ORIENTED_EDGE('',*,*,#1031,.T.);
#1031 = EDGE_CURVE('',#1023,#102,#1032,.T.);
#1032 = LINE('',#1033,#1034);
#1033 = CARTESIAN_POINT('',(4.930380657631E-32,-6.578071420904E-16,4.15)
  );
#1034 = VECTOR('',#1035,1.);
#1035 = DIRECTION('',(1.,0.,-5.551115123126E-17));
#1036 = ORIENTED_EDGE('',*,*,#101,.F.);
#1037 = ORIENTED_EDGE('',*,*,#1001,.F.);
#1038 = CYLINDRICAL_SURFACE('',#1039,4.15);
#1039 = AXIS2_PLACEMENT_3D('',#1040,#1041,#1042);
#1040 = CARTESIAN_POINT('',(-2.303712776097E-16,4.15,4.15));
#1041 = DIRECTION('',(1.,0.,-5.551115123126E-17));
#1042 = DIRECTION('',(0.,-5.551115123126E-17,-1.));
#1043 = ADVANCED_FACE('',(#1044),#1063,.F.);
#1044 = FACE_BOUND('',#1045,.F.);
#1045 = EDGE_LOOP('',(#1046,#1055,#1061,#1062));
#1046 = ORIENTED_EDGE('',*,*,#1047,.T.);
#1047 = EDGE_CURVE('',#994,#1048,#1050,.T.);
#1048 = VERTEX_POINT('',#1049);
#1049 = CARTESIAN_POINT('',(-4.662936703426E-16,8.4,4.15));
#1050 = CIRCLE('',#1051,4.15);
#1051 = AXIS2_PLACEMENT_3D('',#1052,#1053,#1054);
#1052 = CARTESIAN_POINT('',(-1.444677710793E-14,4.25,4.15));
#1053 = DIRECTION('',(1.,5.551115123126E-17,-3.08148791102E-33));
#1054 = DIRECTION('',(-0.,5.551115123126E-17,1.));
#1055 = ORIENTED_EDGE('',*,*,#1056,.T.);
#1056 = EDGE_CURVE('',#1048,#145,#1057,.T.);
#1057 = LINE('',#1058,#1059);
#1058 = CARTESIAN_POINT('',(-4.662936703426E-16,8.4,4.15));
#1059 = VECTOR('',#1060,1.);
#1060 = DIRECTION('',(1.,0.,-5.551115123126E-17));
#1061 = ORIENTED_EDGE('',*,*,#152,.F.);
#1062 = ORIENTED_EDGE('',*,*,#1008,.F.);
#1063 = CYLINDRICAL_SURFACE('',#1064,4.15);
#1064 = AXIS2_PLACEMENT_3D('',#1065,#1066,#1067);
#1065 = CARTESIAN_POINT('',(-2.359223927328E-16,4.25,4.15));
#1066 = DIRECTION('',(1.,0.,-5.551115123126E-17));
#1067 = DIRECTION('',(0.,-5.551115123126E-17,-1.));
#1068 = ADVANCED_FACE('',(#1069),#1087,.T.);
#1069 = FACE_BOUND('',#1070,.T.);
#1070 = EDGE_LOOP('',(#1071,#1072,#1073,#1081));
#1071 = ORIENTED_EDGE('',*,*,#110,.F.);
#1072 = ORIENTED_EDGE('',*,*,#1031,.F.);
#1073 = ORIENTED_EDGE('',*,*,#1074,.T.);
#1074 = EDGE_CURVE('',#1023,#1075,#1077,.T.);
#1075 = VERTEX_POINT('',#1076);
#1076 = CARTESIAN_POINT('',(4.930380657631E-32,-4.302114220422E-16,8.25)
  );
#1077 = LINE('',#1078,#1079);
#1078 = CARTESIAN_POINT('',(0.,0.,0.));
#1079 = VECTOR('',#1080,1.);
#1080 = DIRECTION('',(0.,5.551115123126E-17,1.));
#1081 = ORIENTED_EDGE('',*,*,#1082,.T.);
#1082 = EDGE_CURVE('',#1075,#111,#1083,.T.);
#1083 = LINE('',#1084,#1085);
#1084 = CARTESIAN_POINT('',(4.930380657631E-32,-4.302114220422E-16,8.25)
  );
#1085 = VECTOR('',#1086,1.);
#1086 = DIRECTION('',(1.,0.,-5.551115123126E-17));
#1087 = PLANE('',#1088);
#1088 = AXIS2_PLACEMENT_3D('',#1089,#1090,#1091);
#1089 = CARTESIAN_POINT('',(0.,0.,0.));
#1090 = DIRECTION('',(-5.551115123126E-17,1.,0.));
#1091 = DIRECTION('',(0.,5.551115123126E-17,1.));
#1092 = ADVANCED_FACE('',(#1093),#1111,.F.);
#1093 = FACE_BOUND('',#1094,.F.);
#1094 = EDGE_LOOP('',(#1095,#1096,#1097,#1105));
#1095 = ORIENTED_EDGE('',*,*,#144,.F.);
#1096 = ORIENTED_EDGE('',*,*,#1056,.F.);
#1097 = ORIENTED_EDGE('',*,*,#1098,.T.);
#1098 = EDGE_CURVE('',#1048,#1099,#1101,.T.);
#1099 = VERTEX_POINT('',#1100);
#1100 = CARTESIAN_POINT('',(-4.662936703426E-16,8.4,8.25));
#1101 = LINE('',#1102,#1103);
#1102 = CARTESIAN_POINT('',(-4.662936703426E-16,8.4,0.));
#1103 = VECTOR('',#1104,1.);
#1104 = DIRECTION('',(0.,5.551115123126E-17,1.));
#1105 = ORIENTED_EDGE('',*,*,#1106,.T.);
#1106 = EDGE_CURVE('',#1099,#136,#1107,.T.);
#1107 = LINE('',#1108,#1109);
#1108 = CARTESIAN_POINT('',(-4.662936703426E-16,8.4,8.25));
#1109 = VECTOR('',#1110,1.);
#1110 = DIRECTION('',(1.,0.,-5.551115123126E-17));
#1111 = PLANE('',#1112);
#1112 = AXIS2_PLACEMENT_3D('',#1113,#1114,#1115);
#1113 = CARTESIAN_POINT('',(-4.662936703426E-16,8.4,0.));
#1114 = DIRECTION('',(-5.551115123126E-17,1.,0.));
#1115 = DIRECTION('',(0.,5.551115123126E-17,1.));
#1116 = ADVANCED_FACE('',(#1117),#1136,.F.);
#1117 = FACE_BOUND('',#1118,.T.);
#1118 = EDGE_LOOP('',(#1119,#1128,#1134,#1135));
#1119 = ORIENTED_EDGE('',*,*,#1120,.T.);
#1120 = EDGE_CURVE('',#1075,#1121,#1123,.T.);
#1121 = VERTEX_POINT('',#1122);
#1122 = CARTESIAN_POINT('',(-2.303712776097E-16,4.15,12.4));
#1123 = CIRCLE('',#1124,4.15);
#1124 = AXIS2_PLACEMENT_3D('',#1125,#1126,#1127);
#1125 = CARTESIAN_POINT('',(-1.444122599281E-14,4.15,8.25));
#1126 = DIRECTION('',(-1.,-5.551115123126E-17,3.08148791102E-33));
#1127 = DIRECTION('',(-0.,5.551115123126E-17,1.));
#1128 = ORIENTED_EDGE('',*,*,#1129,.T.);
#1129 = EDGE_CURVE('',#1121,#119,#1130,.T.);
#1130 = LINE('',#1131,#1132);
#1131 = CARTESIAN_POINT('',(-2.303712776097E-16,4.15,12.4));
#1132 = VECTOR('',#1133,1.);
#1133 = DIRECTION('',(1.,0.,-5.551115123126E-17));
#1134 = ORIENTED_EDGE('',*,*,#118,.F.);
#1135 = ORIENTED_EDGE('',*,*,#1082,.F.);
#1136 = CYLINDRICAL_SURFACE('',#1137,4.15);
#1137 = AXIS2_PLACEMENT_3D('',#1138,#1139,#1140);
#1138 = CARTESIAN_POINT('',(-2.303712776097E-16,4.15,8.25));
#1139 = DIRECTION('',(1.,0.,-5.551115123126E-17));
#1140 = DIRECTION('',(5.551115123126E-17,-1.,0.));
#1141 = ADVANCED_FACE('',(#1142),#1161,.F.);
#1142 = FACE_BOUND('',#1143,.F.);
#1143 = EDGE_LOOP('',(#1144,#1153,#1159,#1160));
#1144 = ORIENTED_EDGE('',*,*,#1145,.T.);
#1145 = EDGE_CURVE('',#1099,#1146,#1148,.T.);
#1146 = VERTEX_POINT('',#1147);
#1147 = CARTESIAN_POINT('',(-2.359223927328E-16,4.25,12.4));
#1148 = CIRCLE('',#1149,4.15);
#1149 = AXIS2_PLACEMENT_3D('',#1150,#1151,#1152);
#1150 = CARTESIAN_POINT('',(-1.444677710793E-14,4.25,8.25));
#1151 = DIRECTION('',(1.,5.551115123126E-17,-3.08148791102E-33));
#1152 = DIRECTION('',(-0.,5.551115123126E-17,1.));
#1153 = ORIENTED_EDGE('',*,*,#1154,.T.);
#1154 = EDGE_CURVE('',#1146,#128,#1155,.T.);
#1155 = LINE('',#1156,#1157);
#1156 = CARTESIAN_POINT('',(-2.359223927328E-16,4.25,12.4));
#1157 = VECTOR('',#1158,1.);
#1158 = DIRECTION('',(1.,0.,-5.551115123126E-17));
#1159 = ORIENTED_EDGE('',*,*,#135,.F.);
#1160 = ORIENTED_EDGE('',*,*,#1106,.F.);
#1161 = CYLINDRICAL_SURFACE('',#1162,4.15);
#1162 = AXIS2_PLACEMENT_3D('',#1163,#1164,#1165);
#1163 = CARTESIAN_POINT('',(-2.359223927328E-16,4.25,8.25));
#1164 = DIRECTION('',(1.,0.,-5.551115123126E-17));
#1165 = DIRECTION('',(-5.551115123126E-17,1.,0.));
#1166 = ADVANCED_FACE('',(#1167),#1178,.F.);
#1167 = FACE_BOUND('',#1168,.F.);
#1168 = EDGE_LOOP('',(#1169,#1175,#1176,#1177));
#1169 = ORIENTED_EDGE('',*,*,#1170,.F.);
#1170 = EDGE_CURVE('',#1121,#1146,#1171,.T.);
#1171 = LINE('',#1172,#1173);
#1172 = CARTESIAN_POINT('',(0.,6.883382752676E-16,12.4));
#1173 = VECTOR('',#1174,1.);
#1174 = DIRECTION('',(-5.551115123126E-17,1.,0.));
#1175 = ORIENTED_EDGE('',*,*,#1129,.T.);
#1176 = ORIENTED_EDGE('',*,*,#127,.T.);
#1177 = ORIENTED_EDGE('',*,*,#1154,.F.);
#1178 = PLANE('',#1179);
#1179 = AXIS2_PLACEMENT_3D('',#1180,#1181,#1182);
#1180 = CARTESIAN_POINT('',(0.,6.883382752676E-16,12.4));
#1181 = DIRECTION('',(0.,5.551115123126E-17,1.));
#1182 = DIRECTION('',(1.,0.,-5.551115123126E-17));
#1183 = ADVANCED_FACE('',(#1184),#1209,.T.);
#1184 = FACE_BOUND('',#1185,.F.);
#1185 = EDGE_LOOP('',(#1186,#1187,#1195,#1203));
#1186 = ORIENTED_EDGE('',*,*,#161,.F.);
#1187 = ORIENTED_EDGE('',*,*,#1188,.F.);
#1188 = EDGE_CURVE('',#1189,#162,#1191,.T.);
#1189 = VERTEX_POINT('',#1190);
#1190 = CARTESIAN_POINT('',(2.076949723318E-14,-6.986078382454E-15,
    -109.85));
#1191 = LINE('',#1192,#1193);
#1192 = CARTESIAN_POINT('',(2.076949723318E-14,-6.986078382454E-15,
    -109.85));
#1193 = VECTOR('',#1194,1.);
#1194 = DIRECTION('',(1.,-1.110223024625E-16,1.110223024625E-16));
#1195 = ORIENTED_EDGE('',*,*,#1196,.T.);
#1196 = EDGE_CURVE('',#1189,#1197,#1199,.T.);
#1197 = VERTEX_POINT('',#1198);
#1198 = CARTESIAN_POINT('',(2.145228439332E-14,-5.437317263102E-15,
    -113.95));
#1199 = LINE('',#1200,#1201);
#1200 = CARTESIAN_POINT('',(2.007838340035E-14,-6.405986852087E-15,
    -105.7));
#1201 = VECTOR('',#1202,1.);
#1202 = DIRECTION('',(2.22044604925E-16,-1.232595164408E-32,-1.));
#1203 = ORIENTED_EDGE('',*,*,#1204,.T.);
#1204 = EDGE_CURVE('',#1197,#164,#1205,.T.);
#1205 = LINE('',#1206,#1207);
#1206 = CARTESIAN_POINT('',(2.214062266859E-14,-5.437317263102E-15,
    -113.95));
#1207 = VECTOR('',#1208,1.);
#1208 = DIRECTION('',(1.,-1.110223024625E-16,1.110223024625E-16));
#1209 = PLANE('',#1210);
#1210 = AXIS2_PLACEMENT_3D('',#1211,#1212,#1213);
#1211 = CARTESIAN_POINT('',(2.007838340035E-14,-6.405986852087E-15,
    -105.7));
#1212 = DIRECTION('',(-1.110223024625E-16,1.,1.110223024625E-16));
#1213 = DIRECTION('',(-2.22044604925E-16,1.232595164408E-32,1.));
#1214 = ADVANCED_FACE('',(#1215),#1234,.F.);
#1215 = FACE_BOUND('',#1216,.T.);
#1216 = EDGE_LOOP('',(#1217,#1226,#1232,#1233));
#1217 = ORIENTED_EDGE('',*,*,#1218,.T.);
#1218 = EDGE_CURVE('',#1189,#1219,#1221,.T.);
#1219 = VERTEX_POINT('',#1220);
#1220 = CARTESIAN_POINT('',(1.984801212274E-14,4.15,-105.7));
#1221 = CIRCLE('',#1222,4.15);
#1222 = AXIS2_PLACEMENT_3D('',#1223,#1224,#1225);
#1223 = CARTESIAN_POINT('',(1.41680728452E-14,4.15,-109.85));
#1224 = DIRECTION('',(-1.,5.551115123126E-17,-1.665334536938E-16));
#1225 = DIRECTION('',(-1.665334536938E-16,5.551115123126E-17,1.));
#1226 = ORIENTED_EDGE('',*,*,#1227,.T.);
#1227 = EDGE_CURVE('',#1219,#172,#1228,.T.);
#1228 = LINE('',#1229,#1230);
#1229 = CARTESIAN_POINT('',(2.030875467796E-14,4.15,-105.7));
#1230 = VECTOR('',#1231,1.);
#1231 = DIRECTION('',(1.,-1.110223024625E-16,1.110223024625E-16));
#1232 = ORIENTED_EDGE('',*,*,#171,.F.);
#1233 = ORIENTED_EDGE('',*,*,#1188,.F.);
#1234 = CYLINDRICAL_SURFACE('',#1235,4.15);
#1235 = AXIS2_PLACEMENT_3D('',#1236,#1237,#1238);
#1236 = CARTESIAN_POINT('',(2.099986851078E-14,4.15,-109.85));
#1237 = DIRECTION('',(1.,-1.110223024625E-16,1.110223024625E-16));
#1238 = DIRECTION('',(-5.551115123126E-17,-1.,-5.551115123126E-17));
#1239 = ADVANCED_FACE('',(#1240),#1259,.F.);
#1240 = FACE_BOUND('',#1241,.F.);
#1241 = EDGE_LOOP('',(#1242,#1251,#1257,#1258));
#1242 = ORIENTED_EDGE('',*,*,#1243,.T.);
#1243 = EDGE_CURVE('',#1197,#1244,#1246,.T.);
#1244 = VERTEX_POINT('',#1245);
#1245 = CARTESIAN_POINT('',(2.260136522381E-14,4.15,-118.1));
#1246 = CIRCLE('',#1247,4.15);
#1247 = AXIS2_PLACEMENT_3D('',#1248,#1249,#1250);
#1248 = CARTESIAN_POINT('',(1.394047712515E-14,4.15,-113.95));
#1249 = DIRECTION('',(1.,-5.551115123126E-17,1.665334536938E-16));
#1250 = DIRECTION('',(-1.665334536938E-16,5.551115123126E-17,1.));
#1251 = ORIENTED_EDGE('',*,*,#1252,.T.);
#1252 = EDGE_CURVE('',#1244,#215,#1253,.T.);
#1253 = LINE('',#1254,#1255);
#1254 = CARTESIAN_POINT('',(2.306210777903E-14,4.15,-118.1));
#1255 = VECTOR('',#1256,1.);
#1256 = DIRECTION('',(1.,-1.110223024625E-16,1.110223024625E-16));
#1257 = ORIENTED_EDGE('',*,*,#222,.F.);
#1258 = ORIENTED_EDGE('',*,*,#1204,.F.);
#1259 = CYLINDRICAL_SURFACE('',#1260,4.15);
#1260 = AXIS2_PLACEMENT_3D('',#1261,#1262,#1263);
#1261 = CARTESIAN_POINT('',(2.23709939462E-14,4.15,-113.95));
#1262 = DIRECTION('',(1.,-1.110223024625E-16,1.110223024625E-16));
#1263 = DIRECTION('',(-5.551115123126E-17,-1.,-5.551115123126E-17));
#1264 = ADVANCED_FACE('',(#1265),#1283,.T.);
#1265 = FACE_BOUND('',#1266,.F.);
#1266 = EDGE_LOOP('',(#1267,#1275,#1276,#1277));
#1267 = ORIENTED_EDGE('',*,*,#1268,.F.);
#1268 = EDGE_CURVE('',#1219,#1269,#1271,.T.);
#1269 = VERTEX_POINT('',#1270);
#1270 = CARTESIAN_POINT('',(1.984246100761E-14,4.25,-105.7));
#1271 = LINE('',#1272,#1273);
#1272 = CARTESIAN_POINT('',(2.007838340035E-14,-6.405986852087E-15,
    -105.7));
#1273 = VECTOR('',#1274,1.);
#1274 = DIRECTION('',(-1.110223024625E-16,1.,1.110223024625E-16));
#1275 = ORIENTED_EDGE('',*,*,#1227,.T.);
#1276 = ORIENTED_EDGE('',*,*,#180,.T.);
#1277 = ORIENTED_EDGE('',*,*,#1278,.F.);
#1278 = EDGE_CURVE('',#1269,#181,#1279,.T.);
#1279 = LINE('',#1280,#1281);
#1280 = CARTESIAN_POINT('',(1.891542478205E-14,4.25,-105.7));
#1281 = VECTOR('',#1282,1.);
#1282 = DIRECTION('',(1.,-1.110223024625E-16,1.110223024625E-16));
#1283 = PLANE('',#1284);
#1284 = AXIS2_PLACEMENT_3D('',#1285,#1286,#1287);
#1285 = CARTESIAN_POINT('',(2.007838340035E-14,-6.405986852087E-15,
    -105.7));
#1286 = DIRECTION('',(2.22044604925E-16,-1.232595164408E-32,-1.));
#1287 = DIRECTION('',(-1.,1.110223024625E-16,-1.110223024625E-16));
#1288 = ADVANCED_FACE('',(#1289),#1307,.F.);
#1289 = FACE_BOUND('',#1290,.T.);
#1290 = EDGE_LOOP('',(#1291,#1299,#1300,#1301));
#1291 = ORIENTED_EDGE('',*,*,#1292,.F.);
#1292 = EDGE_CURVE('',#1244,#1293,#1295,.T.);
#1293 = VERTEX_POINT('',#1294);
#1294 = CARTESIAN_POINT('',(2.259581410868E-14,4.25,-118.1));
#1295 = LINE('',#1296,#1297);
#1296 = CARTESIAN_POINT('',(2.283173650142E-14,-6.405986852087E-15,
    -118.1));
#1297 = VECTOR('',#1298,1.);
#1298 = DIRECTION('',(-1.110223024625E-16,1.,1.110223024625E-16));
#1299 = ORIENTED_EDGE('',*,*,#1252,.T.);
#1300 = ORIENTED_EDGE('',*,*,#214,.T.);
#1301 = ORIENTED_EDGE('',*,*,#1302,.F.);
#1302 = EDGE_CURVE('',#1293,#206,#1303,.T.);
#1303 = LINE('',#1304,#1305);
#1304 = CARTESIAN_POINT('',(2.166877788312E-14,4.25,-118.1));
#1305 = VECTOR('',#1306,1.);
#1306 = DIRECTION('',(1.,-1.110223024625E-16,1.110223024625E-16));
#1307 = PLANE('',#1308);
#1308 = AXIS2_PLACEMENT_3D('',#1309,#1310,#1311);
#1309 = CARTESIAN_POINT('',(2.283173650142E-14,-6.405986852087E-15,
    -118.1));
#1310 = DIRECTION('',(2.22044604925E-16,-1.232595164408E-32,-1.));
#1311 = DIRECTION('',(-1.,1.110223024625E-16,-1.110223024625E-16));
#1312 = ADVANCED_FACE('',(#1313),#1332,.F.);
#1313 = FACE_BOUND('',#1314,.F.);
#1314 = EDGE_LOOP('',(#1315,#1324,#1325,#1326));
#1315 = ORIENTED_EDGE('',*,*,#1316,.T.);
#1316 = EDGE_CURVE('',#1317,#1269,#1319,.T.);
#1317 = VERTEX_POINT('',#1318);
#1318 = CARTESIAN_POINT('',(1.983690989249E-14,8.4,-109.85));
#1319 = CIRCLE('',#1320,4.15);
#1320 = AXIS2_PLACEMENT_3D('',#1321,#1322,#1323);
#1321 = CARTESIAN_POINT('',(1.416252173008E-14,4.25,-109.85));
#1322 = DIRECTION('',(1.,-5.551115123126E-17,1.665334536938E-16));
#1323 = DIRECTION('',(-1.665334536938E-16,5.551115123126E-17,1.));
#1324 = ORIENTED_EDGE('',*,*,#1278,.T.);
#1325 = ORIENTED_EDGE('',*,*,#188,.F.);
#1326 = ORIENTED_EDGE('',*,*,#1327,.F.);
#1327 = EDGE_CURVE('',#1317,#189,#1328,.T.);
#1328 = LINE('',#1329,#1330);
#1329 = CARTESIAN_POINT('',(1.983690989249E-14,8.4,-109.85));
#1330 = VECTOR('',#1331,1.);
#1331 = DIRECTION('',(1.,-1.110223024625E-16,1.110223024625E-16));
#1332 = CYLINDRICAL_SURFACE('',#1333,4.15);
#1333 = AXIS2_PLACEMENT_3D('',#1334,#1335,#1336);
#1334 = CARTESIAN_POINT('',(1.960653861488E-14,4.25,-109.85));
#1335 = DIRECTION('',(1.,-1.110223024625E-16,1.110223024625E-16));
#1336 = DIRECTION('',(5.551115123126E-17,1.,5.551115123126E-17));
#1337 = ADVANCED_FACE('',(#1338),#1357,.F.);
#1338 = FACE_BOUND('',#1339,.F.);
#1339 = EDGE_LOOP('',(#1340,#1349,#1355,#1356));
#1340 = ORIENTED_EDGE('',*,*,#1341,.T.);
#1341 = EDGE_CURVE('',#1293,#1342,#1344,.T.);
#1342 = VERTEX_POINT('',#1343);
#1343 = CARTESIAN_POINT('',(2.051969705263E-14,8.4,-113.95));
#1344 = CIRCLE('',#1345,4.15);
#1345 = AXIS2_PLACEMENT_3D('',#1346,#1347,#1348);
#1346 = CARTESIAN_POINT('',(1.393492601003E-14,4.25,-113.95));
#1347 = DIRECTION('',(1.,-5.551115123126E-17,1.665334536938E-16));
#1348 = DIRECTION('',(-1.665334536938E-16,5.551115123126E-17,1.));
#1349 = ORIENTED_EDGE('',*,*,#1350,.T.);
#1350 = EDGE_CURVE('',#1342,#198,#1351,.T.);
#1351 = LINE('',#1352,#1353);
#1352 = CARTESIAN_POINT('',(2.12080353279E-14,8.4,-113.95));
#1353 = VECTOR('',#1354,1.);
#1354 = DIRECTION('',(1.,-1.110223024625E-16,1.110223024625E-16));
#1355 = ORIENTED_EDGE('',*,*,#205,.F.);
#1356 = ORIENTED_EDGE('',*,*,#1302,.F.);
#1357 = CYLINDRICAL_SURFACE('',#1358,4.15);
#1358 = AXIS2_PLACEMENT_3D('',#1359,#1360,#1361);
#1359 = CARTESIAN_POINT('',(2.097766405029E-14,4.25,-113.95));
#1360 = DIRECTION('',(1.,-1.110223024625E-16,1.110223024625E-16));
#1361 = DIRECTION('',(1.665334536938E-16,5.551115123126E-17,-1.));
#1362 = ADVANCED_FACE('',(#1363),#1374,.F.);
#1363 = FACE_BOUND('',#1364,.T.);
#1364 = EDGE_LOOP('',(#1365,#1366,#1367,#1373));
#1365 = ORIENTED_EDGE('',*,*,#197,.F.);
#1366 = ORIENTED_EDGE('',*,*,#1327,.F.);
#1367 = ORIENTED_EDGE('',*,*,#1368,.T.);
#1368 = EDGE_CURVE('',#1317,#1342,#1369,.T.);
#1369 = LINE('',#1370,#1371);
#1370 = CARTESIAN_POINT('',(1.914579605966E-14,8.4,-105.7));
#1371 = VECTOR('',#1372,1.);
#1372 = DIRECTION('',(2.22044604925E-16,-1.232595164408E-32,-1.));
#1373 = ORIENTED_EDGE('',*,*,#1350,.T.);
#1374 = PLANE('',#1375);
#1375 = AXIS2_PLACEMENT_3D('',#1376,#1377,#1378);
#1376 = CARTESIAN_POINT('',(1.914579605966E-14,8.4,-105.7));
#1377 = DIRECTION('',(-1.110223024625E-16,1.,1.110223024625E-16));
#1378 = DIRECTION('',(-2.22044604925E-16,1.232595164408E-32,1.));
#1379 = ADVANCED_FACE('',(#1380),#1407,.T.);
#1380 = FACE_BOUND('',#1381,.F.);
#1381 = EDGE_LOOP('',(#1382,#1392,#1399,#1400));
#1382 = ORIENTED_EDGE('',*,*,#1383,.T.);
#1383 = EDGE_CURVE('',#1384,#1386,#1388,.T.);
#1384 = VERTEX_POINT('',#1385);
#1385 = CARTESIAN_POINT('',(-3.952393967666E-14,-14.,20.15));
#1386 = VERTEX_POINT('',#1387);
#1387 = CARTESIAN_POINT('',(-1.165734175856E-14,14.,20.15));
#1388 = LINE('',#1389,#1390);
#1389 = CARTESIAN_POINT('',(-2.84217094304E-14,-15.,20.15));
#1390 = VECTOR('',#1391,1.);
#1391 = DIRECTION('',(-1.110223024625E-16,1.,3.08148791102E-33));
#1392 = ORIENTED_EDGE('',*,*,#1393,.T.);
#1393 = EDGE_CURVE('',#1386,#240,#1394,.T.);
#1394 = CIRCLE('',#1395,3.);
#1395 = AXIS2_PLACEMENT_3D('',#1396,#1397,#1398);
#1396 = CARTESIAN_POINT('',(3.,14.,20.15));
#1397 = DIRECTION('',(-1.848892746612E-32,1.,-1.110223024625E-16));
#1398 = DIRECTION('',(-1.,5.115269932293E-31,4.773959005888E-15));
#1399 = ORIENTED_EDGE('',*,*,#237,.F.);
#1400 = ORIENTED_EDGE('',*,*,#1401,.T.);
#1401 = EDGE_CURVE('',#238,#1384,#1402,.T.);
#1402 = CIRCLE('',#1403,3.);
#1403 = AXIS2_PLACEMENT_3D('',#1404,#1405,#1406);
#1404 = CARTESIAN_POINT('',(3.,-14.,20.15));
#1405 = DIRECTION('',(1.848892746612E-32,-1.,1.110223024625E-16));
#1406 = DIRECTION('',(2.368475785867E-15,1.110223024625E-16,1.));
#1407 = CYLINDRICAL_SURFACE('',#1408,3.);
#1408 = AXIS2_PLACEMENT_3D('',#1409,#1410,#1411);
#1409 = CARTESIAN_POINT('',(3.,-15.,20.15));
#1410 = DIRECTION('',(1.110223024625E-16,-1.,-3.08148791102E-33));
#1411 = DIRECTION('',(1.110223024625E-16,-1.110223024625E-16,-1.));
#1412 = ADVANCED_FACE('',(#1413),#1425,.T.);
#1413 = FACE_BOUND('',#1414,.F.);
#1414 = EDGE_LOOP('',(#1415,#1416,#1417,#1424));
#1415 = ORIENTED_EDGE('',*,*,#270,.F.);
#1416 = ORIENTED_EDGE('',*,*,#429,.T.);
#1417 = ORIENTED_EDGE('',*,*,#1418,.T.);
#1418 = EDGE_CURVE('',#422,#1384,#1419,.T.);
#1419 = CIRCLE('',#1420,1.);
#1420 = AXIS2_PLACEMENT_3D('',#1421,#1422,#1423);
#1421 = CARTESIAN_POINT('',(1.,-14.,20.15));
#1422 = DIRECTION('',(-1.985618915974E-15,-1.110223024625E-16,-1.));
#1423 = DIRECTION('',(-1.,2.019590563985E-31,1.985618915974E-15));
#1424 = ORIENTED_EDGE('',*,*,#1401,.F.);
#1425 = TOROIDAL_SURFACE('',#1426,2.,1.);
#1426 = AXIS2_PLACEMENT_3D('',#1427,#1428,#1429);
#1427 = CARTESIAN_POINT('',(3.,-14.,20.15));
#1428 = DIRECTION('',(-1.848892746612E-32,1.,-1.110223024625E-16));
#1429 = DIRECTION('',(2.368475785867E-15,1.110223024625E-16,1.));
#1430 = ADVANCED_FACE('',(#1431),#1443,.T.);
#1431 = FACE_BOUND('',#1432,.F.);
#1432 = EDGE_LOOP('',(#1433,#1440,#1441,#1442));
#1433 = ORIENTED_EDGE('',*,*,#1434,.F.);
#1434 = EDGE_CURVE('',#799,#1386,#1435,.T.);
#1435 = CIRCLE('',#1436,1.);
#1436 = AXIS2_PLACEMENT_3D('',#1437,#1438,#1439);
#1437 = CARTESIAN_POINT('',(1.,14.,20.15));
#1438 = DIRECTION('',(5.551115123126E-17,1.110223024625E-16,1.));
#1439 = DIRECTION('',(-1.848892746612E-32,1.,-1.110223024625E-16));
#1440 = ORIENTED_EDGE('',*,*,#806,.T.);
#1441 = ORIENTED_EDGE('',*,*,#293,.T.);
#1442 = ORIENTED_EDGE('',*,*,#1393,.F.);
#1443 = TOROIDAL_SURFACE('',#1444,2.,1.);
#1444 = AXIS2_PLACEMENT_3D('',#1445,#1446,#1447);
#1445 = CARTESIAN_POINT('',(3.,14.,20.15));
#1446 = DIRECTION('',(1.848892746612E-32,-1.,1.110223024625E-16));
#1447 = DIRECTION('',(-1.,5.115269932293E-31,4.773959005888E-15));
#1448 = ADVANCED_FACE('',(#1449),#1469,.T.);
#1449 = FACE_BOUND('',#1450,.T.);
#1450 = EDGE_LOOP('',(#1451,#1452,#1453,#1462));
#1451 = ORIENTED_EDGE('',*,*,#933,.F.);
#1452 = ORIENTED_EDGE('',*,*,#327,.T.);
#1453 = ORIENTED_EDGE('',*,*,#1454,.T.);
#1454 = EDGE_CURVE('',#328,#1455,#1457,.T.);
#1455 = VERTEX_POINT('',#1456);
#1456 = CARTESIAN_POINT('',(1.06581410364E-14,-14.,-125.85));
#1457 = CIRCLE('',#1458,1.);
#1458 = AXIS2_PLACEMENT_3D('',#1459,#1460,#1461);
#1459 = CARTESIAN_POINT('',(1.,-14.,-125.85));
#1460 = DIRECTION('',(-3.343451602226E-15,-1.110223024625E-16,-1.));
#1461 = DIRECTION('',(-1.,3.52708767585E-31,3.343451602226E-15));
#1462 = ORIENTED_EDGE('',*,*,#1463,.F.);
#1463 = EDGE_CURVE('',#926,#1455,#1464,.T.);
#1464 = CIRCLE('',#1465,3.);
#1465 = AXIS2_PLACEMENT_3D('',#1466,#1467,#1468);
#1466 = CARTESIAN_POINT('',(3.,-14.,-125.85));
#1467 = DIRECTION('',(-1.848892746612E-32,1.,-1.110223024625E-16));
#1468 = DIRECTION('',(-4.736951571734E-15,-1.110223024625E-16,-1.));
#1469 = TOROIDAL_SURFACE('',#1470,2.,1.);
#1470 = AXIS2_PLACEMENT_3D('',#1471,#1472,#1473);
#1471 = CARTESIAN_POINT('',(3.,-14.,-125.85));
#1472 = DIRECTION('',(-1.848892746612E-32,1.,-1.110223024625E-16));
#1473 = DIRECTION('',(-4.736951571734E-15,-1.110223024625E-16,-1.));
#1474 = ADVANCED_FACE('',(#1475),#1494,.T.);
#1475 = FACE_BOUND('',#1476,.F.);
#1476 = EDGE_LOOP('',(#1477,#1478,#1486,#1493));
#1477 = ORIENTED_EDGE('',*,*,#1454,.T.);
#1478 = ORIENTED_EDGE('',*,*,#1479,.T.);
#1479 = EDGE_CURVE('',#1455,#1480,#1482,.T.);
#1480 = VERTEX_POINT('',#1481);
#1481 = CARTESIAN_POINT('',(1.354472090043E-14,-14.,-118.4936508395));
#1482 = LINE('',#1483,#1484);
#1483 = CARTESIAN_POINT('',(1.287858708565E-14,-14.,-125.85));
#1484 = VECTOR('',#1485,1.);
#1485 = DIRECTION('',(-1.110223024625E-16,1.110223024625E-16,1.));
#1486 = ORIENTED_EDGE('',*,*,#1487,.F.);
#1487 = EDGE_CURVE('',#337,#1480,#1488,.T.);
#1488 = CIRCLE('',#1489,1.);
#1489 = AXIS2_PLACEMENT_3D('',#1490,#1491,#1492);
#1490 = CARTESIAN_POINT('',(1.,-14.,-118.4936508395));
#1491 = DIRECTION('',(3.913536161804E-14,-1.110223024625E-16,-1.));
#1492 = DIRECTION('',(1.,4.369549857826E-30,3.913536161804E-14));
#1493 = ORIENTED_EDGE('',*,*,#336,.F.);
#1494 = CYLINDRICAL_SURFACE('',#1495,1.);
#1495 = AXIS2_PLACEMENT_3D('',#1496,#1497,#1498);
#1496 = CARTESIAN_POINT('',(1.,-14.,-125.85));
#1497 = DIRECTION('',(-1.110223024625E-16,1.110223024625E-16,1.));
#1498 = DIRECTION('',(1.848892746612E-32,-1.,1.110223024625E-16));
#1499 = ADVANCED_FACE('',(#1500),#1519,.T.);
#1500 = FACE_BOUND('',#1501,.T.);
#1501 = EDGE_LOOP('',(#1502,#1503,#1511,#1518));
#1502 = ORIENTED_EDGE('',*,*,#1418,.T.);
#1503 = ORIENTED_EDGE('',*,*,#1504,.T.);
#1504 = EDGE_CURVE('',#1384,#1505,#1507,.T.);
#1505 = VERTEX_POINT('',#1506);
#1506 = CARTESIAN_POINT('',(-1.432187701766E-14,-14.,12.793650839509));
#1507 = LINE('',#1508,#1509);
#1508 = CARTESIAN_POINT('',(-1.210143096841E-14,-14.,20.15));
#1509 = VECTOR('',#1510,1.);
#1510 = DIRECTION('',(1.110223024625E-16,-1.110223024625E-16,-1.));
#1511 = ORIENTED_EDGE('',*,*,#1512,.F.);
#1512 = EDGE_CURVE('',#413,#1505,#1513,.T.);
#1513 = CIRCLE('',#1514,1.);
#1514 = AXIS2_PLACEMENT_3D('',#1515,#1516,#1517);
#1515 = CARTESIAN_POINT('',(1.,-14.,12.793650839509));
#1516 = DIRECTION('',(3.497202527569E-15,-1.110223024625E-16,-1.));
#1517 = DIRECTION('',(1.,4.129193800766E-31,3.497202527569E-15));
#1518 = ORIENTED_EDGE('',*,*,#421,.F.);
#1519 = CYLINDRICAL_SURFACE('',#1520,1.);
#1520 = AXIS2_PLACEMENT_3D('',#1521,#1522,#1523);
#1521 = CARTESIAN_POINT('',(1.,-14.,20.15));
#1522 = DIRECTION('',(1.110223024625E-16,-1.110223024625E-16,-1.));
#1523 = DIRECTION('',(1.848892746612E-32,-1.,1.110223024625E-16));
#1524 = ADVANCED_FACE('',(#1525),#1545,.T.);
#1525 = FACE_BOUND('',#1526,.F.);
#1526 = EDGE_LOOP('',(#1527,#1536,#1537,#1538));
#1527 = ORIENTED_EDGE('',*,*,#1528,.F.);
#1528 = EDGE_CURVE('',#345,#1529,#1531,.T.);
#1529 = VERTEX_POINT('',#1530);
#1530 = CARTESIAN_POINT('',(-0.585859274702,-14.,-117.5834379744));
#1531 = CIRCLE('',#1532,1.);
#1532 = AXIS2_PLACEMENT_3D('',#1533,#1534,#1535);
#1533 = CARTESIAN_POINT('',(-0.171718549405,-14.,-116.6732251094));
#1534 = DIRECTION('',(0.910212865021,-4.597885686604E-17,-0.414140725298
    ));
#1535 = DIRECTION('',(0.414140725298,1.010539280056E-16,0.910212865021)
  );
#1536 = ORIENTED_EDGE('',*,*,#344,.T.);
#1537 = ORIENTED_EDGE('',*,*,#1487,.T.);
#1538 = ORIENTED_EDGE('',*,*,#1539,.F.);
#1539 = EDGE_CURVE('',#1529,#1480,#1540,.T.);
#1540 = CIRCLE('',#1541,1.);
#1541 = AXIS2_PLACEMENT_3D('',#1542,#1543,#1544);
#1542 = CARTESIAN_POINT('',(-1.,-14.,-118.4936508395));
#1543 = DIRECTION('',(-1.848892746612E-32,1.,-1.110223024625E-16));
#1544 = DIRECTION('',(0.414140725298,1.010539280056E-16,0.910212865021)
  );
#1545 = TOROIDAL_SURFACE('',#1546,2.,1.);
#1546 = AXIS2_PLACEMENT_3D('',#1547,#1548,#1549);
#1547 = CARTESIAN_POINT('',(-1.,-14.,-118.4936508395));
#1548 = DIRECTION('',(1.848892746612E-32,-1.,1.110223024625E-16));
#1549 = DIRECTION('',(0.414140725298,1.010539280056E-16,0.910212865021)
  );
#1550 = ADVANCED_FACE('',(#1551),#1571,.T.);
#1551 = FACE_BOUND('',#1552,.T.);
#1552 = EDGE_LOOP('',(#1553,#1562,#1563,#1564));
#1553 = ORIENTED_EDGE('',*,*,#1554,.F.);
#1554 = EDGE_CURVE('',#405,#1555,#1557,.T.);
#1555 = VERTEX_POINT('',#1556);
#1556 = CARTESIAN_POINT('',(-0.585859274702,-14.,11.883437974487));
#1557 = CIRCLE('',#1558,1.);
#1558 = AXIS2_PLACEMENT_3D('',#1559,#1560,#1561);
#1559 = CARTESIAN_POINT('',(-0.171718549405,-14.,10.973225109466));
#1560 = DIRECTION('',(-0.910212865021,-4.597885686605E-17,
    -0.414140725298));
#1561 = DIRECTION('',(0.414140725298,-1.010539280056E-16,-0.910212865021
    ));
#1562 = ORIENTED_EDGE('',*,*,#412,.T.);
#1563 = ORIENTED_EDGE('',*,*,#1512,.T.);
#1564 = ORIENTED_EDGE('',*,*,#1565,.F.);
#1565 = EDGE_CURVE('',#1555,#1505,#1566,.T.);
#1566 = CIRCLE('',#1567,1.);
#1567 = AXIS2_PLACEMENT_3D('',#1568,#1569,#1570);
#1568 = CARTESIAN_POINT('',(-1.,-14.,12.793650839509));
#1569 = DIRECTION('',(2.465190328816E-32,-1.,1.110223024625E-16));
#1570 = DIRECTION('',(0.414140725298,-1.010539280056E-16,-0.910212865021
    ));
#1571 = TOROIDAL_SURFACE('',#1572,2.,1.);
#1572 = AXIS2_PLACEMENT_3D('',#1573,#1574,#1575);
#1573 = CARTESIAN_POINT('',(-1.,-14.,12.793650839509));
#1574 = DIRECTION('',(1.848892746612E-32,-1.,1.110223024625E-16));
#1575 = DIRECTION('',(0.414140725298,-1.010539280056E-16,-0.910212865021
    ));
#1576 = ADVANCED_FACE('',(#1577),#1596,.T.);
#1577 = FACE_BOUND('',#1578,.F.);
#1578 = EDGE_LOOP('',(#1579,#1580,#1588,#1595));
#1579 = ORIENTED_EDGE('',*,*,#1528,.T.);
#1580 = ORIENTED_EDGE('',*,*,#1581,.T.);
#1581 = EDGE_CURVE('',#1529,#1582,#1584,.T.);
#1582 = VERTEX_POINT('',#1583);
#1583 = CARTESIAN_POINT('',(-113.1031001565,-14.,-66.38885093005));
#1584 = LINE('',#1585,#1586);
#1585 = CARTESIAN_POINT('',(5.551115123126E-17,-14.,-117.85));
#1586 = VECTOR('',#1587,1.);
#1587 = DIRECTION('',(-0.910212865021,4.597885686604E-17,0.414140725298)
  );
#1588 = ORIENTED_EDGE('',*,*,#1589,.F.);
#1589 = EDGE_CURVE('',#354,#1582,#1590,.T.);
#1590 = CIRCLE('',#1591,1.);
#1591 = AXIS2_PLACEMENT_3D('',#1592,#1593,#1594);
#1592 = CARTESIAN_POINT('',(-112.6889594312,-14.,-65.47863806503));
#1593 = DIRECTION('',(0.910212865021,-4.597885686604E-17,-0.414140725298
    ));
#1594 = DIRECTION('',(0.414140725298,1.010539280056E-16,0.910212865021)
  );
#1595 = ORIENTED_EDGE('',*,*,#353,.F.);
#1596 = CYLINDRICAL_SURFACE('',#1597,1.);
#1597 = AXIS2_PLACEMENT_3D('',#1598,#1599,#1600);
#1598 = CARTESIAN_POINT('',(0.414140725298,-14.,-116.9397871349));
#1599 = DIRECTION('',(-0.910212865021,4.597885686604E-17,0.414140725298)
  );
#1600 = DIRECTION('',(1.848892746612E-32,-1.,1.110223024625E-16));
#1601 = ADVANCED_FACE('',(#1602),#1621,.T.);
#1602 = FACE_BOUND('',#1603,.T.);
#1603 = EDGE_LOOP('',(#1604,#1605,#1613,#1620));
#1604 = ORIENTED_EDGE('',*,*,#1554,.T.);
#1605 = ORIENTED_EDGE('',*,*,#1606,.T.);
#1606 = EDGE_CURVE('',#1555,#1607,#1609,.T.);
#1607 = VERTEX_POINT('',#1608);
#1608 = CARTESIAN_POINT('',(-113.1031001565,-14.,-39.31114906994));
#1609 = LINE('',#1610,#1611);
#1610 = CARTESIAN_POINT('',(-2.847722058164E-14,-14.,12.15));
#1611 = VECTOR('',#1612,1.);
#1612 = DIRECTION('',(-0.910212865021,-4.597885686604E-17,
    -0.414140725298));
#1613 = ORIENTED_EDGE('',*,*,#1614,.F.);
#1614 = EDGE_CURVE('',#396,#1607,#1615,.T.);
#1615 = CIRCLE('',#1616,1.);
#1616 = AXIS2_PLACEMENT_3D('',#1617,#1618,#1619);
#1617 = CARTESIAN_POINT('',(-112.6889594312,-14.,-40.22136193496));
#1618 = DIRECTION('',(-0.910212865021,-4.597885686604E-17,
    -0.414140725298));
#1619 = DIRECTION('',(0.414140725298,-1.010539280056E-16,-0.910212865021
    ));
#1620 = ORIENTED_EDGE('',*,*,#404,.F.);
#1621 = CYLINDRICAL_SURFACE('',#1622,1.);
#1622 = AXIS2_PLACEMENT_3D('',#1623,#1624,#1625);
#1623 = CARTESIAN_POINT('',(0.414140725298,-14.,11.239787134979));
#1624 = DIRECTION('',(-0.910212865021,-4.597885686604E-17,
    -0.414140725298));
#1625 = DIRECTION('',(2.465190328816E-32,-1.,1.110223024625E-16));
#1626 = ADVANCED_FACE('',(#1627),#1647,.T.);
#1627 = FACE_BOUND('',#1628,.F.);
#1628 = EDGE_LOOP('',(#1629,#1638,#1639,#1640));
#1629 = ORIENTED_EDGE('',*,*,#1630,.F.);
#1630 = EDGE_CURVE('',#362,#1631,#1633,.T.);
#1631 = VERTEX_POINT('',#1632);
#1632 = CARTESIAN_POINT('',(-113.6365501181,-14.,-66.30620665221));
#1633 = CIRCLE('',#1634,1.);
#1634 = AXIS2_PLACEMENT_3D('',#1635,#1636,#1637);
#1635 = CARTESIAN_POINT('',(-113.7558593545,-14.,-65.31334950936));
#1636 = DIRECTION('',(0.992857142857,1.324598612422E-17,0.119309236346)
  );
#1637 = DIRECTION('',(-0.119309236346,1.102292860164E-16,0.992857142857)
  );
#1638 = ORIENTED_EDGE('',*,*,#361,.T.);
#1639 = ORIENTED_EDGE('',*,*,#1589,.T.);
#1640 = ORIENTED_EDGE('',*,*,#1641,.F.);
#1641 = EDGE_CURVE('',#1631,#1582,#1642,.T.);
#1642 = CIRCLE('',#1643,1.);
#1643 = AXIS2_PLACEMENT_3D('',#1644,#1645,#1646);
#1644 = CARTESIAN_POINT('',(-113.5172408818,-14.,-67.29906379507));
#1645 = DIRECTION('',(-1.848892746612E-32,1.,-1.110223024625E-16));
#1646 = DIRECTION('',(-0.119309236346,1.102292860164E-16,0.992857142857)
  );
#1647 = TOROIDAL_SURFACE('',#1648,2.,1.);
#1648 = AXIS2_PLACEMENT_3D('',#1649,#1650,#1651);
#1649 = CARTESIAN_POINT('',(-113.5172408818,-14.,-67.29906379507));
#1650 = DIRECTION('',(1.848892746612E-32,-1.,1.110223024625E-16));
#1651 = DIRECTION('',(-0.119309236346,1.102292860164E-16,0.992857142857)
  );
#1652 = ADVANCED_FACE('',(#1653),#1673,.T.);
#1653 = FACE_BOUND('',#1654,.T.);
#1654 = EDGE_LOOP('',(#1655,#1664,#1665,#1666));
#1655 = ORIENTED_EDGE('',*,*,#1656,.F.);
#1656 = EDGE_CURVE('',#388,#1657,#1659,.T.);
#1657 = VERTEX_POINT('',#1658);
#1658 = CARTESIAN_POINT('',(-113.6365501181,-14.,-39.39379334778));
#1659 = CIRCLE('',#1660,1.);
#1660 = AXIS2_PLACEMENT_3D('',#1661,#1662,#1663);
#1661 = CARTESIAN_POINT('',(-113.7558593545,-14.,-40.38665049064));
#1662 = DIRECTION('',(-0.992857142857,1.324598612422E-17,0.119309236346)
  );
#1663 = DIRECTION('',(-0.119309236346,-1.102292860164E-16,
    -0.992857142857));
#1664 = ORIENTED_EDGE('',*,*,#395,.T.);
#1665 = ORIENTED_EDGE('',*,*,#1614,.T.);
#1666 = ORIENTED_EDGE('',*,*,#1667,.F.);
#1667 = EDGE_CURVE('',#1657,#1607,#1668,.T.);
#1668 = CIRCLE('',#1669,1.);
#1669 = AXIS2_PLACEMENT_3D('',#1670,#1671,#1672);
#1670 = CARTESIAN_POINT('',(-113.5172408818,-14.,-38.40093620492));
#1671 = DIRECTION('',(1.848892746612E-32,-1.,1.110223024625E-16));
#1672 = DIRECTION('',(-0.119309236346,-1.102292860164E-16,
    -0.992857142857));
#1673 = TOROIDAL_SURFACE('',#1674,2.,1.);
#1674 = AXIS2_PLACEMENT_3D('',#1675,#1676,#1677);
#1675 = CARTESIAN_POINT('',(-113.5172408818,-14.,-38.40093620492));
#1676 = DIRECTION('',(1.848892746612E-32,-1.,1.110223024625E-16));
#1677 = DIRECTION('',(-0.119309236346,-1.102292860164E-16,
    -0.992857142857));
#1678 = ADVANCED_FACE('',(#1679),#1698,.T.);
#1679 = FACE_BOUND('',#1680,.T.);
#1680 = EDGE_LOOP('',(#1681,#1690,#1696,#1697));
#1681 = ORIENTED_EDGE('',*,*,#1682,.T.);
#1682 = EDGE_CURVE('',#371,#1683,#1685,.T.);
#1683 = VERTEX_POINT('',#1684);
#1684 = CARTESIAN_POINT('',(-117.3296706911,-14.,-66.75));
#1685 = CIRCLE('',#1686,1.);
#1686 = AXIS2_PLACEMENT_3D('',#1687,#1688,#1689);
#1687 = CARTESIAN_POINT('',(-117.4489799274,-14.,-65.75714285714));
#1688 = DIRECTION('',(0.992857142857,1.324598612422E-17,0.119309236346)
  );
#1689 = DIRECTION('',(0.119309236346,-1.102292860164E-16,-0.992857142857
    ));
#1690 = ORIENTED_EDGE('',*,*,#1691,.T.);
#1691 = EDGE_CURVE('',#1683,#1631,#1692,.T.);
#1692 = LINE('',#1693,#1694);
#1693 = CARTESIAN_POINT('',(-117.3296706911,-14.,-66.75));
#1694 = VECTOR('',#1695,1.);
#1695 = DIRECTION('',(0.992857142857,1.324598612422E-17,0.119309236346)
  );
#1696 = ORIENTED_EDGE('',*,*,#1630,.F.);
#1697 = ORIENTED_EDGE('',*,*,#370,.F.);
#1698 = CYLINDRICAL_SURFACE('',#1699,1.);
#1699 = AXIS2_PLACEMENT_3D('',#1700,#1701,#1702);
#1700 = CARTESIAN_POINT('',(-117.4489799274,-14.,-65.75714285714));
#1701 = DIRECTION('',(0.992857142857,1.324598612422E-17,0.119309236346)
  );
#1702 = DIRECTION('',(1.848892746612E-32,-1.,1.110223024625E-16));
#1703 = ADVANCED_FACE('',(#1704),#1723,.T.);
#1704 = FACE_BOUND('',#1705,.T.);
#1705 = EDGE_LOOP('',(#1706,#1707,#1715,#1722));
#1706 = ORIENTED_EDGE('',*,*,#1656,.T.);
#1707 = ORIENTED_EDGE('',*,*,#1708,.T.);
#1708 = EDGE_CURVE('',#1657,#1709,#1711,.T.);
#1709 = VERTEX_POINT('',#1710);
#1710 = CARTESIAN_POINT('',(-117.3296706911,-14.,-38.95));
#1711 = LINE('',#1712,#1713);
#1712 = CARTESIAN_POINT('',(-113.3582421197,-14.,-39.42723694538));
#1713 = VECTOR('',#1714,1.);
#1714 = DIRECTION('',(-0.992857142857,1.324598612422E-17,0.119309236346)
  );
#1715 = ORIENTED_EDGE('',*,*,#1716,.F.);
#1716 = EDGE_CURVE('',#379,#1709,#1717,.T.);
#1717 = CIRCLE('',#1718,1.);
#1718 = AXIS2_PLACEMENT_3D('',#1719,#1720,#1721);
#1719 = CARTESIAN_POINT('',(-117.4489799274,-14.,-39.94285714285));
#1720 = DIRECTION('',(-0.992857142857,1.324598612422E-17,0.119309236346)
  );
#1721 = DIRECTION('',(1.694818351061E-32,-1.,1.110223024625E-16));
#1722 = ORIENTED_EDGE('',*,*,#387,.F.);
#1723 = CYLINDRICAL_SURFACE('',#1724,1.);
#1724 = AXIS2_PLACEMENT_3D('',#1725,#1726,#1727);
#1725 = CARTESIAN_POINT('',(-113.477551356,-14.,-40.42009408824));
#1726 = DIRECTION('',(-0.992857142857,1.324598612422E-17,0.119309236346)
  );
#1727 = DIRECTION('',(1.848892746612E-32,-1.,1.110223024625E-16));
#1728 = ADVANCED_FACE('',(#1729),#1741,.T.);
#1729 = FACE_BOUND('',#1730,.F.);
#1730 = EDGE_LOOP('',(#1731,#1732,#1733,#1734));
#1731 = ORIENTED_EDGE('',*,*,#1716,.F.);
#1732 = ORIENTED_EDGE('',*,*,#378,.T.);
#1733 = ORIENTED_EDGE('',*,*,#1682,.T.);
#1734 = ORIENTED_EDGE('',*,*,#1735,.F.);
#1735 = EDGE_CURVE('',#1709,#1683,#1736,.T.);
#1736 = CIRCLE('',#1737,14.);
#1737 = AXIS2_PLACEMENT_3D('',#1738,#1739,#1740);
#1738 = CARTESIAN_POINT('',(-119.,-14.,-52.85));
#1739 = DIRECTION('',(2.002967142163E-32,-1.,1.110223024625E-16));
#1740 = DIRECTION('',(0.119309236346,1.102292860164E-16,0.992857142857)
  );
#1741 = TOROIDAL_SURFACE('',#1742,13.,1.);
#1742 = AXIS2_PLACEMENT_3D('',#1743,#1744,#1745);
#1743 = CARTESIAN_POINT('',(-119.,-14.,-52.85));
#1744 = DIRECTION('',(-1.848892746612E-32,1.,-1.110223024625E-16));
#1745 = DIRECTION('',(0.119309236346,1.102292860164E-16,0.992857142857)
  );
#1746 = ADVANCED_FACE('',(#1747),#1766,.F.);
#1747 = FACE_BOUND('',#1748,.T.);
#1748 = EDGE_LOOP('',(#1749,#1757,#1764,#1765));
#1749 = ORIENTED_EDGE('',*,*,#1750,.T.);
#1750 = EDGE_CURVE('',#440,#1751,#1753,.T.);
#1751 = VERTEX_POINT('',#1752);
#1752 = CARTESIAN_POINT('',(-113.85,-12.3,-43.92993834102));
#1753 = LINE('',#1754,#1755);
#1754 = CARTESIAN_POINT('',(-113.85,-15.,-43.92993834102));
#1755 = VECTOR('',#1756,1.);
#1756 = DIRECTION('',(-1.110223024625E-16,1.,3.08148791102E-33));
#1757 = ORIENTED_EDGE('',*,*,#1758,.T.);
#1758 = EDGE_CURVE('',#1751,#1751,#1759,.T.);
#1759 = CIRCLE('',#1760,2.7);
#1760 = AXIS2_PLACEMENT_3D('',#1761,#1762,#1763);
#1761 = CARTESIAN_POINT('',(-115.2,-12.3,-46.26820693123));
#1762 = DIRECTION('',(0.,1.,-1.110223024625E-16));
#1763 = DIRECTION('',(0.5,9.614813431918E-17,0.866025403784));
#1764 = ORIENTED_EDGE('',*,*,#1750,.F.);
#1765 = ORIENTED_EDGE('',*,*,#439,.F.);
#1766 = CYLINDRICAL_SURFACE('',#1767,2.7);
#1767 = AXIS2_PLACEMENT_3D('',#1768,#1769,#1770);
#1768 = CARTESIAN_POINT('',(-115.2,-15.,-46.26820693123));
#1769 = DIRECTION('',(1.110223024625E-16,-1.,-3.08148791102E-33));
#1770 = DIRECTION('',(0.5,9.614813431918E-17,0.866025403784));
#1771 = ADVANCED_FACE('',(#1772),#1791,.F.);
#1772 = FACE_BOUND('',#1773,.T.);
#1773 = EDGE_LOOP('',(#1774,#1782,#1789,#1790));
#1774 = ORIENTED_EDGE('',*,*,#1775,.T.);
#1775 = EDGE_CURVE('',#451,#1776,#1778,.T.);
#1776 = VERTEX_POINT('',#1777);
#1777 = CARTESIAN_POINT('',(-129.3,-12.3,-52.85));
#1778 = LINE('',#1779,#1780);
#1779 = CARTESIAN_POINT('',(-129.3,-15.,-52.85));
#1780 = VECTOR('',#1781,1.);
#1781 = DIRECTION('',(-1.110223024625E-16,1.,3.08148791102E-33));
#1782 = ORIENTED_EDGE('',*,*,#1783,.T.);
#1783 = EDGE_CURVE('',#1776,#1776,#1784,.T.);
#1784 = CIRCLE('',#1785,2.7);
#1785 = AXIS2_PLACEMENT_3D('',#1786,#1787,#1788);
#1786 = CARTESIAN_POINT('',(-126.6,-12.3,-52.85));
#1787 = DIRECTION('',(-1.848892746612E-32,1.,-1.110223024625E-16));
#1788 = DIRECTION('',(-1.,-2.465190328816E-32,-5.551115123126E-17));
#1789 = ORIENTED_EDGE('',*,*,#1775,.F.);
#1790 = ORIENTED_EDGE('',*,*,#450,.F.);
#1791 = CYLINDRICAL_SURFACE('',#1792,2.7);
#1792 = AXIS2_PLACEMENT_3D('',#1793,#1794,#1795);
#1793 = CARTESIAN_POINT('',(-126.6,-15.,-52.85));
#1794 = DIRECTION('',(1.110223024625E-16,-1.,-3.08148791102E-33));
#1795 = DIRECTION('',(-1.,-2.465190328816E-32,-5.551115123126E-17));
#1796 = ADVANCED_FACE('',(#1797),#1816,.F.);
#1797 = FACE_BOUND('',#1798,.T.);
#1798 = EDGE_LOOP('',(#1799,#1807,#1814,#1815));
#1799 = ORIENTED_EDGE('',*,*,#1800,.T.);
#1800 = EDGE_CURVE('',#462,#1801,#1803,.T.);
#1801 = VERTEX_POINT('',#1802);
#1802 = CARTESIAN_POINT('',(-113.85,-12.3,-61.77006165898));
#1803 = LINE('',#1804,#1805);
#1804 = CARTESIAN_POINT('',(-113.85,-15.,-61.77006165898));
#1805 = VECTOR('',#1806,1.);
#1806 = DIRECTION('',(-1.110223024625E-16,1.,3.08148791102E-33));
#1807 = ORIENTED_EDGE('',*,*,#1808,.T.);
#1808 = EDGE_CURVE('',#1801,#1801,#1809,.T.);
#1809 = CIRCLE('',#1810,2.7);
#1810 = AXIS2_PLACEMENT_3D('',#1811,#1812,#1813);
#1811 = CARTESIAN_POINT('',(-115.2,-12.3,-59.43179306876));
#1812 = DIRECTION('',(-1.848892746612E-32,1.,-1.110223024625E-16));
#1813 = DIRECTION('',(0.5,-9.614813431918E-17,-0.866025403784));
#1814 = ORIENTED_EDGE('',*,*,#1800,.F.);
#1815 = ORIENTED_EDGE('',*,*,#461,.F.);
#1816 = CYLINDRICAL_SURFACE('',#1817,2.7);
#1817 = AXIS2_PLACEMENT_3D('',#1818,#1819,#1820);
#1818 = CARTESIAN_POINT('',(-115.2,-15.,-59.43179306876));
#1819 = DIRECTION('',(1.110223024625E-16,-1.,-3.08148791102E-33));
#1820 = DIRECTION('',(0.5,-9.614813431918E-17,-0.866025403784));
#1821 = ADVANCED_FACE('',(#1822),#1895,.T.);
#1822 = FACE_BOUND('',#1823,.T.);
#1823 = EDGE_LOOP('',(#1824,#1825,#1833,#1841,#1849,#1857,#1865,#1873,
    #1881,#1889));
#1824 = ORIENTED_EDGE('',*,*,#472,.F.);
#1825 = ORIENTED_EDGE('',*,*,#1826,.T.);
#1826 = EDGE_CURVE('',#473,#1827,#1829,.T.);
#1827 = VERTEX_POINT('',#1828);
#1828 = CARTESIAN_POINT('',(-110.8,1.5,-50.85));
#1829 = LINE('',#1830,#1831);
#1830 = CARTESIAN_POINT('',(-110.8,-15.,-50.85));
#1831 = VECTOR('',#1832,1.);
#1832 = DIRECTION('',(-1.110223024625E-16,1.,3.08148791102E-33));
#1833 = ORIENTED_EDGE('',*,*,#1834,.F.);
#1834 = EDGE_CURVE('',#1835,#1827,#1837,.T.);
#1835 = VERTEX_POINT('',#1836);
#1836 = CARTESIAN_POINT('',(-110.8,1.5,-49.85));
#1837 = LINE('',#1838,#1839);
#1838 = CARTESIAN_POINT('',(-110.8,1.5,-52.85));
#1839 = VECTOR('',#1840,1.);
#1840 = DIRECTION('',(-5.551115123126E-17,-3.08148791102E-33,-1.));
#1841 = ORIENTED_EDGE('',*,*,#1842,.F.);
#1842 = EDGE_CURVE('',#1843,#1835,#1845,.T.);
#1843 = VERTEX_POINT('',#1844);
#1844 = CARTESIAN_POINT('',(-110.8,1.5,-47.66830143678));
#1845 = LINE('',#1846,#1847);
#1846 = CARTESIAN_POINT('',(-110.8,1.5,-45.85));
#1847 = VECTOR('',#1848,1.);
#1848 = DIRECTION('',(1.110223024625E-16,-1.110223024625E-16,-1.));
#1849 = ORIENTED_EDGE('',*,*,#1850,.F.);
#1850 = EDGE_CURVE('',#1851,#1843,#1853,.T.);
#1851 = VERTEX_POINT('',#1852);
#1852 = CARTESIAN_POINT('',(-110.8,9.,-47.66830143678));
#1853 = LINE('',#1854,#1855);
#1854 = CARTESIAN_POINT('',(-110.8,1.5,-47.66830143678));
#1855 = VECTOR('',#1856,1.);
#1856 = DIRECTION('',(1.110223024625E-16,-1.,-3.08148791102E-33));
#1857 = ORIENTED_EDGE('',*,*,#1858,.T.);
#1858 = EDGE_CURVE('',#1851,#1859,#1861,.T.);
#1859 = VERTEX_POINT('',#1860);
#1860 = CARTESIAN_POINT('',(-110.8,9.,-58.03169856321));
#1861 = LINE('',#1862,#1863);
#1862 = CARTESIAN_POINT('',(-110.8,9.,-45.85));
#1863 = VECTOR('',#1864,1.);
#1864 = DIRECTION('',(1.110223024625E-16,-1.110223024625E-16,-1.));
#1865 = ORIENTED_EDGE('',*,*,#1866,.T.);
#1866 = EDGE_CURVE('',#1859,#1867,#1869,.T.);
#1867 = VERTEX_POINT('',#1868);
#1868 = CARTESIAN_POINT('',(-110.8,1.5,-58.03169856321));
#1869 = LINE('',#1870,#1871);
#1870 = CARTESIAN_POINT('',(-110.8,1.5,-58.03169856321));
#1871 = VECTOR('',#1872,1.);
#1872 = DIRECTION('',(1.110223024625E-16,-1.,-3.08148791102E-33));
#1873 = ORIENTED_EDGE('',*,*,#1874,.F.);
#1874 = EDGE_CURVE('',#1875,#1867,#1877,.T.);
#1875 = VERTEX_POINT('',#1876);
#1876 = CARTESIAN_POINT('',(-110.8,1.5,-55.85));
#1877 = LINE('',#1878,#1879);
#1878 = CARTESIAN_POINT('',(-110.8,1.5,-45.85));
#1879 = VECTOR('',#1880,1.);
#1880 = DIRECTION('',(1.110223024625E-16,-1.110223024625E-16,-1.));
#1881 = ORIENTED_EDGE('',*,*,#1882,.T.);
#1882 = EDGE_CURVE('',#1875,#1883,#1885,.T.);
#1883 = VERTEX_POINT('',#1884);
#1884 = CARTESIAN_POINT('',(-110.8,1.5,-54.85));
#1885 = LINE('',#1886,#1887);
#1886 = CARTESIAN_POINT('',(-110.8,1.5,-52.85));
#1887 = VECTOR('',#1888,1.);
#1888 = DIRECTION('',(5.551115123126E-17,3.08148791102E-33,1.));
#1889 = ORIENTED_EDGE('',*,*,#1890,.F.);
#1890 = EDGE_CURVE('',#475,#1883,#1891,.T.);
#1891 = LINE('',#1892,#1893);
#1892 = CARTESIAN_POINT('',(-110.8,-15.,-54.85));
#1893 = VECTOR('',#1894,1.);
#1894 = DIRECTION('',(-1.110223024625E-16,1.,3.08148791102E-33));
#1895 = PLANE('',#1896);
#1896 = AXIS2_PLACEMENT_3D('',#1897,#1898,#1899);
#1897 = CARTESIAN_POINT('',(-110.8,-1.952431095198,-52.85));
#1898 = DIRECTION('',(-1.,-1.232595164408E-32,5.551115123126E-17));
#1899 = DIRECTION('',(-1.110223024625E-16,1.,3.08148791102E-33));
#1900 = ADVANCED_FACE('',(#1901),#1920,.F.);
#1901 = FACE_BOUND('',#1902,.T.);
#1902 = EDGE_LOOP('',(#1903,#1904,#1912,#1919));
#1903 = ORIENTED_EDGE('',*,*,#482,.T.);
#1904 = ORIENTED_EDGE('',*,*,#1905,.T.);
#1905 = EDGE_CURVE('',#483,#1906,#1908,.T.);
#1906 = VERTEX_POINT('',#1907);
#1907 = CARTESIAN_POINT('',(-111.8,1.5,-49.85));
#1908 = LINE('',#1909,#1910);
#1909 = CARTESIAN_POINT('',(-111.8,-15.,-49.85));
#1910 = VECTOR('',#1911,1.);
#1911 = DIRECTION('',(-1.110223024625E-16,1.,3.08148791102E-33));
#1912 = ORIENTED_EDGE('',*,*,#1913,.F.);
#1913 = EDGE_CURVE('',#1827,#1906,#1914,.T.);
#1914 = CIRCLE('',#1915,1.);
#1915 = AXIS2_PLACEMENT_3D('',#1916,#1917,#1918);
#1916 = CARTESIAN_POINT('',(-111.8,1.5,-50.85));
#1917 = DIRECTION('',(1.110223024625E-16,-1.,-3.08148791102E-33));
#1918 = DIRECTION('',(-1.,-1.110223024625E-16,0.));
#1919 = ORIENTED_EDGE('',*,*,#1826,.F.);
#1920 = CYLINDRICAL_SURFACE('',#1921,1.);
#1921 = AXIS2_PLACEMENT_3D('',#1922,#1923,#1924);
#1922 = CARTESIAN_POINT('',(-111.8,-15.,-50.85));
#1923 = DIRECTION('',(-1.110223024625E-16,1.,3.08148791102E-33));
#1924 = DIRECTION('',(1.,1.110223024625E-16,1.110223024625E-16));
#1925 = ADVANCED_FACE('',(#1926),#1945,.F.);
#1926 = FACE_BOUND('',#1927,.F.);
#1927 = EDGE_LOOP('',(#1928,#1929,#1937,#1944));
#1928 = ORIENTED_EDGE('',*,*,#533,.T.);
#1929 = ORIENTED_EDGE('',*,*,#1930,.T.);
#1930 = EDGE_CURVE('',#526,#1931,#1933,.T.);
#1931 = VERTEX_POINT('',#1932);
#1932 = CARTESIAN_POINT('',(-111.8,1.5,-55.85));
#1933 = LINE('',#1934,#1935);
#1934 = CARTESIAN_POINT('',(-111.8,-15.,-55.85));
#1935 = VECTOR('',#1936,1.);
#1936 = DIRECTION('',(-1.110223024625E-16,1.,3.08148791102E-33));
#1937 = ORIENTED_EDGE('',*,*,#1938,.F.);
#1938 = EDGE_CURVE('',#1883,#1931,#1939,.T.);
#1939 = CIRCLE('',#1940,1.);
#1940 = AXIS2_PLACEMENT_3D('',#1941,#1942,#1943);
#1941 = CARTESIAN_POINT('',(-111.8,1.5,-54.85));
#1942 = DIRECTION('',(-1.110223024625E-16,1.,3.08148791102E-33));
#1943 = DIRECTION('',(-1.,-1.110223024625E-16,0.));
#1944 = ORIENTED_EDGE('',*,*,#1890,.F.);
#1945 = CYLINDRICAL_SURFACE('',#1946,1.);
#1946 = AXIS2_PLACEMENT_3D('',#1947,#1948,#1949);
#1947 = CARTESIAN_POINT('',(-111.8,-15.,-54.85));
#1948 = DIRECTION('',(-1.110223024625E-16,1.,3.08148791102E-33));
#1949 = DIRECTION('',(1.,1.110223024625E-16,1.110223024625E-16));
#1950 = ADVANCED_FACE('',(#1951),#1969,.T.);
#1951 = FACE_BOUND('',#1952,.T.);
#1952 = EDGE_LOOP('',(#1953,#1961,#1962,#1963));
#1953 = ORIENTED_EDGE('',*,*,#1954,.F.);
#1954 = EDGE_CURVE('',#1906,#1955,#1957,.T.);
#1955 = VERTEX_POINT('',#1956);
#1956 = CARTESIAN_POINT('',(-122.,1.5,-49.85));
#1957 = LINE('',#1958,#1959);
#1958 = CARTESIAN_POINT('',(-110.8,1.5,-49.85));
#1959 = VECTOR('',#1960,1.);
#1960 = DIRECTION('',(-1.,-1.232595164408E-32,5.551115123126E-17));
#1961 = ORIENTED_EDGE('',*,*,#1905,.F.);
#1962 = ORIENTED_EDGE('',*,*,#491,.T.);
#1963 = ORIENTED_EDGE('',*,*,#1964,.T.);
#1964 = EDGE_CURVE('',#492,#1955,#1965,.T.);
#1965 = LINE('',#1966,#1967);
#1966 = CARTESIAN_POINT('',(-122.,-15.,-49.85));
#1967 = VECTOR('',#1968,1.);
#1968 = DIRECTION('',(-1.110223024625E-16,1.,3.08148791102E-33));
#1969 = PLANE('',#1970);
#1970 = AXIS2_PLACEMENT_3D('',#1971,#1972,#1973);
#1971 = CARTESIAN_POINT('',(-110.8,-15.,-49.85));
#1972 = DIRECTION('',(1.110223024625E-16,-1.110223024625E-16,-1.));
#1973 = DIRECTION('',(-1.110223024625E-16,1.,3.08148791102E-33));
#1974 = ADVANCED_FACE('',(#1975),#1993,.F.);
#1975 = FACE_BOUND('',#1976,.F.);
#1976 = EDGE_LOOP('',(#1977,#1985,#1986,#1987));
#1977 = ORIENTED_EDGE('',*,*,#1978,.F.);
#1978 = EDGE_CURVE('',#1931,#1979,#1981,.T.);
#1979 = VERTEX_POINT('',#1980);
#1980 = CARTESIAN_POINT('',(-122.,1.5,-55.85));
#1981 = LINE('',#1982,#1983);
#1982 = CARTESIAN_POINT('',(-110.8,1.5,-55.85));
#1983 = VECTOR('',#1984,1.);
#1984 = DIRECTION('',(-1.,-1.232595164408E-32,5.551115123126E-17));
#1985 = ORIENTED_EDGE('',*,*,#1930,.F.);
#1986 = ORIENTED_EDGE('',*,*,#525,.T.);
#1987 = ORIENTED_EDGE('',*,*,#1988,.T.);
#1988 = EDGE_CURVE('',#517,#1979,#1989,.T.);
#1989 = LINE('',#1990,#1991);
#1990 = CARTESIAN_POINT('',(-122.,-15.,-55.85));
#1991 = VECTOR('',#1992,1.);
#1992 = DIRECTION('',(-1.110223024625E-16,1.,3.08148791102E-33));
#1993 = PLANE('',#1994);
#1994 = AXIS2_PLACEMENT_3D('',#1995,#1996,#1997);
#1995 = CARTESIAN_POINT('',(-110.8,-15.,-55.85));
#1996 = DIRECTION('',(1.110223024625E-16,-1.110223024625E-16,-1.));
#1997 = DIRECTION('',(-1.110223024625E-16,1.,3.08148791102E-33));
#1998 = ADVANCED_FACE('',(#1999),#2018,.F.);
#1999 = FACE_BOUND('',#2000,.T.);
#2000 = EDGE_LOOP('',(#2001,#2002,#2010,#2017));
#2001 = ORIENTED_EDGE('',*,*,#499,.T.);
#2002 = ORIENTED_EDGE('',*,*,#2003,.T.);
#2003 = EDGE_CURVE('',#500,#2004,#2006,.T.);
#2004 = VERTEX_POINT('',#2005);
#2005 = CARTESIAN_POINT('',(-123.,1.5,-50.85));
#2006 = LINE('',#2007,#2008);
#2007 = CARTESIAN_POINT('',(-123.,-15.,-50.85));
#2008 = VECTOR('',#2009,1.);
#2009 = DIRECTION('',(-1.110223024625E-16,1.,3.08148791102E-33));
#2010 = ORIENTED_EDGE('',*,*,#2011,.F.);
#2011 = EDGE_CURVE('',#1955,#2004,#2012,.T.);
#2012 = CIRCLE('',#2013,1.);
#2013 = AXIS2_PLACEMENT_3D('',#2014,#2015,#2016);
#2014 = CARTESIAN_POINT('',(-122.,1.5,-50.85));
#2015 = DIRECTION('',(1.110223024625E-16,-1.,-3.08148791102E-33));
#2016 = DIRECTION('',(-1.,-1.110223024625E-16,0.));
#2017 = ORIENTED_EDGE('',*,*,#1964,.F.);
#2018 = CYLINDRICAL_SURFACE('',#2019,1.);
#2019 = AXIS2_PLACEMENT_3D('',#2020,#2021,#2022);
#2020 = CARTESIAN_POINT('',(-122.,-15.,-50.85));
#2021 = DIRECTION('',(-1.110223024625E-16,1.,3.08148791102E-33));
#2022 = DIRECTION('',(5.551115123126E-17,3.08148791102E-33,1.));
#2023 = ADVANCED_FACE('',(#2024),#2043,.F.);
#2024 = FACE_BOUND('',#2025,.F.);
#2025 = EDGE_LOOP('',(#2026,#2027,#2035,#2042));
#2026 = ORIENTED_EDGE('',*,*,#516,.T.);
#2027 = ORIENTED_EDGE('',*,*,#2028,.T.);
#2028 = EDGE_CURVE('',#509,#2029,#2031,.T.);
#2029 = VERTEX_POINT('',#2030);
#2030 = CARTESIAN_POINT('',(-123.,1.5,-54.85));
#2031 = LINE('',#2032,#2033);
#2032 = CARTESIAN_POINT('',(-123.,-15.,-54.85));
#2033 = VECTOR('',#2034,1.);
#2034 = DIRECTION('',(-1.110223024625E-16,1.,3.08148791102E-33));
#2035 = ORIENTED_EDGE('',*,*,#2036,.F.);
#2036 = EDGE_CURVE('',#1979,#2029,#2037,.T.);
#2037 = CIRCLE('',#2038,1.);
#2038 = AXIS2_PLACEMENT_3D('',#2039,#2040,#2041);
#2039 = CARTESIAN_POINT('',(-122.,1.5,-54.85));
#2040 = DIRECTION('',(-1.110223024625E-16,1.,3.08148791102E-33));
#2041 = DIRECTION('',(-1.,-1.110223024625E-16,0.));
#2042 = ORIENTED_EDGE('',*,*,#1988,.F.);
#2043 = CYLINDRICAL_SURFACE('',#2044,1.);
#2044 = AXIS2_PLACEMENT_3D('',#2045,#2046,#2047);
#2045 = CARTESIAN_POINT('',(-122.,-15.,-54.85));
#2046 = DIRECTION('',(-1.110223024625E-16,1.,3.08148791102E-33));
#2047 = DIRECTION('',(-5.551115123126E-17,-3.08148791102E-33,-1.));
#2048 = ADVANCED_FACE('',(#2049),#2060,.F.);
#2049 = FACE_BOUND('',#2050,.F.);
#2050 = EDGE_LOOP('',(#2051,#2052,#2053,#2059));
#2051 = ORIENTED_EDGE('',*,*,#508,.F.);
#2052 = ORIENTED_EDGE('',*,*,#2003,.T.);
#2053 = ORIENTED_EDGE('',*,*,#2054,.T.);
#2054 = EDGE_CURVE('',#2004,#2029,#2055,.T.);
#2055 = LINE('',#2056,#2057);
#2056 = CARTESIAN_POINT('',(-123.,1.5,-49.85));
#2057 = VECTOR('',#2058,1.);
#2058 = DIRECTION('',(1.110223024625E-16,-1.110223024625E-16,-1.));
#2059 = ORIENTED_EDGE('',*,*,#2028,.F.);
#2060 = PLANE('',#2061);
#2061 = AXIS2_PLACEMENT_3D('',#2062,#2063,#2064);
#2062 = CARTESIAN_POINT('',(-123.,-15.,-49.85));
#2063 = DIRECTION('',(-1.,-1.232595164408E-32,5.551115123126E-17));
#2064 = DIRECTION('',(-1.110223024625E-16,1.,3.08148791102E-33));
#2065 = ADVANCED_FACE('',(#2066),#2094,.T.);
#2066 = FACE_BOUND('',#2067,.F.);
#2067 = EDGE_LOOP('',(#2068,#2077,#2078,#2087));
#2068 = ORIENTED_EDGE('',*,*,#2069,.F.);
#2069 = EDGE_CURVE('',#543,#2070,#2072,.T.);
#2070 = VERTEX_POINT('',#2071);
#2071 = CARTESIAN_POINT('',(-98.12739428499,-14.,-60.1115737354));
#2072 = CIRCLE('',#2073,1.);
#2073 = AXIS2_PLACEMENT_3D('',#2074,#2075,#2076);
#2074 = CARTESIAN_POINT('',(-98.00808504864,-14.,-61.10443087826));
#2075 = DIRECTION('',(-0.992857142857,-1.324598612422E-17,
    -0.119309236346));
#2076 = DIRECTION('',(0.119309236346,-1.102292860164E-16,-0.992857142857
    ));
#2077 = ORIENTED_EDGE('',*,*,#542,.T.);
#2078 = ORIENTED_EDGE('',*,*,#2079,.T.);
#2079 = EDGE_CURVE('',#545,#2080,#2082,.T.);
#2080 = VERTEX_POINT('',#2081);
#2081 = CARTESIAN_POINT('',(-98.12739428499,-14.,-45.58842626459));
#2082 = CIRCLE('',#2083,1.);
#2083 = AXIS2_PLACEMENT_3D('',#2084,#2085,#2086);
#2084 = CARTESIAN_POINT('',(-98.00808504864,-14.,-44.59556912173));
#2085 = DIRECTION('',(0.992857142857,-1.324598612422E-17,-0.119309236346
    ));
#2086 = DIRECTION('',(0.119309236346,1.102292860164E-16,0.992857142857)
  );
#2087 = ORIENTED_EDGE('',*,*,#2088,.F.);
#2088 = EDGE_CURVE('',#2070,#2080,#2089,.T.);
#2089 = CIRCLE('',#2090,7.313815273072);
#2090 = AXIS2_PLACEMENT_3D('',#2091,#2092,#2093);
#2091 = CARTESIAN_POINT('',(-99.,-14.,-52.85));
#2092 = DIRECTION('',(-1.694818351061E-32,1.,-1.110223024625E-16));
#2093 = DIRECTION('',(0.119309236346,-1.102292860164E-16,-0.992857142857
    ));
#2094 = TOROIDAL_SURFACE('',#2095,8.313815273072,1.);
#2095 = AXIS2_PLACEMENT_3D('',#2096,#2097,#2098);
#2096 = CARTESIAN_POINT('',(-99.,-14.,-52.85));
#2097 = DIRECTION('',(1.848892746612E-32,-1.,1.110223024625E-16));
#2098 = DIRECTION('',(0.119309236346,-1.102292860164E-16,-0.992857142857
    ));
#2099 = ADVANCED_FACE('',(#2100),#2119,.T.);
#2100 = FACE_BOUND('',#2101,.T.);
#2101 = EDGE_LOOP('',(#2102,#2111,#2117,#2118));
#2102 = ORIENTED_EDGE('',*,*,#2103,.T.);
#2103 = EDGE_CURVE('',#554,#2104,#2106,.T.);
#2104 = VERTEX_POINT('',#2105);
#2105 = CARTESIAN_POINT('',(-58.69678204009,-14.,-55.37329263479));
#2106 = CIRCLE('',#2107,1.);
#2107 = AXIS2_PLACEMENT_3D('',#2108,#2109,#2110);
#2108 = CARTESIAN_POINT('',(-58.57747280374,-14.,-56.36614977765));
#2109 = DIRECTION('',(-0.992857142857,-1.324598612422E-17,
    -0.119309236346));
#2110 = DIRECTION('',(0.119309236346,-1.102292860164E-16,-0.992857142857
    ));
#2111 = ORIENTED_EDGE('',*,*,#2112,.T.);
#2112 = EDGE_CURVE('',#2104,#2070,#2113,.T.);
#2113 = LINE('',#2114,#2115);
#2114 = CARTESIAN_POINT('',(-58.69678204009,-14.,-55.37329263479));
#2115 = VECTOR('',#2116,1.);
#2116 = DIRECTION('',(-0.992857142857,-1.102292860164E-16,
    -0.119309236346));
#2117 = ORIENTED_EDGE('',*,*,#2069,.F.);
#2118 = ORIENTED_EDGE('',*,*,#553,.F.);
#2119 = CYLINDRICAL_SURFACE('',#2120,1.);
#2120 = AXIS2_PLACEMENT_3D('',#2121,#2122,#2123);
#2121 = CARTESIAN_POINT('',(-58.57747280374,-14.,-56.36614977765));
#2122 = DIRECTION('',(-0.992857142857,-1.102292860164E-16,
    -0.119309236346));
#2123 = DIRECTION('',(9.629056203576E-17,-1.,1.22593305911E-16));
#2124 = ADVANCED_FACE('',(#2125),#2144,.T.);
#2125 = FACE_BOUND('',#2126,.T.);
#2126 = EDGE_LOOP('',(#2127,#2128,#2136,#2143));
#2127 = ORIENTED_EDGE('',*,*,#2079,.T.);
#2128 = ORIENTED_EDGE('',*,*,#2129,.T.);
#2129 = EDGE_CURVE('',#2080,#2130,#2132,.T.);
#2130 = VERTEX_POINT('',#2131);
#2131 = CARTESIAN_POINT('',(-58.69678204009,-14.,-50.3267073652));
#2132 = LINE('',#2133,#2134);
#2133 = CARTESIAN_POINT('',(-98.12739428499,-14.,-45.58842626459));
#2134 = VECTOR('',#2135,1.);
#2135 = DIRECTION('',(0.992857142857,1.102292860164E-16,-0.119309236346)
  );
#2136 = ORIENTED_EDGE('',*,*,#2137,.F.);
#2137 = EDGE_CURVE('',#562,#2130,#2138,.T.);
#2138 = CIRCLE('',#2139,1.);
#2139 = AXIS2_PLACEMENT_3D('',#2140,#2141,#2142);
#2140 = CARTESIAN_POINT('',(-58.57747280374,-14.,-49.33385022235));
#2141 = DIRECTION('',(0.992857142857,1.102292860164E-16,-0.119309236346)
  );
#2142 = DIRECTION('',(1.22593305911E-16,-1.,9.629056203576E-17));
#2143 = ORIENTED_EDGE('',*,*,#570,.F.);
#2144 = CYLINDRICAL_SURFACE('',#2145,1.);
#2145 = AXIS2_PLACEMENT_3D('',#2146,#2147,#2148);
#2146 = CARTESIAN_POINT('',(-98.00808504864,-14.,-44.59556912173));
#2147 = DIRECTION('',(0.992857142857,1.102292860164E-16,-0.119309236346)
  );
#2148 = DIRECTION('',(1.22593305911E-16,-1.,9.629056203576E-17));
#2149 = ADVANCED_FACE('',(#2150),#2162,.T.);
#2150 = FACE_BOUND('',#2151,.F.);
#2151 = EDGE_LOOP('',(#2152,#2153,#2154,#2155));
#2152 = ORIENTED_EDGE('',*,*,#2137,.F.);
#2153 = ORIENTED_EDGE('',*,*,#561,.T.);
#2154 = ORIENTED_EDGE('',*,*,#2103,.T.);
#2155 = ORIENTED_EDGE('',*,*,#2156,.F.);
#2156 = EDGE_CURVE('',#2130,#2104,#2157,.T.);
#2157 = CIRCLE('',#2158,2.541445819216);
#2158 = AXIS2_PLACEMENT_3D('',#2159,#2160,#2161);
#2159 = CARTESIAN_POINT('',(-59.,-14.,-52.85));
#2160 = DIRECTION('',(-1.848892746612E-32,1.,-1.110223024625E-16));
#2161 = DIRECTION('',(0.119309236346,1.102292860164E-16,0.992857142857)
  );
#2162 = TOROIDAL_SURFACE('',#2163,3.541445819216,1.);
#2163 = AXIS2_PLACEMENT_3D('',#2164,#2165,#2166);
#2164 = CARTESIAN_POINT('',(-59.,-14.,-52.85));
#2165 = DIRECTION('',(1.848892746612E-32,-1.,1.110223024625E-16));
#2166 = DIRECTION('',(0.119309236346,1.102292860164E-16,0.992857142857)
  );
#2167 = ADVANCED_FACE('',(#2168),#2196,.T.);
#2168 = FACE_BOUND('',#2169,.F.);
#2169 = EDGE_LOOP('',(#2170,#2179,#2180,#2189));
#2170 = ORIENTED_EDGE('',*,*,#2171,.F.);
#2171 = EDGE_CURVE('',#579,#2172,#2174,.T.);
#2172 = VERTEX_POINT('',#2173);
#2173 = CARTESIAN_POINT('',(-67.52854042835,-14.,-34.86253866847));
#2174 = CIRCLE('',#2175,1.);
#2175 = AXIS2_PLACEMENT_3D('',#2176,#2177,#2178);
#2176 = CARTESIAN_POINT('',(-67.6478496647,-14.,-35.85539581133));
#2177 = DIRECTION('',(-0.992857142857,1.324598612422E-17,0.119309236346)
  );
#2178 = DIRECTION('',(-0.119309236346,-1.102292860164E-16,
    -0.992857142857));
#2179 = ORIENTED_EDGE('',*,*,#578,.T.);
#2180 = ORIENTED_EDGE('',*,*,#2181,.T.);
#2181 = EDGE_CURVE('',#581,#2182,#2184,.T.);
#2182 = VERTEX_POINT('',#2183);
#2183 = CARTESIAN_POINT('',(-68.29572516483,-14.,-29.91053619513));
#2184 = CIRCLE('',#2185,1.);
#2185 = AXIS2_PLACEMENT_3D('',#2186,#2187,#2188);
#2186 = CARTESIAN_POINT('',(-68.70986589013,-14.,-29.00032333011));
#2187 = DIRECTION('',(0.910212865021,4.597885686604E-17,0.414140725298)
  );
#2188 = DIRECTION('',(-0.414140725298,1.010539280056E-16,0.910212865021)
  );
#2189 = ORIENTED_EDGE('',*,*,#2190,.F.);
#2190 = EDGE_CURVE('',#2172,#2182,#2191,.T.);
#2191 = CIRCLE('',#2192,2.60211261427);
#2192 = AXIS2_PLACEMENT_3D('',#2193,#2194,#2195);
#2193 = CARTESIAN_POINT('',(-67.21808435945,-14.,-32.27901257287));
#2194 = DIRECTION('',(-1.848892746612E-32,1.,-1.110223024625E-16));
#2195 = DIRECTION('',(-0.119309236346,-1.102292860164E-16,
    -0.992857142857));
#2196 = TOROIDAL_SURFACE('',#2197,3.60211261427,1.);
#2197 = AXIS2_PLACEMENT_3D('',#2198,#2199,#2200);
#2198 = CARTESIAN_POINT('',(-67.21808435945,-14.,-32.27901257287));
#2199 = DIRECTION('',(1.848892746612E-32,-1.,1.110223024625E-16));
#2200 = DIRECTION('',(-0.119309236346,-1.102292860164E-16,
    -0.992857142857));
#2201 = ADVANCED_FACE('',(#2202),#2221,.T.);
#2202 = FACE_BOUND('',#2203,.T.);
#2203 = EDGE_LOOP('',(#2204,#2213,#2219,#2220));
#2204 = ORIENTED_EDGE('',*,*,#2205,.T.);
#2205 = EDGE_CURVE('',#590,#2206,#2208,.T.);
#2206 = VERTEX_POINT('',#2207);
#2207 = CARTESIAN_POINT('',(-43.68327819032,-14.,-37.7279660349));
#2208 = CIRCLE('',#2209,1.);
#2209 = AXIS2_PLACEMENT_3D('',#2210,#2211,#2212);
#2210 = CARTESIAN_POINT('',(-43.80258742667,-14.,-38.72082317776));
#2211 = DIRECTION('',(-0.992857142857,1.324598612422E-17,0.119309236346)
  );
#2212 = DIRECTION('',(-0.119309236346,-1.102292860164E-16,
    -0.992857142857));
#2213 = ORIENTED_EDGE('',*,*,#2214,.T.);
#2214 = EDGE_CURVE('',#2206,#2172,#2215,.T.);
#2215 = LINE('',#2216,#2217);
#2216 = CARTESIAN_POINT('',(-43.68327819032,-14.,-37.7279660349));
#2217 = VECTOR('',#2218,1.);
#2218 = DIRECTION('',(-0.992857142857,-1.102292860164E-16,0.119309236346
    ));
#2219 = ORIENTED_EDGE('',*,*,#2171,.F.);
#2220 = ORIENTED_EDGE('',*,*,#589,.F.);
#2221 = CYLINDRICAL_SURFACE('',#2222,1.);
#2222 = AXIS2_PLACEMENT_3D('',#2223,#2224,#2225);
#2223 = CARTESIAN_POINT('',(-43.80258742667,-14.,-38.72082317776));
#2224 = DIRECTION('',(-0.992857142857,-1.102292860164E-16,0.119309236346
    ));
#2225 = DIRECTION('',(1.22593305911E-16,-1.,9.629056203576E-17));
#2226 = ADVANCED_FACE('',(#2227),#2246,.T.);
#2227 = FACE_BOUND('',#2228,.T.);
#2228 = EDGE_LOOP('',(#2229,#2230,#2238,#2245));
#2229 = ORIENTED_EDGE('',*,*,#2181,.T.);
#2230 = ORIENTED_EDGE('',*,*,#2231,.T.);
#2231 = EDGE_CURVE('',#2182,#2232,#2234,.T.);
#2232 = VERTEX_POINT('',#2233);
#2233 = CARTESIAN_POINT('',(-13.68295326357,-14.,-5.062092677274));
#2234 = LINE('',#2235,#2236);
#2235 = CARTESIAN_POINT('',(-68.29572516483,-14.,-29.91053619513));
#2236 = VECTOR('',#2237,1.);
#2237 = DIRECTION('',(0.910212865021,1.010539280056E-16,0.414140725298)
  );
#2238 = ORIENTED_EDGE('',*,*,#2239,.F.);
#2239 = EDGE_CURVE('',#607,#2232,#2240,.T.);
#2240 = CIRCLE('',#2241,1.);
#2241 = AXIS2_PLACEMENT_3D('',#2242,#2243,#2244);
#2242 = CARTESIAN_POINT('',(-14.09709398887,-14.,-4.151879812253));
#2243 = DIRECTION('',(0.910212865021,1.010539280056E-16,0.414140725298)
  );
#2244 = DIRECTION('',(5.013003829322E-17,-1.,1.338311323701E-16));
#2245 = ORIENTED_EDGE('',*,*,#615,.F.);
#2246 = CYLINDRICAL_SURFACE('',#2247,1.);
#2247 = AXIS2_PLACEMENT_3D('',#2248,#2249,#2250);
#2248 = CARTESIAN_POINT('',(-68.70986589013,-14.,-29.00032333011));
#2249 = DIRECTION('',(0.910212865021,1.010539280056E-16,0.414140725298)
  );
#2250 = DIRECTION('',(5.013003829322E-17,-1.,1.338311323701E-16));
#2251 = ADVANCED_FACE('',(#2252),#2272,.T.);
#2252 = FACE_BOUND('',#2253,.F.);
#2253 = EDGE_LOOP('',(#2254,#2263,#2264,#2265));
#2254 = ORIENTED_EDGE('',*,*,#2255,.F.);
#2255 = EDGE_CURVE('',#598,#2256,#2258,.T.);
#2256 = VERTEX_POINT('',#2257);
#2257 = CARTESIAN_POINT('',(-10.00350272173,-14.,-7.390868266355));
#2258 = CIRCLE('',#2259,1.);
#2259 = AXIS2_PLACEMENT_3D('',#2260,#2261,#2262);
#2260 = CARTESIAN_POINT('',(-9.003619118624,-14.,-7.375611129348));
#2261 = DIRECTION('',(1.525713700624E-02,-1.110093798119E-16,
    -0.999883603111));
#2262 = DIRECTION('',(0.999883603111,1.693882479419E-18,
    1.525713700624E-02));
#2263 = ORIENTED_EDGE('',*,*,#597,.T.);
#2264 = ORIENTED_EDGE('',*,*,#2205,.T.);
#2265 = ORIENTED_EDGE('',*,*,#2266,.F.);
#2266 = EDGE_CURVE('',#2256,#2206,#2267,.T.);
#2267 = CIRCLE('',#2268,30.092915430838);
#2268 = AXIS2_PLACEMENT_3D('',#2269,#2270,#2271);
#2269 = CARTESIAN_POINT('',(-40.09291543083,-14.,-7.85));
#2270 = DIRECTION('',(-1.848892746612E-32,1.,-1.110223024625E-16));
#2271 = DIRECTION('',(0.999883603111,1.693882479419E-18,
    1.525713700624E-02));
#2272 = TOROIDAL_SURFACE('',#2273,31.092915430838,1.);
#2273 = AXIS2_PLACEMENT_3D('',#2274,#2275,#2276);
#2274 = CARTESIAN_POINT('',(-40.09291543083,-14.,-7.85));
#2275 = DIRECTION('',(1.848892746612E-32,-1.,1.110223024625E-16));
#2276 = DIRECTION('',(0.999883603111,1.693882479419E-18,
    1.525713700624E-02));
#2277 = ADVANCED_FACE('',(#2278),#2290,.T.);
#2278 = FACE_BOUND('',#2279,.F.);
#2279 = EDGE_LOOP('',(#2280,#2281,#2282,#2283));
#2280 = ORIENTED_EDGE('',*,*,#2239,.F.);
#2281 = ORIENTED_EDGE('',*,*,#606,.T.);
#2282 = ORIENTED_EDGE('',*,*,#2255,.T.);
#2283 = ORIENTED_EDGE('',*,*,#2284,.F.);
#2284 = EDGE_CURVE('',#2232,#2256,#2285,.T.);
#2285 = CIRCLE('',#2286,2.60211261427);
#2286 = AXIS2_PLACEMENT_3D('',#2287,#2288,#2289);
#2287 = CARTESIAN_POINT('',(-12.60531245819,-14.,-7.430569055016));
#2288 = DIRECTION('',(-2.465190328816E-32,1.,-1.110223024625E-16));
#2289 = DIRECTION('',(-0.414140725298,1.010539280056E-16,0.910212865021)
  );
#2290 = TOROIDAL_SURFACE('',#2291,3.60211261427,1.);
#2291 = AXIS2_PLACEMENT_3D('',#2292,#2293,#2294);
#2292 = CARTESIAN_POINT('',(-12.60531245819,-14.,-7.430569055016));
#2293 = DIRECTION('',(1.848892746612E-32,-1.,1.110223024625E-16));
#2294 = DIRECTION('',(-0.414140725298,1.010539280056E-16,0.910212865021)
  );
#2295 = ADVANCED_FACE('',(#2296),#2324,.T.);
#2296 = FACE_BOUND('',#2297,.F.);
#2297 = EDGE_LOOP('',(#2298,#2307,#2308,#2317));
#2298 = ORIENTED_EDGE('',*,*,#2299,.F.);
#2299 = EDGE_CURVE('',#624,#2300,#2302,.T.);
#2300 = VERTEX_POINT('',#2301);
#2301 = CARTESIAN_POINT('',(-68.29572516483,-14.,-75.78946380486));
#2302 = CIRCLE('',#2303,1.);
#2303 = AXIS2_PLACEMENT_3D('',#2304,#2305,#2306);
#2304 = CARTESIAN_POINT('',(-68.70986589013,-14.,-76.69967666988));
#2305 = DIRECTION('',(-0.910212865021,4.597885686604E-17,0.414140725298)
  );
#2306 = DIRECTION('',(-0.414140725298,-1.010539280056E-16,
    -0.910212865021));
#2307 = ORIENTED_EDGE('',*,*,#623,.T.);
#2308 = ORIENTED_EDGE('',*,*,#2309,.T.);
#2309 = EDGE_CURVE('',#626,#2310,#2312,.T.);
#2310 = VERTEX_POINT('',#2311);
#2311 = CARTESIAN_POINT('',(-67.52854042835,-14.,-70.83746133152));
#2312 = CIRCLE('',#2313,1.);
#2313 = AXIS2_PLACEMENT_3D('',#2314,#2315,#2316);
#2314 = CARTESIAN_POINT('',(-67.6478496647,-14.,-69.84460418866));
#2315 = DIRECTION('',(0.992857142857,1.324598612422E-17,0.119309236346)
  );
#2316 = DIRECTION('',(-0.119309236346,1.102292860164E-16,0.992857142857)
  );
#2317 = ORIENTED_EDGE('',*,*,#2318,.F.);
#2318 = EDGE_CURVE('',#2300,#2310,#2319,.T.);
#2319 = CIRCLE('',#2320,2.60211261427);
#2320 = AXIS2_PLACEMENT_3D('',#2321,#2322,#2323);
#2321 = CARTESIAN_POINT('',(-67.21808435945,-14.,-73.42098742712));
#2322 = DIRECTION('',(-1.848892746612E-32,1.,-1.110223024625E-16));
#2323 = DIRECTION('',(-0.414140725298,-1.010539280056E-16,
    -0.910212865021));
#2324 = TOROIDAL_SURFACE('',#2325,3.60211261427,1.);
#2325 = AXIS2_PLACEMENT_3D('',#2326,#2327,#2328);
#2326 = CARTESIAN_POINT('',(-67.21808435945,-14.,-73.42098742712));
#2327 = DIRECTION('',(1.848892746612E-32,-1.,1.110223024625E-16));
#2328 = DIRECTION('',(-0.414140725298,-1.010539280056E-16,
    -0.910212865021));
#2329 = ADVANCED_FACE('',(#2330),#2349,.T.);
#2330 = FACE_BOUND('',#2331,.T.);
#2331 = EDGE_LOOP('',(#2332,#2341,#2347,#2348));
#2332 = ORIENTED_EDGE('',*,*,#2333,.T.);
#2333 = EDGE_CURVE('',#635,#2334,#2336,.T.);
#2334 = VERTEX_POINT('',#2335);
#2335 = CARTESIAN_POINT('',(-13.68295326357,-14.,-100.6379073227));
#2336 = CIRCLE('',#2337,1.);
#2337 = AXIS2_PLACEMENT_3D('',#2338,#2339,#2340);
#2338 = CARTESIAN_POINT('',(-14.09709398887,-14.,-101.5481201877));
#2339 = DIRECTION('',(-0.910212865021,4.597885686604E-17,0.414140725298)
  );
#2340 = DIRECTION('',(-0.414140725298,-1.010539280056E-16,
    -0.910212865021));
#2341 = ORIENTED_EDGE('',*,*,#2342,.T.);
#2342 = EDGE_CURVE('',#2334,#2300,#2343,.T.);
#2343 = LINE('',#2344,#2345);
#2344 = CARTESIAN_POINT('',(-13.68295326357,-14.,-100.6379073227));
#2345 = VECTOR('',#2346,1.);
#2346 = DIRECTION('',(-0.910212865021,-1.010539280056E-16,0.414140725298
    ));
#2347 = ORIENTED_EDGE('',*,*,#2299,.F.);
#2348 = ORIENTED_EDGE('',*,*,#634,.F.);
#2349 = CYLINDRICAL_SURFACE('',#2350,1.);
#2350 = AXIS2_PLACEMENT_3D('',#2351,#2352,#2353);
#2351 = CARTESIAN_POINT('',(-14.09709398887,-14.,-101.5481201877));
#2352 = DIRECTION('',(-0.910212865021,-1.010539280056E-16,0.414140725298
    ));
#2353 = DIRECTION('',(1.338311323701E-16,-1.,5.013003829322E-17));
#2354 = ADVANCED_FACE('',(#2355),#2374,.T.);
#2355 = FACE_BOUND('',#2356,.T.);
#2356 = EDGE_LOOP('',(#2357,#2358,#2366,#2373));
#2357 = ORIENTED_EDGE('',*,*,#2309,.T.);
#2358 = ORIENTED_EDGE('',*,*,#2359,.T.);
#2359 = EDGE_CURVE('',#2310,#2360,#2362,.T.);
#2360 = VERTEX_POINT('',#2361);
#2361 = CARTESIAN_POINT('',(-43.68327819032,-14.,-67.97203396509));
#2362 = LINE('',#2363,#2364);
#2363 = CARTESIAN_POINT('',(-67.52854042835,-14.,-70.83746133152));
#2364 = VECTOR('',#2365,1.);
#2365 = DIRECTION('',(0.992857142857,1.102292860164E-16,0.119309236346)
  );
#2366 = ORIENTED_EDGE('',*,*,#2367,.F.);
#2367 = EDGE_CURVE('',#652,#2360,#2368,.T.);
#2368 = CIRCLE('',#2369,1.);
#2369 = AXIS2_PLACEMENT_3D('',#2370,#2371,#2372);
#2370 = CARTESIAN_POINT('',(-43.80258742667,-14.,-66.97917682223));
#2371 = DIRECTION('',(0.992857142857,1.102292860164E-16,0.119309236346)
  );
#2372 = DIRECTION('',(9.629056203576E-17,-1.,1.22593305911E-16));
#2373 = ORIENTED_EDGE('',*,*,#660,.F.);
#2374 = CYLINDRICAL_SURFACE('',#2375,1.);
#2375 = AXIS2_PLACEMENT_3D('',#2376,#2377,#2378);
#2376 = CARTESIAN_POINT('',(-67.6478496647,-14.,-69.84460418866));
#2377 = DIRECTION('',(0.992857142857,1.102292860164E-16,0.119309236346)
  );
#2378 = DIRECTION('',(9.629056203576E-17,-1.,1.22593305911E-16));
#2379 = ADVANCED_FACE('',(#2380),#2400,.T.);
#2380 = FACE_BOUND('',#2381,.F.);
#2381 = EDGE_LOOP('',(#2382,#2391,#2392,#2393));
#2382 = ORIENTED_EDGE('',*,*,#2383,.F.);
#2383 = EDGE_CURVE('',#643,#2384,#2386,.T.);
#2384 = VERTEX_POINT('',#2385);
#2385 = CARTESIAN_POINT('',(-10.00350272173,-14.,-98.30913173364));
#2386 = CIRCLE('',#2387,1.);
#2387 = AXIS2_PLACEMENT_3D('',#2388,#2389,#2390);
#2388 = CARTESIAN_POINT('',(-9.003619118624,-14.,-98.32438887065));
#2389 = DIRECTION('',(-1.525713700624E-02,-1.110093798119E-16,
    -0.999883603111));
#2390 = DIRECTION('',(0.999883603111,-1.693882479419E-18,
    -1.525713700624E-02));
#2391 = ORIENTED_EDGE('',*,*,#642,.T.);
#2392 = ORIENTED_EDGE('',*,*,#2333,.T.);
#2393 = ORIENTED_EDGE('',*,*,#2394,.F.);
#2394 = EDGE_CURVE('',#2384,#2334,#2395,.T.);
#2395 = CIRCLE('',#2396,2.60211261427);
#2396 = AXIS2_PLACEMENT_3D('',#2397,#2398,#2399);
#2397 = CARTESIAN_POINT('',(-12.60531245819,-14.,-98.26943094498));
#2398 = DIRECTION('',(-1.868152046056E-32,1.,-1.110223024625E-16));
#2399 = DIRECTION('',(0.999883603111,-1.693882479418E-18,
    -1.525713700624E-02));
#2400 = TOROIDAL_SURFACE('',#2401,3.60211261427,1.);
#2401 = AXIS2_PLACEMENT_3D('',#2402,#2403,#2404);
#2402 = CARTESIAN_POINT('',(-12.60531245819,-14.,-98.26943094498));
#2403 = DIRECTION('',(1.848892746612E-32,-1.,1.110223024625E-16));
#2404 = DIRECTION('',(0.999883603111,-1.693882479418E-18,
    -1.525713700624E-02));
#2405 = ADVANCED_FACE('',(#2406),#2418,.T.);
#2406 = FACE_BOUND('',#2407,.F.);
#2407 = EDGE_LOOP('',(#2408,#2409,#2410,#2411));
#2408 = ORIENTED_EDGE('',*,*,#2367,.F.);
#2409 = ORIENTED_EDGE('',*,*,#651,.T.);
#2410 = ORIENTED_EDGE('',*,*,#2383,.T.);
#2411 = ORIENTED_EDGE('',*,*,#2412,.F.);
#2412 = EDGE_CURVE('',#2360,#2384,#2413,.T.);
#2413 = CIRCLE('',#2414,30.092915430838);
#2414 = AXIS2_PLACEMENT_3D('',#2415,#2416,#2417);
#2415 = CARTESIAN_POINT('',(-40.09291543083,-14.,-97.85));
#2416 = DIRECTION('',(-1.848892746612E-32,1.,-1.110223024625E-16));
#2417 = DIRECTION('',(-0.119309236346,1.102292860164E-16,0.992857142857)
  );
#2418 = TOROIDAL_SURFACE('',#2419,31.092915430838,1.);
#2419 = AXIS2_PLACEMENT_3D('',#2420,#2421,#2422);
#2420 = CARTESIAN_POINT('',(-40.09291543083,-14.,-97.85));
#2421 = DIRECTION('',(1.848892746612E-32,-1.,1.110223024625E-16));
#2422 = DIRECTION('',(-0.119309236346,1.102292860164E-16,0.992857142857)
  );
#2423 = ADVANCED_FACE('',(#2424),#2452,.T.);
#2424 = FACE_BOUND('',#2425,.F.);
#2425 = EDGE_LOOP('',(#2426,#2435,#2436,#2445));
#2426 = ORIENTED_EDGE('',*,*,#2427,.F.);
#2427 = EDGE_CURVE('',#669,#2428,#2430,.T.);
#2428 = VERTEX_POINT('',#2429);
#2429 = CARTESIAN_POINT('',(1.7,-14.,-71.91520415439));
#2430 = CIRCLE('',#2431,1.);
#2431 = AXIS2_PLACEMENT_3D('',#2432,#2433,#2434);
#2432 = CARTESIAN_POINT('',(2.7,-14.,-71.91520415439));
#2433 = DIRECTION('',(-4.26662173857E-17,-1.110223024625E-16,-1.));
#2434 = DIRECTION('',(1.,1.375202577459E-32,-4.26662173857E-17));
#2435 = ORIENTED_EDGE('',*,*,#668,.T.);
#2436 = ORIENTED_EDGE('',*,*,#2437,.T.);
#2437 = EDGE_CURVE('',#671,#2438,#2440,.T.);
#2438 = VERTEX_POINT('',#2439);
#2439 = CARTESIAN_POINT('',(-3.072105624477,-14.,-73.35121264774));
#2440 = CIRCLE('',#2441,1.);
#2441 = AXIS2_PLACEMENT_3D('',#2442,#2443,#2444);
#2442 = CARTESIAN_POINT('',(-3.906040711801,-14.,-73.90307519416));
#2443 = DIRECTION('',(-0.551862546411,9.258539349893E-17,0.833935087324)
  );
#2444 = DIRECTION('',(-0.833935087324,-6.126905054533E-17,
    -0.551862546411));
#2445 = ORIENTED_EDGE('',*,*,#2446,.F.);
#2446 = EDGE_CURVE('',#2428,#2438,#2447,.T.);
#2447 = CIRCLE('',#2448,2.60211261427);
#2448 = AXIS2_PLACEMENT_3D('',#2449,#2450,#2451);
#2449 = CARTESIAN_POINT('',(-0.90211261427,-14.,-71.91520415439));
#2450 = DIRECTION('',(-1.848892746612E-32,1.,-1.110223024625E-16));
#2451 = DIRECTION('',(1.,1.375202577459E-32,-4.26662173857E-17));
#2452 = TOROIDAL_SURFACE('',#2453,3.60211261427,1.);
#2453 = AXIS2_PLACEMENT_3D('',#2454,#2455,#2456);
#2454 = CARTESIAN_POINT('',(-0.90211261427,-14.,-71.91520415439));
#2455 = DIRECTION('',(1.848892746612E-32,-1.,1.110223024625E-16));
#2456 = DIRECTION('',(1.,1.375202577459E-32,-4.26662173857E-17));
#2457 = ADVANCED_FACE('',(#2458),#2477,.T.);
#2458 = FACE_BOUND('',#2459,.T.);
#2459 = EDGE_LOOP('',(#2460,#2469,#2475,#2476));
#2460 = ORIENTED_EDGE('',*,*,#2461,.T.);
#2461 = EDGE_CURVE('',#680,#2462,#2464,.T.);
#2462 = VERTEX_POINT('',#2463);
#2463 = CARTESIAN_POINT('',(1.7,-14.,-33.7847958456));
#2464 = CIRCLE('',#2465,1.);
#2465 = AXIS2_PLACEMENT_3D('',#2466,#2467,#2468);
#2466 = CARTESIAN_POINT('',(2.7,-14.,-33.7847958456));
#2467 = DIRECTION('',(3.885780586188E-16,-1.110223024625E-16,-1.));
#2468 = DIRECTION('',(1.,6.162975822039E-32,3.885780586188E-16));
#2469 = ORIENTED_EDGE('',*,*,#2470,.T.);
#2470 = EDGE_CURVE('',#2462,#2428,#2471,.T.);
#2471 = LINE('',#2472,#2473);
#2472 = CARTESIAN_POINT('',(1.7,-14.,-33.7847958456));
#2473 = VECTOR('',#2474,1.);
#2474 = DIRECTION('',(-3.08148791102E-33,3.08148791102E-33,-1.));
#2475 = ORIENTED_EDGE('',*,*,#2427,.F.);
#2476 = ORIENTED_EDGE('',*,*,#679,.F.);
#2477 = CYLINDRICAL_SURFACE('',#2478,1.);
#2478 = AXIS2_PLACEMENT_3D('',#2479,#2480,#2481);
#2479 = CARTESIAN_POINT('',(2.7,-14.,-33.7847958456));
#2480 = DIRECTION('',(-3.08148791102E-33,3.08148791102E-33,-1.));
#2481 = DIRECTION('',(1.848892746612E-32,-1.,-3.08148791102E-33));
#2482 = ADVANCED_FACE('',(#2483),#2503,.T.);
#2483 = FACE_BOUND('',#2484,.F.);
#2484 = EDGE_LOOP('',(#2485,#2486,#2487,#2496));
#2485 = ORIENTED_EDGE('',*,*,#2437,.F.);
#2486 = ORIENTED_EDGE('',*,*,#714,.T.);
#2487 = ORIENTED_EDGE('',*,*,#2488,.T.);
#2488 = EDGE_CURVE('',#706,#2489,#2491,.T.);
#2489 = VERTEX_POINT('',#2490);
#2490 = CARTESIAN_POINT('',(-27.29561295335,-14.,-55.34164800007));
#2491 = CIRCLE('',#2492,1.);
#2492 = AXIS2_PLACEMENT_3D('',#2493,#2494,#2495);
#2493 = CARTESIAN_POINT('',(-27.58388648423,-14.,-56.29919610403));
#2494 = DIRECTION('',(-0.957548103957,3.200479113774E-17,0.288273530884)
  );
#2495 = DIRECTION('',(0.288273530884,1.063091952199E-16,0.957548103957)
  );
#2496 = ORIENTED_EDGE('',*,*,#2497,.F.);
#2497 = EDGE_CURVE('',#2438,#2489,#2498,.T.);
#2498 = CIRCLE('',#2499,44.392915430838);
#2499 = AXIS2_PLACEMENT_3D('',#2500,#2501,#2502);
#2500 = CARTESIAN_POINT('',(-40.09291543083,-14.,-97.85));
#2501 = DIRECTION('',(1.848892746612E-32,-1.,1.110223024625E-16));
#2502 = DIRECTION('',(0.833935087324,6.126905054533E-17,0.551862546411)
  );
#2503 = TOROIDAL_SURFACE('',#2504,43.392915430838,1.);
#2504 = AXIS2_PLACEMENT_3D('',#2505,#2506,#2507);
#2505 = CARTESIAN_POINT('',(-40.09291543083,-14.,-97.85));
#2506 = DIRECTION('',(-1.848892746612E-32,1.,-1.110223024625E-16));
#2507 = DIRECTION('',(0.833935087324,6.126905054533E-17,0.551862546411)
  );
#2508 = ADVANCED_FACE('',(#2509),#2529,.T.);
#2509 = FACE_BOUND('',#2510,.F.);
#2510 = EDGE_LOOP('',(#2511,#2520,#2521,#2522));
#2511 = ORIENTED_EDGE('',*,*,#2512,.F.);
#2512 = EDGE_CURVE('',#688,#2513,#2515,.T.);
#2513 = VERTEX_POINT('',#2514);
#2514 = CARTESIAN_POINT('',(-3.072105624477,-14.,-32.34878735225));
#2515 = CIRCLE('',#2516,1.);
#2516 = AXIS2_PLACEMENT_3D('',#2517,#2518,#2519);
#2517 = CARTESIAN_POINT('',(-3.906040711801,-14.,-31.79692480584));
#2518 = DIRECTION('',(0.551862546411,9.258539349893E-17,0.833935087324)
  );
#2519 = DIRECTION('',(0.833935087324,-6.126905054533E-17,-0.551862546411
    ));
#2520 = ORIENTED_EDGE('',*,*,#687,.T.);
#2521 = ORIENTED_EDGE('',*,*,#2461,.T.);
#2522 = ORIENTED_EDGE('',*,*,#2523,.F.);
#2523 = EDGE_CURVE('',#2513,#2462,#2524,.T.);
#2524 = CIRCLE('',#2525,2.60211261427);
#2525 = AXIS2_PLACEMENT_3D('',#2526,#2527,#2528);
#2526 = CARTESIAN_POINT('',(-0.90211261427,-14.,-33.7847958456));
#2527 = DIRECTION('',(-1.848892746612E-32,1.,-1.110223024625E-16));
#2528 = DIRECTION('',(-0.833935087324,6.126905054533E-17,0.551862546411)
  );
#2529 = TOROIDAL_SURFACE('',#2530,3.60211261427,1.);
#2530 = AXIS2_PLACEMENT_3D('',#2531,#2532,#2533);
#2531 = CARTESIAN_POINT('',(-0.90211261427,-14.,-33.7847958456));
#2532 = DIRECTION('',(1.848892746612E-32,-1.,1.110223024625E-16));
#2533 = DIRECTION('',(-0.833935087324,6.126905054533E-17,0.551862546411)
  );
#2534 = ADVANCED_FACE('',(#2535),#2555,.T.);
#2535 = FACE_BOUND('',#2536,.F.);
#2536 = EDGE_LOOP('',(#2537,#2538,#2539,#2548));
#2537 = ORIENTED_EDGE('',*,*,#2488,.F.);
#2538 = ORIENTED_EDGE('',*,*,#705,.T.);
#2539 = ORIENTED_EDGE('',*,*,#2540,.T.);
#2540 = EDGE_CURVE('',#697,#2541,#2543,.T.);
#2541 = VERTEX_POINT('',#2542);
#2542 = CARTESIAN_POINT('',(-27.29561295335,-14.,-50.35835199992));
#2543 = CIRCLE('',#2544,1.);
#2544 = AXIS2_PLACEMENT_3D('',#2545,#2546,#2547);
#2545 = CARTESIAN_POINT('',(-27.58388648423,-14.,-49.40080389596));
#2546 = DIRECTION('',(0.957548103957,3.200479113774E-17,0.288273530884)
  );
#2547 = DIRECTION('',(-0.288273530884,1.063091952199E-16,0.957548103957)
  );
#2548 = ORIENTED_EDGE('',*,*,#2549,.F.);
#2549 = EDGE_CURVE('',#2489,#2541,#2550,.T.);
#2550 = CIRCLE('',#2551,2.60211261427);
#2551 = AXIS2_PLACEMENT_3D('',#2552,#2553,#2554);
#2552 = CARTESIAN_POINT('',(-26.54549276228,-14.,-52.85));
#2553 = DIRECTION('',(-1.232595164408E-32,1.,-1.110223024625E-16));
#2554 = DIRECTION('',(-0.288273530884,-1.063091952199E-16,
    -0.957548103957));
#2555 = TOROIDAL_SURFACE('',#2556,3.60211261427,1.);
#2556 = AXIS2_PLACEMENT_3D('',#2557,#2558,#2559);
#2557 = CARTESIAN_POINT('',(-26.54549276228,-14.,-52.85));
#2558 = DIRECTION('',(1.848892746612E-32,-1.,1.110223024625E-16));
#2559 = DIRECTION('',(-0.288273530884,-1.063091952199E-16,
    -0.957548103957));
#2560 = ADVANCED_FACE('',(#2561),#2573,.T.);
#2561 = FACE_BOUND('',#2562,.F.);
#2562 = EDGE_LOOP('',(#2563,#2564,#2565,#2566));
#2563 = ORIENTED_EDGE('',*,*,#2540,.F.);
#2564 = ORIENTED_EDGE('',*,*,#696,.T.);
#2565 = ORIENTED_EDGE('',*,*,#2512,.T.);
#2566 = ORIENTED_EDGE('',*,*,#2567,.F.);
#2567 = EDGE_CURVE('',#2541,#2513,#2568,.T.);
#2568 = CIRCLE('',#2569,44.392915430838);
#2569 = AXIS2_PLACEMENT_3D('',#2570,#2571,#2572);
#2570 = CARTESIAN_POINT('',(-40.09291543083,-14.,-7.85));
#2571 = DIRECTION('',(2.465190328816E-32,-1.,1.110223024625E-16));
#2572 = DIRECTION('',(0.288273530884,-1.063091952199E-16,-0.957548103957
    ));
#2573 = TOROIDAL_SURFACE('',#2574,43.392915430838,1.);
#2574 = AXIS2_PLACEMENT_3D('',#2575,#2576,#2577);
#2575 = CARTESIAN_POINT('',(-40.09291543083,-14.,-7.85));
#2576 = DIRECTION('',(-1.848892746612E-32,1.,-1.110223024625E-16));
#2577 = DIRECTION('',(0.288273530884,-1.063091952199E-16,-0.957548103957
    ));
#2578 = ADVANCED_FACE('',(#2579),#2599,.T.);
#2579 = FACE_BOUND('',#2580,.F.);
#2580 = EDGE_LOOP('',(#2581,#2582,#2583,#2592));
#2581 = ORIENTED_EDGE('',*,*,#958,.F.);
#2582 = ORIENTED_EDGE('',*,*,#738,.T.);
#2583 = ORIENTED_EDGE('',*,*,#2584,.T.);
#2584 = EDGE_CURVE('',#739,#2585,#2587,.T.);
#2585 = VERTEX_POINT('',#2586);
#2586 = CARTESIAN_POINT('',(1.06581410364E-14,14.,-125.85));
#2587 = CIRCLE('',#2588,1.);
#2588 = AXIS2_PLACEMENT_3D('',#2589,#2590,#2591);
#2589 = CARTESIAN_POINT('',(1.,14.,-125.85));
#2590 = DIRECTION('',(3.343451602226E-15,1.110223024625E-16,1.));
#2591 = DIRECTION('',(-1.,3.52708767585E-31,3.343451602226E-15));
#2592 = ORIENTED_EDGE('',*,*,#2593,.F.);
#2593 = EDGE_CURVE('',#951,#2585,#2594,.T.);
#2594 = CIRCLE('',#2595,3.);
#2595 = AXIS2_PLACEMENT_3D('',#2596,#2597,#2598);
#2596 = CARTESIAN_POINT('',(3.,14.,-125.85));
#2597 = DIRECTION('',(-1.848892746612E-32,1.,-1.110223024625E-16));
#2598 = DIRECTION('',(-4.736951571734E-15,-1.110223024625E-16,-1.));
#2599 = TOROIDAL_SURFACE('',#2600,2.,1.);
#2600 = AXIS2_PLACEMENT_3D('',#2601,#2602,#2603);
#2601 = CARTESIAN_POINT('',(3.,14.,-125.85));
#2602 = DIRECTION('',(1.848892746612E-32,-1.,1.110223024625E-16));
#2603 = DIRECTION('',(-4.736951571734E-15,-1.110223024625E-16,-1.));
#2604 = ADVANCED_FACE('',(#2605),#2624,.T.);
#2605 = FACE_BOUND('',#2606,.T.);
#2606 = EDGE_LOOP('',(#2607,#2608,#2616,#2623));
#2607 = ORIENTED_EDGE('',*,*,#2584,.T.);
#2608 = ORIENTED_EDGE('',*,*,#2609,.T.);
#2609 = EDGE_CURVE('',#2585,#2610,#2612,.T.);
#2610 = VERTEX_POINT('',#2611);
#2611 = CARTESIAN_POINT('',(1.33226762955E-14,14.,-97.85));
#2612 = LINE('',#2613,#2614);
#2613 = CARTESIAN_POINT('',(1.33226762955E-14,14.,-125.85));
#2614 = VECTOR('',#2615,1.);
#2615 = DIRECTION('',(0.,1.110223024625E-16,1.));
#2616 = ORIENTED_EDGE('',*,*,#2617,.F.);
#2617 = EDGE_CURVE('',#748,#2610,#2618,.T.);
#2618 = CIRCLE('',#2619,1.);
#2619 = AXIS2_PLACEMENT_3D('',#2620,#2621,#2622);
#2620 = CARTESIAN_POINT('',(1.,14.,-97.85));
#2621 = DIRECTION('',(0.,1.110223024625E-16,1.));
#2622 = DIRECTION('',(-1.848892746612E-32,1.,-1.110223024625E-16));
#2623 = ORIENTED_EDGE('',*,*,#747,.F.);
#2624 = CYLINDRICAL_SURFACE('',#2625,1.);
#2625 = AXIS2_PLACEMENT_3D('',#2626,#2627,#2628);
#2626 = CARTESIAN_POINT('',(1.,14.,-125.85));
#2627 = DIRECTION('',(0.,1.110223024625E-16,1.));
#2628 = DIRECTION('',(-1.848892746612E-32,1.,-1.110223024625E-16));
#2629 = ADVANCED_FACE('',(#2630),#2649,.T.);
#2630 = FACE_BOUND('',#2631,.T.);
#2631 = EDGE_LOOP('',(#2632,#2641,#2647,#2648));
#2632 = ORIENTED_EDGE('',*,*,#2633,.T.);
#2633 = EDGE_CURVE('',#790,#2634,#2636,.T.);
#2634 = VERTEX_POINT('',#2635);
#2635 = CARTESIAN_POINT('',(2.13162820728E-14,14.,-7.85));
#2636 = CIRCLE('',#2637,1.);
#2637 = AXIS2_PLACEMENT_3D('',#2638,#2639,#2640);
#2638 = CARTESIAN_POINT('',(1.,14.,-7.85));
#2639 = DIRECTION('',(-1.387778780781E-17,1.110223024625E-16,1.));
#2640 = DIRECTION('',(1.,2.002967142163E-32,1.387778780781E-17));
#2641 = ORIENTED_EDGE('',*,*,#2642,.T.);
#2642 = EDGE_CURVE('',#2634,#1386,#2643,.T.);
#2643 = LINE('',#2644,#2645);
#2644 = CARTESIAN_POINT('',(-1.321165399304E-14,14.,-7.85));
#2645 = VECTOR('',#2646,1.);
#2646 = DIRECTION('',(5.551115123126E-17,1.110223024625E-16,1.));
#2647 = ORIENTED_EDGE('',*,*,#1434,.F.);
#2648 = ORIENTED_EDGE('',*,*,#798,.F.);
#2649 = CYLINDRICAL_SURFACE('',#2650,1.);
#2650 = AXIS2_PLACEMENT_3D('',#2651,#2652,#2653);
#2651 = CARTESIAN_POINT('',(1.,14.,-7.85));
#2652 = DIRECTION('',(5.551115123126E-17,1.110223024625E-16,1.));
#2653 = DIRECTION('',(-1.848892746612E-32,1.,-1.110223024625E-16));
#2654 = ADVANCED_FACE('',(#2655),#2675,.T.);
#2655 = FACE_BOUND('',#2656,.F.);
#2656 = EDGE_LOOP('',(#2657,#2658,#2659,#2668));
#2657 = ORIENTED_EDGE('',*,*,#2617,.F.);
#2658 = ORIENTED_EDGE('',*,*,#755,.T.);
#2659 = ORIENTED_EDGE('',*,*,#2660,.T.);
#2660 = EDGE_CURVE('',#756,#2661,#2663,.T.);
#2661 = VERTEX_POINT('',#2662);
#2662 = CARTESIAN_POINT('',(-44.87637055379,14.,-58.04346253652));
#2663 = CIRCLE('',#2664,1.);
#2664 = AXIS2_PLACEMENT_3D('',#2665,#2666,#2667);
#2665 = CARTESIAN_POINT('',(-44.99567979013,14.,-57.05060539366));
#2666 = DIRECTION('',(-0.992857142857,-1.324598612422E-17,
    -0.119309236346));
#2667 = DIRECTION('',(-0.119309236346,1.102292860164E-16,0.992857142857)
  );
#2668 = ORIENTED_EDGE('',*,*,#2669,.F.);
#2669 = EDGE_CURVE('',#2610,#2661,#2670,.T.);
#2670 = CIRCLE('',#2671,40.092915430838);
#2671 = AXIS2_PLACEMENT_3D('',#2672,#2673,#2674);
#2672 = CARTESIAN_POINT('',(-40.09291543083,14.,-97.85));
#2673 = DIRECTION('',(1.848892746612E-32,-1.,1.110223024625E-16));
#2674 = DIRECTION('',(1.,9.749963393351E-32,7.116651764097E-16));
#2675 = TOROIDAL_SURFACE('',#2676,41.092915430838,1.);
#2676 = AXIS2_PLACEMENT_3D('',#2677,#2678,#2679);
#2677 = CARTESIAN_POINT('',(-40.09291543083,14.,-97.85));
#2678 = DIRECTION('',(-1.848892746612E-32,1.,-1.110223024625E-16));
#2679 = DIRECTION('',(1.,9.749963393351E-32,7.116651764097E-16));
#2680 = ADVANCED_FACE('',(#2681),#2701,.T.);
#2681 = FACE_BOUND('',#2682,.F.);
#2682 = EDGE_LOOP('',(#2683,#2692,#2693,#2694));
#2683 = ORIENTED_EDGE('',*,*,#2684,.F.);
#2684 = EDGE_CURVE('',#782,#2685,#2687,.T.);
#2685 = VERTEX_POINT('',#2686);
#2686 = CARTESIAN_POINT('',(-44.87637055379,14.,-47.65653746347));
#2687 = CIRCLE('',#2688,1.);
#2688 = AXIS2_PLACEMENT_3D('',#2689,#2690,#2691);
#2689 = CARTESIAN_POINT('',(-44.99567979013,14.,-48.64939460633));
#2690 = DIRECTION('',(0.992857142857,-1.324598612422E-17,-0.119309236346
    ));
#2691 = DIRECTION('',(-7.703719777549E-33,1.,-1.110223024625E-16));
#2692 = ORIENTED_EDGE('',*,*,#789,.T.);
#2693 = ORIENTED_EDGE('',*,*,#2633,.T.);
#2694 = ORIENTED_EDGE('',*,*,#2695,.F.);
#2695 = EDGE_CURVE('',#2685,#2634,#2696,.T.);
#2696 = CIRCLE('',#2697,40.092915430838);
#2697 = AXIS2_PLACEMENT_3D('',#2698,#2699,#2700);
#2698 = CARTESIAN_POINT('',(-40.09291543083,14.,-7.85));
#2699 = DIRECTION('',(1.848892746612E-32,-1.,1.110223024625E-16));
#2700 = DIRECTION('',(-0.119309236346,-1.102292860164E-16,
    -0.992857142857));
#2701 = TOROIDAL_SURFACE('',#2702,41.092915430838,1.);
#2702 = AXIS2_PLACEMENT_3D('',#2703,#2704,#2705);
#2703 = CARTESIAN_POINT('',(-40.09291543083,14.,-7.85));
#2704 = DIRECTION('',(-1.848892746612E-32,1.,-1.110223024625E-16));
#2705 = DIRECTION('',(-0.119309236346,-1.102292860164E-16,
    -0.992857142857));
#2706 = ADVANCED_FACE('',(#2707),#2726,.T.);
#2707 = FACE_BOUND('',#2708,.T.);
#2708 = EDGE_LOOP('',(#2709,#2710,#2718,#2725));
#2709 = ORIENTED_EDGE('',*,*,#2660,.T.);
#2710 = ORIENTED_EDGE('',*,*,#2711,.T.);
#2711 = EDGE_CURVE('',#2661,#2712,#2714,.T.);
#2712 = VERTEX_POINT('',#2713);
#2713 = CARTESIAN_POINT('',(-117.3296706911,14.,-66.75));
#2714 = LINE('',#2715,#2716);
#2715 = CARTESIAN_POINT('',(-44.87637055379,14.,-58.04346253652));
#2716 = VECTOR('',#2717,1.);
#2717 = DIRECTION('',(-0.992857142857,-1.324598612422E-17,
    -0.119309236346));
#2718 = ORIENTED_EDGE('',*,*,#2719,.F.);
#2719 = EDGE_CURVE('',#765,#2712,#2720,.T.);
#2720 = CIRCLE('',#2721,1.);
#2721 = AXIS2_PLACEMENT_3D('',#2722,#2723,#2724);
#2722 = CARTESIAN_POINT('',(-117.4489799274,14.,-65.75714285714));
#2723 = DIRECTION('',(-0.992857142857,-1.324598612422E-17,
    -0.119309236346));
#2724 = DIRECTION('',(-1.078520768857E-32,1.,-1.110223024625E-16));
#2725 = ORIENTED_EDGE('',*,*,#764,.F.);
#2726 = CYLINDRICAL_SURFACE('',#2727,1.);
#2727 = AXIS2_PLACEMENT_3D('',#2728,#2729,#2730);
#2728 = CARTESIAN_POINT('',(-44.99567979013,14.,-57.05060539366));
#2729 = DIRECTION('',(-0.992857142857,-1.324598612422E-17,
    -0.119309236346));
#2730 = DIRECTION('',(-1.232595164408E-32,1.,-1.110223024625E-16));
#2731 = ADVANCED_FACE('',(#2732),#2751,.T.);
#2732 = FACE_BOUND('',#2733,.T.);
#2733 = EDGE_LOOP('',(#2734,#2743,#2749,#2750));
#2734 = ORIENTED_EDGE('',*,*,#2735,.T.);
#2735 = EDGE_CURVE('',#773,#2736,#2738,.T.);
#2736 = VERTEX_POINT('',#2737);
#2737 = CARTESIAN_POINT('',(-117.3296706911,14.,-38.95));
#2738 = CIRCLE('',#2739,1.);
#2739 = AXIS2_PLACEMENT_3D('',#2740,#2741,#2742);
#2740 = CARTESIAN_POINT('',(-117.4489799274,14.,-39.94285714285));
#2741 = DIRECTION('',(0.992857142857,-1.324598612422E-17,-0.119309236346
    ));
#2742 = DIRECTION('',(0.119309236346,1.102292860164E-16,0.992857142857)
  );
#2743 = ORIENTED_EDGE('',*,*,#2744,.T.);
#2744 = EDGE_CURVE('',#2736,#2685,#2745,.T.);
#2745 = LINE('',#2746,#2747);
#2746 = CARTESIAN_POINT('',(-117.3296706911,14.,-38.95));
#2747 = VECTOR('',#2748,1.);
#2748 = DIRECTION('',(0.992857142857,-1.324598612422E-17,-0.119309236346
    ));
#2749 = ORIENTED_EDGE('',*,*,#2684,.F.);
#2750 = ORIENTED_EDGE('',*,*,#781,.F.);
#2751 = CYLINDRICAL_SURFACE('',#2752,1.);
#2752 = AXIS2_PLACEMENT_3D('',#2753,#2754,#2755);
#2753 = CARTESIAN_POINT('',(-117.4489799274,14.,-39.94285714285));
#2754 = DIRECTION('',(0.992857142857,-1.324598612422E-17,-0.119309236346
    ));
#2755 = DIRECTION('',(-6.162975822039E-33,1.,-1.110223024625E-16));
#2756 = ADVANCED_FACE('',(#2757),#2769,.T.);
#2757 = FACE_BOUND('',#2758,.F.);
#2758 = EDGE_LOOP('',(#2759,#2760,#2761,#2762));
#2759 = ORIENTED_EDGE('',*,*,#2719,.F.);
#2760 = ORIENTED_EDGE('',*,*,#772,.T.);
#2761 = ORIENTED_EDGE('',*,*,#2735,.T.);
#2762 = ORIENTED_EDGE('',*,*,#2763,.F.);
#2763 = EDGE_CURVE('',#2712,#2736,#2764,.T.);
#2764 = CIRCLE('',#2765,14.);
#2765 = AXIS2_PLACEMENT_3D('',#2766,#2767,#2768);
#2766 = CARTESIAN_POINT('',(-119.,14.,-52.85));
#2767 = DIRECTION('',(-1.848892746612E-32,1.,-1.110223024625E-16));
#2768 = DIRECTION('',(0.119309236346,-1.102292860164E-16,-0.992857142857
    ));
#2769 = TOROIDAL_SURFACE('',#2770,13.,1.);
#2770 = AXIS2_PLACEMENT_3D('',#2771,#2772,#2773);
#2771 = CARTESIAN_POINT('',(-119.,14.,-52.85));
#2772 = DIRECTION('',(1.848892746612E-32,-1.,1.110223024625E-16));
#2773 = DIRECTION('',(0.119309236346,-1.102292860164E-16,-0.992857142857
    ));
#2774 = ADVANCED_FACE('',(#2775),#2803,.T.);
#2775 = FACE_BOUND('',#2776,.F.);
#2776 = EDGE_LOOP('',(#2777,#2786,#2787,#2796));
#2777 = ORIENTED_EDGE('',*,*,#2778,.F.);
#2778 = EDGE_CURVE('',#817,#2779,#2781,.T.);
#2779 = VERTEX_POINT('',#2780);
#2780 = CARTESIAN_POINT('',(-27.29561295335,14.,-55.34164800007));
#2781 = CIRCLE('',#2782,1.);
#2782 = AXIS2_PLACEMENT_3D('',#2783,#2784,#2785);
#2783 = CARTESIAN_POINT('',(-27.58388648423,14.,-56.29919610403));
#2784 = DIRECTION('',(0.957548103957,-3.200479113774E-17,-0.288273530884
    ));
#2785 = DIRECTION('',(0.288273530884,1.063091952199E-16,0.957548103957)
  );
#2786 = ORIENTED_EDGE('',*,*,#816,.T.);
#2787 = ORIENTED_EDGE('',*,*,#2788,.T.);
#2788 = EDGE_CURVE('',#819,#2789,#2791,.T.);
#2789 = VERTEX_POINT('',#2790);
#2790 = CARTESIAN_POINT('',(-3.072105624477,14.,-73.35121264774));
#2791 = CIRCLE('',#2792,1.);
#2792 = AXIS2_PLACEMENT_3D('',#2793,#2794,#2795);
#2793 = CARTESIAN_POINT('',(-3.906040711801,14.,-73.90307519416));
#2794 = DIRECTION('',(0.551862546411,-9.258539349893E-17,-0.833935087324
    ));
#2795 = DIRECTION('',(0.833935087324,6.126905054533E-17,0.551862546411)
  );
#2796 = ORIENTED_EDGE('',*,*,#2797,.F.);
#2797 = EDGE_CURVE('',#2779,#2789,#2798,.T.);
#2798 = CIRCLE('',#2799,44.392915430838);
#2799 = AXIS2_PLACEMENT_3D('',#2800,#2801,#2802);
#2800 = CARTESIAN_POINT('',(-40.09291543083,14.,-97.85));
#2801 = DIRECTION('',(-1.232595164408E-32,1.,-1.110223024625E-16));
#2802 = DIRECTION('',(0.288273530884,1.063091952199E-16,0.957548103957)
  );
#2803 = TOROIDAL_SURFACE('',#2804,43.392915430838,1.);
#2804 = AXIS2_PLACEMENT_3D('',#2805,#2806,#2807);
#2805 = CARTESIAN_POINT('',(-40.09291543083,14.,-97.85));
#2806 = DIRECTION('',(1.848892746612E-32,-1.,1.110223024625E-16));
#2807 = DIRECTION('',(0.288273530884,1.063091952199E-16,0.957548103957)
  );
#2808 = ADVANCED_FACE('',(#2809),#2829,.T.);
#2809 = FACE_BOUND('',#2810,.F.);
#2810 = EDGE_LOOP('',(#2811,#2820,#2821,#2822));
#2811 = ORIENTED_EDGE('',*,*,#2812,.F.);
#2812 = EDGE_CURVE('',#854,#2813,#2815,.T.);
#2813 = VERTEX_POINT('',#2814);
#2814 = CARTESIAN_POINT('',(-27.29561295335,14.,-50.35835199992));
#2815 = CIRCLE('',#2816,1.);
#2816 = AXIS2_PLACEMENT_3D('',#2817,#2818,#2819);
#2817 = CARTESIAN_POINT('',(-27.58388648423,14.,-49.40080389596));
#2818 = DIRECTION('',(-0.957548103957,-3.200479113774E-17,
    -0.288273530884));
#2819 = DIRECTION('',(0.288273530884,-1.063091952199E-16,-0.957548103957
    ));
#2820 = ORIENTED_EDGE('',*,*,#862,.T.);
#2821 = ORIENTED_EDGE('',*,*,#2778,.T.);
#2822 = ORIENTED_EDGE('',*,*,#2823,.F.);
#2823 = EDGE_CURVE('',#2813,#2779,#2824,.T.);
#2824 = CIRCLE('',#2825,2.60211261427);
#2825 = AXIS2_PLACEMENT_3D('',#2826,#2827,#2828);
#2826 = CARTESIAN_POINT('',(-26.54549276228,14.,-52.85));
#2827 = DIRECTION('',(1.848892746612E-32,-1.,1.110223024625E-16));
#2828 = DIRECTION('',(-0.288273530884,1.063091952199E-16,0.957548103957)
  );
#2829 = TOROIDAL_SURFACE('',#2830,3.60211261427,1.);
#2830 = AXIS2_PLACEMENT_3D('',#2831,#2832,#2833);
#2831 = CARTESIAN_POINT('',(-26.54549276228,14.,-52.85));
#2832 = DIRECTION('',(-1.848892746612E-32,1.,-1.110223024625E-16));
#2833 = DIRECTION('',(-0.288273530884,1.063091952199E-16,0.957548103957)
  );
#2834 = ADVANCED_FACE('',(#2835),#2855,.T.);
#2835 = FACE_BOUND('',#2836,.F.);
#2836 = EDGE_LOOP('',(#2837,#2838,#2839,#2848));
#2837 = ORIENTED_EDGE('',*,*,#2788,.F.);
#2838 = ORIENTED_EDGE('',*,*,#827,.T.);
#2839 = ORIENTED_EDGE('',*,*,#2840,.T.);
#2840 = EDGE_CURVE('',#828,#2841,#2843,.T.);
#2841 = VERTEX_POINT('',#2842);
#2842 = CARTESIAN_POINT('',(1.7,14.,-71.91520415439));
#2843 = CIRCLE('',#2844,1.);
#2844 = AXIS2_PLACEMENT_3D('',#2845,#2846,#2847);
#2845 = CARTESIAN_POINT('',(2.7,14.,-71.91520415439));
#2846 = DIRECTION('',(6.106226635438E-15,1.110223024625E-16,1.));
#2847 = DIRECTION('',(1.,-6.594384129582E-31,-6.106226635438E-15));
#2848 = ORIENTED_EDGE('',*,*,#2849,.F.);
#2849 = EDGE_CURVE('',#2789,#2841,#2850,.T.);
#2850 = CIRCLE('',#2851,2.60211261427);
#2851 = AXIS2_PLACEMENT_3D('',#2852,#2853,#2854);
#2852 = CARTESIAN_POINT('',(-0.90211261427,14.,-71.91520415439));
#2853 = DIRECTION('',(1.848892746612E-32,-1.,1.110223024625E-16));
#2854 = DIRECTION('',(-0.833935087324,-6.126905054533E-17,
    -0.551862546411));
#2855 = TOROIDAL_SURFACE('',#2856,3.60211261427,1.);
#2856 = AXIS2_PLACEMENT_3D('',#2857,#2858,#2859);
#2857 = CARTESIAN_POINT('',(-0.90211261427,14.,-71.91520415439));
#2858 = DIRECTION('',(-1.848892746612E-32,1.,-1.110223024625E-16));
#2859 = DIRECTION('',(-0.833935087324,-6.126905054533E-17,
    -0.551862546411));
#2860 = ADVANCED_FACE('',(#2861),#2881,.T.);
#2861 = FACE_BOUND('',#2862,.F.);
#2862 = EDGE_LOOP('',(#2863,#2872,#2873,#2874));
#2863 = ORIENTED_EDGE('',*,*,#2864,.F.);
#2864 = EDGE_CURVE('',#845,#2865,#2867,.T.);
#2865 = VERTEX_POINT('',#2866);
#2866 = CARTESIAN_POINT('',(-3.072105624477,14.,-32.34878735225));
#2867 = CIRCLE('',#2868,1.);
#2868 = AXIS2_PLACEMENT_3D('',#2869,#2870,#2871);
#2869 = CARTESIAN_POINT('',(-3.906040711801,14.,-31.79692480584));
#2870 = DIRECTION('',(-0.551862546411,-9.258539349893E-17,
    -0.833935087324));
#2871 = DIRECTION('',(-0.833935087324,6.126905054533E-17,0.551862546411)
  );
#2872 = ORIENTED_EDGE('',*,*,#853,.T.);
#2873 = ORIENTED_EDGE('',*,*,#2812,.T.);
#2874 = ORIENTED_EDGE('',*,*,#2875,.F.);
#2875 = EDGE_CURVE('',#2865,#2813,#2876,.T.);
#2876 = CIRCLE('',#2877,44.392915430838);
#2877 = AXIS2_PLACEMENT_3D('',#2878,#2879,#2880);
#2878 = CARTESIAN_POINT('',(-40.09291543083,14.,-7.85));
#2879 = DIRECTION('',(-1.848892746612E-32,1.,-1.110223024625E-16));
#2880 = DIRECTION('',(0.833935087324,-6.126905054533E-17,-0.551862546411
    ));
#2881 = TOROIDAL_SURFACE('',#2882,43.392915430838,1.);
#2882 = AXIS2_PLACEMENT_3D('',#2883,#2884,#2885);
#2883 = CARTESIAN_POINT('',(-40.09291543083,14.,-7.85));
#2884 = DIRECTION('',(1.848892746612E-32,-1.,1.110223024625E-16));
#2885 = DIRECTION('',(0.833935087324,-6.126905054533E-17,-0.551862546411
    ));
#2886 = ADVANCED_FACE('',(#2887),#2906,.T.);
#2887 = FACE_BOUND('',#2888,.T.);
#2888 = EDGE_LOOP('',(#2889,#2890,#2898,#2905));
#2889 = ORIENTED_EDGE('',*,*,#2840,.T.);
#2890 = ORIENTED_EDGE('',*,*,#2891,.T.);
#2891 = EDGE_CURVE('',#2841,#2892,#2894,.T.);
#2892 = VERTEX_POINT('',#2893);
#2893 = CARTESIAN_POINT('',(1.7,14.,-33.7847958456));
#2894 = LINE('',#2895,#2896);
#2895 = CARTESIAN_POINT('',(1.7,14.,-71.91520415439));
#2896 = VECTOR('',#2897,1.);
#2897 = DIRECTION('',(-0.,5.551115123126E-17,1.));
#2898 = ORIENTED_EDGE('',*,*,#2899,.F.);
#2899 = EDGE_CURVE('',#837,#2892,#2900,.T.);
#2900 = CIRCLE('',#2901,1.);
#2901 = AXIS2_PLACEMENT_3D('',#2902,#2903,#2904);
#2902 = CARTESIAN_POINT('',(2.7,14.,-33.7847958456));
#2903 = DIRECTION('',(0.,5.551115123126E-17,1.));
#2904 = DIRECTION('',(-1.848892746612E-32,1.,-5.551115123126E-17));
#2905 = ORIENTED_EDGE('',*,*,#836,.F.);
#2906 = CYLINDRICAL_SURFACE('',#2907,1.);
#2907 = AXIS2_PLACEMENT_3D('',#2908,#2909,#2910);
#2908 = CARTESIAN_POINT('',(2.7,14.,-71.91520415439));
#2909 = DIRECTION('',(-0.,5.551115123126E-17,1.));
#2910 = DIRECTION('',(-1.848892746612E-32,1.,-5.551115123126E-17));
#2911 = ADVANCED_FACE('',(#2912),#2924,.T.);
#2912 = FACE_BOUND('',#2913,.F.);
#2913 = EDGE_LOOP('',(#2914,#2915,#2916,#2917));
#2914 = ORIENTED_EDGE('',*,*,#2899,.F.);
#2915 = ORIENTED_EDGE('',*,*,#844,.T.);
#2916 = ORIENTED_EDGE('',*,*,#2864,.T.);
#2917 = ORIENTED_EDGE('',*,*,#2918,.F.);
#2918 = EDGE_CURVE('',#2892,#2865,#2919,.T.);
#2919 = CIRCLE('',#2920,2.60211261427);
#2920 = AXIS2_PLACEMENT_3D('',#2921,#2922,#2923);
#2921 = CARTESIAN_POINT('',(-0.90211261427,14.,-33.7847958456));
#2922 = DIRECTION('',(1.848892746612E-32,-1.,1.110223024625E-16));
#2923 = DIRECTION('',(1.,6.29549245673E-31,5.503942042755E-15));
#2924 = TOROIDAL_SURFACE('',#2925,3.60211261427,1.);
#2925 = AXIS2_PLACEMENT_3D('',#2926,#2927,#2928);
#2926 = CARTESIAN_POINT('',(-0.90211261427,14.,-33.7847958456));
#2927 = DIRECTION('',(-1.848892746612E-32,1.,-1.110223024625E-16));
#2928 = DIRECTION('',(1.,6.29549245673E-31,5.503942042755E-15));
#2929 = ADVANCED_FACE('',(#2930),#2950,.T.);
#2930 = FACE_BOUND('',#2931,.T.);
#2931 = EDGE_LOOP('',(#2932,#2941,#2942,#2943));
#2932 = ORIENTED_EDGE('',*,*,#2933,.F.);
#2933 = EDGE_CURVE('',#872,#2934,#2936,.T.);
#2934 = VERTEX_POINT('',#2935);
#2935 = CARTESIAN_POINT('',(-119.,14.,-62.55));
#2936 = CIRCLE('',#2937,1.);
#2937 = AXIS2_PLACEMENT_3D('',#2938,#2939,#2940);
#2938 = CARTESIAN_POINT('',(-119.,14.,-63.55));
#2939 = DIRECTION('',(1.,1.848892746612E-32,1.906074996507E-33));
#2940 = DIRECTION('',(1.906074996507E-33,-1.110223024625E-16,-1.));
#2941 = ORIENTED_EDGE('',*,*,#871,.T.);
#2942 = ORIENTED_EDGE('',*,*,#2933,.T.);
#2943 = ORIENTED_EDGE('',*,*,#2944,.F.);
#2944 = EDGE_CURVE('',#2934,#2934,#2945,.T.);
#2945 = CIRCLE('',#2946,9.7);
#2946 = AXIS2_PLACEMENT_3D('',#2947,#2948,#2949);
#2947 = CARTESIAN_POINT('',(-119.,14.,-52.85));
#2948 = DIRECTION('',(-1.848892746612E-32,1.,-1.110223024625E-16));
#2949 = DIRECTION('',(1.906074996507E-33,-1.110223024625E-16,-1.));
#2950 = TOROIDAL_SURFACE('',#2951,10.7,1.);
#2951 = AXIS2_PLACEMENT_3D('',#2952,#2953,#2954);
#2952 = CARTESIAN_POINT('',(-119.,14.,-52.85));
#2953 = DIRECTION('',(-1.848892746612E-32,1.,-1.110223024625E-16));
#2954 = DIRECTION('',(1.906074996507E-33,-1.110223024625E-16,-1.));
#2955 = ADVANCED_FACE('',(#2956),#2984,.T.);
#2956 = FACE_BOUND('',#2957,.T.);
#2957 = EDGE_LOOP('',(#2958,#2967,#2968,#2977));
#2958 = ORIENTED_EDGE('',*,*,#2959,.F.);
#2959 = EDGE_CURVE('',#883,#2960,#2962,.T.);
#2960 = VERTEX_POINT('',#2961);
#2961 = CARTESIAN_POINT('',(-98.12739428499,14.,-60.1115737354));
#2962 = CIRCLE('',#2963,1.);
#2963 = AXIS2_PLACEMENT_3D('',#2964,#2965,#2966);
#2964 = CARTESIAN_POINT('',(-98.00808504864,14.,-61.10443087826));
#2965 = DIRECTION('',(0.992857142857,1.324598612422E-17,0.119309236346)
  );
#2966 = DIRECTION('',(0.119309236346,-1.102292860164E-16,-0.992857142857
    ));
#2967 = ORIENTED_EDGE('',*,*,#882,.T.);
#2968 = ORIENTED_EDGE('',*,*,#2969,.T.);
#2969 = EDGE_CURVE('',#885,#2970,#2972,.T.);
#2970 = VERTEX_POINT('',#2971);
#2971 = CARTESIAN_POINT('',(-98.12739428499,14.,-45.58842626459));
#2972 = CIRCLE('',#2973,1.);
#2973 = AXIS2_PLACEMENT_3D('',#2974,#2975,#2976);
#2974 = CARTESIAN_POINT('',(-98.00808504864,14.,-44.59556912173));
#2975 = DIRECTION('',(-0.992857142857,1.324598612422E-17,0.119309236346)
  );
#2976 = DIRECTION('',(0.119309236346,1.102292860164E-16,0.992857142857)
  );
#2977 = ORIENTED_EDGE('',*,*,#2978,.F.);
#2978 = EDGE_CURVE('',#2960,#2970,#2979,.T.);
#2979 = CIRCLE('',#2980,7.313815273072);
#2980 = AXIS2_PLACEMENT_3D('',#2981,#2982,#2983);
#2981 = CARTESIAN_POINT('',(-99.,14.,-52.85));
#2982 = DIRECTION('',(-1.694818351061E-32,1.,-1.110223024625E-16));
#2983 = DIRECTION('',(0.119309236346,-1.102292860164E-16,-0.992857142857
    ));
#2984 = TOROIDAL_SURFACE('',#2985,8.313815273072,1.);
#2985 = AXIS2_PLACEMENT_3D('',#2986,#2987,#2988);
#2986 = CARTESIAN_POINT('',(-99.,14.,-52.85));
#2987 = DIRECTION('',(-1.848892746612E-32,1.,-1.110223024625E-16));
#2988 = DIRECTION('',(0.119309236346,-1.102292860164E-16,-0.992857142857
    ));
#2989 = ADVANCED_FACE('',(#2990),#3009,.T.);
#2990 = FACE_BOUND('',#2991,.F.);
#2991 = EDGE_LOOP('',(#2992,#3001,#3007,#3008));
#2992 = ORIENTED_EDGE('',*,*,#2993,.T.);
#2993 = EDGE_CURVE('',#894,#2994,#2996,.T.);
#2994 = VERTEX_POINT('',#2995);
#2995 = CARTESIAN_POINT('',(-58.69678204009,14.,-55.37329263479));
#2996 = CIRCLE('',#2997,1.);
#2997 = AXIS2_PLACEMENT_3D('',#2998,#2999,#3000);
#2998 = CARTESIAN_POINT('',(-58.57747280374,14.,-56.36614977765));
#2999 = DIRECTION('',(0.992857142857,1.324598612422E-17,0.119309236346)
  );
#3000 = DIRECTION('',(0.119309236346,-1.102292860164E-16,-0.992857142857
    ));
#3001 = ORIENTED_EDGE('',*,*,#3002,.T.);
#3002 = EDGE_CURVE('',#2994,#2960,#3003,.T.);
#3003 = LINE('',#3004,#3005);
#3004 = CARTESIAN_POINT('',(-58.69678204009,14.,-55.37329263479));
#3005 = VECTOR('',#3006,1.);
#3006 = DIRECTION('',(-0.992857142857,-6.622993062111E-18,
    -0.119309236346));
#3007 = ORIENTED_EDGE('',*,*,#2959,.F.);
#3008 = ORIENTED_EDGE('',*,*,#893,.F.);
#3009 = CYLINDRICAL_SURFACE('',#3010,1.);
#3010 = AXIS2_PLACEMENT_3D('',#3011,#3012,#3013);
#3011 = CARTESIAN_POINT('',(-58.57747280374,14.,-56.36614977765));
#3012 = DIRECTION('',(-0.992857142857,-6.622993062111E-18,
    -0.119309236346));
#3013 = DIRECTION('',(6.57568596881E-18,1.,-1.102321182179E-16));
#3014 = ADVANCED_FACE('',(#3015),#3034,.T.);
#3015 = FACE_BOUND('',#3016,.F.);
#3016 = EDGE_LOOP('',(#3017,#3018,#3026,#3033));
#3017 = ORIENTED_EDGE('',*,*,#2969,.T.);
#3018 = ORIENTED_EDGE('',*,*,#3019,.T.);
#3019 = EDGE_CURVE('',#2970,#3020,#3022,.T.);
#3020 = VERTEX_POINT('',#3021);
#3021 = CARTESIAN_POINT('',(-58.69678204009,14.,-50.3267073652));
#3022 = LINE('',#3023,#3024);
#3023 = CARTESIAN_POINT('',(-98.12739428499,14.,-45.58842626459));
#3024 = VECTOR('',#3025,1.);
#3025 = DIRECTION('',(0.992857142857,-6.622993062111E-18,-0.119309236346
    ));
#3026 = ORIENTED_EDGE('',*,*,#3027,.F.);
#3027 = EDGE_CURVE('',#902,#3020,#3028,.T.);
#3028 = CIRCLE('',#3029,1.);
#3029 = AXIS2_PLACEMENT_3D('',#3030,#3031,#3032);
#3030 = CARTESIAN_POINT('',(-58.57747280374,14.,-49.33385022235));
#3031 = DIRECTION('',(-0.992857142857,6.622993062111E-18,0.119309236346)
  );
#3032 = DIRECTION('',(-6.57568596881E-18,1.,-1.102321182179E-16));
#3033 = ORIENTED_EDGE('',*,*,#910,.F.);
#3034 = CYLINDRICAL_SURFACE('',#3035,1.);
#3035 = AXIS2_PLACEMENT_3D('',#3036,#3037,#3038);
#3036 = CARTESIAN_POINT('',(-98.00808504864,14.,-44.59556912173));
#3037 = DIRECTION('',(0.992857142857,-6.622993062111E-18,-0.119309236346
    ));
#3038 = DIRECTION('',(-6.57568596881E-18,1.,-1.102321182179E-16));
#3039 = ADVANCED_FACE('',(#3040),#3052,.T.);
#3040 = FACE_BOUND('',#3041,.T.);
#3041 = EDGE_LOOP('',(#3042,#3043,#3044,#3045));
#3042 = ORIENTED_EDGE('',*,*,#3027,.F.);
#3043 = ORIENTED_EDGE('',*,*,#901,.T.);
#3044 = ORIENTED_EDGE('',*,*,#2993,.T.);
#3045 = ORIENTED_EDGE('',*,*,#3046,.F.);
#3046 = EDGE_CURVE('',#3020,#2994,#3047,.T.);
#3047 = CIRCLE('',#3048,2.541445819216);
#3048 = AXIS2_PLACEMENT_3D('',#3049,#3050,#3051);
#3049 = CARTESIAN_POINT('',(-59.,14.,-52.85));
#3050 = DIRECTION('',(-1.848892746612E-32,1.,-1.110223024625E-16));
#3051 = DIRECTION('',(0.119309236346,1.102292860164E-16,0.992857142857)
  );
#3052 = TOROIDAL_SURFACE('',#3053,3.541445819216,1.);
#3053 = AXIS2_PLACEMENT_3D('',#3054,#3055,#3056);
#3054 = CARTESIAN_POINT('',(-59.,14.,-52.85));
#3055 = DIRECTION('',(-1.848892746612E-32,1.,-1.110223024625E-16));
#3056 = DIRECTION('',(0.119309236346,1.102292860164E-16,0.992857142857)
  );
#3057 = ADVANCED_FACE('',(#3058),#3069,.T.);
#3058 = FACE_BOUND('',#3059,.F.);
#3059 = EDGE_LOOP('',(#3060,#3061,#3062,#3068));
#3060 = ORIENTED_EDGE('',*,*,#976,.T.);
#3061 = ORIENTED_EDGE('',*,*,#2593,.T.);
#3062 = ORIENTED_EDGE('',*,*,#3063,.F.);
#3063 = EDGE_CURVE('',#1455,#2585,#3064,.T.);
#3064 = LINE('',#3065,#3066);
#3065 = CARTESIAN_POINT('',(0.,-15.,-125.85));
#3066 = VECTOR('',#3067,1.);
#3067 = DIRECTION('',(-1.110223024625E-16,1.,3.08148791102E-33));
#3068 = ORIENTED_EDGE('',*,*,#1463,.F.);
#3069 = CYLINDRICAL_SURFACE('',#3070,3.);
#3070 = AXIS2_PLACEMENT_3D('',#3071,#3072,#3073);
#3071 = CARTESIAN_POINT('',(3.,-15.,-125.85));
#3072 = DIRECTION('',(1.110223024625E-16,-1.,-3.08148791102E-33));
#3073 = DIRECTION('',(1.110223024625E-16,-1.110223024625E-16,-1.));
#3074 = ADVANCED_FACE('',(#3075,#3117),#3127,.T.);
#3075 = FACE_BOUND('',#3076,.T.);
#3076 = EDGE_LOOP('',(#3077,#3078,#3079,#3087,#3095,#3110,#3116));
#3077 = ORIENTED_EDGE('',*,*,#1383,.T.);
#3078 = ORIENTED_EDGE('',*,*,#2642,.F.);
#3079 = ORIENTED_EDGE('',*,*,#3080,.T.);
#3080 = EDGE_CURVE('',#2634,#3081,#3083,.T.);
#3081 = VERTEX_POINT('',#3082);
#3082 = CARTESIAN_POINT('',(-1.354472090043E-14,-6.,-7.85));
#3083 = LINE('',#3084,#3085);
#3084 = CARTESIAN_POINT('',(1.42108547152E-14,15.,-7.85));
#3085 = VECTOR('',#3086,1.);
#3086 = DIRECTION('',(1.110223024625E-16,-1.,-3.08148791102E-33));
#3087 = ORIENTED_EDGE('',*,*,#3088,.F.);
#3088 = EDGE_CURVE('',#3089,#3081,#3091,.T.);
#3089 = VERTEX_POINT('',#3090);
#3090 = CARTESIAN_POINT('',(-1.42108547152E-14,-6.,10.596362626104));
#3091 = LINE('',#3092,#3093);
#3092 = CARTESIAN_POINT('',(-1.24344978758E-14,-6.,12.15));
#3093 = VECTOR('',#3094,1.);
#3094 = DIRECTION('',(-5.551115123126E-17,-1.110223024625E-16,-1.));
#3095 = ORIENTED_EDGE('',*,*,#3096,.T.);
#3096 = EDGE_CURVE('',#3089,#3097,#3099,.T.);
#3097 = VERTEX_POINT('',#3098);
#3098 = CARTESIAN_POINT('',(-1.42108547152E-14,-8.,12.793650839509));
#3099 = ( BOUNDED_CURVE() B_SPLINE_CURVE(9,(#3100,#3101,#3102,#3103,
    #3104,#3105,#3106,#3107,#3108,#3109),.UNSPECIFIED.,.F.,.F.) 
B_SPLINE_CURVE_WITH_KNOTS((10,10),(0.,1.570796326795),
.PIECEWISE_BEZIER_KNOTS.) CURVE() GEOMETRIC_REPRESENTATION_ITEM() 
RATIONAL_B_SPLINE_CURVE((1.,1.,1.,1.,1.,1.,1.,1.,1.,1.)) 
REPRESENTATION_ITEM('') );
#3100 = CARTESIAN_POINT('',(-1.42108547152E-14,-6.,10.596362626104));
#3101 = CARTESIAN_POINT('',(-1.459943277382E-14,-6.,10.945428476503));
#3102 = CARTESIAN_POINT('',(-1.24344978758E-14,-6.05856247578,
    11.294576341547));
#3103 = CARTESIAN_POINT('',(-1.909583602355E-14,-6.175245201027,
    11.634481501329));
#3104 = CARTESIAN_POINT('',(-3.885780586188E-15,-6.351670839929,
    11.959422065282));
#3105 = CARTESIAN_POINT('',(-2.897682094272E-14,-6.584917716055,
    12.251476933614));
#3106 = CARTESIAN_POINT('',(-7.771561172376E-16,-6.877984227635,
    12.512914455567));
#3107 = CARTESIAN_POINT('',(-2.192690473635E-14,-7.233123991784,
    12.700117600279));
#3108 = CARTESIAN_POINT('',(-1.210143096841E-14,-7.616500860608,
    12.793650839509));
#3109 = CARTESIAN_POINT('',(-1.42108547152E-14,-8.,12.793650839509));
#3110 = ORIENTED_EDGE('',*,*,#3111,.F.);
#3111 = EDGE_CURVE('',#1505,#3097,#3112,.T.);
#3112 = LINE('',#3113,#3114);
#3113 = CARTESIAN_POINT('',(-1.42108547152E-14,-15.,12.793650839509));
#3114 = VECTOR('',#3115,1.);
#3115 = DIRECTION('',(-1.110223024625E-16,1.,3.08148791102E-33));
#3116 = ORIENTED_EDGE('',*,*,#1504,.F.);
#3117 = FACE_BOUND('',#3118,.T.);
#3118 = EDGE_LOOP('',(#3119,#3120,#3121,#3122,#3123,#3124,#3125,#3126));
#3119 = ORIENTED_EDGE('',*,*,#1074,.F.);
#3120 = ORIENTED_EDGE('',*,*,#1022,.F.);
#3121 = ORIENTED_EDGE('',*,*,#991,.T.);
#3122 = ORIENTED_EDGE('',*,*,#1047,.T.);
#3123 = ORIENTED_EDGE('',*,*,#1098,.T.);
#3124 = ORIENTED_EDGE('',*,*,#1145,.T.);
#3125 = ORIENTED_EDGE('',*,*,#1170,.F.);
#3126 = ORIENTED_EDGE('',*,*,#1120,.F.);
#3127 = PLANE('',#3128);
#3128 = AXIS2_PLACEMENT_3D('',#3129,#3130,#3131);
#3129 = CARTESIAN_POINT('',(-1.42108547152E-14,1.379310344828,
    7.529310344828));
#3130 = DIRECTION('',(-1.,0.,5.551115123126E-17));
#3131 = DIRECTION('',(0.,-1.110223024625E-16,-1.));
#3132 = ADVANCED_FACE('',(#3133,#3175),#3185,.T.);
#3133 = FACE_BOUND('',#3134,.T.);
#3134 = EDGE_LOOP('',(#3135,#3136,#3137,#3145,#3160,#3168,#3174));
#3135 = ORIENTED_EDGE('',*,*,#3063,.F.);
#3136 = ORIENTED_EDGE('',*,*,#1479,.T.);
#3137 = ORIENTED_EDGE('',*,*,#3138,.T.);
#3138 = EDGE_CURVE('',#1480,#3139,#3141,.T.);
#3139 = VERTEX_POINT('',#3140);
#3140 = CARTESIAN_POINT('',(1.42108547152E-14,-8.,-118.4936508395));
#3141 = LINE('',#3142,#3143);
#3142 = CARTESIAN_POINT('',(1.365574320289E-14,-15.,-118.4936508395));
#3143 = VECTOR('',#3144,1.);
#3144 = DIRECTION('',(-1.110223024625E-16,1.,3.08148791102E-33));
#3145 = ORIENTED_EDGE('',*,*,#3146,.T.);
#3146 = EDGE_CURVE('',#3139,#3147,#3149,.T.);
#3147 = VERTEX_POINT('',#3148);
#3148 = CARTESIAN_POINT('',(1.42108547152E-14,-6.,-116.2963626261));
#3149 = ( BOUNDED_CURVE() B_SPLINE_CURVE(9,(#3150,#3151,#3152,#3153,
    #3154,#3155,#3156,#3157,#3158,#3159),.UNSPECIFIED.,.F.,.F.) 
B_SPLINE_CURVE_WITH_KNOTS((10,10),(0.,1.570796326795),
.PIECEWISE_BEZIER_KNOTS.) CURVE() GEOMETRIC_REPRESENTATION_ITEM() 
RATIONAL_B_SPLINE_CURVE((1.,1.,1.,1.,1.,1.,1.,1.,1.,1.)) 
REPRESENTATION_ITEM('') );
#3150 = CARTESIAN_POINT('',(1.42108547152E-14,-8.,-118.4936508395));
#3151 = CARTESIAN_POINT('',(1.371125435412E-14,-7.616500860608,
    -118.4936508395));
#3152 = CARTESIAN_POINT('',(1.000310945187E-13,-7.233123991784,
    -118.4001176002));
#3153 = CARTESIAN_POINT('',(-2.379763053284E-13,-6.877984227635,
    -118.2129144555));
#3154 = CARTESIAN_POINT('',(4.126698982532E-13,-6.584917716055,
    -117.9514769336));
#3155 = CARTESIAN_POINT('',(-3.582689700465E-13,-6.351670839929,
    -117.6594220652));
#3156 = CARTESIAN_POINT('',(1.841859997853E-13,-6.175245201027,
    -117.3344815013));
#3157 = CARTESIAN_POINT('',(-1.215694211965E-14,-6.05856247578,
    -116.9945763415));
#3158 = CARTESIAN_POINT('',(1.604272270583E-14,-6.,-116.6454284765));
#3159 = CARTESIAN_POINT('',(1.42108547152E-14,-6.,-116.2963626261));
#3160 = ORIENTED_EDGE('',*,*,#3161,.T.);
#3161 = EDGE_CURVE('',#3147,#3162,#3164,.T.);
#3162 = VERTEX_POINT('',#3163);
#3163 = CARTESIAN_POINT('',(1.476596622751E-14,-6.,-97.85));
#3164 = LINE('',#3165,#3166);
#3165 = CARTESIAN_POINT('',(1.365574320289E-14,-6.,-117.85));
#3166 = VECTOR('',#3167,1.);
#3167 = DIRECTION('',(5.551115123126E-17,1.110223024625E-16,1.));
#3168 = ORIENTED_EDGE('',*,*,#3169,.F.);
#3169 = EDGE_CURVE('',#2610,#3162,#3170,.T.);
#3170 = LINE('',#3171,#3172);
#3171 = CARTESIAN_POINT('',(0.,15.,-97.85));
#3172 = VECTOR('',#3173,1.);
#3173 = DIRECTION('',(1.110223024625E-16,-1.,-3.08148791102E-33));
#3174 = ORIENTED_EDGE('',*,*,#2609,.F.);
#3175 = FACE_BOUND('',#3176,.T.);
#3176 = EDGE_LOOP('',(#3177,#3178,#3179,#3180,#3181,#3182,#3183,#3184));
#3177 = ORIENTED_EDGE('',*,*,#1268,.F.);
#3178 = ORIENTED_EDGE('',*,*,#1218,.F.);
#3179 = ORIENTED_EDGE('',*,*,#1196,.T.);
#3180 = ORIENTED_EDGE('',*,*,#1243,.T.);
#3181 = ORIENTED_EDGE('',*,*,#1292,.T.);
#3182 = ORIENTED_EDGE('',*,*,#1341,.T.);
#3183 = ORIENTED_EDGE('',*,*,#1368,.F.);
#3184 = ORIENTED_EDGE('',*,*,#1316,.T.);
#3185 = PLANE('',#3186);
#3186 = AXIS2_PLACEMENT_3D('',#3187,#3188,#3189);
#3187 = CARTESIAN_POINT('',(1.42108547152E-14,1.379310344828,
    -113.2293103448));
#3188 = DIRECTION('',(-1.,6.162975822039E-33,1.110223024625E-16));
#3189 = DIRECTION('',(-5.551115123126E-17,-1.110223024625E-16,-1.));
#3190 = ADVANCED_FACE('',(#3191),#3209,.F.);
#3191 = FACE_BOUND('',#3192,.T.);
#3192 = EDGE_LOOP('',(#3193,#3194,#3195,#3203));
#3193 = ORIENTED_EDGE('',*,*,#3138,.F.);
#3194 = ORIENTED_EDGE('',*,*,#1539,.F.);
#3195 = ORIENTED_EDGE('',*,*,#3196,.T.);
#3196 = EDGE_CURVE('',#1529,#3197,#3199,.T.);
#3197 = VERTEX_POINT('',#3198);
#3198 = CARTESIAN_POINT('',(-0.585859274702,-8.,-117.5834379744));
#3199 = LINE('',#3200,#3201);
#3200 = CARTESIAN_POINT('',(-0.585859274702,-15.,-117.5834379744));
#3201 = VECTOR('',#3202,1.);
#3202 = DIRECTION('',(-1.110223024625E-16,1.,3.08148791102E-33));
#3203 = ORIENTED_EDGE('',*,*,#3204,.F.);
#3204 = EDGE_CURVE('',#3139,#3197,#3205,.T.);
#3205 = ( BOUNDED_CURVE() B_SPLINE_CURVE(2,(#3206,#3207,#3208),
.UNSPECIFIED.,.F.,.F.) B_SPLINE_CURVE_WITH_KNOTS((3,3),(0.,
1.570796326795),.PIECEWISE_BEZIER_KNOTS.) CURVE() 
GEOMETRIC_REPRESENTATION_ITEM() RATIONAL_B_SPLINE_CURVE((1.,
0.840874760383,1.)) REPRESENTATION_ITEM('') );
#3206 = CARTESIAN_POINT('',(1.42108547152E-14,-8.,-118.4936508395));
#3207 = CARTESIAN_POINT('',(2.431388423929E-14,-8.,-117.85));
#3208 = CARTESIAN_POINT('',(-0.585859274702,-8.,-117.5834379744));
#3209 = CYLINDRICAL_SURFACE('',#3210,1.);
#3210 = AXIS2_PLACEMENT_3D('',#3211,#3212,#3213);
#3211 = CARTESIAN_POINT('',(-1.,-15.,-118.4936508395));
#3212 = DIRECTION('',(-1.110223024625E-16,1.,3.08148791102E-33));
#3213 = DIRECTION('',(1.,1.110223024625E-16,-5.551115123126E-17));
#3214 = ADVANCED_FACE('',(#3215),#3233,.F.);
#3215 = FACE_BOUND('',#3216,.F.);
#3216 = EDGE_LOOP('',(#3217,#3218,#3219,#3227));
#3217 = ORIENTED_EDGE('',*,*,#3111,.F.);
#3218 = ORIENTED_EDGE('',*,*,#1565,.F.);
#3219 = ORIENTED_EDGE('',*,*,#3220,.T.);
#3220 = EDGE_CURVE('',#1555,#3221,#3223,.T.);
#3221 = VERTEX_POINT('',#3222);
#3222 = CARTESIAN_POINT('',(-0.585859274702,-8.,11.883437974487));
#3223 = LINE('',#3224,#3225);
#3224 = CARTESIAN_POINT('',(-0.585859274702,-15.,11.883437974487));
#3225 = VECTOR('',#3226,1.);
#3226 = DIRECTION('',(-1.110223024625E-16,1.,3.08148791102E-33));
#3227 = ORIENTED_EDGE('',*,*,#3228,.F.);
#3228 = EDGE_CURVE('',#3097,#3221,#3229,.T.);
#3229 = ( BOUNDED_CURVE() B_SPLINE_CURVE(2,(#3230,#3231,#3232),
.UNSPECIFIED.,.F.,.F.) B_SPLINE_CURVE_WITH_KNOTS((3,3),(0.,
1.570796326795),.PIECEWISE_BEZIER_KNOTS.) CURVE() 
GEOMETRIC_REPRESENTATION_ITEM() RATIONAL_B_SPLINE_CURVE((1.,
0.840874760383,1.)) REPRESENTATION_ITEM('') );
#3230 = CARTESIAN_POINT('',(-1.42108547152E-14,-8.,12.793650839509));
#3231 = CARTESIAN_POINT('',(-1.409983241274E-14,-8.,12.15));
#3232 = CARTESIAN_POINT('',(-0.585859274702,-8.,11.883437974487));
#3233 = CYLINDRICAL_SURFACE('',#3234,1.);
#3234 = AXIS2_PLACEMENT_3D('',#3235,#3236,#3237);
#3235 = CARTESIAN_POINT('',(-1.,-15.,12.793650839509));
#3236 = DIRECTION('',(-1.110223024625E-16,1.,3.08148791102E-33));
#3237 = DIRECTION('',(1.,1.110223024625E-16,-1.232595164408E-32));
#3238 = ADVANCED_FACE('',(#3239),#3257,.F.);
#3239 = FACE_BOUND('',#3240,.F.);
#3240 = EDGE_LOOP('',(#3241,#3242,#3250,#3256));
#3241 = ORIENTED_EDGE('',*,*,#3196,.T.);
#3242 = ORIENTED_EDGE('',*,*,#3243,.T.);
#3243 = EDGE_CURVE('',#3197,#3244,#3246,.T.);
#3244 = VERTEX_POINT('',#3245);
#3245 = CARTESIAN_POINT('',(-113.1031001565,-8.,-66.38885093005));
#3246 = LINE('',#3247,#3248);
#3247 = CARTESIAN_POINT('',(-7.105427357601E-15,-8.,-117.85));
#3248 = VECTOR('',#3249,1.);
#3249 = DIRECTION('',(-0.910212865021,4.597885686604E-17,0.414140725298)
  );
#3250 = ORIENTED_EDGE('',*,*,#3251,.F.);
#3251 = EDGE_CURVE('',#1582,#3244,#3252,.T.);
#3252 = LINE('',#3253,#3254);
#3253 = CARTESIAN_POINT('',(-113.1031001565,-15.,-66.38885093005));
#3254 = VECTOR('',#3255,1.);
#3255 = DIRECTION('',(-1.110223024625E-16,1.,3.08148791102E-33));
#3256 = ORIENTED_EDGE('',*,*,#1581,.F.);
#3257 = PLANE('',#3258);
#3258 = AXIS2_PLACEMENT_3D('',#3259,#3260,#3261);
#3259 = CARTESIAN_POINT('',(0.,-15.,-117.85));
#3260 = DIRECTION('',(0.414140725298,1.010539280056E-16,0.910212865021)
  );
#3261 = DIRECTION('',(-0.910212865021,4.597885686604E-17,0.414140725298)
  );
#3262 = ADVANCED_FACE('',(#3263),#3281,.T.);
#3263 = FACE_BOUND('',#3264,.T.);
#3264 = EDGE_LOOP('',(#3265,#3266,#3274,#3280));
#3265 = ORIENTED_EDGE('',*,*,#3220,.T.);
#3266 = ORIENTED_EDGE('',*,*,#3267,.T.);
#3267 = EDGE_CURVE('',#3221,#3268,#3270,.T.);
#3268 = VERTEX_POINT('',#3269);
#3269 = CARTESIAN_POINT('',(-113.1031001565,-8.,-39.31114906994));
#3270 = LINE('',#3271,#3272);
#3271 = CARTESIAN_POINT('',(-1.409983241274E-14,-8.,12.15));
#3272 = VECTOR('',#3273,1.);
#3273 = DIRECTION('',(-0.910212865021,-4.597885686604E-17,
    -0.414140725298));
#3274 = ORIENTED_EDGE('',*,*,#3275,.F.);
#3275 = EDGE_CURVE('',#1607,#3268,#3276,.T.);
#3276 = LINE('',#3277,#3278);
#3277 = CARTESIAN_POINT('',(-113.1031001565,-15.,-39.31114906994));
#3278 = VECTOR('',#3279,1.);
#3279 = DIRECTION('',(-1.110223024625E-16,1.,3.08148791102E-33));
#3280 = ORIENTED_EDGE('',*,*,#1606,.F.);
#3281 = PLANE('',#3282);
#3282 = AXIS2_PLACEMENT_3D('',#3283,#3284,#3285);
#3283 = CARTESIAN_POINT('',(-2.84217094304E-14,-15.,12.15));
#3284 = DIRECTION('',(-0.414140725298,1.010539280056E-16,0.910212865021)
  );
#3285 = DIRECTION('',(-0.910212865021,-4.597885686604E-17,
    -0.414140725298));
#3286 = ADVANCED_FACE('',(#3287),#3305,.F.);
#3287 = FACE_BOUND('',#3288,.T.);
#3288 = EDGE_LOOP('',(#3289,#3290,#3291,#3299));
#3289 = ORIENTED_EDGE('',*,*,#3251,.F.);
#3290 = ORIENTED_EDGE('',*,*,#1641,.F.);
#3291 = ORIENTED_EDGE('',*,*,#3292,.T.);
#3292 = EDGE_CURVE('',#1631,#3293,#3295,.T.);
#3293 = VERTEX_POINT('',#3294);
#3294 = CARTESIAN_POINT('',(-113.6365501181,-8.,-66.30620665221));
#3295 = LINE('',#3296,#3297);
#3296 = CARTESIAN_POINT('',(-113.6365501181,-15.,-66.30620665221));
#3297 = VECTOR('',#3298,1.);
#3298 = DIRECTION('',(-1.110223024625E-16,1.,3.08148791102E-33));
#3299 = ORIENTED_EDGE('',*,*,#3300,.T.);
#3300 = EDGE_CURVE('',#3293,#3244,#3301,.T.);
#3301 = ( BOUNDED_CURVE() B_SPLINE_CURVE(2,(#3302,#3303,#3304),
.UNSPECIFIED.,.F.,.F.) B_SPLINE_CURVE_WITH_KNOTS((3,3),(0.,
1.570796326795),.PIECEWISE_BEZIER_KNOTS.) CURVE() 
GEOMETRIC_REPRESENTATION_ITEM() RATIONAL_B_SPLINE_CURVE((1.,
0.962886423957,1.)) REPRESENTATION_ITEM('') );
#3302 = CARTESIAN_POINT('',(-113.6365501181,-8.,-66.30620665221));
#3303 = CARTESIAN_POINT('',(-113.3582421197,-8.,-66.27276305461));
#3304 = CARTESIAN_POINT('',(-113.1031001565,-8.,-66.38885093005));
#3305 = CYLINDRICAL_SURFACE('',#3306,1.);
#3306 = AXIS2_PLACEMENT_3D('',#3307,#3308,#3309);
#3307 = CARTESIAN_POINT('',(-113.5172408818,-15.,-67.29906379507));
#3308 = DIRECTION('',(-1.110223024625E-16,1.,3.08148791102E-33));
#3309 = DIRECTION('',(0.414140725298,4.597885686604E-17,0.910212865021)
  );
#3310 = ADVANCED_FACE('',(#3311),#3329,.F.);
#3311 = FACE_BOUND('',#3312,.F.);
#3312 = EDGE_LOOP('',(#3313,#3314,#3315,#3323));
#3313 = ORIENTED_EDGE('',*,*,#3275,.F.);
#3314 = ORIENTED_EDGE('',*,*,#1667,.F.);
#3315 = ORIENTED_EDGE('',*,*,#3316,.T.);
#3316 = EDGE_CURVE('',#1657,#3317,#3319,.T.);
#3317 = VERTEX_POINT('',#3318);
#3318 = CARTESIAN_POINT('',(-113.6365501181,-8.,-39.39379334778));
#3319 = LINE('',#3320,#3321);
#3320 = CARTESIAN_POINT('',(-113.6365501181,-15.,-39.39379334778));
#3321 = VECTOR('',#3322,1.);
#3322 = DIRECTION('',(-1.110223024625E-16,1.,3.08148791102E-33));
#3323 = ORIENTED_EDGE('',*,*,#3324,.T.);
#3324 = EDGE_CURVE('',#3317,#3268,#3325,.T.);
#3325 = ( BOUNDED_CURVE() B_SPLINE_CURVE(2,(#3326,#3327,#3328),
.UNSPECIFIED.,.F.,.F.) B_SPLINE_CURVE_WITH_KNOTS((3,3),(0.,
1.570796326795),.PIECEWISE_BEZIER_KNOTS.) CURVE() 
GEOMETRIC_REPRESENTATION_ITEM() RATIONAL_B_SPLINE_CURVE((1.,
0.962886423957,1.)) REPRESENTATION_ITEM('') );
#3326 = CARTESIAN_POINT('',(-113.6365501181,-8.,-39.39379334778));
#3327 = CARTESIAN_POINT('',(-113.3582421197,-8.,-39.42723694538));
#3328 = CARTESIAN_POINT('',(-113.1031001565,-8.,-39.31114906994));
#3329 = CYLINDRICAL_SURFACE('',#3330,1.);
#3330 = AXIS2_PLACEMENT_3D('',#3331,#3332,#3333);
#3331 = CARTESIAN_POINT('',(-113.5172408818,-15.,-38.40093620492));
#3332 = DIRECTION('',(-1.110223024625E-16,1.,3.08148791102E-33));
#3333 = DIRECTION('',(0.414140725298,4.597885686604E-17,-0.910212865021)
  );
#3334 = ADVANCED_FACE('',(#3335),#3393,.T.);
#3335 = FACE_BOUND('',#3336,.T.);
#3336 = EDGE_LOOP('',(#3337,#3343,#3344,#3352,#3360,#3391,#3392));
#3337 = ORIENTED_EDGE('',*,*,#3338,.T.);
#3338 = EDGE_CURVE('',#1683,#2712,#3339,.T.);
#3339 = LINE('',#3340,#3341);
#3340 = CARTESIAN_POINT('',(-117.3296706911,-15.,-66.75));
#3341 = VECTOR('',#3342,1.);
#3342 = DIRECTION('',(-1.110223024625E-16,1.,3.08148791102E-33));
#3343 = ORIENTED_EDGE('',*,*,#2711,.F.);
#3344 = ORIENTED_EDGE('',*,*,#3345,.T.);
#3345 = EDGE_CURVE('',#2661,#3346,#3348,.T.);
#3346 = VERTEX_POINT('',#3347);
#3347 = CARTESIAN_POINT('',(-44.87637055379,-6.,-58.04346253652));
#3348 = LINE('',#3349,#3350);
#3349 = CARTESIAN_POINT('',(-44.87637055379,15.,-58.04346253652));
#3350 = VECTOR('',#3351,1.);
#3351 = DIRECTION('',(1.110223024625E-16,-1.,-3.08148791102E-33));
#3352 = ORIENTED_EDGE('',*,*,#3353,.T.);
#3353 = EDGE_CURVE('',#3346,#3354,#3356,.T.);
#3354 = VERTEX_POINT('',#3355);
#3355 = CARTESIAN_POINT('',(-109.8162479561,-6.,-65.84713020115));
#3356 = LINE('',#3357,#3358);
#3357 = CARTESIAN_POINT('',(-44.87637055379,-6.,-58.04346253652));
#3358 = VECTOR('',#3359,1.);
#3359 = DIRECTION('',(-0.992857142857,-1.324598612422E-17,
    -0.119309236346));
#3360 = ORIENTED_EDGE('',*,*,#3361,.F.);
#3361 = EDGE_CURVE('',#3293,#3354,#3362,.T.);
#3362 = ( BOUNDED_CURVE() B_SPLINE_CURVE(14,(#3363,#3364,#3365,#3366,
    #3367,#3368,#3369,#3370,#3371,#3372,#3373,#3374,#3375,#3376,#3377,
    #3378,#3379,#3380,#3381,#3382,#3383,#3384,#3385,#3386,#3387,#3388,
#3389,#3390),.UNSPECIFIED.,.F.,.F.) B_SPLINE_CURVE_WITH_KNOTS((15,13,15)
,(0.,0.785398163397,1.570796326795),.UNSPECIFIED.) CURVE() 
GEOMETRIC_REPRESENTATION_ITEM() RATIONAL_B_SPLINE_CURVE((1.,1.,
    1.000000000001,0.999999999996,1.000000000009,0.999999999986,
    1.000000000018,0.999999999981,1.000000000016,0.999999999989,
    1.000000000006,0.999999999997,1.000000000001,1.,1.,0.999999999999,
    1.000000000004,0.999999999992,1.000000000012,0.999999999985,
    1.000000000014,0.999999999988,1.000000000008,0.999999999996,
1.000000000002,0.999999999999,1.,1.)) REPRESENTATION_ITEM('') );
#3363 = CARTESIAN_POINT('',(-113.6365501181,-8.,-66.30620665221));
#3364 = CARTESIAN_POINT('',(-113.6365501181,-7.78413969053,
    -66.30620665221));
#3365 = CARTESIAN_POINT('',(-113.563053471,-7.568305283017,
    -66.29737473827));
#3366 = CARTESIAN_POINT('',(-113.416572516,-7.365031293867,
    -66.27977247696));
#3367 = CARTESIAN_POINT('',(-113.208525493,-7.188667466638,
    -66.25477197048));
#3368 = CARTESIAN_POINT('',(-112.979317776,-7.041560832118,
    -66.22722863468));
#3369 = CARTESIAN_POINT('',(-112.7317931106,-6.933076032615,
    -66.1974841956));
#3370 = CARTESIAN_POINT('',(-112.5492791223,-6.830642707651,
    -66.17555193199));
#3371 = CARTESIAN_POINT('',(-112.3441609451,-6.741477977818,
    -66.15090337781));
#3372 = CARTESIAN_POINT('',(-112.1774757301,-6.663899671123,
    -66.13087321954));
#3373 = CARTESIAN_POINT('',(-112.0125672558,-6.590495682001,
    -66.1110565679));
#3374 = CARTESIAN_POINT('',(-111.8613263248,-6.524819361601,
    -66.0928823118));
#3375 = CARTESIAN_POINT('',(-111.717401257,-6.463830980632,
    -66.07558718525));
#3376 = CARTESIAN_POINT('',(-111.5802057414,-6.407785078771,
    -66.05910073268));
#3377 = CARTESIAN_POINT('',(-111.3163945547,-6.304627772055,
    -66.02739918181));
#3378 = CARTESIAN_POINT('',(-111.1897914648,-6.257527353889,
    -66.01218559535));
#3379 = CARTESIAN_POINT('',(-111.0671922037,-6.214590898613,
    -65.9974531393));
#3380 = CARTESIAN_POINT('',(-110.9476113929,-6.175645430739,
    -65.98308340312));
#3381 = CARTESIAN_POINT('',(-110.8303043949,-6.140606549594,
    -65.9689869055));
#3382 = CARTESIAN_POINT('',(-110.7147091415,-6.109441001969,
    -65.95509610408));
#3383 = CARTESIAN_POINT('',(-110.6004003849,-6.082141913134,
    -65.94135989787));
#3384 = CARTESIAN_POINT('',(-110.487054409,-6.058714039574,
    -65.92773938667));
#3385 = CARTESIAN_POINT('',(-110.3744222389,-6.039166407387,
    -65.91420465179));
#3386 = CARTESIAN_POINT('',(-110.2623093877,-6.023509699478,
    -65.9007323222));
#3387 = CARTESIAN_POINT('',(-110.1505601773,-6.011755755622,
    -65.88730369045));
#3388 = CARTESIAN_POINT('',(-110.0390446727,-6.003916548557,
    -65.87390314256));
#3389 = CARTESIAN_POINT('',(-109.9276462671,-6.,-65.86051666616));
#3390 = CARTESIAN_POINT('',(-109.8162479561,-6.,-65.84713020115));
#3391 = ORIENTED_EDGE('',*,*,#3292,.F.);
#3392 = ORIENTED_EDGE('',*,*,#1691,.F.);
#3393 = PLANE('',#3394);
#3394 = AXIS2_PLACEMENT_3D('',#3395,#3396,#3397);
#3395 = CARTESIAN_POINT('',(-83.76316814928,2.679285278809,
    -62.71639474883));
#3396 = DIRECTION('',(0.119309236346,-1.102292860164E-16,-0.992857142857
    ));
#3397 = DIRECTION('',(-0.992857142857,-1.324598612422E-17,
    -0.119309236346));
#3398 = ADVANCED_FACE('',(#3399),#3457,.T.);
#3399 = FACE_BOUND('',#3400,.T.);
#3400 = EDGE_LOOP('',(#3401,#3409,#3410,#3416,#3417,#3418,#3451));
#3401 = ORIENTED_EDGE('',*,*,#3402,.F.);
#3402 = EDGE_CURVE('',#2685,#3403,#3405,.T.);
#3403 = VERTEX_POINT('',#3404);
#3404 = CARTESIAN_POINT('',(-44.87637055379,-6.,-47.65653746347));
#3405 = LINE('',#3406,#3407);
#3406 = CARTESIAN_POINT('',(-44.87637055379,15.,-47.65653746347));
#3407 = VECTOR('',#3408,1.);
#3408 = DIRECTION('',(1.110223024625E-16,-1.,-3.08148791102E-33));
#3409 = ORIENTED_EDGE('',*,*,#2744,.F.);
#3410 = ORIENTED_EDGE('',*,*,#3411,.F.);
#3411 = EDGE_CURVE('',#1709,#2736,#3412,.T.);
#3412 = LINE('',#3413,#3414);
#3413 = CARTESIAN_POINT('',(-117.3296706911,-15.,-38.95));
#3414 = VECTOR('',#3415,1.);
#3415 = DIRECTION('',(-1.110223024625E-16,1.,3.08148791102E-33));
#3416 = ORIENTED_EDGE('',*,*,#1708,.F.);
#3417 = ORIENTED_EDGE('',*,*,#3316,.T.);
#3418 = ORIENTED_EDGE('',*,*,#3419,.F.);
#3419 = EDGE_CURVE('',#3420,#3317,#3422,.T.);
#3420 = VERTEX_POINT('',#3421);
#3421 = CARTESIAN_POINT('',(-109.8162479561,-6.,-39.85286979884));
#3422 = ( BOUNDED_CURVE() B_SPLINE_CURVE(14,(#3423,#3424,#3425,#3426,
    #3427,#3428,#3429,#3430,#3431,#3432,#3433,#3434,#3435,#3436,#3437,
    #3438,#3439,#3440,#3441,#3442,#3443,#3444,#3445,#3446,#3447,#3448,
#3449,#3450),.UNSPECIFIED.,.F.,.F.) B_SPLINE_CURVE_WITH_KNOTS((15,13,15)
  ,(3.171239364313E-14,0.785398163397,1.570796326795),.UNSPECIFIED.) 
CURVE() GEOMETRIC_REPRESENTATION_ITEM() RATIONAL_B_SPLINE_CURVE((1.,1.,
    1.,1.000000000001,0.999999999999,1.000000000002,0.999999999996,
    1.000000000005,0.999999999995,1.000000000003,0.999999999998,
    1.000000000001,1.,1.,1.000000000001,0.999999999997,1.00000000001,
    0.999999999979,1.000000000035,0.999999999954,1.000000000049,
    0.999999999957,1.000000000032,0.999999999981,1.000000000009,
0.999999999997,1.000000000001,1.)) REPRESENTATION_ITEM('') );
#3423 = CARTESIAN_POINT('',(-109.8162479561,-6.,-39.85286979884));
#3424 = CARTESIAN_POINT('',(-109.9276462671,-6.,-39.83948333383));
#3425 = CARTESIAN_POINT('',(-110.0390446727,-6.003916548557,
    -39.82609685744));
#3426 = CARTESIAN_POINT('',(-110.1505601773,-6.011755755622,
    -39.81269630954));
#3427 = CARTESIAN_POINT('',(-110.2623093877,-6.023509699478,
    -39.79926767779));
#3428 = CARTESIAN_POINT('',(-110.3744222389,-6.039166407386,
    -39.7857953482));
#3429 = CARTESIAN_POINT('',(-110.487054409,-6.058714039574,
    -39.77226061332));
#3430 = CARTESIAN_POINT('',(-110.6004003849,-6.082141913134,
    -39.75864010212));
#3431 = CARTESIAN_POINT('',(-110.7147091415,-6.109441001968,
    -39.74490389591));
#3432 = CARTESIAN_POINT('',(-110.8303043949,-6.140606549595,
    -39.73101309449));
#3433 = CARTESIAN_POINT('',(-110.9476113929,-6.175645430738,
    -39.71691659687));
#3434 = CARTESIAN_POINT('',(-111.0671922037,-6.214590898613,
    -39.70254686069));
#3435 = CARTESIAN_POINT('',(-111.1897914648,-6.257527353889,
    -39.68781440464));
#3436 = CARTESIAN_POINT('',(-111.3163945547,-6.304627772055,
    -39.67260081818));
#3437 = CARTESIAN_POINT('',(-111.5802057414,-6.407785078771,
    -39.64089926731));
#3438 = CARTESIAN_POINT('',(-111.717401257,-6.463830980631,
    -39.62441281474));
#3439 = CARTESIAN_POINT('',(-111.8613263248,-6.524819361603,
    -39.60711768819));
#3440 = CARTESIAN_POINT('',(-112.0125672558,-6.590495682,-39.58894343209
    ));
#3441 = CARTESIAN_POINT('',(-112.1774757301,-6.663899671119,
    -39.56912678045));
#3442 = CARTESIAN_POINT('',(-112.3441609451,-6.741477977831,
    -39.54909662218));
#3443 = CARTESIAN_POINT('',(-112.5492791222,-6.830642707629,
    -39.52444806801));
#3444 = CARTESIAN_POINT('',(-112.7317931107,-6.933076032641,
    -39.50251580439));
#3445 = CARTESIAN_POINT('',(-112.979317776,-7.041560832096,
    -39.47277136532));
#3446 = CARTESIAN_POINT('',(-113.2085254931,-7.188667466653,
    -39.44522802951));
#3447 = CARTESIAN_POINT('',(-113.416572516,-7.365031293859,
    -39.42022752303));
#3448 = CARTESIAN_POINT('',(-113.563053471,-7.56830528302,
    -39.40262526172));
#3449 = CARTESIAN_POINT('',(-113.6365501181,-7.784139690529,
    -39.39379334778));
#3450 = CARTESIAN_POINT('',(-113.6365501181,-8.,-39.39379334778));
#3451 = ORIENTED_EDGE('',*,*,#3452,.F.);
#3452 = EDGE_CURVE('',#3403,#3420,#3453,.T.);
#3453 = LINE('',#3454,#3455);
#3454 = CARTESIAN_POINT('',(-44.87637055379,-6.,-47.65653746347));
#3455 = VECTOR('',#3456,1.);
#3456 = DIRECTION('',(-0.992857142857,1.324598612422E-17,0.119309236346)
  );
#3457 = PLANE('',#3458);
#3458 = AXIS2_PLACEMENT_3D('',#3459,#3460,#3461);
#3459 = CARTESIAN_POINT('',(-83.76316814928,2.679285278809,
    -42.98360525116));
#3460 = DIRECTION('',(0.119309236346,1.102292860164E-16,0.992857142857)
  );
#3461 = DIRECTION('',(0.992857142857,-1.324598612422E-17,-0.119309236346
    ));
#3462 = ADVANCED_FACE('',(#3463),#3469,.T.);
#3463 = FACE_BOUND('',#3464,.F.);
#3464 = EDGE_LOOP('',(#3465,#3466,#3467,#3468));
#3465 = ORIENTED_EDGE('',*,*,#3338,.T.);
#3466 = ORIENTED_EDGE('',*,*,#2763,.T.);
#3467 = ORIENTED_EDGE('',*,*,#3411,.F.);
#3468 = ORIENTED_EDGE('',*,*,#1735,.T.);
#3469 = CYLINDRICAL_SURFACE('',#3470,14.);
#3470 = AXIS2_PLACEMENT_3D('',#3471,#3472,#3473);
#3471 = CARTESIAN_POINT('',(-119.,-15.,-52.85));
#3472 = DIRECTION('',(1.110223024625E-16,-1.,-3.08148791102E-33));
#3473 = DIRECTION('',(1.110223024625E-16,-1.110223024625E-16,-1.));
#3474 = ADVANCED_FACE('',(#3475,#3478),#3489,.F.);
#3475 = FACE_BOUND('',#3476,.F.);
#3476 = EDGE_LOOP('',(#3477));
#3477 = ORIENTED_EDGE('',*,*,#1758,.T.);
#3478 = FACE_BOUND('',#3479,.F.);
#3479 = EDGE_LOOP('',(#3480));
#3480 = ORIENTED_EDGE('',*,*,#3481,.T.);
#3481 = EDGE_CURVE('',#3482,#3482,#3484,.T.);
#3482 = VERTEX_POINT('',#3483);
#3483 = CARTESIAN_POINT('',(-116.4990381056,-12.3,-45.51820693123));
#3484 = CIRCLE('',#3485,1.5);
#3485 = AXIS2_PLACEMENT_3D('',#3486,#3487,#3488);
#3486 = CARTESIAN_POINT('',(-115.2,-12.3,-46.26820693123));
#3487 = DIRECTION('',(7.03853193746E-17,-1.,3.737038904755E-16));
#3488 = DIRECTION('',(-0.866025403784,1.258964706059E-16,0.5));
#3489 = PLANE('',#3490);
#3490 = AXIS2_PLACEMENT_3D('',#3491,#3492,#3493);
#3491 = CARTESIAN_POINT('',(-115.2,-12.3,-46.26820693123));
#3492 = DIRECTION('',(-1.110223024625E-16,1.,3.08148791102E-33));
#3493 = DIRECTION('',(0.5,9.614813431918E-17,0.866025403784));
#3494 = ADVANCED_FACE('',(#3495,#3498),#3509,.F.);
#3495 = FACE_BOUND('',#3496,.F.);
#3496 = EDGE_LOOP('',(#3497));
#3497 = ORIENTED_EDGE('',*,*,#1783,.T.);
#3498 = FACE_BOUND('',#3499,.F.);
#3499 = EDGE_LOOP('',(#3500));
#3500 = ORIENTED_EDGE('',*,*,#3501,.T.);
#3501 = EDGE_CURVE('',#3502,#3502,#3504,.T.);
#3502 = VERTEX_POINT('',#3503);
#3503 = CARTESIAN_POINT('',(-126.6,-12.3,-54.35));
#3504 = CIRCLE('',#3505,1.5);
#3505 = AXIS2_PLACEMENT_3D('',#3506,#3507,#3508);
#3506 = CARTESIAN_POINT('',(-126.6,-12.3,-52.85));
#3507 = DIRECTION('',(1.848892746612E-32,-1.,1.110223024625E-16));
#3508 = DIRECTION('',(1.110223024625E-16,-1.110223024625E-16,-1.));
#3509 = PLANE('',#3510);
#3510 = AXIS2_PLACEMENT_3D('',#3511,#3512,#3513);
#3511 = CARTESIAN_POINT('',(-126.6,-12.3,-52.85));
#3512 = DIRECTION('',(-1.110223024625E-16,1.,3.08148791102E-33));
#3513 = DIRECTION('',(-1.,-2.465190328816E-32,-5.551115123126E-17));
#3514 = ADVANCED_FACE('',(#3515,#3518),#3529,.F.);
#3515 = FACE_BOUND('',#3516,.F.);
#3516 = EDGE_LOOP('',(#3517));
#3517 = ORIENTED_EDGE('',*,*,#1808,.T.);
#3518 = FACE_BOUND('',#3519,.F.);
#3519 = EDGE_LOOP('',(#3520));
#3520 = ORIENTED_EDGE('',*,*,#3521,.T.);
#3521 = EDGE_CURVE('',#3522,#3522,#3524,.T.);
#3522 = VERTEX_POINT('',#3523);
#3523 = CARTESIAN_POINT('',(-113.9009618943,-12.3,-58.68179306876));
#3524 = CIRCLE('',#3525,1.5);
#3525 = AXIS2_PLACEMENT_3D('',#3526,#3527,#3528);
#3526 = CARTESIAN_POINT('',(-115.2,-12.3,-59.43179306876));
#3527 = DIRECTION('',(2.62681588013E-16,-1.,1.814076218371E-16));
#3528 = DIRECTION('',(0.866025403784,3.181927392442E-16,0.5));
#3529 = PLANE('',#3530);
#3530 = AXIS2_PLACEMENT_3D('',#3531,#3532,#3533);
#3531 = CARTESIAN_POINT('',(-115.2,-12.3,-59.43179306876));
#3532 = DIRECTION('',(-1.110223024625E-16,1.,3.08148791102E-33));
#3533 = DIRECTION('',(0.5,-9.614813431918E-17,-0.866025403784));
#3534 = ADVANCED_FACE('',(#3535,#3589,#3600,#3611),#3622,.T.);
#3535 = FACE_BOUND('',#3536,.T.);
#3536 = EDGE_LOOP('',(#3537,#3538,#3539,#3540,#3541,#3550,#3558,#3567,
    #3575,#3582,#3583,#3584,#3585,#3586,#3587,#3588));
#3537 = ORIENTED_EDGE('',*,*,#1978,.F.);
#3538 = ORIENTED_EDGE('',*,*,#1938,.F.);
#3539 = ORIENTED_EDGE('',*,*,#1882,.F.);
#3540 = ORIENTED_EDGE('',*,*,#1874,.T.);
#3541 = ORIENTED_EDGE('',*,*,#3542,.T.);
#3542 = EDGE_CURVE('',#1867,#3543,#3545,.T.);
#3543 = VERTEX_POINT('',#3544);
#3544 = CARTESIAN_POINT('',(-118.6125174095,1.5,-62.54225759263));
#3545 = CIRCLE('',#3546,9.7);
#3546 = AXIS2_PLACEMENT_3D('',#3547,#3548,#3549);
#3547 = CARTESIAN_POINT('',(-119.,1.5,-52.85));
#3548 = DIRECTION('',(-1.848892746612E-32,1.,-1.110223024625E-16));
#3549 = DIRECTION('',(1.110223024625E-16,-1.110223024625E-16,-1.));
#3550 = ORIENTED_EDGE('',*,*,#3551,.T.);
#3551 = EDGE_CURVE('',#3543,#3552,#3554,.T.);
#3552 = VERTEX_POINT('',#3553);
#3553 = CARTESIAN_POINT('',(-127.5874825904,1.5,-57.36055902942));
#3554 = LINE('',#3555,#3556);
#3555 = CARTESIAN_POINT('',(-117.0378221735,1.5,-63.45140831103));
#3556 = VECTOR('',#3557,1.);
#3557 = DIRECTION('',(-0.866025403784,1.258964706059E-16,0.5));
#3558 = ORIENTED_EDGE('',*,*,#3559,.T.);
#3559 = EDGE_CURVE('',#3552,#3560,#3562,.T.);
#3560 = VERTEX_POINT('',#3561);
#3561 = CARTESIAN_POINT('',(-127.5874825904,1.5,-48.33944097057));
#3562 = CIRCLE('',#3563,9.7);
#3563 = AXIS2_PLACEMENT_3D('',#3564,#3565,#3566);
#3564 = CARTESIAN_POINT('',(-119.,1.5,-52.85));
#3565 = DIRECTION('',(-1.848892746612E-32,1.,-1.110223024625E-16));
#3566 = DIRECTION('',(1.110223024625E-16,-1.110223024625E-16,-1.));
#3567 = ORIENTED_EDGE('',*,*,#3568,.T.);
#3568 = EDGE_CURVE('',#3560,#3569,#3571,.T.);
#3569 = VERTEX_POINT('',#3570);
#3570 = CARTESIAN_POINT('',(-118.6125174095,1.5,-43.15774240736));
#3571 = LINE('',#3572,#3573);
#3572 = CARTESIAN_POINT('',(-129.1621778264,1.5,-49.24859168896));
#3573 = VECTOR('',#3574,1.);
#3574 = DIRECTION('',(0.866025403784,3.181927392442E-16,0.5));
#3575 = ORIENTED_EDGE('',*,*,#3576,.T.);
#3576 = EDGE_CURVE('',#3569,#1843,#3577,.T.);
#3577 = CIRCLE('',#3578,9.7);
#3578 = AXIS2_PLACEMENT_3D('',#3579,#3580,#3581);
#3579 = CARTESIAN_POINT('',(-119.,1.5,-52.85));
#3580 = DIRECTION('',(-1.848892746612E-32,1.,-1.110223024625E-16));
#3581 = DIRECTION('',(1.110223024625E-16,-1.110223024625E-16,-1.));
#3582 = ORIENTED_EDGE('',*,*,#1842,.T.);
#3583 = ORIENTED_EDGE('',*,*,#1834,.T.);
#3584 = ORIENTED_EDGE('',*,*,#1913,.T.);
#3585 = ORIENTED_EDGE('',*,*,#1954,.T.);
#3586 = ORIENTED_EDGE('',*,*,#2011,.T.);
#3587 = ORIENTED_EDGE('',*,*,#2054,.T.);
#3588 = ORIENTED_EDGE('',*,*,#2036,.F.);
#3589 = FACE_BOUND('',#3590,.T.);
#3590 = EDGE_LOOP('',(#3591));
#3591 = ORIENTED_EDGE('',*,*,#3592,.F.);
#3592 = EDGE_CURVE('',#3593,#3593,#3595,.T.);
#3593 = VERTEX_POINT('',#3594);
#3594 = CARTESIAN_POINT('',(-116.4990381056,1.5,-45.51820693123));
#3595 = CIRCLE('',#3596,1.5);
#3596 = AXIS2_PLACEMENT_3D('',#3597,#3598,#3599);
#3597 = CARTESIAN_POINT('',(-115.2,1.5,-46.26820693123));
#3598 = DIRECTION('',(-7.03853193746E-17,1.,-3.737038904755E-16));
#3599 = DIRECTION('',(-0.866025403784,1.258964706059E-16,0.5));
#3600 = FACE_BOUND('',#3601,.T.);
#3601 = EDGE_LOOP('',(#3602));
#3602 = ORIENTED_EDGE('',*,*,#3603,.F.);
#3603 = EDGE_CURVE('',#3604,#3604,#3606,.T.);
#3604 = VERTEX_POINT('',#3605);
#3605 = CARTESIAN_POINT('',(-113.9009618943,1.5,-58.68179306876));
#3606 = CIRCLE('',#3607,1.5);
#3607 = AXIS2_PLACEMENT_3D('',#3608,#3609,#3610);
#3608 = CARTESIAN_POINT('',(-115.2,1.5,-59.43179306876));
#3609 = DIRECTION('',(-2.62681588013E-16,1.,-1.814076218371E-16));
#3610 = DIRECTION('',(0.866025403784,3.181927392442E-16,0.5));
#3611 = FACE_BOUND('',#3612,.T.);
#3612 = EDGE_LOOP('',(#3613));
#3613 = ORIENTED_EDGE('',*,*,#3614,.F.);
#3614 = EDGE_CURVE('',#3615,#3615,#3617,.T.);
#3615 = VERTEX_POINT('',#3616);
#3616 = CARTESIAN_POINT('',(-126.6,1.5,-54.35));
#3617 = CIRCLE('',#3618,1.5);
#3618 = AXIS2_PLACEMENT_3D('',#3619,#3620,#3621);
#3619 = CARTESIAN_POINT('',(-126.6,1.5,-52.85));
#3620 = DIRECTION('',(-1.848892746612E-32,1.,-1.110223024625E-16));
#3621 = DIRECTION('',(1.110223024625E-16,-1.110223024625E-16,-1.));
#3622 = PLANE('',#3623);
#3623 = AXIS2_PLACEMENT_3D('',#3624,#3625,#3626);
#3624 = CARTESIAN_POINT('',(-119.,1.5,-52.85));
#3625 = DIRECTION('',(-1.110223024625E-16,1.,3.08148791102E-33));
#3626 = DIRECTION('',(1.110223024625E-16,-1.110223024625E-16,-1.));
#3627 = ADVANCED_FACE('',(#3628),#3705,.F.);
#3628 = FACE_BOUND('',#3629,.T.);
#3629 = EDGE_LOOP('',(#3630,#3638,#3647,#3653,#3654,#3655,#3662,#3663,
    #3664,#3672,#3681,#3687,#3688,#3696,#3703,#3704));
#3630 = ORIENTED_EDGE('',*,*,#3631,.F.);
#3631 = EDGE_CURVE('',#3632,#2934,#3634,.T.);
#3632 = VERTEX_POINT('',#3633);
#3633 = CARTESIAN_POINT('',(-119.,9.,-62.55));
#3634 = LINE('',#3635,#3636);
#3635 = CARTESIAN_POINT('',(-119.,1.5,-62.55));
#3636 = VECTOR('',#3637,1.);
#3637 = DIRECTION('',(-1.110223024625E-16,1.,3.08148791102E-33));
#3638 = ORIENTED_EDGE('',*,*,#3639,.T.);
#3639 = EDGE_CURVE('',#3632,#3640,#3642,.T.);
#3640 = VERTEX_POINT('',#3641);
#3641 = CARTESIAN_POINT('',(-118.6125174095,9.,-62.54225759263));
#3642 = CIRCLE('',#3643,9.7);
#3643 = AXIS2_PLACEMENT_3D('',#3644,#3645,#3646);
#3644 = CARTESIAN_POINT('',(-119.,9.,-52.85));
#3645 = DIRECTION('',(1.848892746612E-32,-1.,1.110223024625E-16));
#3646 = DIRECTION('',(1.110223024625E-16,-1.110223024625E-16,-1.));
#3647 = ORIENTED_EDGE('',*,*,#3648,.T.);
#3648 = EDGE_CURVE('',#3640,#3543,#3649,.T.);
#3649 = LINE('',#3650,#3651);
#3650 = CARTESIAN_POINT('',(-118.6125174095,1.5,-62.54225759263));
#3651 = VECTOR('',#3652,1.);
#3652 = DIRECTION('',(1.110223024625E-16,-1.,-3.08148791102E-33));
#3653 = ORIENTED_EDGE('',*,*,#3542,.F.);
#3654 = ORIENTED_EDGE('',*,*,#1866,.F.);
#3655 = ORIENTED_EDGE('',*,*,#3656,.T.);
#3656 = EDGE_CURVE('',#1859,#1851,#3657,.T.);
#3657 = CIRCLE('',#3658,9.7);
#3658 = AXIS2_PLACEMENT_3D('',#3659,#3660,#3661);
#3659 = CARTESIAN_POINT('',(-119.,9.,-52.85));
#3660 = DIRECTION('',(1.848892746612E-32,-1.,1.110223024625E-16));
#3661 = DIRECTION('',(1.110223024625E-16,-1.110223024625E-16,-1.));
#3662 = ORIENTED_EDGE('',*,*,#1850,.T.);
#3663 = ORIENTED_EDGE('',*,*,#3576,.F.);
#3664 = ORIENTED_EDGE('',*,*,#3665,.F.);
#3665 = EDGE_CURVE('',#3666,#3569,#3668,.T.);
#3666 = VERTEX_POINT('',#3667);
#3667 = CARTESIAN_POINT('',(-118.6125174095,9.,-43.15774240736));
#3668 = LINE('',#3669,#3670);
#3669 = CARTESIAN_POINT('',(-118.6125174095,1.5,-43.15774240736));
#3670 = VECTOR('',#3671,1.);
#3671 = DIRECTION('',(1.110223024625E-16,-1.,-3.08148791102E-33));
#3672 = ORIENTED_EDGE('',*,*,#3673,.T.);
#3673 = EDGE_CURVE('',#3666,#3674,#3676,.T.);
#3674 = VERTEX_POINT('',#3675);
#3675 = CARTESIAN_POINT('',(-127.5874825904,9.,-48.33944097057));
#3676 = CIRCLE('',#3677,9.7);
#3677 = AXIS2_PLACEMENT_3D('',#3678,#3679,#3680);
#3678 = CARTESIAN_POINT('',(-119.,9.,-52.85));
#3679 = DIRECTION('',(1.848892746612E-32,-1.,1.110223024625E-16));
#3680 = DIRECTION('',(1.110223024625E-16,-1.110223024625E-16,-1.));
#3681 = ORIENTED_EDGE('',*,*,#3682,.T.);
#3682 = EDGE_CURVE('',#3674,#3560,#3683,.T.);
#3683 = LINE('',#3684,#3685);
#3684 = CARTESIAN_POINT('',(-127.5874825904,1.5,-48.33944097057));
#3685 = VECTOR('',#3686,1.);
#3686 = DIRECTION('',(1.110223024625E-16,-1.,-3.08148791102E-33));
#3687 = ORIENTED_EDGE('',*,*,#3559,.F.);
#3688 = ORIENTED_EDGE('',*,*,#3689,.F.);
#3689 = EDGE_CURVE('',#3690,#3552,#3692,.T.);
#3690 = VERTEX_POINT('',#3691);
#3691 = CARTESIAN_POINT('',(-127.5874825904,9.,-57.36055902942));
#3692 = LINE('',#3693,#3694);
#3693 = CARTESIAN_POINT('',(-127.5874825904,1.5,-57.36055902942));
#3694 = VECTOR('',#3695,1.);
#3695 = DIRECTION('',(1.110223024625E-16,-1.,-3.08148791102E-33));
#3696 = ORIENTED_EDGE('',*,*,#3697,.T.);
#3697 = EDGE_CURVE('',#3690,#3632,#3698,.T.);
#3698 = CIRCLE('',#3699,9.7);
#3699 = AXIS2_PLACEMENT_3D('',#3700,#3701,#3702);
#3700 = CARTESIAN_POINT('',(-119.,9.,-52.85));
#3701 = DIRECTION('',(1.848892746612E-32,-1.,1.110223024625E-16));
#3702 = DIRECTION('',(1.110223024625E-16,-1.110223024625E-16,-1.));
#3703 = ORIENTED_EDGE('',*,*,#3631,.T.);
#3704 = ORIENTED_EDGE('',*,*,#2944,.T.);
#3705 = CYLINDRICAL_SURFACE('',#3706,9.7);
#3706 = AXIS2_PLACEMENT_3D('',#3707,#3708,#3709);
#3707 = CARTESIAN_POINT('',(-119.,1.5,-52.85));
#3708 = DIRECTION('',(1.110223024625E-16,-1.,-3.08148791102E-33));
#3709 = DIRECTION('',(1.110223024625E-16,-1.110223024625E-16,-1.));
#3710 = ADVANCED_FACE('',(#3711),#3715,.T.);
#3711 = FACE_BOUND('',#3712,.T.);
#3712 = EDGE_LOOP('',(#3713,#3714));
#3713 = ORIENTED_EDGE('',*,*,#1858,.F.);
#3714 = ORIENTED_EDGE('',*,*,#3656,.F.);
#3715 = PLANE('',#3716);
#3716 = AXIS2_PLACEMENT_3D('',#3717,#3718,#3719);
#3717 = CARTESIAN_POINT('',(-107.8,9.,-45.85));
#3718 = DIRECTION('',(-1.110223024625E-16,1.,3.08148791102E-33));
#3719 = DIRECTION('',(1.110223024625E-16,-1.110223024625E-16,-1.));
#3720 = ADVANCED_FACE('',(#3721),#3737,.F.);
#3721 = FACE_BOUND('',#3722,.F.);
#3722 = EDGE_LOOP('',(#3723,#3729,#3730,#3736));
#3723 = ORIENTED_EDGE('',*,*,#3724,.F.);
#3724 = EDGE_CURVE('',#2970,#2080,#3725,.T.);
#3725 = LINE('',#3726,#3727);
#3726 = CARTESIAN_POINT('',(-98.12739428499,15.,-45.58842626459));
#3727 = VECTOR('',#3728,1.);
#3728 = DIRECTION('',(5.551115123126E-17,-1.,0.));
#3729 = ORIENTED_EDGE('',*,*,#2978,.F.);
#3730 = ORIENTED_EDGE('',*,*,#3731,.T.);
#3731 = EDGE_CURVE('',#2960,#2070,#3732,.T.);
#3732 = LINE('',#3733,#3734);
#3733 = CARTESIAN_POINT('',(-98.12739428499,15.,-60.1115737354));
#3734 = VECTOR('',#3735,1.);
#3735 = DIRECTION('',(5.551115123126E-17,-1.,0.));
#3736 = ORIENTED_EDGE('',*,*,#2088,.T.);
#3737 = CYLINDRICAL_SURFACE('',#3738,7.313815273072);
#3738 = AXIS2_PLACEMENT_3D('',#3739,#3740,#3741);
#3739 = CARTESIAN_POINT('',(-99.,15.,-52.85));
#3740 = DIRECTION('',(-3.08148791102E-33,1.,-5.551115123126E-17));
#3741 = DIRECTION('',(0.,-5.551115123126E-17,-1.));
#3742 = ADVANCED_FACE('',(#3743),#3754,.T.);
#3743 = FACE_BOUND('',#3744,.T.);
#3744 = EDGE_LOOP('',(#3745,#3751,#3752,#3753));
#3745 = ORIENTED_EDGE('',*,*,#3746,.F.);
#3746 = EDGE_CURVE('',#2994,#2104,#3747,.T.);
#3747 = LINE('',#3748,#3749);
#3748 = CARTESIAN_POINT('',(-58.69678204009,15.,-55.37329263479));
#3749 = VECTOR('',#3750,1.);
#3750 = DIRECTION('',(5.551115123126E-17,-1.,0.));
#3751 = ORIENTED_EDGE('',*,*,#3002,.T.);
#3752 = ORIENTED_EDGE('',*,*,#3731,.T.);
#3753 = ORIENTED_EDGE('',*,*,#2112,.F.);
#3754 = PLANE('',#3755);
#3755 = AXIS2_PLACEMENT_3D('',#3756,#3757,#3758);
#3756 = CARTESIAN_POINT('',(-98.12739428499,15.,-60.1115737354));
#3757 = DIRECTION('',(-0.119309236346,-6.622993062111E-18,0.992857142857
    ));
#3758 = DIRECTION('',(0.992857142857,6.622993062111E-18,0.119309236346)
  );
#3759 = ADVANCED_FACE('',(#3760),#3771,.T.);
#3760 = FACE_BOUND('',#3761,.T.);
#3761 = EDGE_LOOP('',(#3762,#3763,#3764,#3770));
#3762 = ORIENTED_EDGE('',*,*,#3724,.F.);
#3763 = ORIENTED_EDGE('',*,*,#3019,.T.);
#3764 = ORIENTED_EDGE('',*,*,#3765,.T.);
#3765 = EDGE_CURVE('',#3020,#2130,#3766,.T.);
#3766 = LINE('',#3767,#3768);
#3767 = CARTESIAN_POINT('',(-58.69678204009,15.,-50.3267073652));
#3768 = VECTOR('',#3769,1.);
#3769 = DIRECTION('',(5.551115123126E-17,-1.,0.));
#3770 = ORIENTED_EDGE('',*,*,#2129,.F.);
#3771 = PLANE('',#3772);
#3772 = AXIS2_PLACEMENT_3D('',#3773,#3774,#3775);
#3773 = CARTESIAN_POINT('',(-58.69678204009,15.,-50.3267073652));
#3774 = DIRECTION('',(-0.119309236346,-6.622993062111E-18,
    -0.992857142857));
#3775 = DIRECTION('',(-0.992857142857,6.622993062111E-18,0.119309236346)
  );
#3776 = ADVANCED_FACE('',(#3777),#3783,.F.);
#3777 = FACE_BOUND('',#3778,.F.);
#3778 = EDGE_LOOP('',(#3779,#3780,#3781,#3782));
#3779 = ORIENTED_EDGE('',*,*,#3746,.F.);
#3780 = ORIENTED_EDGE('',*,*,#3046,.F.);
#3781 = ORIENTED_EDGE('',*,*,#3765,.T.);
#3782 = ORIENTED_EDGE('',*,*,#2156,.T.);
#3783 = CYLINDRICAL_SURFACE('',#3784,2.541445819216);
#3784 = AXIS2_PLACEMENT_3D('',#3785,#3786,#3787);
#3785 = CARTESIAN_POINT('',(-59.,15.,-52.85));
#3786 = DIRECTION('',(-3.08148791102E-33,1.,-5.551115123126E-17));
#3787 = DIRECTION('',(0.,-5.551115123126E-17,-1.));
#3788 = ADVANCED_FACE('',(#3789),#3815,.F.);
#3789 = FACE_BOUND('',#3790,.F.);
#3790 = EDGE_LOOP('',(#3791,#3799,#3808,#3814));
#3791 = ORIENTED_EDGE('',*,*,#3792,.F.);
#3792 = EDGE_CURVE('',#3793,#2182,#3795,.T.);
#3793 = VERTEX_POINT('',#3794);
#3794 = CARTESIAN_POINT('',(-68.29572516483,-8.,-29.91053619513));
#3795 = LINE('',#3796,#3797);
#3796 = CARTESIAN_POINT('',(-68.29572516483,15.,-29.91053619513));
#3797 = VECTOR('',#3798,1.);
#3798 = DIRECTION('',(5.551115123126E-17,-1.,0.));
#3799 = ORIENTED_EDGE('',*,*,#3800,.F.);
#3800 = EDGE_CURVE('',#3801,#3793,#3803,.T.);
#3801 = VERTEX_POINT('',#3802);
#3802 = CARTESIAN_POINT('',(-67.52854042835,-8.,-34.86253866847));
#3803 = CIRCLE('',#3804,2.60211261427);
#3804 = AXIS2_PLACEMENT_3D('',#3805,#3806,#3807);
#3805 = CARTESIAN_POINT('',(-67.21808435945,-8.,-32.27901257287));
#3806 = DIRECTION('',(-6.162975822039E-33,1.,-1.110223024625E-16));
#3807 = DIRECTION('',(-0.119309236346,-1.102292860164E-16,
    -0.992857142857));
#3808 = ORIENTED_EDGE('',*,*,#3809,.T.);
#3809 = EDGE_CURVE('',#3801,#2172,#3810,.T.);
#3810 = LINE('',#3811,#3812);
#3811 = CARTESIAN_POINT('',(-67.52854042835,15.,-34.86253866847));
#3812 = VECTOR('',#3813,1.);
#3813 = DIRECTION('',(5.551115123126E-17,-1.,0.));
#3814 = ORIENTED_EDGE('',*,*,#2190,.T.);
#3815 = CYLINDRICAL_SURFACE('',#3816,2.60211261427);
#3816 = AXIS2_PLACEMENT_3D('',#3817,#3818,#3819);
#3817 = CARTESIAN_POINT('',(-67.21808435945,15.,-32.27901257287));
#3818 = DIRECTION('',(-3.08148791102E-33,1.,-5.551115123126E-17));
#3819 = DIRECTION('',(0.,-5.551115123126E-17,-1.));
#3820 = ADVANCED_FACE('',(#3821),#3839,.T.);
#3821 = FACE_BOUND('',#3822,.T.);
#3822 = EDGE_LOOP('',(#3823,#3831,#3837,#3838));
#3823 = ORIENTED_EDGE('',*,*,#3824,.F.);
#3824 = EDGE_CURVE('',#3825,#2206,#3827,.T.);
#3825 = VERTEX_POINT('',#3826);
#3826 = CARTESIAN_POINT('',(-43.68327819032,-8.,-37.7279660349));
#3827 = LINE('',#3828,#3829);
#3828 = CARTESIAN_POINT('',(-43.68327819032,15.,-37.7279660349));
#3829 = VECTOR('',#3830,1.);
#3830 = DIRECTION('',(5.551115123126E-17,-1.,0.));
#3831 = ORIENTED_EDGE('',*,*,#3832,.T.);
#3832 = EDGE_CURVE('',#3825,#3801,#3833,.T.);
#3833 = LINE('',#3834,#3835);
#3834 = CARTESIAN_POINT('',(-43.68327819032,-8.,-37.7279660349));
#3835 = VECTOR('',#3836,1.);
#3836 = DIRECTION('',(-0.992857142857,-1.102292860164E-16,0.119309236346
    ));
#3837 = ORIENTED_EDGE('',*,*,#3809,.T.);
#3838 = ORIENTED_EDGE('',*,*,#2214,.F.);
#3839 = PLANE('',#3840);
#3840 = AXIS2_PLACEMENT_3D('',#3841,#3842,#3843);
#3841 = CARTESIAN_POINT('',(-67.52854042835,15.,-34.86253866847));
#3842 = DIRECTION('',(0.119309236346,6.622993062111E-18,0.992857142857)
  );
#3843 = DIRECTION('',(0.992857142857,-6.622993062111E-18,-0.119309236346
    ));
#3844 = ADVANCED_FACE('',(#3845),#3863,.T.);
#3845 = FACE_BOUND('',#3846,.T.);
#3846 = EDGE_LOOP('',(#3847,#3848,#3856,#3862));
#3847 = ORIENTED_EDGE('',*,*,#3792,.F.);
#3848 = ORIENTED_EDGE('',*,*,#3849,.T.);
#3849 = EDGE_CURVE('',#3793,#3850,#3852,.T.);
#3850 = VERTEX_POINT('',#3851);
#3851 = CARTESIAN_POINT('',(-13.68295326357,-8.,-5.062092677274));
#3852 = LINE('',#3853,#3854);
#3853 = CARTESIAN_POINT('',(-68.29572516483,-8.,-29.91053619513));
#3854 = VECTOR('',#3855,1.);
#3855 = DIRECTION('',(0.910212865021,1.010539280056E-16,0.414140725298)
  );
#3856 = ORIENTED_EDGE('',*,*,#3857,.T.);
#3857 = EDGE_CURVE('',#3850,#2232,#3858,.T.);
#3858 = LINE('',#3859,#3860);
#3859 = CARTESIAN_POINT('',(-13.68295326357,15.,-5.062092677274));
#3860 = VECTOR('',#3861,1.);
#3861 = DIRECTION('',(5.551115123126E-17,-1.,0.));
#3862 = ORIENTED_EDGE('',*,*,#2231,.F.);
#3863 = PLANE('',#3864);
#3864 = AXIS2_PLACEMENT_3D('',#3865,#3866,#3867);
#3865 = CARTESIAN_POINT('',(-13.68295326357,15.,-5.062092677274));
#3866 = DIRECTION('',(0.414140725298,2.298942843302E-17,-0.910212865021)
  );
#3867 = DIRECTION('',(-0.910212865021,-2.298942843302E-17,
    -0.414140725298));
#3868 = ADVANCED_FACE('',(#3869),#3888,.F.);
#3869 = FACE_BOUND('',#3870,.F.);
#3870 = EDGE_LOOP('',(#3871,#3872,#3881,#3887));
#3871 = ORIENTED_EDGE('',*,*,#3824,.F.);
#3872 = ORIENTED_EDGE('',*,*,#3873,.F.);
#3873 = EDGE_CURVE('',#3874,#3825,#3876,.T.);
#3874 = VERTEX_POINT('',#3875);
#3875 = CARTESIAN_POINT('',(-10.00350272173,-8.,-7.390868266355));
#3876 = CIRCLE('',#3877,30.092915430838);
#3877 = AXIS2_PLACEMENT_3D('',#3878,#3879,#3880);
#3878 = CARTESIAN_POINT('',(-40.09291543083,-8.,-7.85));
#3879 = DIRECTION('',(-6.162975822039E-33,1.,-1.110223024625E-16));
#3880 = DIRECTION('',(0.999883603111,1.693882479419E-18,
    1.525713700624E-02));
#3881 = ORIENTED_EDGE('',*,*,#3882,.T.);
#3882 = EDGE_CURVE('',#3874,#2256,#3883,.T.);
#3883 = LINE('',#3884,#3885);
#3884 = CARTESIAN_POINT('',(-10.00350272173,15.,-7.390868266355));
#3885 = VECTOR('',#3886,1.);
#3886 = DIRECTION('',(5.551115123126E-17,-1.,0.));
#3887 = ORIENTED_EDGE('',*,*,#2266,.T.);
#3888 = CYLINDRICAL_SURFACE('',#3889,30.092915430838);
#3889 = AXIS2_PLACEMENT_3D('',#3890,#3891,#3892);
#3890 = CARTESIAN_POINT('',(-40.09291543083,15.,-7.85));
#3891 = DIRECTION('',(-3.08148791102E-33,1.,-5.551115123126E-17));
#3892 = DIRECTION('',(0.,-5.551115123126E-17,-1.));
#3893 = ADVANCED_FACE('',(#3894),#3906,.F.);
#3894 = FACE_BOUND('',#3895,.F.);
#3895 = EDGE_LOOP('',(#3896,#3897,#3904,#3905));
#3896 = ORIENTED_EDGE('',*,*,#3882,.F.);
#3897 = ORIENTED_EDGE('',*,*,#3898,.F.);
#3898 = EDGE_CURVE('',#3850,#3874,#3899,.T.);
#3899 = CIRCLE('',#3900,2.60211261427);
#3900 = AXIS2_PLACEMENT_3D('',#3901,#3902,#3903);
#3901 = CARTESIAN_POINT('',(-12.60531245819,-8.,-7.430569055016));
#3902 = DIRECTION('',(0.,1.,-1.110223024625E-16));
#3903 = DIRECTION('',(-0.414140725298,1.010539280056E-16,0.910212865021)
  );
#3904 = ORIENTED_EDGE('',*,*,#3857,.T.);
#3905 = ORIENTED_EDGE('',*,*,#2284,.T.);
#3906 = CYLINDRICAL_SURFACE('',#3907,2.60211261427);
#3907 = AXIS2_PLACEMENT_3D('',#3908,#3909,#3910);
#3908 = CARTESIAN_POINT('',(-12.60531245819,15.,-7.430569055016));
#3909 = DIRECTION('',(-3.08148791102E-33,1.,-5.551115123126E-17));
#3910 = DIRECTION('',(0.,-5.551115123126E-17,-1.));
#3911 = ADVANCED_FACE('',(#3912),#3938,.F.);
#3912 = FACE_BOUND('',#3913,.F.);
#3913 = EDGE_LOOP('',(#3914,#3922,#3931,#3937));
#3914 = ORIENTED_EDGE('',*,*,#3915,.F.);
#3915 = EDGE_CURVE('',#3916,#2310,#3918,.T.);
#3916 = VERTEX_POINT('',#3917);
#3917 = CARTESIAN_POINT('',(-67.52854042835,-8.,-70.83746133152));
#3918 = LINE('',#3919,#3920);
#3919 = CARTESIAN_POINT('',(-67.52854042835,15.,-70.83746133152));
#3920 = VECTOR('',#3921,1.);
#3921 = DIRECTION('',(5.551115123126E-17,-1.,0.));
#3922 = ORIENTED_EDGE('',*,*,#3923,.F.);
#3923 = EDGE_CURVE('',#3924,#3916,#3926,.T.);
#3924 = VERTEX_POINT('',#3925);
#3925 = CARTESIAN_POINT('',(-68.29572516483,-8.,-75.78946380486));
#3926 = CIRCLE('',#3927,2.60211261427);
#3927 = AXIS2_PLACEMENT_3D('',#3928,#3929,#3930);
#3928 = CARTESIAN_POINT('',(-67.21808435945,-8.,-73.42098742712));
#3929 = DIRECTION('',(-6.162975822039E-33,1.,-1.110223024625E-16));
#3930 = DIRECTION('',(-0.414140725298,-1.010539280056E-16,
    -0.910212865021));
#3931 = ORIENTED_EDGE('',*,*,#3932,.T.);
#3932 = EDGE_CURVE('',#3924,#2300,#3933,.T.);
#3933 = LINE('',#3934,#3935);
#3934 = CARTESIAN_POINT('',(-68.29572516483,15.,-75.78946380486));
#3935 = VECTOR('',#3936,1.);
#3936 = DIRECTION('',(5.551115123126E-17,-1.,0.));
#3937 = ORIENTED_EDGE('',*,*,#2318,.T.);
#3938 = CYLINDRICAL_SURFACE('',#3939,2.60211261427);
#3939 = AXIS2_PLACEMENT_3D('',#3940,#3941,#3942);
#3940 = CARTESIAN_POINT('',(-67.21808435945,15.,-73.42098742712));
#3941 = DIRECTION('',(-3.08148791102E-33,1.,-5.551115123126E-17));
#3942 = DIRECTION('',(0.,-5.551115123126E-17,-1.));
#3943 = ADVANCED_FACE('',(#3944),#3962,.T.);
#3944 = FACE_BOUND('',#3945,.T.);
#3945 = EDGE_LOOP('',(#3946,#3954,#3960,#3961));
#3946 = ORIENTED_EDGE('',*,*,#3947,.F.);
#3947 = EDGE_CURVE('',#3948,#2334,#3950,.T.);
#3948 = VERTEX_POINT('',#3949);
#3949 = CARTESIAN_POINT('',(-13.68295326357,-8.,-100.6379073227));
#3950 = LINE('',#3951,#3952);
#3951 = CARTESIAN_POINT('',(-13.68295326357,15.,-100.6379073227));
#3952 = VECTOR('',#3953,1.);
#3953 = DIRECTION('',(5.551115123126E-17,-1.,0.));
#3954 = ORIENTED_EDGE('',*,*,#3955,.T.);
#3955 = EDGE_CURVE('',#3948,#3924,#3956,.T.);
#3956 = LINE('',#3957,#3958);
#3957 = CARTESIAN_POINT('',(-13.68295326357,-8.,-100.6379073227));
#3958 = VECTOR('',#3959,1.);
#3959 = DIRECTION('',(-0.910212865021,-1.010539280056E-16,0.414140725298
    ));
#3960 = ORIENTED_EDGE('',*,*,#3932,.T.);
#3961 = ORIENTED_EDGE('',*,*,#2342,.F.);
#3962 = PLANE('',#3963);
#3963 = AXIS2_PLACEMENT_3D('',#3964,#3965,#3966);
#3964 = CARTESIAN_POINT('',(-68.29572516483,15.,-75.78946380486));
#3965 = DIRECTION('',(0.414140725298,2.298942843302E-17,0.910212865021)
  );
#3966 = DIRECTION('',(0.910212865021,-2.298942843302E-17,-0.414140725298
    ));
#3967 = ADVANCED_FACE('',(#3968),#3986,.F.);
#3968 = FACE_BOUND('',#3969,.F.);
#3969 = EDGE_LOOP('',(#3970,#3978,#3984,#3985));
#3970 = ORIENTED_EDGE('',*,*,#3971,.F.);
#3971 = EDGE_CURVE('',#3972,#2360,#3974,.T.);
#3972 = VERTEX_POINT('',#3973);
#3973 = CARTESIAN_POINT('',(-43.68327819032,-8.,-67.97203396509));
#3974 = LINE('',#3975,#3976);
#3975 = CARTESIAN_POINT('',(-43.68327819032,15.,-67.97203396509));
#3976 = VECTOR('',#3977,1.);
#3977 = DIRECTION('',(5.551115123126E-17,-1.,0.));
#3978 = ORIENTED_EDGE('',*,*,#3979,.F.);
#3979 = EDGE_CURVE('',#3916,#3972,#3980,.T.);
#3980 = LINE('',#3981,#3982);
#3981 = CARTESIAN_POINT('',(-67.52854042835,-8.,-70.83746133152));
#3982 = VECTOR('',#3983,1.);
#3983 = DIRECTION('',(0.992857142857,1.102292860164E-16,0.119309236346)
  );
#3984 = ORIENTED_EDGE('',*,*,#3915,.T.);
#3985 = ORIENTED_EDGE('',*,*,#2359,.T.);
#3986 = PLANE('',#3987);
#3987 = AXIS2_PLACEMENT_3D('',#3988,#3989,#3990);
#3988 = CARTESIAN_POINT('',(-67.52854042835,15.,-70.83746133152));
#3989 = DIRECTION('',(-0.119309236346,-6.622993062111E-18,0.992857142857
    ));
#3990 = DIRECTION('',(0.992857142857,6.622993062111E-18,0.119309236346)
  );
#3991 = ADVANCED_FACE('',(#3992),#4011,.F.);
#3992 = FACE_BOUND('',#3993,.F.);
#3993 = EDGE_LOOP('',(#3994,#3995,#4004,#4010));
#3994 = ORIENTED_EDGE('',*,*,#3947,.F.);
#3995 = ORIENTED_EDGE('',*,*,#3996,.F.);
#3996 = EDGE_CURVE('',#3997,#3948,#3999,.T.);
#3997 = VERTEX_POINT('',#3998);
#3998 = CARTESIAN_POINT('',(-10.00350272173,-8.,-98.30913173364));
#3999 = CIRCLE('',#4000,2.60211261427);
#4000 = AXIS2_PLACEMENT_3D('',#4001,#4002,#4003);
#4001 = CARTESIAN_POINT('',(-12.60531245819,-8.,-98.26943094498));
#4002 = DIRECTION('',(-6.162975822039E-33,1.,-1.110223024625E-16));
#4003 = DIRECTION('',(0.999883603111,-1.693882479418E-18,
    -1.525713700623E-02));
#4004 = ORIENTED_EDGE('',*,*,#4005,.T.);
#4005 = EDGE_CURVE('',#3997,#2384,#4006,.T.);
#4006 = LINE('',#4007,#4008);
#4007 = CARTESIAN_POINT('',(-10.00350272173,15.,-98.30913173364));
#4008 = VECTOR('',#4009,1.);
#4009 = DIRECTION('',(5.551115123126E-17,-1.,0.));
#4010 = ORIENTED_EDGE('',*,*,#2394,.T.);
#4011 = CYLINDRICAL_SURFACE('',#4012,2.60211261427);
#4012 = AXIS2_PLACEMENT_3D('',#4013,#4014,#4015);
#4013 = CARTESIAN_POINT('',(-12.60531245819,15.,-98.26943094498));
#4014 = DIRECTION('',(-3.08148791102E-33,1.,-5.551115123126E-17));
#4015 = DIRECTION('',(0.,-5.551115123126E-17,-1.));
#4016 = ADVANCED_FACE('',(#4017),#4029,.F.);
#4017 = FACE_BOUND('',#4018,.F.);
#4018 = EDGE_LOOP('',(#4019,#4020,#4027,#4028));
#4019 = ORIENTED_EDGE('',*,*,#4005,.F.);
#4020 = ORIENTED_EDGE('',*,*,#4021,.F.);
#4021 = EDGE_CURVE('',#3972,#3997,#4022,.T.);
#4022 = CIRCLE('',#4023,30.092915430838);
#4023 = AXIS2_PLACEMENT_3D('',#4024,#4025,#4026);
#4024 = CARTESIAN_POINT('',(-40.09291543083,-8.,-97.85));
#4025 = DIRECTION('',(-6.162975822039E-33,1.,-1.110223024625E-16));
#4026 = DIRECTION('',(-0.119309236346,1.102292860164E-16,0.992857142857)
  );
#4027 = ORIENTED_EDGE('',*,*,#3971,.T.);
#4028 = ORIENTED_EDGE('',*,*,#2412,.T.);
#4029 = CYLINDRICAL_SURFACE('',#4030,30.092915430838);
#4030 = AXIS2_PLACEMENT_3D('',#4031,#4032,#4033);
#4031 = CARTESIAN_POINT('',(-40.09291543083,15.,-97.85));
#4032 = DIRECTION('',(-3.08148791102E-33,1.,-5.551115123126E-17));
#4033 = DIRECTION('',(0.,-5.551115123126E-17,-1.));
#4034 = ADVANCED_FACE('',(#4035),#4051,.F.);
#4035 = FACE_BOUND('',#4036,.F.);
#4036 = EDGE_LOOP('',(#4037,#4043,#4044,#4050));
#4037 = ORIENTED_EDGE('',*,*,#4038,.F.);
#4038 = EDGE_CURVE('',#2789,#2438,#4039,.T.);
#4039 = LINE('',#4040,#4041);
#4040 = CARTESIAN_POINT('',(-3.072105624477,15.,-73.35121264774));
#4041 = VECTOR('',#4042,1.);
#4042 = DIRECTION('',(5.551115123126E-17,-1.,0.));
#4043 = ORIENTED_EDGE('',*,*,#2849,.T.);
#4044 = ORIENTED_EDGE('',*,*,#4045,.T.);
#4045 = EDGE_CURVE('',#2841,#2428,#4046,.T.);
#4046 = LINE('',#4047,#4048);
#4047 = CARTESIAN_POINT('',(1.7,15.,-71.91520415439));
#4048 = VECTOR('',#4049,1.);
#4049 = DIRECTION('',(5.551115123126E-17,-1.,0.));
#4050 = ORIENTED_EDGE('',*,*,#2446,.T.);
#4051 = CYLINDRICAL_SURFACE('',#4052,2.60211261427);
#4052 = AXIS2_PLACEMENT_3D('',#4053,#4054,#4055);
#4053 = CARTESIAN_POINT('',(-0.90211261427,15.,-71.91520415439));
#4054 = DIRECTION('',(-3.08148791102E-33,1.,-5.551115123126E-17));
#4055 = DIRECTION('',(0.,-5.551115123126E-17,-1.));
#4056 = ADVANCED_FACE('',(#4057),#4068,.F.);
#4057 = FACE_BOUND('',#4058,.F.);
#4058 = EDGE_LOOP('',(#4059,#4060,#4061,#4067));
#4059 = ORIENTED_EDGE('',*,*,#4045,.F.);
#4060 = ORIENTED_EDGE('',*,*,#2891,.T.);
#4061 = ORIENTED_EDGE('',*,*,#4062,.T.);
#4062 = EDGE_CURVE('',#2892,#2462,#4063,.T.);
#4063 = LINE('',#4064,#4065);
#4064 = CARTESIAN_POINT('',(1.7,15.,-33.7847958456));
#4065 = VECTOR('',#4066,1.);
#4066 = DIRECTION('',(5.551115123126E-17,-1.,0.));
#4067 = ORIENTED_EDGE('',*,*,#2470,.T.);
#4068 = PLANE('',#4069);
#4069 = AXIS2_PLACEMENT_3D('',#4070,#4071,#4072);
#4070 = CARTESIAN_POINT('',(1.7,15.,-33.7847958456));
#4071 = DIRECTION('',(1.,5.551115123126E-17,-3.08148791102E-33));
#4072 = DIRECTION('',(0.,-5.551115123126E-17,-1.));
#4073 = ADVANCED_FACE('',(#4074),#4085,.T.);
#4074 = FACE_BOUND('',#4075,.T.);
#4075 = EDGE_LOOP('',(#4076,#4077,#4078,#4084));
#4076 = ORIENTED_EDGE('',*,*,#4038,.F.);
#4077 = ORIENTED_EDGE('',*,*,#2797,.F.);
#4078 = ORIENTED_EDGE('',*,*,#4079,.T.);
#4079 = EDGE_CURVE('',#2779,#2489,#4080,.T.);
#4080 = LINE('',#4081,#4082);
#4081 = CARTESIAN_POINT('',(-27.29561295335,15.,-55.34164800007));
#4082 = VECTOR('',#4083,1.);
#4083 = DIRECTION('',(5.551115123126E-17,-1.,0.));
#4084 = ORIENTED_EDGE('',*,*,#2497,.F.);
#4085 = CYLINDRICAL_SURFACE('',#4086,44.392915430838);
#4086 = AXIS2_PLACEMENT_3D('',#4087,#4088,#4089);
#4087 = CARTESIAN_POINT('',(-40.09291543083,15.,-97.85));
#4088 = DIRECTION('',(-3.08148791102E-33,1.,-5.551115123126E-17));
#4089 = DIRECTION('',(0.,-5.551115123126E-17,-1.));
#4090 = ADVANCED_FACE('',(#4091),#4102,.F.);
#4091 = FACE_BOUND('',#4092,.F.);
#4092 = EDGE_LOOP('',(#4093,#4094,#4095,#4101));
#4093 = ORIENTED_EDGE('',*,*,#4062,.F.);
#4094 = ORIENTED_EDGE('',*,*,#2918,.T.);
#4095 = ORIENTED_EDGE('',*,*,#4096,.T.);
#4096 = EDGE_CURVE('',#2865,#2513,#4097,.T.);
#4097 = LINE('',#4098,#4099);
#4098 = CARTESIAN_POINT('',(-3.072105624477,15.,-32.34878735225));
#4099 = VECTOR('',#4100,1.);
#4100 = DIRECTION('',(5.551115123126E-17,-1.,0.));
#4101 = ORIENTED_EDGE('',*,*,#2523,.T.);
#4102 = CYLINDRICAL_SURFACE('',#4103,2.60211261427);
#4103 = AXIS2_PLACEMENT_3D('',#4104,#4105,#4106);
#4104 = CARTESIAN_POINT('',(-0.90211261427,15.,-33.7847958456));
#4105 = DIRECTION('',(-3.08148791102E-33,1.,-5.551115123126E-17));
#4106 = DIRECTION('',(0.,-5.551115123126E-17,-1.));
#4107 = ADVANCED_FACE('',(#4108),#4119,.F.);
#4108 = FACE_BOUND('',#4109,.F.);
#4109 = EDGE_LOOP('',(#4110,#4116,#4117,#4118));
#4110 = ORIENTED_EDGE('',*,*,#4111,.F.);
#4111 = EDGE_CURVE('',#2813,#2541,#4112,.T.);
#4112 = LINE('',#4113,#4114);
#4113 = CARTESIAN_POINT('',(-27.29561295335,15.,-50.35835199992));
#4114 = VECTOR('',#4115,1.);
#4115 = DIRECTION('',(5.551115123126E-17,-1.,0.));
#4116 = ORIENTED_EDGE('',*,*,#2823,.T.);
#4117 = ORIENTED_EDGE('',*,*,#4079,.T.);
#4118 = ORIENTED_EDGE('',*,*,#2549,.T.);
#4119 = CYLINDRICAL_SURFACE('',#4120,2.60211261427);
#4120 = AXIS2_PLACEMENT_3D('',#4121,#4122,#4123);
#4121 = CARTESIAN_POINT('',(-26.54549276228,15.,-52.85));
#4122 = DIRECTION('',(-3.08148791102E-33,1.,-5.551115123126E-17));
#4123 = DIRECTION('',(0.,-5.551115123126E-17,-1.));
#4124 = ADVANCED_FACE('',(#4125),#4131,.T.);
#4125 = FACE_BOUND('',#4126,.T.);
#4126 = EDGE_LOOP('',(#4127,#4128,#4129,#4130));
#4127 = ORIENTED_EDGE('',*,*,#4111,.F.);
#4128 = ORIENTED_EDGE('',*,*,#2875,.F.);
#4129 = ORIENTED_EDGE('',*,*,#4096,.T.);
#4130 = ORIENTED_EDGE('',*,*,#2567,.F.);
#4131 = CYLINDRICAL_SURFACE('',#4132,44.392915430838);
#4132 = AXIS2_PLACEMENT_3D('',#4133,#4134,#4135);
#4133 = CARTESIAN_POINT('',(-40.09291543083,15.,-7.85));
#4134 = DIRECTION('',(-3.08148791102E-33,1.,-5.551115123126E-17));
#4135 = DIRECTION('',(0.,-5.551115123126E-17,-1.));
#4136 = ADVANCED_FACE('',(#4137),#4149,.F.);
#4137 = FACE_BOUND('',#4138,.F.);
#4138 = EDGE_LOOP('',(#4139,#4140,#4147,#4148));
#4139 = ORIENTED_EDGE('',*,*,#3345,.T.);
#4140 = ORIENTED_EDGE('',*,*,#4141,.F.);
#4141 = EDGE_CURVE('',#3162,#3346,#4142,.T.);
#4142 = CIRCLE('',#4143,40.092915430838);
#4143 = AXIS2_PLACEMENT_3D('',#4144,#4145,#4146);
#4144 = CARTESIAN_POINT('',(-40.09291543083,-6.,-97.85));
#4145 = DIRECTION('',(6.162975822039E-33,-1.,1.110223024625E-16));
#4146 = DIRECTION('',(1.,4.520717707246E-32,3.516789004048E-16));
#4147 = ORIENTED_EDGE('',*,*,#3169,.F.);
#4148 = ORIENTED_EDGE('',*,*,#2669,.T.);
#4149 = CYLINDRICAL_SURFACE('',#4150,40.092915430838);
#4150 = AXIS2_PLACEMENT_3D('',#4151,#4152,#4153);
#4151 = CARTESIAN_POINT('',(-40.09291543083,15.,-97.85));
#4152 = DIRECTION('',(-1.110223024625E-16,1.,3.08148791102E-33));
#4153 = DIRECTION('',(-5.551115123126E-17,-1.110223024625E-16,-1.));
#4154 = ADVANCED_FACE('',(#4155),#4167,.F.);
#4155 = FACE_BOUND('',#4156,.F.);
#4156 = EDGE_LOOP('',(#4157,#4158,#4165,#4166));
#4157 = ORIENTED_EDGE('',*,*,#3080,.T.);
#4158 = ORIENTED_EDGE('',*,*,#4159,.T.);
#4159 = EDGE_CURVE('',#3081,#3403,#4160,.T.);
#4160 = CIRCLE('',#4161,40.092915430838);
#4161 = AXIS2_PLACEMENT_3D('',#4162,#4163,#4164);
#4162 = CARTESIAN_POINT('',(-40.09291543083,-6.,-7.85));
#4163 = DIRECTION('',(-6.162975822039E-33,1.,-1.110223024625E-16));
#4164 = DIRECTION('',(1.,6.488299502544E-32,5.289029132072E-16));
#4165 = ORIENTED_EDGE('',*,*,#3402,.F.);
#4166 = ORIENTED_EDGE('',*,*,#2695,.T.);
#4167 = CYLINDRICAL_SURFACE('',#4168,40.092915430838);
#4168 = AXIS2_PLACEMENT_3D('',#4169,#4170,#4171);
#4169 = CARTESIAN_POINT('',(-40.09291543083,15.,-7.85));
#4170 = DIRECTION('',(-1.110223024625E-16,1.,3.08148791102E-33));
#4171 = DIRECTION('',(-5.551115123126E-17,-1.110223024625E-16,-1.));
#4172 = ADVANCED_FACE('',(#4173),#4198,.T.);
#4173 = FACE_BOUND('',#4174,.T.);
#4174 = EDGE_LOOP('',(#4175,#4183,#4196,#4197));
#4175 = ORIENTED_EDGE('',*,*,#4176,.T.);
#4176 = EDGE_CURVE('',#3089,#4177,#4179,.T.);
#4177 = VERTEX_POINT('',#4178);
#4178 = CARTESIAN_POINT('',(-1.,-7.,10.596362626104));
#4179 = ( BOUNDED_CURVE() B_SPLINE_CURVE(2,(#4180,#4181,#4182),
.UNSPECIFIED.,.F.,.F.) B_SPLINE_CURVE_WITH_KNOTS((3,3),(0.,
1.570796326795),.PIECEWISE_BEZIER_KNOTS.) CURVE() 
GEOMETRIC_REPRESENTATION_ITEM() RATIONAL_B_SPLINE_CURVE((1.,
0.707106781187,1.)) REPRESENTATION_ITEM('') );
#4180 = CARTESIAN_POINT('',(-1.42108547152E-14,-6.,10.596362626104));
#4181 = CARTESIAN_POINT('',(-1.409983241274E-14,-7.,10.596362626104));
#4182 = CARTESIAN_POINT('',(-1.,-7.,10.596362626104));
#4183 = ORIENTED_EDGE('',*,*,#4184,.T.);
#4184 = EDGE_CURVE('',#4177,#3221,#4185,.T.);
#4185 = ( BOUNDED_CURVE() B_SPLINE_CURVE(9,(#4186,#4187,#4188,#4189,
    #4190,#4191,#4192,#4193,#4194,#4195),.UNSPECIFIED.,.F.,.F.) 
B_SPLINE_CURVE_WITH_KNOTS((10,10),(0.,1.570796326795),
.PIECEWISE_BEZIER_KNOTS.) CURVE() GEOMETRIC_REPRESENTATION_ITEM() 
RATIONAL_B_SPLINE_CURVE((1.,1.,1.,1.,1.,1.,1.,1.,1.,1.)) 
REPRESENTATION_ITEM('') );
#4186 = CARTESIAN_POINT('',(-1.,-7.,10.596362626104));
#4187 = CARTESIAN_POINT('',(-0.94384074536,-7.,10.770895551304));
#4188 = CARTESIAN_POINT('',(-0.887713433077,-7.020804261735,
    10.945598186004));
#4189 = CARTESIAN_POINT('',(-0.830380740017,-7.061527569819,
    11.120469992939));
#4190 = CARTESIAN_POINT('',(-0.77150460511,-7.128126373733,
    11.30302318521));
#4191 = CARTESIAN_POINT('',(-0.71068360487,-7.220785688438,
    11.476240047412));
#4192 = CARTESIAN_POINT('',(-0.649880936583,-7.353429931562,
    11.666993624821));
#4193 = CARTESIAN_POINT('',(-0.607436573753,-7.550976561223,
    11.811329169151));
#4194 = CARTESIAN_POINT('',(-0.585859274702,-7.775362974495,
    11.883437974487));
#4195 = CARTESIAN_POINT('',(-0.585859274702,-8.,11.883437974487));
#4196 = ORIENTED_EDGE('',*,*,#3228,.F.);
#4197 = ORIENTED_EDGE('',*,*,#3096,.F.);
#4198 = ( BOUNDED_SURFACE() B_SPLINE_SURFACE(2,9,(
    (#4199,#4200,#4201,#4202,#4203,#4204,#4205,#4206,#4207,#4208)
    ,(#4209,#4210,#4211,#4212,#4213,#4214,#4215,#4216,#4217,#4218)
    ,(#4219,#4220,#4221,#4222,#4223,#4224,#4225,#4226,#4227,#4228
)),.UNSPECIFIED.,.F.,.F.,.F.) B_SPLINE_SURFACE_WITH_KNOTS((3,3),(10,10),
  (0.,1.570796326795),(0.,1.570796326795),.PIECEWISE_BEZIER_KNOTS.) 
GEOMETRIC_REPRESENTATION_ITEM() RATIONAL_B_SPLINE_SURFACE((
    (1.,1.,1.,1.,1.,1.,1.,1.,1.,1.)
    ,(0.707106781187,0.726962076078,0.746178408777,0.765268732259
      ,0.784293456718,0.803560200161,0.821830070112,0.834460824847
      ,0.840874760383,0.840874760383)
,(1.,1.,1.,1.,1.,1.,1.,1.,1.,1.))) REPRESENTATION_ITEM('') SURFACE() );
#4199 = CARTESIAN_POINT('',(-1.42108547152E-14,-6.,10.596362626104));
#4200 = CARTESIAN_POINT('',(-1.459943277382E-14,-6.,10.945428476503));
#4201 = CARTESIAN_POINT('',(-1.24344978758E-14,-6.05856247578,
    11.294576341547));
#4202 = CARTESIAN_POINT('',(-1.909583602355E-14,-6.175245201027,
    11.634481501329));
#4203 = CARTESIAN_POINT('',(-3.885780586188E-15,-6.351670839929,
    11.959422065282));
#4204 = CARTESIAN_POINT('',(-2.897682094272E-14,-6.584917716055,
    12.251476933614));
#4205 = CARTESIAN_POINT('',(-7.771561172376E-16,-6.877984227635,
    12.512914455567));
#4206 = CARTESIAN_POINT('',(-2.192690473635E-14,-7.233123991784,
    12.700117600279));
#4207 = CARTESIAN_POINT('',(-1.210143096841E-14,-7.616500860608,
    12.793650839509));
#4208 = CARTESIAN_POINT('',(-1.42108547152E-14,-8.,12.793650839509));
#4209 = CARTESIAN_POINT('',(-1.409983241274E-14,-7.,10.596362626104));
#4210 = CARTESIAN_POINT('',(-1.187938636349E-14,-6.945374606064,
    10.766128586407));
#4211 = CARTESIAN_POINT('',(-2.126077092157E-14,-6.916736000439,
    10.958641364135));
#4212 = CARTESIAN_POINT('',(-5.107025913276E-15,-6.918687059038,
    11.169606283196));
#4213 = CARTESIAN_POINT('',(-2.159383782896E-14,-6.964424658882,
    11.401081961667));
#4214 = CARTESIAN_POINT('',(-9.214851104389E-15,-7.051322657543,
    11.630409622336));
#4215 = CARTESIAN_POINT('',(-1.676436767184E-14,-7.210463602766,
    11.879646063604));
#4216 = CARTESIAN_POINT('',(-1.354472090043E-14,-7.453807536987,
    12.061093002511));
#4217 = CARTESIAN_POINT('',(-1.454392162259E-14,-7.728839124435,12.15));
#4218 = CARTESIAN_POINT('',(-1.409983241274E-14,-8.,12.15));
#4219 = CARTESIAN_POINT('',(-1.,-7.,10.596362626104));
#4220 = CARTESIAN_POINT('',(-0.94384074536,-7.,10.770895551304));
#4221 = CARTESIAN_POINT('',(-0.887713433077,-7.020804261735,
    10.945598186004));
#4222 = CARTESIAN_POINT('',(-0.830380740017,-7.061527569819,
    11.120469992939));
#4223 = CARTESIAN_POINT('',(-0.77150460511,-7.128126373733,
    11.30302318521));
#4224 = CARTESIAN_POINT('',(-0.71068360487,-7.220785688438,
    11.476240047412));
#4225 = CARTESIAN_POINT('',(-0.649880936583,-7.353429931562,
    11.666993624821));
#4226 = CARTESIAN_POINT('',(-0.607436573753,-7.550976561223,
    11.811329169151));
#4227 = CARTESIAN_POINT('',(-0.585859274702,-7.775362974495,
    11.883437974487));
#4228 = CARTESIAN_POINT('',(-0.585859274702,-8.,11.883437974487));
#4229 = ADVANCED_FACE('',(#4230),#4249,.F.);
#4230 = FACE_BOUND('',#4231,.F.);
#4231 = EDGE_LOOP('',(#4232,#4233,#4241,#4248));
#4232 = ORIENTED_EDGE('',*,*,#4176,.T.);
#4233 = ORIENTED_EDGE('',*,*,#4234,.T.);
#4234 = EDGE_CURVE('',#4177,#4235,#4237,.T.);
#4235 = VERTEX_POINT('',#4236);
#4236 = CARTESIAN_POINT('',(-1.,-7.,-7.85));
#4237 = LINE('',#4238,#4239);
#4238 = CARTESIAN_POINT('',(-1.,-7.,12.15));
#4239 = VECTOR('',#4240,1.);
#4240 = DIRECTION('',(-5.551115123126E-17,-1.110223024625E-16,-1.));
#4241 = ORIENTED_EDGE('',*,*,#4242,.F.);
#4242 = EDGE_CURVE('',#3081,#4235,#4243,.T.);
#4243 = CIRCLE('',#4244,1.);
#4244 = AXIS2_PLACEMENT_3D('',#4245,#4246,#4247);
#4245 = CARTESIAN_POINT('',(-1.,-6.,-7.85));
#4246 = DIRECTION('',(-5.551115123126E-17,-1.110223024625E-16,-1.));
#4247 = DIRECTION('',(1.,1.110223024625E-16,-5.551115123126E-17));
#4248 = ORIENTED_EDGE('',*,*,#3088,.F.);
#4249 = CYLINDRICAL_SURFACE('',#4250,1.);
#4250 = AXIS2_PLACEMENT_3D('',#4251,#4252,#4253);
#4251 = CARTESIAN_POINT('',(-1.,-6.,12.15));
#4252 = DIRECTION('',(-5.551115123126E-17,-1.110223024625E-16,-1.));
#4253 = DIRECTION('',(1.,1.110223024625E-16,-5.551115123126E-17));
#4254 = ADVANCED_FACE('',(#4255),#4280,.T.);
#4255 = FACE_BOUND('',#4256,.T.);
#4256 = EDGE_LOOP('',(#4257,#4258,#4273,#4279));
#4257 = ORIENTED_EDGE('',*,*,#3204,.T.);
#4258 = ORIENTED_EDGE('',*,*,#4259,.T.);
#4259 = EDGE_CURVE('',#3197,#4260,#4262,.T.);
#4260 = VERTEX_POINT('',#4261);
#4261 = CARTESIAN_POINT('',(-1.,-7.,-116.2963626261));
#4262 = ( BOUNDED_CURVE() B_SPLINE_CURVE(9,(#4263,#4264,#4265,#4266,
    #4267,#4268,#4269,#4270,#4271,#4272),.UNSPECIFIED.,.F.,.F.) 
B_SPLINE_CURVE_WITH_KNOTS((10,10),(0.,1.570796326795),
.PIECEWISE_BEZIER_KNOTS.) CURVE() GEOMETRIC_REPRESENTATION_ITEM() 
RATIONAL_B_SPLINE_CURVE((1.,1.,1.,1.,1.,1.,1.,1.,1.,1.)) 
REPRESENTATION_ITEM('') );
#4263 = CARTESIAN_POINT('',(-0.585859274702,-8.,-117.5834379744));
#4264 = CARTESIAN_POINT('',(-0.585859274702,-7.775362974495,
    -117.5834379744));
#4265 = CARTESIAN_POINT('',(-0.607436573753,-7.550976561223,
    -117.5113291691));
#4266 = CARTESIAN_POINT('',(-0.649880936583,-7.353429931562,
    -117.3669936248));
#4267 = CARTESIAN_POINT('',(-0.710683604871,-7.220785688438,
    -117.1762400474));
#4268 = CARTESIAN_POINT('',(-0.771504605109,-7.128126373733,
    -117.0030231852));
#4269 = CARTESIAN_POINT('',(-0.830380740017,-7.061527569819,
    -116.8204699929));
#4270 = CARTESIAN_POINT('',(-0.887713433077,-7.020804261735,
    -116.645598186));
#4271 = CARTESIAN_POINT('',(-0.94384074536,-7.,-116.4708955513));
#4272 = CARTESIAN_POINT('',(-1.,-7.,-116.2963626261));
#4273 = ORIENTED_EDGE('',*,*,#4274,.F.);
#4274 = EDGE_CURVE('',#3147,#4260,#4275,.T.);
#4275 = ( BOUNDED_CURVE() B_SPLINE_CURVE(2,(#4276,#4277,#4278),
.UNSPECIFIED.,.F.,.F.) B_SPLINE_CURVE_WITH_KNOTS((3,3),(0.,
1.570796326795),.PIECEWISE_BEZIER_KNOTS.) CURVE() 
GEOMETRIC_REPRESENTATION_ITEM() RATIONAL_B_SPLINE_CURVE((1.,
0.707106781187,1.)) REPRESENTATION_ITEM('') );
#4276 = CARTESIAN_POINT('',(1.42108547152E-14,-6.,-116.2963626261));
#4277 = CARTESIAN_POINT('',(1.476596622751E-14,-7.,-116.2963626261));
#4278 = CARTESIAN_POINT('',(-1.,-7.,-116.2963626261));
#4279 = ORIENTED_EDGE('',*,*,#3146,.F.);
#4280 = ( BOUNDED_SURFACE() B_SPLINE_SURFACE(2,9,(
    (#4281,#4282,#4283,#4284,#4285,#4286,#4287,#4288,#4289,#4290)
    ,(#4291,#4292,#4293,#4294,#4295,#4296,#4297,#4298,#4299,#4300)
    ,(#4301,#4302,#4303,#4304,#4305,#4306,#4307,#4308,#4309,#4310
)),.UNSPECIFIED.,.F.,.F.,.F.) B_SPLINE_SURFACE_WITH_KNOTS((3,3),(10,10),
  (0.,1.570796326795),(0.,1.570796326795),.PIECEWISE_BEZIER_KNOTS.) 
GEOMETRIC_REPRESENTATION_ITEM() RATIONAL_B_SPLINE_SURFACE((
    (1.,1.,1.,1.,1.,1.,1.,1.,1.,1.)
    ,(0.840874760383,0.840874760383,0.834460824847,0.821830070111
      ,0.803560200162,0.784293456718,0.765268732259,0.746178408777
      ,0.726962076078,0.707106781187)
,(1.,1.,1.,1.,1.,1.,1.,1.,1.,1.))) REPRESENTATION_ITEM('') SURFACE() );
#4281 = CARTESIAN_POINT('',(1.42108547152E-14,-8.,-118.4936508395));
#4282 = CARTESIAN_POINT('',(1.371125435412E-14,-7.616500860608,
    -118.4936508395));
#4283 = CARTESIAN_POINT('',(1.000310945187E-13,-7.233123991784,
    -118.4001176002));
#4284 = CARTESIAN_POINT('',(-2.379763053284E-13,-6.877984227635,
    -118.2129144555));
#4285 = CARTESIAN_POINT('',(4.126698982532E-13,-6.584917716055,
    -117.9514769336));
#4286 = CARTESIAN_POINT('',(-3.582689700465E-13,-6.351670839929,
    -117.6594220652));
#4287 = CARTESIAN_POINT('',(1.841859997853E-13,-6.175245201027,
    -117.3344815013));
#4288 = CARTESIAN_POINT('',(-1.215694211965E-14,-6.05856247578,
    -116.9945763415));
#4289 = CARTESIAN_POINT('',(1.604272270583E-14,-6.,-116.6454284765));
#4290 = CARTESIAN_POINT('',(1.42108547152E-14,-6.,-116.2963626261));
#4291 = CARTESIAN_POINT('',(2.431388423929E-14,-8.,-117.85));
#4292 = CARTESIAN_POINT('',(2.386979502944E-14,-7.728839124435,-117.85)
  );
#4293 = CARTESIAN_POINT('',(-2.525757381022E-14,-7.453807536987,
    -117.7610930025));
#4294 = CARTESIAN_POINT('',(1.806332861065E-13,-7.210463602766,
    -117.5796460636));
#4295 = CARTESIAN_POINT('',(-3.030908857227E-13,-7.051322657543,
    -117.3304096223));
#4296 = CARTESIAN_POINT('',(3.339550858072E-13,-6.964424658882,
    -117.1010819616));
#4297 = CARTESIAN_POINT('',(-1.530442439446E-13,-6.918687059038,
    -116.8696062831));
#4298 = CARTESIAN_POINT('',(6.195044477408E-14,-6.916736000439,
    -116.6586413641));
#4299 = CARTESIAN_POINT('',(1.193489751472E-14,-6.945374606064,
    -116.4661285864));
#4300 = CARTESIAN_POINT('',(1.476596622751E-14,-7.,-116.2963626261));
#4301 = CARTESIAN_POINT('',(-0.585859274702,-8.,-117.5834379744));
#4302 = CARTESIAN_POINT('',(-0.585859274702,-7.775362974495,
    -117.5834379744));
#4303 = CARTESIAN_POINT('',(-0.607436573753,-7.550976561223,
    -117.5113291691));
#4304 = CARTESIAN_POINT('',(-0.649880936583,-7.353429931562,
    -117.3669936248));
#4305 = CARTESIAN_POINT('',(-0.710683604871,-7.220785688438,
    -117.1762400474));
#4306 = CARTESIAN_POINT('',(-0.771504605109,-7.128126373733,
    -117.0030231852));
#4307 = CARTESIAN_POINT('',(-0.830380740017,-7.061527569819,
    -116.8204699929));
#4308 = CARTESIAN_POINT('',(-0.887713433077,-7.020804261735,
    -116.645598186));
#4309 = CARTESIAN_POINT('',(-0.94384074536,-7.,-116.4708955513));
#4310 = CARTESIAN_POINT('',(-1.,-7.,-116.2963626261));
#4311 = ADVANCED_FACE('',(#4312),#4331,.F.);
#4312 = FACE_BOUND('',#4313,.T.);
#4313 = EDGE_LOOP('',(#4314,#4315,#4323,#4330));
#4314 = ORIENTED_EDGE('',*,*,#4274,.T.);
#4315 = ORIENTED_EDGE('',*,*,#4316,.T.);
#4316 = EDGE_CURVE('',#4260,#4317,#4319,.T.);
#4317 = VERTEX_POINT('',#4318);
#4318 = CARTESIAN_POINT('',(-1.,-7.,-97.85));
#4319 = LINE('',#4320,#4321);
#4320 = CARTESIAN_POINT('',(-1.,-7.,-117.85));
#4321 = VECTOR('',#4322,1.);
#4322 = DIRECTION('',(5.551115123126E-17,1.110223024625E-16,1.));
#4323 = ORIENTED_EDGE('',*,*,#4324,.F.);
#4324 = EDGE_CURVE('',#3162,#4317,#4325,.T.);
#4325 = CIRCLE('',#4326,1.);
#4326 = AXIS2_PLACEMENT_3D('',#4327,#4328,#4329);
#4327 = CARTESIAN_POINT('',(-1.,-6.,-97.85));
#4328 = DIRECTION('',(-5.551115123126E-17,-1.110223024625E-16,-1.));
#4329 = DIRECTION('',(1.,1.110223024625E-16,-5.551115123126E-17));
#4330 = ORIENTED_EDGE('',*,*,#3161,.F.);
#4331 = CYLINDRICAL_SURFACE('',#4332,1.);
#4332 = AXIS2_PLACEMENT_3D('',#4333,#4334,#4335);
#4333 = CARTESIAN_POINT('',(-1.,-6.,-117.85));
#4334 = DIRECTION('',(5.551115123126E-17,1.110223024625E-16,1.));
#4335 = DIRECTION('',(1.,1.110223024625E-16,-5.551115123126E-17));
#4336 = ADVANCED_FACE('',(#4337),#4380,.T.);
#4337 = FACE_BOUND('',#4338,.F.);
#4338 = EDGE_LOOP('',(#4339,#4340,#4341,#4349));
#4339 = ORIENTED_EDGE('',*,*,#3243,.F.);
#4340 = ORIENTED_EDGE('',*,*,#4259,.T.);
#4341 = ORIENTED_EDGE('',*,*,#4342,.T.);
#4342 = EDGE_CURVE('',#4260,#4343,#4345,.T.);
#4343 = VERTEX_POINT('',#4344);
#4344 = CARTESIAN_POINT('',(-109.6969387198,-7.,-66.83998734401));
#4345 = LINE('',#4346,#4347);
#4346 = CARTESIAN_POINT('',(0.414140725298,-7.,-116.9397871349));
#4347 = VECTOR('',#4348,1.);
#4348 = DIRECTION('',(-0.910212865021,4.597885686604E-17,0.414140725298)
  );
#4349 = ORIENTED_EDGE('',*,*,#4350,.F.);
#4350 = EDGE_CURVE('',#3244,#4343,#4351,.T.);
#4351 = ( BOUNDED_CURVE() B_SPLINE_CURVE(14,(#4352,#4353,#4354,#4355,
    #4356,#4357,#4358,#4359,#4360,#4361,#4362,#4363,#4364,#4365,#4366,
    #4367,#4368,#4369,#4370,#4371,#4372,#4373,#4374,#4375,#4376,#4377,
#4378,#4379),.UNSPECIFIED.,.F.,.F.) B_SPLINE_CURVE_WITH_KNOTS((15,13,15)
,(0.,0.785398163397,1.570796326795),.UNSPECIFIED.) CURVE() 
GEOMETRIC_REPRESENTATION_ITEM() RATIONAL_B_SPLINE_CURVE((1.,1.,
    1.000000000001,0.999999999996,1.000000000009,0.999999999986,
    1.000000000018,0.999999999981,1.000000000016,0.999999999989,
    1.000000000006,0.999999999997,1.000000000001,1.,1.,0.999999999999,
    1.000000000004,0.999999999992,1.000000000012,0.999999999985,
    1.000000000014,0.999999999988,1.000000000008,0.999999999996,
1.000000000002,0.999999999999,1.,1.)) REPRESENTATION_ITEM('') );
#4352 = CARTESIAN_POINT('',(-113.1031001565,-8.,-66.38885093005));
#4353 = CARTESIAN_POINT('',(-113.1031001565,-7.81329924551,
    -66.38885093005));
#4354 = CARTESIAN_POINT('',(-113.0149375886,-7.626659110884,
    -66.38757486021));
#4355 = CARTESIAN_POINT('',(-112.8417148615,-7.455182668411,
    -66.38540548026));
#4356 = CARTESIAN_POINT('',(-112.5821367354,-7.317053530289,
    -66.38205516208));
#4357 = CARTESIAN_POINT('',(-112.3201604111,-7.216988274149,
    -66.40197758462));
#4358 = CARTESIAN_POINT('',(-111.9743849231,-7.15677073857,
    -66.38768547327));
#4359 = CARTESIAN_POINT('',(-111.744917179,-7.14916745326,
    -66.50967396932));
#4360 = CARTESIAN_POINT('',(-111.5414765182,-7.090371988871,
    -66.47782498074));
#4361 = CARTESIAN_POINT('',(-111.3341687209,-7.094761845814,
    -66.56031304838));
#4362 = CARTESIAN_POINT('',(-111.184444644,-7.068176639561,
    -66.57311372796));
#4363 = CARTESIAN_POINT('',(-111.0349211893,-7.060478680228,
    -66.60966311022));
#4364 = CARTESIAN_POINT('',(-110.9080531808,-7.049981288079,
    -66.6346763872));
#4365 = CARTESIAN_POINT('',(-110.7925359034,-7.042132393618,
    -66.65826560874));
#4366 = CARTESIAN_POINT('',(-110.5830016112,-7.028757897827,
    -66.69989282476));
#4367 = CARTESIAN_POINT('',(-110.4888193717,-7.023328497682,
    -66.71807868032));
#4368 = CARTESIAN_POINT('',(-110.4029224423,-7.018803482282,
    -66.73404051112));
#4369 = CARTESIAN_POINT('',(-110.3235874246,-7.014972162774,
    -66.74814968014));
#4370 = CARTESIAN_POINT('',(-110.2495054075,-7.011709738371,
    -66.76073313609));
#4371 = CARTESIAN_POINT('',(-110.1796594561,-7.00893871041,
    -66.77206961721));
#4372 = CARTESIAN_POINT('',(-110.113235181,-7.006605212633,
    -66.78239219154));
#4373 = CARTESIAN_POINT('',(-110.0495582621,-7.004666873773,
    -66.79189521709));
#4374 = CARTESIAN_POINT('',(-109.9880528069,-7.003088828554,
    -66.80074380525));
#4375 = CARTESIAN_POINT('',(-109.9282144186,-7.001844493167,
    -66.80908387048));
#4376 = CARTESIAN_POINT('',(-109.8695918521,-7.000917721336,
    -66.81705084988));
#4377 = CARTESIAN_POINT('',(-109.8117711349,-7.00030295704,
    -66.82477517571));
#4378 = CARTESIAN_POINT('',(-109.7543560303,-7.,-66.8323825842));
#4379 = CARTESIAN_POINT('',(-109.6969387198,-7.,-66.83998734401));
#4380 = CYLINDRICAL_SURFACE('',#4381,1.);
#4381 = AXIS2_PLACEMENT_3D('',#4382,#4383,#4384);
#4382 = CARTESIAN_POINT('',(0.414140725298,-8.,-116.9397871349));
#4383 = DIRECTION('',(-0.910212865021,4.597885686604E-17,0.414140725298)
  );
#4384 = DIRECTION('',(-0.414140725298,-4.597885686604E-17,
    -0.910212865021));
#4385 = ADVANCED_FACE('',(#4386),#4429,.T.);
#4386 = FACE_BOUND('',#4387,.T.);
#4387 = EDGE_LOOP('',(#4388,#4389,#4390,#4398));
#4388 = ORIENTED_EDGE('',*,*,#3267,.F.);
#4389 = ORIENTED_EDGE('',*,*,#4184,.F.);
#4390 = ORIENTED_EDGE('',*,*,#4391,.T.);
#4391 = EDGE_CURVE('',#4177,#4392,#4394,.T.);
#4392 = VERTEX_POINT('',#4393);
#4393 = CARTESIAN_POINT('',(-109.6969387198,-7.,-38.86001265599));
#4394 = LINE('',#4395,#4396);
#4395 = CARTESIAN_POINT('',(0.414140725298,-7.,11.239787134979));
#4396 = VECTOR('',#4397,1.);
#4397 = DIRECTION('',(-0.910212865021,-4.597885686604E-17,
    -0.414140725298));
#4398 = ORIENTED_EDGE('',*,*,#4399,.T.);
#4399 = EDGE_CURVE('',#4392,#3268,#4400,.T.);
#4400 = ( BOUNDED_CURVE() B_SPLINE_CURVE(14,(#4401,#4402,#4403,#4404,
    #4405,#4406,#4407,#4408,#4409,#4410,#4411,#4412,#4413,#4414,#4415,
    #4416,#4417,#4418,#4419,#4420,#4421,#4422,#4423,#4424,#4425,#4426,
#4427,#4428),.UNSPECIFIED.,.F.,.F.) B_SPLINE_CURVE_WITH_KNOTS((15,13,15)
  ,(3.171239364313E-14,0.785398163397,1.570796326795),.UNSPECIFIED.) 
CURVE() GEOMETRIC_REPRESENTATION_ITEM() RATIONAL_B_SPLINE_CURVE((1.,1.,
    1.,1.000000000001,0.999999999999,1.000000000002,0.999999999996,
    1.000000000005,0.999999999995,1.000000000003,0.999999999998,
    1.000000000001,1.,1.,1.000000000001,0.999999999997,1.00000000001,
    0.999999999979,1.000000000035,0.999999999954,1.000000000049,
    0.999999999957,1.000000000032,0.999999999981,1.000000000009,
0.999999999997,1.000000000001,1.)) REPRESENTATION_ITEM('') );
#4401 = CARTESIAN_POINT('',(-109.6969387198,-7.,-38.86001265599));
#4402 = CARTESIAN_POINT('',(-109.7543560303,-7.,-38.86761741579));
#4403 = CARTESIAN_POINT('',(-109.8117711349,-7.00030295704,
    -38.87522482428));
#4404 = CARTESIAN_POINT('',(-109.8695918521,-7.000917721335,
    -38.88294915011));
#4405 = CARTESIAN_POINT('',(-109.9282144186,-7.001844493167,
    -38.89091612951));
#4406 = CARTESIAN_POINT('',(-109.9880528069,-7.003088828554,
    -38.89925619474));
#4407 = CARTESIAN_POINT('',(-110.0495582621,-7.004666873774,
    -38.9081047829));
#4408 = CARTESIAN_POINT('',(-110.113235181,-7.006605212633,
    -38.91760780845));
#4409 = CARTESIAN_POINT('',(-110.1796594562,-7.008938710411,
    -38.92793038278));
#4410 = CARTESIAN_POINT('',(-110.2495054075,-7.01170973837,
    -38.9392668639));
#4411 = CARTESIAN_POINT('',(-110.3235874246,-7.014972162774,
    -38.95185031986));
#4412 = CARTESIAN_POINT('',(-110.4029224423,-7.018803482282,
    -38.96595948887));
#4413 = CARTESIAN_POINT('',(-110.4888193717,-7.023328497682,
    -38.98192131967));
#4414 = CARTESIAN_POINT('',(-110.5830016111,-7.028757897827,
    -39.00010717523));
#4415 = CARTESIAN_POINT('',(-110.7925359034,-7.042132393618,
    -39.04173439125));
#4416 = CARTESIAN_POINT('',(-110.9080531808,-7.049981288079,
    -39.06532361279));
#4417 = CARTESIAN_POINT('',(-111.0349211893,-7.060478680228,
    -39.09033688977));
#4418 = CARTESIAN_POINT('',(-111.184444644,-7.068176639562,
    -39.12688627203));
#4419 = CARTESIAN_POINT('',(-111.3341687209,-7.094761845809,
    -39.13968695161));
#4420 = CARTESIAN_POINT('',(-111.5414765183,-7.090371988881,
    -39.22217501926));
#4421 = CARTESIAN_POINT('',(-111.744917179,-7.149167453244,
    -39.19032603066));
#4422 = CARTESIAN_POINT('',(-111.9743849232,-7.156770738584,
    -39.31231452674));
#4423 = CARTESIAN_POINT('',(-112.320160411,-7.216988274138,
    -39.29802241536));
#4424 = CARTESIAN_POINT('',(-112.5821367355,-7.317053530297,
    -39.31794483791));
#4425 = CARTESIAN_POINT('',(-112.8417148615,-7.455182668406,
    -39.31459451973));
#4426 = CARTESIAN_POINT('',(-113.0149375886,-7.626659110886,
    -39.31242513978));
#4427 = CARTESIAN_POINT('',(-113.1031001565,-7.813299245509,
    -39.31114906994));
#4428 = CARTESIAN_POINT('',(-113.1031001565,-8.,-39.31114906994));
#4429 = CYLINDRICAL_SURFACE('',#4430,1.);
#4430 = AXIS2_PLACEMENT_3D('',#4431,#4432,#4433);
#4431 = CARTESIAN_POINT('',(0.414140725298,-8.,11.239787134979));
#4432 = DIRECTION('',(-0.910212865021,-4.597885686604E-17,
    -0.414140725298));
#4433 = DIRECTION('',(-0.414140725298,-4.597885686604E-17,0.910212865021
    ));
#4434 = ADVANCED_FACE('',(#4435),#4446,.F.);
#4435 = FACE_BOUND('',#4436,.F.);
#4436 = EDGE_LOOP('',(#4437,#4438,#4439,#4445));
#4437 = ORIENTED_EDGE('',*,*,#3300,.T.);
#4438 = ORIENTED_EDGE('',*,*,#4350,.T.);
#4439 = ORIENTED_EDGE('',*,*,#4440,.F.);
#4440 = EDGE_CURVE('',#3354,#4343,#4441,.T.);
#4441 = ( BOUNDED_CURVE() B_SPLINE_CURVE(2,(#4442,#4443,#4444),
.UNSPECIFIED.,.F.,.F.) B_SPLINE_CURVE_WITH_KNOTS((3,3),(0.,
1.570796326795),.PIECEWISE_BEZIER_KNOTS.) CURVE() 
GEOMETRIC_REPRESENTATION_ITEM() RATIONAL_B_SPLINE_CURVE((1.,
0.707106781187,1.)) REPRESENTATION_ITEM('') );
#4442 = CARTESIAN_POINT('',(-109.8162479561,-6.,-65.84713020115));
#4443 = CARTESIAN_POINT('',(-109.8162479561,-7.,-65.84713020115));
#4444 = CARTESIAN_POINT('',(-109.6969387198,-7.,-66.83998734401));
#4445 = ORIENTED_EDGE('',*,*,#3361,.F.);
#4446 = ( BOUNDED_SURFACE() B_SPLINE_SURFACE(2,14,(
    (#4447,#4448,#4449,#4450,#4451,#4452,#4453,#4454,#4455,#4456,#4457
      ,#4458,#4459,#4460,#4461,#4462,#4463,#4464,#4465,#4466,#4467,#4468
      ,#4469,#4470,#4471,#4472,#4473,#4474)
    ,(#4475,#4476,#4477,#4478,#4479,#4480,#4481,#4482,#4483,#4484,#4485
      ,#4486,#4487,#4488,#4489,#4490,#4491,#4492,#4493,#4494,#4495,#4496
      ,#4497,#4498,#4499,#4500,#4501,#4502)
    ,(#4503,#4504,#4505,#4506,#4507,#4508,#4509,#4510,#4511,#4512,#4513
      ,#4514,#4515,#4516,#4517,#4518,#4519,#4520,#4521,#4522,#4523,#4524
      ,#4525,#4526,#4527,#4528,#4529,#4530
)),.UNSPECIFIED.,.F.,.F.,.F.) B_SPLINE_SURFACE_WITH_KNOTS((3,3),(15,13,
    15),(0.,1.570796326795),(0.,0.785398163397,1.570796326795),
.UNSPECIFIED.) GEOMETRIC_REPRESENTATION_ITEM() RATIONAL_B_SPLINE_SURFACE
((
    (1.,1.,1.000000000001,0.999999999996,1.000000000009,0.999999999986
      ,1.000000000018,0.999999999981,1.000000000016,0.999999999989
      ,1.000000000006,0.999999999997,1.000000000001,1.,1.,0.999999999999
      ,1.000000000004,0.999999999992,1.000000000012,0.999999999985
      ,1.000000000014,0.999999999988,1.000000000008,0.999999999996
      ,1.000000000002,0.999999999999,1.,1.)
    ,(0.962886423957,0.962886423957,0.960490707082,0.955627496343
      ,0.948673757073,0.934645692376,0.928529317145,0.888213642213
      ,0.888484342197,0.859376330438,0.849327155916,0.833489938212
      ,0.821216603353,0.809738769454,0.788994453201,0.779688287214
      ,0.771285341941,0.763637723994,0.756615227638,0.750105734311
      ,0.74401376059,0.738257709892,0.73276638772,0.727475334859
      ,0.722323538517,0.717251076383,0.712198252499,0.707106781187)
    ,(1.,1.,1.000000000001,0.999999999996,1.000000000009,0.999999999986
      ,1.000000000018,0.999999999981,1.000000000016,0.999999999989
      ,1.000000000006,0.999999999997,1.000000000001,1.,1.,0.999999999999
      ,1.000000000004,0.999999999992,1.000000000012,0.999999999985
      ,1.000000000014,0.999999999988,1.000000000008,0.999999999996
,1.000000000002,0.999999999999,1.,1.
  ))) REPRESENTATION_ITEM('') SURFACE() );
#4447 = CARTESIAN_POINT('',(-113.6365501181,-8.,-66.30620665221));
#4448 = CARTESIAN_POINT('',(-113.6365501181,-7.78413969053,
    -66.30620665221));
#4449 = CARTESIAN_POINT('',(-113.563053471,-7.568305283017,
    -66.29737473827));
#4450 = CARTESIAN_POINT('',(-113.416572516,-7.365031293867,
    -66.27977247696));
#4451 = CARTESIAN_POINT('',(-113.208525493,-7.188667466638,
    -66.25477197048));
#4452 = CARTESIAN_POINT('',(-112.979317776,-7.041560832118,
    -66.22722863468));
#4453 = CARTESIAN_POINT('',(-112.7317931106,-6.933076032615,
    -66.1974841956));
#4454 = CARTESIAN_POINT('',(-112.5492791223,-6.830642707651,
    -66.17555193199));
#4455 = CARTESIAN_POINT('',(-112.3441609451,-6.741477977818,
    -66.15090337781));
#4456 = CARTESIAN_POINT('',(-112.1774757301,-6.663899671123,
    -66.13087321954));
#4457 = CARTESIAN_POINT('',(-112.0125672558,-6.590495682001,
    -66.1110565679));
#4458 = CARTESIAN_POINT('',(-111.8613263248,-6.524819361601,
    -66.0928823118));
#4459 = CARTESIAN_POINT('',(-111.717401257,-6.463830980632,
    -66.07558718525));
#4460 = CARTESIAN_POINT('',(-111.5802057414,-6.407785078771,
    -66.05910073268));
#4461 = CARTESIAN_POINT('',(-111.3163945547,-6.304627772055,
    -66.02739918181));
#4462 = CARTESIAN_POINT('',(-111.1897914648,-6.257527353889,
    -66.01218559535));
#4463 = CARTESIAN_POINT('',(-111.0671922037,-6.214590898613,
    -65.9974531393));
#4464 = CARTESIAN_POINT('',(-110.9476113929,-6.175645430739,
    -65.98308340312));
#4465 = CARTESIAN_POINT('',(-110.8303043949,-6.140606549594,
    -65.9689869055));
#4466 = CARTESIAN_POINT('',(-110.7147091415,-6.109441001969,
    -65.95509610408));
#4467 = CARTESIAN_POINT('',(-110.6004003849,-6.082141913134,
    -65.94135989787));
#4468 = CARTESIAN_POINT('',(-110.487054409,-6.058714039574,
    -65.92773938667));
#4469 = CARTESIAN_POINT('',(-110.3744222389,-6.039166407387,
    -65.91420465179));
#4470 = CARTESIAN_POINT('',(-110.2623093877,-6.023509699478,
    -65.9007323222));
#4471 = CARTESIAN_POINT('',(-110.1505601773,-6.011755755622,
    -65.88730369045));
#4472 = CARTESIAN_POINT('',(-110.0390446727,-6.003916548557,
    -65.87390314256));
#4473 = CARTESIAN_POINT('',(-109.9276462671,-6.,-65.86051666616));
#4474 = CARTESIAN_POINT('',(-109.8162479561,-6.,-65.84713020115));
#4475 = CARTESIAN_POINT('',(-113.3582421197,-8.,-66.27276305461));
#4476 = CARTESIAN_POINT('',(-113.3582421197,-7.799865056777,
    -66.27276305461));
#4477 = CARTESIAN_POINT('',(-113.2757881906,-7.598725931664,
    -66.26285476581));
#4478 = CARTESIAN_POINT('',(-113.1121398598,-7.41169934138,
    -66.24318954255));
#4479 = CARTESIAN_POINT('',(-112.8674123853,-7.252712870343,
    -66.21378123511));
#4480 = CARTESIAN_POINT('',(-112.6149899816,-7.138185008311,
    -66.18344824668));
#4481 = CARTESIAN_POINT('',(-112.2906931683,-7.046173236973,
    -66.14447828468));
#4482 = CARTESIAN_POINT('',(-112.060108745,-7.020629257793,
    -66.11676951341));
#4483 = CARTESIAN_POINT('',(-111.8572741447,-6.956652824466,
    -66.09239537115));
#4484 = CARTESIAN_POINT('',(-111.6370738932,-6.944680973582,
    -66.06593444063));
#4485 = CARTESIAN_POINT('',(-111.4777993867,-6.91737616966,
    -66.04679480926));
#4486 = CARTESIAN_POINT('',(-111.3128406151,-6.905753478791,
    -66.02697211349));
#4487 = CARTESIAN_POINT('',(-111.1711687979,-6.895904434673,
    -66.00994775461));
#4488 = CARTESIAN_POINT('',(-111.0403148656,-6.890327701728,
    -65.99422335473));
#4489 = CARTESIAN_POINT('',(-110.7977376307,-6.885009192487,
    -65.96507343638));
#4490 = CARTESIAN_POINT('',(-110.6869695128,-6.885487671682,
    -65.95176270014));
#4491 = CARTESIAN_POINT('',(-110.5860678592,-6.888357436971,
    -65.93963759299));
#4492 = CARTESIAN_POINT('',(-110.4933126284,-6.89309901082,
    -65.92849142173));
#4493 = CARTESIAN_POINT('',(-110.4073683227,-6.89936669066,
    -65.91816370283));
#4494 = CARTESIAN_POINT('',(-110.3271845297,-6.906923804827,
    -65.90852821077));
#4495 = CARTESIAN_POINT('',(-110.2519189563,-6.91559913067,
    -65.89948372924));
#4496 = CARTESIAN_POINT('',(-110.1808807327,-6.925261398415,
    -65.8909472381));
#4497 = CARTESIAN_POINT('',(-110.1134909791,-6.935807807282,
    -65.88284917475));
#4498 = CARTESIAN_POINT('',(-110.0492570216,-6.947161714635,
    -65.87513033578));
#4499 = CARTESIAN_POINT('',(-109.9877562186,-6.959274053051,
    -65.86773993334));
#4500 = CARTESIAN_POINT('',(-109.9286250505,-6.972122518095,
    -65.8606342842));
#4501 = CARTESIAN_POINT('',(-109.871548921,-6.985702095464,
    -65.85377558406));
#4502 = CARTESIAN_POINT('',(-109.8162479561,-7.,-65.84713020115));
#4503 = CARTESIAN_POINT('',(-113.1031001565,-8.,-66.38885093005));
#4504 = CARTESIAN_POINT('',(-113.1031001565,-7.81329924551,
    -66.38885093005));
#4505 = CARTESIAN_POINT('',(-113.0149375886,-7.626659110884,
    -66.38757486021));
#4506 = CARTESIAN_POINT('',(-112.8417148615,-7.455182668411,
    -66.38540548026));
#4507 = CARTESIAN_POINT('',(-112.5821367354,-7.317053530289,
    -66.38205516208));
#4508 = CARTESIAN_POINT('',(-112.3201604111,-7.216988274149,
    -66.40197758462));
#4509 = CARTESIAN_POINT('',(-111.9743849231,-7.15677073857,
    -66.38768547327));
#4510 = CARTESIAN_POINT('',(-111.744917179,-7.14916745326,
    -66.50967396932));
#4511 = CARTESIAN_POINT('',(-111.5414765182,-7.090371988871,
    -66.47782498074));
#4512 = CARTESIAN_POINT('',(-111.3341687209,-7.094761845814,
    -66.56031304838));
#4513 = CARTESIAN_POINT('',(-111.184444644,-7.068176639561,
    -66.57311372796));
#4514 = CARTESIAN_POINT('',(-111.0349211893,-7.060478680228,
    -66.60966311022));
#4515 = CARTESIAN_POINT('',(-110.9080531808,-7.049981288079,
    -66.6346763872));
#4516 = CARTESIAN_POINT('',(-110.7925359034,-7.042132393618,
    -66.65826560874));
#4517 = CARTESIAN_POINT('',(-110.5830016112,-7.028757897827,
    -66.69989282476));
#4518 = CARTESIAN_POINT('',(-110.4888193717,-7.023328497682,
    -66.71807868032));
#4519 = CARTESIAN_POINT('',(-110.4029224423,-7.018803482282,
    -66.73404051112));
#4520 = CARTESIAN_POINT('',(-110.3235874246,-7.014972162774,
    -66.74814968014));
#4521 = CARTESIAN_POINT('',(-110.2495054075,-7.011709738371,
    -66.76073313609));
#4522 = CARTESIAN_POINT('',(-110.1796594561,-7.00893871041,
    -66.77206961721));
#4523 = CARTESIAN_POINT('',(-110.113235181,-7.006605212633,
    -66.78239219154));
#4524 = CARTESIAN_POINT('',(-110.0495582621,-7.004666873773,
    -66.79189521709));
#4525 = CARTESIAN_POINT('',(-109.9880528069,-7.003088828554,
    -66.80074380525));
#4526 = CARTESIAN_POINT('',(-109.9282144186,-7.001844493167,
    -66.80908387048));
#4527 = CARTESIAN_POINT('',(-109.8695918521,-7.000917721336,
    -66.81705084988));
#4528 = CARTESIAN_POINT('',(-109.8117711349,-7.00030295704,
    -66.82477517571));
#4529 = CARTESIAN_POINT('',(-109.7543560303,-7.,-66.8323825842));
#4530 = CARTESIAN_POINT('',(-109.6969387198,-7.,-66.83998734401));
#4531 = ADVANCED_FACE('',(#4532),#4543,.F.);
#4532 = FACE_BOUND('',#4533,.F.);
#4533 = EDGE_LOOP('',(#4534,#4540,#4541,#4542));
#4534 = ORIENTED_EDGE('',*,*,#4535,.T.);
#4535 = EDGE_CURVE('',#3420,#4392,#4536,.T.);
#4536 = ( BOUNDED_CURVE() B_SPLINE_CURVE(2,(#4537,#4538,#4539),
.UNSPECIFIED.,.F.,.F.) B_SPLINE_CURVE_WITH_KNOTS((3,3),(0.,
1.570796326795),.PIECEWISE_BEZIER_KNOTS.) CURVE() 
GEOMETRIC_REPRESENTATION_ITEM() RATIONAL_B_SPLINE_CURVE((1.,
0.707106781187,1.)) REPRESENTATION_ITEM('') );
#4537 = CARTESIAN_POINT('',(-109.8162479561,-6.,-39.85286979884));
#4538 = CARTESIAN_POINT('',(-109.8162479561,-7.,-39.85286979884));
#4539 = CARTESIAN_POINT('',(-109.6969387198,-7.,-38.86001265599));
#4540 = ORIENTED_EDGE('',*,*,#4399,.T.);
#4541 = ORIENTED_EDGE('',*,*,#3324,.F.);
#4542 = ORIENTED_EDGE('',*,*,#3419,.F.);
#4543 = ( BOUNDED_SURFACE() B_SPLINE_SURFACE(2,14,(
    (#4544,#4545,#4546,#4547,#4548,#4549,#4550,#4551,#4552,#4553,#4554
      ,#4555,#4556,#4557,#4558,#4559,#4560,#4561,#4562,#4563,#4564,#4565
      ,#4566,#4567,#4568,#4569,#4570,#4571)
    ,(#4572,#4573,#4574,#4575,#4576,#4577,#4578,#4579,#4580,#4581,#4582
      ,#4583,#4584,#4585,#4586,#4587,#4588,#4589,#4590,#4591,#4592,#4593
      ,#4594,#4595,#4596,#4597,#4598,#4599)
    ,(#4600,#4601,#4602,#4603,#4604,#4605,#4606,#4607,#4608,#4609,#4610
      ,#4611,#4612,#4613,#4614,#4615,#4616,#4617,#4618,#4619,#4620,#4621
      ,#4622,#4623,#4624,#4625,#4626,#4627
)),.UNSPECIFIED.,.F.,.F.,.F.) B_SPLINE_SURFACE_WITH_KNOTS((3,3),(15,13,
    15),(0.,1.570796326795),(3.171239364313E-14,0.785398163397,
1.570796326795),.UNSPECIFIED.) GEOMETRIC_REPRESENTATION_ITEM() 
RATIONAL_B_SPLINE_SURFACE((
    (1.,1.,1.,1.000000000001,0.999999999999,1.000000000002
      ,0.999999999996,1.000000000005,0.999999999995,1.000000000003
      ,0.999999999998,1.000000000001,1.,1.,1.000000000001,0.999999999997
      ,1.00000000001,0.999999999979,1.000000000035,0.999999999954
      ,1.000000000049,0.999999999957,1.000000000032,0.999999999981
      ,1.000000000009,0.999999999997,1.000000000001,1.)
    ,(0.707106781187,0.712198252499,0.717251076385,0.722323538512
      ,0.72747533487,0.732766387701,0.738257709918,0.74401376056
      ,0.750105734339,0.756615227616,0.763637724008,0.771285341934
      ,0.779688287217,0.7889944532,0.809738769455,0.821216603348
      ,0.833489938227,0.849327155884,0.85937633049,0.888484342129
      ,0.888213642288,0.928529317078,0.934645692426,0.948673757043
      ,0.955627496357,0.960490707077,0.962886423958,0.962886423957)
    ,(1.,1.,1.,1.000000000001,0.999999999999,1.000000000002
      ,0.999999999996,1.000000000005,0.999999999995,1.000000000003
      ,0.999999999998,1.000000000001,1.,1.,1.000000000001,0.999999999997
      ,1.00000000001,0.999999999979,1.000000000035,0.999999999954
      ,1.000000000049,0.999999999957,1.000000000032,0.999999999981
      ,1.000000000009,0.999999999997,1.000000000001,1.
))) REPRESENTATION_ITEM('') SURFACE() );
#4544 = CARTESIAN_POINT('',(-109.8162479561,-6.,-39.85286979884));
#4545 = CARTESIAN_POINT('',(-109.9276462671,-6.,-39.83948333383));
#4546 = CARTESIAN_POINT('',(-110.0390446727,-6.003916548557,
    -39.82609685744));
#4547 = CARTESIAN_POINT('',(-110.1505601773,-6.011755755622,
    -39.81269630954));
#4548 = CARTESIAN_POINT('',(-110.2623093877,-6.023509699478,
    -39.79926767779));
#4549 = CARTESIAN_POINT('',(-110.3744222389,-6.039166407386,
    -39.7857953482));
#4550 = CARTESIAN_POINT('',(-110.487054409,-6.058714039574,
    -39.77226061332));
#4551 = CARTESIAN_POINT('',(-110.6004003849,-6.082141913134,
    -39.75864010212));
#4552 = CARTESIAN_POINT('',(-110.7147091415,-6.109441001968,
    -39.74490389591));
#4553 = CARTESIAN_POINT('',(-110.8303043949,-6.140606549595,
    -39.73101309449));
#4554 = CARTESIAN_POINT('',(-110.9476113929,-6.175645430738,
    -39.71691659687));
#4555 = CARTESIAN_POINT('',(-111.0671922037,-6.214590898613,
    -39.70254686069));
#4556 = CARTESIAN_POINT('',(-111.1897914648,-6.257527353889,
    -39.68781440464));
#4557 = CARTESIAN_POINT('',(-111.3163945547,-6.304627772055,
    -39.67260081818));
#4558 = CARTESIAN_POINT('',(-111.5802057414,-6.407785078771,
    -39.64089926731));
#4559 = CARTESIAN_POINT('',(-111.717401257,-6.463830980631,
    -39.62441281474));
#4560 = CARTESIAN_POINT('',(-111.8613263248,-6.524819361603,
    -39.60711768819));
#4561 = CARTESIAN_POINT('',(-112.0125672558,-6.590495682,-39.58894343209
    ));
#4562 = CARTESIAN_POINT('',(-112.1774757301,-6.663899671119,
    -39.56912678045));
#4563 = CARTESIAN_POINT('',(-112.3441609451,-6.741477977831,
    -39.54909662218));
#4564 = CARTESIAN_POINT('',(-112.5492791222,-6.830642707629,
    -39.52444806801));
#4565 = CARTESIAN_POINT('',(-112.7317931107,-6.933076032641,
    -39.50251580439));
#4566 = CARTESIAN_POINT('',(-112.979317776,-7.041560832096,
    -39.47277136532));
#4567 = CARTESIAN_POINT('',(-113.2085254931,-7.188667466653,
    -39.44522802951));
#4568 = CARTESIAN_POINT('',(-113.416572516,-7.365031293859,
    -39.42022752303));
#4569 = CARTESIAN_POINT('',(-113.563053471,-7.56830528302,
    -39.40262526172));
#4570 = CARTESIAN_POINT('',(-113.6365501181,-7.784139690529,
    -39.39379334778));
#4571 = CARTESIAN_POINT('',(-113.6365501181,-8.,-39.39379334778));
#4572 = CARTESIAN_POINT('',(-109.8162479561,-7.,-39.85286979884));
#4573 = CARTESIAN_POINT('',(-109.871548921,-6.985702095464,
    -39.84622441594));
#4574 = CARTESIAN_POINT('',(-109.9286250505,-6.972122518095,
    -39.83936571579));
#4575 = CARTESIAN_POINT('',(-109.9877562186,-6.959274053051,
    -39.83226006665));
#4576 = CARTESIAN_POINT('',(-110.0492570217,-6.947161714635,
    -39.82486966421));
#4577 = CARTESIAN_POINT('',(-110.1134909791,-6.935807807281,
    -39.81715082524));
#4578 = CARTESIAN_POINT('',(-110.1808807327,-6.925261398416,
    -39.80905276189));
#4579 = CARTESIAN_POINT('',(-110.2519189562,-6.915599130669,
    -39.80051627075));
#4580 = CARTESIAN_POINT('',(-110.3271845297,-6.906923804828,
    -39.79147178921));
#4581 = CARTESIAN_POINT('',(-110.4073683227,-6.899366690659,
    -39.78183629717));
#4582 = CARTESIAN_POINT('',(-110.4933126284,-6.893099010821,
    -39.77150857826));
#4583 = CARTESIAN_POINT('',(-110.5860678592,-6.888357436971,
    -39.760362407));
#4584 = CARTESIAN_POINT('',(-110.6869695128,-6.885487671682,
    -39.74823729985));
#4585 = CARTESIAN_POINT('',(-110.7977376307,-6.885009192487,
    -39.73492656361));
#4586 = CARTESIAN_POINT('',(-111.0403148656,-6.890327701728,
    -39.70577664526));
#4587 = CARTESIAN_POINT('',(-111.1711687979,-6.895904434672,
    -39.69005224538));
#4588 = CARTESIAN_POINT('',(-111.3128406151,-6.905753478793,
    -39.6730278865));
#4589 = CARTESIAN_POINT('',(-111.4777993867,-6.917376169659,
    -39.65320519074));
#4590 = CARTESIAN_POINT('',(-111.6370738932,-6.94468097358,
    -39.63406555935));
#4591 = CARTESIAN_POINT('',(-111.8572741447,-6.956652824472,
    -39.60760462884));
#4592 = CARTESIAN_POINT('',(-112.060108745,-7.020629257778,
    -39.58323048658));
#4593 = CARTESIAN_POINT('',(-112.2906931684,-7.046173236988,
    -39.5555217153));
#4594 = CARTESIAN_POINT('',(-112.6149899815,-7.138185008297,
    -39.51655175332));
#4595 = CARTESIAN_POINT('',(-112.8674123853,-7.252712870354,
    -39.48621876488));
#4596 = CARTESIAN_POINT('',(-113.1121398598,-7.411699341373,
    -39.45681045744));
#4597 = CARTESIAN_POINT('',(-113.2757881906,-7.598725931668,
    -39.43714523418));
#4598 = CARTESIAN_POINT('',(-113.3582421197,-7.799865056776,
    -39.42723694538));
#4599 = CARTESIAN_POINT('',(-113.3582421197,-8.,-39.42723694538));
#4600 = CARTESIAN_POINT('',(-109.6969387198,-7.,-38.86001265599));
#4601 = CARTESIAN_POINT('',(-109.7543560303,-7.,-38.86761741579));
#4602 = CARTESIAN_POINT('',(-109.8117711349,-7.00030295704,
    -38.87522482428));
#4603 = CARTESIAN_POINT('',(-109.8695918521,-7.000917721335,
    -38.88294915011));
#4604 = CARTESIAN_POINT('',(-109.9282144186,-7.001844493167,
    -38.89091612951));
#4605 = CARTESIAN_POINT('',(-109.9880528069,-7.003088828554,
    -38.89925619474));
#4606 = CARTESIAN_POINT('',(-110.0495582621,-7.004666873774,
    -38.9081047829));
#4607 = CARTESIAN_POINT('',(-110.113235181,-7.006605212633,
    -38.91760780845));
#4608 = CARTESIAN_POINT('',(-110.1796594562,-7.008938710411,
    -38.92793038278));
#4609 = CARTESIAN_POINT('',(-110.2495054075,-7.01170973837,
    -38.9392668639));
#4610 = CARTESIAN_POINT('',(-110.3235874246,-7.014972162774,
    -38.95185031986));
#4611 = CARTESIAN_POINT('',(-110.4029224423,-7.018803482282,
    -38.96595948887));
#4612 = CARTESIAN_POINT('',(-110.4888193717,-7.023328497682,
    -38.98192131967));
#4613 = CARTESIAN_POINT('',(-110.5830016111,-7.028757897827,
    -39.00010717523));
#4614 = CARTESIAN_POINT('',(-110.7925359034,-7.042132393618,
    -39.04173439125));
#4615 = CARTESIAN_POINT('',(-110.9080531808,-7.049981288079,
    -39.06532361279));
#4616 = CARTESIAN_POINT('',(-111.0349211893,-7.060478680228,
    -39.09033688977));
#4617 = CARTESIAN_POINT('',(-111.184444644,-7.068176639562,
    -39.12688627203));
#4618 = CARTESIAN_POINT('',(-111.3341687209,-7.094761845809,
    -39.13968695161));
#4619 = CARTESIAN_POINT('',(-111.5414765183,-7.090371988881,
    -39.22217501926));
#4620 = CARTESIAN_POINT('',(-111.744917179,-7.149167453244,
    -39.19032603066));
#4621 = CARTESIAN_POINT('',(-111.9743849232,-7.156770738584,
    -39.31231452674));
#4622 = CARTESIAN_POINT('',(-112.320160411,-7.216988274138,
    -39.29802241536));
#4623 = CARTESIAN_POINT('',(-112.5821367355,-7.317053530297,
    -39.31794483791));
#4624 = CARTESIAN_POINT('',(-112.8417148615,-7.455182668406,
    -39.31459451973));
#4625 = CARTESIAN_POINT('',(-113.0149375886,-7.626659110886,
    -39.31242513978));
#4626 = CARTESIAN_POINT('',(-113.1031001565,-7.813299245509,
    -39.31114906994));
#4627 = CARTESIAN_POINT('',(-113.1031001565,-8.,-39.31114906994));
#4628 = ADVANCED_FACE('',(#4629),#4648,.F.);
#4629 = FACE_BOUND('',#4630,.T.);
#4630 = EDGE_LOOP('',(#4631,#4640,#4646,#4647));
#4631 = ORIENTED_EDGE('',*,*,#4632,.T.);
#4632 = EDGE_CURVE('',#3346,#4633,#4635,.T.);
#4633 = VERTEX_POINT('',#4634);
#4634 = CARTESIAN_POINT('',(-44.75706131744,-7.,-59.03631967938));
#4635 = CIRCLE('',#4636,1.);
#4636 = AXIS2_PLACEMENT_3D('',#4637,#4638,#4639);
#4637 = CARTESIAN_POINT('',(-44.75706131744,-6.,-59.03631967938));
#4638 = DIRECTION('',(0.992857142857,1.324598612422E-17,0.119309236346)
  );
#4639 = DIRECTION('',(-0.119309236346,1.102292860164E-16,0.992857142857)
  );
#4640 = ORIENTED_EDGE('',*,*,#4641,.T.);
#4641 = EDGE_CURVE('',#4633,#4343,#4642,.T.);
#4642 = LINE('',#4643,#4644);
#4643 = CARTESIAN_POINT('',(-44.75706131744,-7.,-59.03631967938));
#4644 = VECTOR('',#4645,1.);
#4645 = DIRECTION('',(-0.992857142857,-1.324598612422E-17,
    -0.119309236346));
#4646 = ORIENTED_EDGE('',*,*,#4440,.F.);
#4647 = ORIENTED_EDGE('',*,*,#3353,.F.);
#4648 = CYLINDRICAL_SURFACE('',#4649,1.);
#4649 = AXIS2_PLACEMENT_3D('',#4650,#4651,#4652);
#4650 = CARTESIAN_POINT('',(-44.75706131744,-6.,-59.03631967938));
#4651 = DIRECTION('',(-0.992857142857,-1.324598612422E-17,
    -0.119309236346));
#4652 = DIRECTION('',(-0.119309236346,-1.324598612422E-17,0.992857142857
    ));
#4653 = ADVANCED_FACE('',(#4654),#4673,.F.);
#4654 = FACE_BOUND('',#4655,.F.);
#4655 = EDGE_LOOP('',(#4656,#4665,#4671,#4672));
#4656 = ORIENTED_EDGE('',*,*,#4657,.T.);
#4657 = EDGE_CURVE('',#3403,#4658,#4660,.T.);
#4658 = VERTEX_POINT('',#4659);
#4659 = CARTESIAN_POINT('',(-44.75706131744,-7.,-46.66368032061));
#4660 = CIRCLE('',#4661,1.);
#4661 = AXIS2_PLACEMENT_3D('',#4662,#4663,#4664);
#4662 = CARTESIAN_POINT('',(-44.75706131744,-6.,-46.66368032061));
#4663 = DIRECTION('',(-0.992857142857,1.324598612422E-17,0.119309236346)
  );
#4664 = DIRECTION('',(-0.119309236346,-1.102292860164E-16,
    -0.992857142857));
#4665 = ORIENTED_EDGE('',*,*,#4666,.T.);
#4666 = EDGE_CURVE('',#4658,#4392,#4667,.T.);
#4667 = LINE('',#4668,#4669);
#4668 = CARTESIAN_POINT('',(-44.75706131744,-7.,-46.66368032061));
#4669 = VECTOR('',#4670,1.);
#4670 = DIRECTION('',(-0.992857142857,1.324598612422E-17,0.119309236346)
  );
#4671 = ORIENTED_EDGE('',*,*,#4535,.F.);
#4672 = ORIENTED_EDGE('',*,*,#3452,.F.);
#4673 = CYLINDRICAL_SURFACE('',#4674,1.);
#4674 = AXIS2_PLACEMENT_3D('',#4675,#4676,#4677);
#4675 = CARTESIAN_POINT('',(-44.75706131744,-6.,-46.66368032061));
#4676 = DIRECTION('',(-0.992857142857,1.324598612422E-17,0.119309236346)
  );
#4677 = DIRECTION('',(-0.119309236346,-1.324598612422E-17,
    -0.992857142857));
#4678 = ADVANCED_FACE('',(#4679),#4690,.F.);
#4679 = FACE_BOUND('',#4680,.T.);
#4680 = EDGE_LOOP('',(#4681,#4682,#4688,#4689));
#4681 = ORIENTED_EDGE('',*,*,#3481,.T.);
#4682 = ORIENTED_EDGE('',*,*,#4683,.T.);
#4683 = EDGE_CURVE('',#3482,#3593,#4684,.T.);
#4684 = LINE('',#4685,#4686);
#4685 = CARTESIAN_POINT('',(-116.4990381056,-15.,-45.51820693123));
#4686 = VECTOR('',#4687,1.);
#4687 = DIRECTION('',(-1.814076218371E-16,1.,-2.62681588013E-16));
#4688 = ORIENTED_EDGE('',*,*,#3592,.T.);
#4689 = ORIENTED_EDGE('',*,*,#4683,.F.);
#4690 = CYLINDRICAL_SURFACE('',#4691,1.5);
#4691 = AXIS2_PLACEMENT_3D('',#4692,#4693,#4694);
#4692 = CARTESIAN_POINT('',(-115.2,-15.,-46.26820693123));
#4693 = DIRECTION('',(1.814076218371E-16,-1.,2.62681588013E-16));
#4694 = DIRECTION('',(-0.866025403784,1.258964706059E-16,0.5));
#4695 = ADVANCED_FACE('',(#4696),#4707,.F.);
#4696 = FACE_BOUND('',#4697,.T.);
#4697 = EDGE_LOOP('',(#4698,#4699,#4705,#4706));
#4698 = ORIENTED_EDGE('',*,*,#3501,.T.);
#4699 = ORIENTED_EDGE('',*,*,#4700,.T.);
#4700 = EDGE_CURVE('',#3502,#3615,#4701,.T.);
#4701 = LINE('',#4702,#4703);
#4702 = CARTESIAN_POINT('',(-126.6,-15.,-54.35));
#4703 = VECTOR('',#4704,1.);
#4704 = DIRECTION('',(-1.110223024625E-16,1.,3.08148791102E-33));
#4705 = ORIENTED_EDGE('',*,*,#3614,.T.);
#4706 = ORIENTED_EDGE('',*,*,#4700,.F.);
#4707 = CYLINDRICAL_SURFACE('',#4708,1.5);
#4708 = AXIS2_PLACEMENT_3D('',#4709,#4710,#4711);
#4709 = CARTESIAN_POINT('',(-126.6,-15.,-52.85));
#4710 = DIRECTION('',(1.110223024625E-16,-1.,-3.08148791102E-33));
#4711 = DIRECTION('',(1.110223024625E-16,-1.110223024625E-16,-1.));
#4712 = ADVANCED_FACE('',(#4713),#4724,.F.);
#4713 = FACE_BOUND('',#4714,.T.);
#4714 = EDGE_LOOP('',(#4715,#4716,#4722,#4723));
#4715 = ORIENTED_EDGE('',*,*,#3521,.T.);
#4716 = ORIENTED_EDGE('',*,*,#4717,.T.);
#4717 = EDGE_CURVE('',#3522,#3604,#4718,.T.);
#4718 = LINE('',#4719,#4720);
#4719 = CARTESIAN_POINT('',(-113.9009618943,-15.,-58.68179306876));
#4720 = VECTOR('',#4721,1.);
#4721 = DIRECTION('',(-3.737038904755E-16,1.,-7.03853193746E-17));
#4722 = ORIENTED_EDGE('',*,*,#3603,.T.);
#4723 = ORIENTED_EDGE('',*,*,#4717,.F.);
#4724 = CYLINDRICAL_SURFACE('',#4725,1.5);
#4725 = AXIS2_PLACEMENT_3D('',#4726,#4727,#4728);
#4726 = CARTESIAN_POINT('',(-115.2,-15.,-59.43179306876));
#4727 = DIRECTION('',(3.737038904755E-16,-1.,7.03853193746E-17));
#4728 = DIRECTION('',(0.866025403784,3.181927392442E-16,0.5));
#4729 = ADVANCED_FACE('',(#4730),#4741,.T.);
#4730 = FACE_BOUND('',#4731,.T.);
#4731 = EDGE_LOOP('',(#4732,#4733,#4734,#4740));
#4732 = ORIENTED_EDGE('',*,*,#3551,.F.);
#4733 = ORIENTED_EDGE('',*,*,#3648,.F.);
#4734 = ORIENTED_EDGE('',*,*,#4735,.T.);
#4735 = EDGE_CURVE('',#3640,#3690,#4736,.T.);
#4736 = LINE('',#4737,#4738);
#4737 = CARTESIAN_POINT('',(-117.0378221735,9.,-63.45140831103));
#4738 = VECTOR('',#4739,1.);
#4739 = DIRECTION('',(-0.866025403784,1.258964706059E-16,0.5));
#4740 = ORIENTED_EDGE('',*,*,#3689,.T.);
#4741 = PLANE('',#4742);
#4742 = AXIS2_PLACEMENT_3D('',#4743,#4744,#4745);
#4743 = CARTESIAN_POINT('',(-117.0378221735,1.5,-63.45140831103));
#4744 = DIRECTION('',(0.5,3.588297223321E-16,0.866025403784));
#4745 = DIRECTION('',(-1.814076218371E-16,1.,-2.62681588013E-16));
#4746 = ADVANCED_FACE('',(#4747),#4758,.T.);
#4747 = FACE_BOUND('',#4748,.T.);
#4748 = EDGE_LOOP('',(#4749,#4750,#4751,#4757));
#4749 = ORIENTED_EDGE('',*,*,#3568,.F.);
#4750 = ORIENTED_EDGE('',*,*,#3682,.F.);
#4751 = ORIENTED_EDGE('',*,*,#4752,.T.);
#4752 = EDGE_CURVE('',#3674,#3666,#4753,.T.);
#4753 = LINE('',#4754,#4755);
#4754 = CARTESIAN_POINT('',(-129.1621778264,9.,-49.24859168896));
#4755 = VECTOR('',#4756,1.);
#4756 = DIRECTION('',(0.866025403784,3.181927392442E-16,0.5));
#4757 = ORIENTED_EDGE('',*,*,#3665,.T.);
#4758 = PLANE('',#4759);
#4759 = AXIS2_PLACEMENT_3D('',#4760,#4761,#4762);
#4760 = CARTESIAN_POINT('',(-129.1621778264,1.5,-49.24859168896));
#4761 = DIRECTION('',(0.5,-2.576281494458E-17,-0.866025403784));
#4762 = DIRECTION('',(-3.737038904755E-16,1.,-7.03853193746E-17));
#4763 = ADVANCED_FACE('',(#4764),#4769,.T.);
#4764 = FACE_BOUND('',#4765,.T.);
#4765 = EDGE_LOOP('',(#4766,#4767,#4768));
#4766 = ORIENTED_EDGE('',*,*,#4735,.F.);
#4767 = ORIENTED_EDGE('',*,*,#3639,.F.);
#4768 = ORIENTED_EDGE('',*,*,#3697,.F.);
#4769 = PLANE('',#4770);
#4770 = AXIS2_PLACEMENT_3D('',#4771,#4772,#4773);
#4771 = CARTESIAN_POINT('',(-118.5378221735,9.,-66.04948452238));
#4772 = DIRECTION('',(-1.814076218371E-16,1.,-2.62681588013E-16));
#4773 = DIRECTION('',(-0.866025403784,1.258964706059E-16,0.5));
#4774 = ADVANCED_FACE('',(#4775),#4779,.T.);
#4775 = FACE_BOUND('',#4776,.T.);
#4776 = EDGE_LOOP('',(#4777,#4778));
#4777 = ORIENTED_EDGE('',*,*,#4752,.F.);
#4778 = ORIENTED_EDGE('',*,*,#3673,.F.);
#4779 = PLANE('',#4780);
#4780 = AXIS2_PLACEMENT_3D('',#4781,#4782,#4783);
#4781 = CARTESIAN_POINT('',(-130.6621778264,9.,-46.65051547761));
#4782 = DIRECTION('',(-3.737038904755E-16,1.,-7.03853193746E-17));
#4783 = DIRECTION('',(0.866025403784,3.181927392442E-16,0.5));
#4784 = ADVANCED_FACE('',(#4785),#4813,.T.);
#4785 = FACE_BOUND('',#4786,.F.);
#4786 = EDGE_LOOP('',(#4787,#4796,#4797,#4806));
#4787 = ORIENTED_EDGE('',*,*,#4788,.F.);
#4788 = EDGE_CURVE('',#3801,#4789,#4791,.T.);
#4789 = VERTEX_POINT('',#4790);
#4790 = CARTESIAN_POINT('',(-67.6478496647,-7.,-35.85539581133));
#4791 = CIRCLE('',#4792,1.);
#4792 = AXIS2_PLACEMENT_3D('',#4793,#4794,#4795);
#4793 = CARTESIAN_POINT('',(-67.6478496647,-8.,-35.85539581133));
#4794 = DIRECTION('',(-0.992857142857,-1.102292860164E-16,0.119309236346
    ));
#4795 = DIRECTION('',(0.119309236346,6.622993062111E-18,0.992857142857)
  );
#4796 = ORIENTED_EDGE('',*,*,#3800,.T.);
#4797 = ORIENTED_EDGE('',*,*,#4798,.T.);
#4798 = EDGE_CURVE('',#3793,#4799,#4801,.T.);
#4799 = VERTEX_POINT('',#4800);
#4800 = CARTESIAN_POINT('',(-68.70986589013,-7.,-29.00032333011));
#4801 = CIRCLE('',#4802,1.);
#4802 = AXIS2_PLACEMENT_3D('',#4803,#4804,#4805);
#4803 = CARTESIAN_POINT('',(-68.70986589013,-8.,-29.00032333011));
#4804 = DIRECTION('',(0.910212865021,4.597885686604E-17,0.414140725298)
  );
#4805 = DIRECTION('',(-0.414140725298,1.010539280056E-16,0.910212865021)
  );
#4806 = ORIENTED_EDGE('',*,*,#4807,.F.);
#4807 = EDGE_CURVE('',#4789,#4799,#4808,.T.);
#4808 = CIRCLE('',#4809,3.60211261427);
#4809 = AXIS2_PLACEMENT_3D('',#4810,#4811,#4812);
#4810 = CARTESIAN_POINT('',(-67.21808435945,-7.,-32.27901257287));
#4811 = DIRECTION('',(-6.162975822039E-33,1.,-1.110223024625E-16));
#4812 = DIRECTION('',(-0.119309236346,-1.102292860164E-16,
    -0.992857142857));
#4813 = TOROIDAL_SURFACE('',#4814,3.60211261427,1.);
#4814 = AXIS2_PLACEMENT_3D('',#4815,#4816,#4817);
#4815 = CARTESIAN_POINT('',(-67.21808435945,-8.,-32.27901257287));
#4816 = DIRECTION('',(6.162975822039E-33,-1.,1.110223024625E-16));
#4817 = DIRECTION('',(-0.119309236346,-1.102292860164E-16,
    -0.992857142857));
#4818 = ADVANCED_FACE('',(#4819),#4838,.T.);
#4819 = FACE_BOUND('',#4820,.T.);
#4820 = EDGE_LOOP('',(#4821,#4830,#4836,#4837));
#4821 = ORIENTED_EDGE('',*,*,#4822,.T.);
#4822 = EDGE_CURVE('',#3825,#4823,#4825,.T.);
#4823 = VERTEX_POINT('',#4824);
#4824 = CARTESIAN_POINT('',(-43.80258742667,-7.,-38.72082317776));
#4825 = CIRCLE('',#4826,1.);
#4826 = AXIS2_PLACEMENT_3D('',#4827,#4828,#4829);
#4827 = CARTESIAN_POINT('',(-43.80258742667,-8.,-38.72082317776));
#4828 = DIRECTION('',(-0.992857142857,1.324598612422E-17,0.119309236346)
  );
#4829 = DIRECTION('',(-0.119309236346,-1.102292860164E-16,
    -0.992857142857));
#4830 = ORIENTED_EDGE('',*,*,#4831,.T.);
#4831 = EDGE_CURVE('',#4823,#4789,#4832,.T.);
#4832 = LINE('',#4833,#4834);
#4833 = CARTESIAN_POINT('',(-43.80258742667,-7.,-38.72082317776));
#4834 = VECTOR('',#4835,1.);
#4835 = DIRECTION('',(-0.992857142857,-1.102292860164E-16,0.119309236346
    ));
#4836 = ORIENTED_EDGE('',*,*,#4788,.F.);
#4837 = ORIENTED_EDGE('',*,*,#3832,.F.);
#4838 = CYLINDRICAL_SURFACE('',#4839,1.);
#4839 = AXIS2_PLACEMENT_3D('',#4840,#4841,#4842);
#4840 = CARTESIAN_POINT('',(-43.80258742667,-8.,-38.72082317776));
#4841 = DIRECTION('',(-0.992857142857,-1.102292860164E-16,0.119309236346
    ));
#4842 = DIRECTION('',(0.119309236346,6.622993062111E-18,0.992857142857)
  );
#4843 = ADVANCED_FACE('',(#4844),#4863,.T.);
#4844 = FACE_BOUND('',#4845,.T.);
#4845 = EDGE_LOOP('',(#4846,#4847,#4855,#4862));
#4846 = ORIENTED_EDGE('',*,*,#4798,.T.);
#4847 = ORIENTED_EDGE('',*,*,#4848,.T.);
#4848 = EDGE_CURVE('',#4799,#4849,#4851,.T.);
#4849 = VERTEX_POINT('',#4850);
#4850 = CARTESIAN_POINT('',(-14.09709398887,-7.,-4.151879812253));
#4851 = LINE('',#4852,#4853);
#4852 = CARTESIAN_POINT('',(-68.70986589013,-7.,-29.00032333011));
#4853 = VECTOR('',#4854,1.);
#4854 = DIRECTION('',(0.910212865021,1.010539280056E-16,0.414140725298)
  );
#4855 = ORIENTED_EDGE('',*,*,#4856,.F.);
#4856 = EDGE_CURVE('',#3850,#4849,#4857,.T.);
#4857 = CIRCLE('',#4858,1.);
#4858 = AXIS2_PLACEMENT_3D('',#4859,#4860,#4861);
#4859 = CARTESIAN_POINT('',(-14.09709398887,-8.,-4.151879812253));
#4860 = DIRECTION('',(0.910212865021,4.597885686604E-17,0.414140725298)
  );
#4861 = DIRECTION('',(-0.414140725298,1.010539280056E-16,0.910212865021)
  );
#4862 = ORIENTED_EDGE('',*,*,#3849,.F.);
#4863 = CYLINDRICAL_SURFACE('',#4864,1.);
#4864 = AXIS2_PLACEMENT_3D('',#4865,#4866,#4867);
#4865 = CARTESIAN_POINT('',(-68.70986589013,-8.,-29.00032333011));
#4866 = DIRECTION('',(0.910212865021,1.010539280056E-16,0.414140725298)
  );
#4867 = DIRECTION('',(0.414140725298,2.298942843302E-17,-0.910212865021)
  );
#4868 = ADVANCED_FACE('',(#4869),#4889,.T.);
#4869 = FACE_BOUND('',#4870,.F.);
#4870 = EDGE_LOOP('',(#4871,#4880,#4881,#4882));
#4871 = ORIENTED_EDGE('',*,*,#4872,.F.);
#4872 = EDGE_CURVE('',#3874,#4873,#4875,.T.);
#4873 = VERTEX_POINT('',#4874);
#4874 = CARTESIAN_POINT('',(-9.003619118624,-7.,-7.375611129348));
#4875 = CIRCLE('',#4876,1.);
#4876 = AXIS2_PLACEMENT_3D('',#4877,#4878,#4879);
#4877 = CARTESIAN_POINT('',(-9.003619118624,-8.,-7.375611129348));
#4878 = DIRECTION('',(1.525713700624E-02,-1.110093798119E-16,
    -0.999883603111));
#4879 = DIRECTION('',(0.999883603111,1.693882479418E-18,
    1.525713700624E-02));
#4880 = ORIENTED_EDGE('',*,*,#3873,.T.);
#4881 = ORIENTED_EDGE('',*,*,#4822,.T.);
#4882 = ORIENTED_EDGE('',*,*,#4883,.F.);
#4883 = EDGE_CURVE('',#4873,#4823,#4884,.T.);
#4884 = CIRCLE('',#4885,31.092915430838);
#4885 = AXIS2_PLACEMENT_3D('',#4886,#4887,#4888);
#4886 = CARTESIAN_POINT('',(-40.09291543083,-7.,-7.85));
#4887 = DIRECTION('',(-6.162975822039E-33,1.,-1.110223024625E-16));
#4888 = DIRECTION('',(0.999883603111,1.693882479419E-18,
    1.525713700624E-02));
#4889 = TOROIDAL_SURFACE('',#4890,31.092915430838,1.);
#4890 = AXIS2_PLACEMENT_3D('',#4891,#4892,#4893);
#4891 = CARTESIAN_POINT('',(-40.09291543083,-8.,-7.85));
#4892 = DIRECTION('',(6.162975822039E-33,-1.,1.110223024625E-16));
#4893 = DIRECTION('',(0.999883603111,1.693882479419E-18,
    1.525713700624E-02));
#4894 = ADVANCED_FACE('',(#4895),#4907,.T.);
#4895 = FACE_BOUND('',#4896,.F.);
#4896 = EDGE_LOOP('',(#4897,#4898,#4899,#4900));
#4897 = ORIENTED_EDGE('',*,*,#4856,.F.);
#4898 = ORIENTED_EDGE('',*,*,#3898,.T.);
#4899 = ORIENTED_EDGE('',*,*,#4872,.T.);
#4900 = ORIENTED_EDGE('',*,*,#4901,.F.);
#4901 = EDGE_CURVE('',#4849,#4873,#4902,.T.);
#4902 = CIRCLE('',#4903,3.60211261427);
#4903 = AXIS2_PLACEMENT_3D('',#4904,#4905,#4906);
#4904 = CARTESIAN_POINT('',(-12.60531245819,-7.,-7.430569055016));
#4905 = DIRECTION('',(0.,1.,-1.110223024625E-16));
#4906 = DIRECTION('',(-0.414140725298,1.010539280056E-16,0.910212865021)
  );
#4907 = TOROIDAL_SURFACE('',#4908,3.60211261427,1.);
#4908 = AXIS2_PLACEMENT_3D('',#4909,#4910,#4911);
#4909 = CARTESIAN_POINT('',(-12.60531245819,-8.,-7.430569055016));
#4910 = DIRECTION('',(6.162975822039E-33,-1.,1.110223024625E-16));
#4911 = DIRECTION('',(-0.414140725298,1.010539280056E-16,0.910212865021)
  );
#4912 = ADVANCED_FACE('',(#4913),#4941,.T.);
#4913 = FACE_BOUND('',#4914,.F.);
#4914 = EDGE_LOOP('',(#4915,#4924,#4925,#4934));
#4915 = ORIENTED_EDGE('',*,*,#4916,.F.);
#4916 = EDGE_CURVE('',#3924,#4917,#4919,.T.);
#4917 = VERTEX_POINT('',#4918);
#4918 = CARTESIAN_POINT('',(-68.70986589013,-7.,-76.69967666988));
#4919 = CIRCLE('',#4920,1.);
#4920 = AXIS2_PLACEMENT_3D('',#4921,#4922,#4923);
#4921 = CARTESIAN_POINT('',(-68.70986589013,-8.,-76.69967666988));
#4922 = DIRECTION('',(-0.910212865021,4.597885686604E-17,0.414140725298)
  );
#4923 = DIRECTION('',(-0.414140725298,-1.010539280056E-16,
    -0.910212865021));
#4924 = ORIENTED_EDGE('',*,*,#3923,.T.);
#4925 = ORIENTED_EDGE('',*,*,#4926,.T.);
#4926 = EDGE_CURVE('',#3916,#4927,#4929,.T.);
#4927 = VERTEX_POINT('',#4928);
#4928 = CARTESIAN_POINT('',(-67.6478496647,-7.,-69.84460418866));
#4929 = CIRCLE('',#4930,1.);
#4930 = AXIS2_PLACEMENT_3D('',#4931,#4932,#4933);
#4931 = CARTESIAN_POINT('',(-67.6478496647,-8.,-69.84460418866));
#4932 = DIRECTION('',(0.992857142857,1.324598612422E-17,0.119309236346)
  );
#4933 = DIRECTION('',(-0.119309236346,1.102292860164E-16,0.992857142857)
  );
#4934 = ORIENTED_EDGE('',*,*,#4935,.F.);
#4935 = EDGE_CURVE('',#4917,#4927,#4936,.T.);
#4936 = CIRCLE('',#4937,3.60211261427);
#4937 = AXIS2_PLACEMENT_3D('',#4938,#4939,#4940);
#4938 = CARTESIAN_POINT('',(-67.21808435945,-7.,-73.42098742712));
#4939 = DIRECTION('',(-6.162975822039E-33,1.,-1.110223024625E-16));
#4940 = DIRECTION('',(-0.414140725298,-1.010539280056E-16,
    -0.910212865021));
#4941 = TOROIDAL_SURFACE('',#4942,3.60211261427,1.);
#4942 = AXIS2_PLACEMENT_3D('',#4943,#4944,#4945);
#4943 = CARTESIAN_POINT('',(-67.21808435945,-8.,-73.42098742712));
#4944 = DIRECTION('',(6.162975822039E-33,-1.,1.110223024625E-16));
#4945 = DIRECTION('',(-0.414140725298,-1.010539280056E-16,
    -0.910212865021));
#4946 = ADVANCED_FACE('',(#4947),#4966,.T.);
#4947 = FACE_BOUND('',#4948,.T.);
#4948 = EDGE_LOOP('',(#4949,#4958,#4964,#4965));
#4949 = ORIENTED_EDGE('',*,*,#4950,.T.);
#4950 = EDGE_CURVE('',#3948,#4951,#4953,.T.);
#4951 = VERTEX_POINT('',#4952);
#4952 = CARTESIAN_POINT('',(-14.09709398887,-7.,-101.5481201877));
#4953 = CIRCLE('',#4954,1.);
#4954 = AXIS2_PLACEMENT_3D('',#4955,#4956,#4957);
#4955 = CARTESIAN_POINT('',(-14.09709398887,-8.,-101.5481201877));
#4956 = DIRECTION('',(-0.910212865021,4.597885686604E-17,0.414140725298)
  );
#4957 = DIRECTION('',(-0.414140725298,-1.010539280056E-16,
    -0.910212865021));
#4958 = ORIENTED_EDGE('',*,*,#4959,.T.);
#4959 = EDGE_CURVE('',#4951,#4917,#4960,.T.);
#4960 = LINE('',#4961,#4962);
#4961 = CARTESIAN_POINT('',(-14.09709398887,-7.,-101.5481201877));
#4962 = VECTOR('',#4963,1.);
#4963 = DIRECTION('',(-0.910212865021,-1.010539280056E-16,0.414140725298
    ));
#4964 = ORIENTED_EDGE('',*,*,#4916,.F.);
#4965 = ORIENTED_EDGE('',*,*,#3955,.F.);
#4966 = CYLINDRICAL_SURFACE('',#4967,1.);
#4967 = AXIS2_PLACEMENT_3D('',#4968,#4969,#4970);
#4968 = CARTESIAN_POINT('',(-14.09709398887,-8.,-101.5481201877));
#4969 = DIRECTION('',(-0.910212865021,-1.010539280056E-16,0.414140725298
    ));
#4970 = DIRECTION('',(0.414140725298,2.298942843302E-17,0.910212865021)
  );
#4971 = ADVANCED_FACE('',(#4972),#4991,.T.);
#4972 = FACE_BOUND('',#4973,.T.);
#4973 = EDGE_LOOP('',(#4974,#4975,#4983,#4990));
#4974 = ORIENTED_EDGE('',*,*,#4926,.T.);
#4975 = ORIENTED_EDGE('',*,*,#4976,.T.);
#4976 = EDGE_CURVE('',#4927,#4977,#4979,.T.);
#4977 = VERTEX_POINT('',#4978);
#4978 = CARTESIAN_POINT('',(-43.80258742667,-7.,-66.97917682223));
#4979 = LINE('',#4980,#4981);
#4980 = CARTESIAN_POINT('',(-67.6478496647,-7.,-69.84460418866));
#4981 = VECTOR('',#4982,1.);
#4982 = DIRECTION('',(0.992857142857,1.102292860164E-16,0.119309236346)
  );
#4983 = ORIENTED_EDGE('',*,*,#4984,.F.);
#4984 = EDGE_CURVE('',#3972,#4977,#4985,.T.);
#4985 = CIRCLE('',#4986,1.);
#4986 = AXIS2_PLACEMENT_3D('',#4987,#4988,#4989);
#4987 = CARTESIAN_POINT('',(-43.80258742667,-8.,-66.97917682223));
#4988 = DIRECTION('',(0.992857142857,1.102292860164E-16,0.119309236346)
  );
#4989 = DIRECTION('',(0.119309236346,6.622993062111E-18,-0.992857142857)
  );
#4990 = ORIENTED_EDGE('',*,*,#3979,.F.);
#4991 = CYLINDRICAL_SURFACE('',#4992,1.);
#4992 = AXIS2_PLACEMENT_3D('',#4993,#4994,#4995);
#4993 = CARTESIAN_POINT('',(-67.6478496647,-8.,-69.84460418866));
#4994 = DIRECTION('',(0.992857142857,1.102292860164E-16,0.119309236346)
  );
#4995 = DIRECTION('',(0.119309236346,6.622993062111E-18,-0.992857142857)
  );
#4996 = ADVANCED_FACE('',(#4997),#5017,.T.);
#4997 = FACE_BOUND('',#4998,.F.);
#4998 = EDGE_LOOP('',(#4999,#5008,#5009,#5010));
#4999 = ORIENTED_EDGE('',*,*,#5000,.F.);
#5000 = EDGE_CURVE('',#3997,#5001,#5003,.T.);
#5001 = VERTEX_POINT('',#5002);
#5002 = CARTESIAN_POINT('',(-9.003619118624,-7.,-98.32438887065));
#5003 = CIRCLE('',#5004,1.);
#5004 = AXIS2_PLACEMENT_3D('',#5005,#5006,#5007);
#5005 = CARTESIAN_POINT('',(-9.003619118624,-8.,-98.32438887065));
#5006 = DIRECTION('',(-1.525713700624E-02,-1.110093798119E-16,
    -0.999883603111));
#5007 = DIRECTION('',(0.999883603111,-1.693882479419E-18,
    -1.525713700624E-02));
#5008 = ORIENTED_EDGE('',*,*,#3996,.T.);
#5009 = ORIENTED_EDGE('',*,*,#4950,.T.);
#5010 = ORIENTED_EDGE('',*,*,#5011,.F.);
#5011 = EDGE_CURVE('',#5001,#4951,#5012,.T.);
#5012 = CIRCLE('',#5013,3.60211261427);
#5013 = AXIS2_PLACEMENT_3D('',#5014,#5015,#5016);
#5014 = CARTESIAN_POINT('',(-12.60531245819,-7.,-98.26943094498));
#5015 = DIRECTION('',(-6.162975822039E-33,1.,-1.110223024625E-16));
#5016 = DIRECTION('',(0.999883603111,-1.693882479418E-18,
    -1.525713700623E-02));
#5017 = TOROIDAL_SURFACE('',#5018,3.60211261427,1.);
#5018 = AXIS2_PLACEMENT_3D('',#5019,#5020,#5021);
#5019 = CARTESIAN_POINT('',(-12.60531245819,-8.,-98.26943094498));
#5020 = DIRECTION('',(6.162975822039E-33,-1.,1.110223024625E-16));
#5021 = DIRECTION('',(0.999883603111,-1.693882479418E-18,
    -1.525713700623E-02));
#5022 = ADVANCED_FACE('',(#5023),#5035,.T.);
#5023 = FACE_BOUND('',#5024,.F.);
#5024 = EDGE_LOOP('',(#5025,#5026,#5027,#5028));
#5025 = ORIENTED_EDGE('',*,*,#4984,.F.);
#5026 = ORIENTED_EDGE('',*,*,#4021,.T.);
#5027 = ORIENTED_EDGE('',*,*,#5000,.T.);
#5028 = ORIENTED_EDGE('',*,*,#5029,.F.);
#5029 = EDGE_CURVE('',#4977,#5001,#5030,.T.);
#5030 = CIRCLE('',#5031,31.092915430838);
#5031 = AXIS2_PLACEMENT_3D('',#5032,#5033,#5034);
#5032 = CARTESIAN_POINT('',(-40.09291543083,-7.,-97.85));
#5033 = DIRECTION('',(-6.162975822039E-33,1.,-1.110223024625E-16));
#5034 = DIRECTION('',(-0.119309236346,1.102292860164E-16,0.992857142857)
  );
#5035 = TOROIDAL_SURFACE('',#5036,31.092915430838,1.);
#5036 = AXIS2_PLACEMENT_3D('',#5037,#5038,#5039);
#5037 = CARTESIAN_POINT('',(-40.09291543083,-8.,-97.85));
#5038 = DIRECTION('',(6.162975822039E-33,-1.,1.110223024625E-16));
#5039 = DIRECTION('',(-0.119309236346,1.102292860164E-16,0.992857142857)
  );
#5040 = ADVANCED_FACE('',(#5041),#5053,.F.);
#5041 = FACE_BOUND('',#5042,.F.);
#5042 = EDGE_LOOP('',(#5043,#5044,#5045,#5046));
#5043 = ORIENTED_EDGE('',*,*,#4324,.F.);
#5044 = ORIENTED_EDGE('',*,*,#4141,.T.);
#5045 = ORIENTED_EDGE('',*,*,#4632,.T.);
#5046 = ORIENTED_EDGE('',*,*,#5047,.F.);
#5047 = EDGE_CURVE('',#4317,#4633,#5048,.T.);
#5048 = CIRCLE('',#5049,39.092915430838);
#5049 = AXIS2_PLACEMENT_3D('',#5050,#5051,#5052);
#5050 = CARTESIAN_POINT('',(-40.09291543083,-7.,-97.85));
#5051 = DIRECTION('',(6.162975822039E-33,-1.,1.110223024625E-16));
#5052 = DIRECTION('',(1.,4.520717707246E-32,3.516789004048E-16));
#5053 = TOROIDAL_SURFACE('',#5054,39.092915430838,1.);
#5054 = AXIS2_PLACEMENT_3D('',#5055,#5056,#5057);
#5055 = CARTESIAN_POINT('',(-40.09291543083,-6.,-97.85));
#5056 = DIRECTION('',(6.162975822039E-33,-1.,1.110223024625E-16));
#5057 = DIRECTION('',(1.,4.520717707246E-32,3.516789004048E-16));
#5058 = ADVANCED_FACE('',(#5059),#5071,.F.);
#5059 = FACE_BOUND('',#5060,.T.);
#5060 = EDGE_LOOP('',(#5061,#5062,#5063,#5064));
#5061 = ORIENTED_EDGE('',*,*,#4242,.F.);
#5062 = ORIENTED_EDGE('',*,*,#4159,.T.);
#5063 = ORIENTED_EDGE('',*,*,#4657,.T.);
#5064 = ORIENTED_EDGE('',*,*,#5065,.F.);
#5065 = EDGE_CURVE('',#4235,#4658,#5066,.T.);
#5066 = CIRCLE('',#5067,39.092915430838);
#5067 = AXIS2_PLACEMENT_3D('',#5068,#5069,#5070);
#5068 = CARTESIAN_POINT('',(-40.09291543083,-7.,-7.85));
#5069 = DIRECTION('',(-6.162975822039E-33,1.,-1.110223024625E-16));
#5070 = DIRECTION('',(1.,6.488299502544E-32,5.289029132072E-16));
#5071 = TOROIDAL_SURFACE('',#5072,39.092915430838,1.);
#5072 = AXIS2_PLACEMENT_3D('',#5073,#5074,#5075);
#5073 = CARTESIAN_POINT('',(-40.09291543083,-6.,-7.85));
#5074 = DIRECTION('',(6.162975822039E-33,-1.,1.110223024625E-16));
#5075 = DIRECTION('',(1.,6.488299502544E-32,5.289029132072E-16));
#5076 = ADVANCED_FACE('',(#5077,#5083),#5090,.T.);
#5077 = FACE_BOUND('',#5078,.T.);
#5078 = EDGE_LOOP('',(#5079,#5080,#5081,#5082));
#5079 = ORIENTED_EDGE('',*,*,#4391,.F.);
#5080 = ORIENTED_EDGE('',*,*,#4234,.T.);
#5081 = ORIENTED_EDGE('',*,*,#5065,.T.);
#5082 = ORIENTED_EDGE('',*,*,#4666,.T.);
#5083 = FACE_BOUND('',#5084,.T.);
#5084 = EDGE_LOOP('',(#5085,#5086,#5087,#5088,#5089));
#5085 = ORIENTED_EDGE('',*,*,#4901,.F.);
#5086 = ORIENTED_EDGE('',*,*,#4848,.F.);
#5087 = ORIENTED_EDGE('',*,*,#4807,.F.);
#5088 = ORIENTED_EDGE('',*,*,#4831,.F.);
#5089 = ORIENTED_EDGE('',*,*,#4883,.F.);
#5090 = PLANE('',#5091);
#5091 = AXIS2_PLACEMENT_3D('',#5092,#5093,#5094);
#5092 = CARTESIAN_POINT('',(-48.7323237668,-7.,-52.85));
#5093 = DIRECTION('',(-1.110223024625E-16,1.,3.08148791102E-33));
#5094 = DIRECTION('',(-5.551115123126E-17,-1.110223024625E-16,-1.));
#5095 = ADVANCED_FACE('',(#5096,#5102),#5109,.T.);
#5096 = FACE_BOUND('',#5097,.T.);
#5097 = EDGE_LOOP('',(#5098,#5099,#5100,#5101));
#5098 = ORIENTED_EDGE('',*,*,#4316,.F.);
#5099 = ORIENTED_EDGE('',*,*,#4342,.T.);
#5100 = ORIENTED_EDGE('',*,*,#4641,.F.);
#5101 = ORIENTED_EDGE('',*,*,#5047,.F.);
#5102 = FACE_BOUND('',#5103,.T.);
#5103 = EDGE_LOOP('',(#5104,#5105,#5106,#5107,#5108));
#5104 = ORIENTED_EDGE('',*,*,#4935,.F.);
#5105 = ORIENTED_EDGE('',*,*,#4959,.F.);
#5106 = ORIENTED_EDGE('',*,*,#5011,.F.);
#5107 = ORIENTED_EDGE('',*,*,#5029,.F.);
#5108 = ORIENTED_EDGE('',*,*,#4976,.F.);
#5109 = PLANE('',#5110);
#5110 = AXIS2_PLACEMENT_3D('',#5111,#5112,#5113);
#5111 = CARTESIAN_POINT('',(-48.7323237668,-7.,-52.85));
#5112 = DIRECTION('',(-1.110223024625E-16,1.,3.08148791102E-33));
#5113 = DIRECTION('',(-5.551115123126E-17,-1.110223024625E-16,-1.));
#5114 = ( GEOMETRIC_REPRESENTATION_CONTEXT(3) 
GLOBAL_UNCERTAINTY_ASSIGNED_CONTEXT((#5118)) 
GLOBAL_UNIT_ASSIGNED_CONTEXT((#5115,#5116,#5117)) REPRESENTATION_CONTEXT
('Context #1','3D Context with UNIT and UNCERTAINTY') );
#5115 = ( LENGTH_UNIT() NAMED_UNIT(*) SI_UNIT(.MILLI.,.METRE.) );
#5116 = ( NAMED_UNIT(*) PLANE_ANGLE_UNIT() SI_UNIT($,.RADIAN.) );
#5117 = ( NAMED_UNIT(*) SI_UNIT($,.STERADIAN.) SOLID_ANGLE_UNIT() );
#5118 = UNCERTAINTY_MEASURE_WITH_UNIT(LENGTH_MEASURE(2.E-06),#5115,
  'distance_accuracy_value','confusion accuracy');
#5119 = PRODUCT_RELATED_PRODUCT_CATEGORY('part',$,(#7));
#5120 = MECHANICAL_DESIGN_GEOMETRIC_PRESENTATION_REPRESENTATION('',(
    #5121),#5114);
#5121 = STYLED_ITEM('color',(#5122),#15);
#5122 = PRESENTATION_STYLE_ASSIGNMENT((#5123,#5129));
#5123 = SURFACE_STYLE_USAGE(.BOTH.,#5124);
#5124 = SURFACE_SIDE_STYLE('',(#5125));
#5125 = SURFACE_STYLE_FILL_AREA(#5126);
#5126 = FILL_AREA_STYLE('',(#5127));
#5127 = FILL_AREA_STYLE_COLOUR('',#5128);
#5128 = COLOUR_RGB('',0.447058818107,0.474509808674,0.501960817233);
#5129 = CURVE_STYLE('',#5130,POSITIVE_LENGTH_MEASURE(0.1),#5131);
#5130 = DRAUGHTING_PRE_DEFINED_CURVE_FONT('continuous');
#5131 = COLOUR_RGB('',9.803921802644E-02,9.803921802644E-02,
  9.803921802644E-02);
ENDSEC;
END-ISO-10303-21;
