ISO-10303-21;
HEADER;
/* Generated by software containing ST-Developer
 * from STEP Tools, Inc. (www.steptools.com) 
 */

FILE_DESCRIPTION(
/* description */ ('FreeCAD Model'),
/* implementation_level */ '2;1');

FILE_NAME(
/* name */ 'Belt tensioner Corner Motor Bracket Extended.step',
/* time_stamp */ '2026-05-17T20:37:08+02:00',
/* author */ (''),
/* organization */ (''),
/* preprocessor_version */ 'ST-DEVELOPER v20.1',
/* originating_system */ 'Autodesk Translation Framework v14.17.0.0',
/* authorisation */ '');

FILE_SCHEMA (('AUTOMOTIVE_DESIGN { 1 0 10303 214 3 1 1 }'));
ENDSEC;

DATA;
#10=MECHANICAL_DESIGN_GEOMETRIC_PRESENTATION_REPRESENTATION('',(#13),#4664);
#11=SHAPE_REPRESENTATION_RELATIONSHIP('SRR','None',#4671,#12);
#12=ADVANCED_BREP_SHAPE_REPRESENTATION('',(#14),#4663);
#13=STYLED_ITEM('',(#4681),#14);
#14=MANIFOLD_SOLID_BREP('Extended by 2cm',#2211);
#15=FACE_BOUND('',#683,.T.);
#16=FACE_BOUND('',#685,.T.);
#17=FACE_BOUND('',#687,.T.);
#18=FACE_BOUND('',#689,.T.);
#19=FACE_BOUND('',#690,.T.);
#20=FACE_BOUND('',#691,.T.);
#21=FACE_BOUND('',#722,.T.);
#22=FACE_BOUND('',#735,.T.);
#23=FACE_BOUND('',#749,.T.);
#24=FACE_BOUND('',#763,.T.);
#25=FACE_BOUND('',#764,.T.);
#26=FACE_BOUND('',#765,.T.);
#27=FACE_BOUND('',#766,.T.);
#28=FACE_BOUND('',#768,.T.);
#29=FACE_BOUND('',#770,.T.);
#30=TOROIDAL_SURFACE('',#2246,12.918366952856,1.);
#31=TOROIDAL_SURFACE('',#2252,14.918366952856,1.);
#32=TOROIDAL_SURFACE('',#2258,13.,1.);
#33=TOROIDAL_SURFACE('',#2288,14.918366952856,1.);
#34=TOROIDAL_SURFACE('',#2294,13.,1.);
#35=TOROIDAL_SURFACE('',#2299,10.7,1.);
#36=TOROIDAL_SURFACE('',#2347,12.918366952856,1.);
#37=TOROIDAL_SURFACE('',#2351,12.918366952856,1.);
#38=TOROIDAL_SURFACE('',#2397,14.918366952856,1.);
#39=TOROIDAL_SURFACE('',#2402,2.,1.);
#40=TOROIDAL_SURFACE('',#2410,2.,1.);
#41=TOROIDAL_SURFACE('',#2415,2.,1.);
#42=TOROIDAL_SURFACE('',#2422,2.,1.);
#43=TOROIDAL_SURFACE('',#2450,14.918366952856,1.);
#44=TOROIDAL_SURFACE('',#2454,12.918366952856,1.);
#45=(
BOUNDED_CURVE()
B_SPLINE_CURVE(10,(#3616,#3617,#3618,#3619,#3620,#3621,#3622,#3623,#3624,
#3625,#3626,#3627,#3628,#3629,#3630,#3631,#3632,#3633,#3634,#3635),
 .UNSPECIFIED.,.F.,.F.)
B_SPLINE_CURVE_WITH_KNOTS((11,9,11),(0.,0.785398163397,1.570796326795),
 .UNSPECIFIED.)
CURVE()
GEOMETRIC_REPRESENTATION_ITEM()
RATIONAL_B_SPLINE_CURVE((1.,1.,1.,1.,1.,1.,1.,1.,1.,1.,1.,1.,1.,1.,1.000000000001,
0.999999999999,1.,1.,1.,1.))
REPRESENTATION_ITEM('')
);
#46=(
BOUNDED_CURVE()
B_SPLINE_CURVE(10,(#3894,#3895,#3896,#3897,#3898,#3899,#3900,#3901,#3902,
#3903,#3904,#3905,#3906,#3907,#3908,#3909,#3910,#3911,#3912,#3913),
 .UNSPECIFIED.,.F.,.F.)
B_SPLINE_CURVE_WITH_KNOTS((11,9,11),(0.,0.785398163397,1.570796326795),
 .UNSPECIFIED.)
CURVE()
GEOMETRIC_REPRESENTATION_ITEM()
RATIONAL_B_SPLINE_CURVE((1.,1.,1.,1.,1.,1.,1.,1.,1.,1.,1.,1.,1.,1.,1.000000000001,
0.999999999999,1.,1.,1.,1.))
REPRESENTATION_ITEM('')
);
#47=ELLIPSE('',#2230,1.03338014594943,1.);
#48=ELLIPSE('',#2236,1.03338014594943,1.);
#49=ELLIPSE('',#2238,1.03338014594943,1.);
#50=ELLIPSE('',#2240,1.03338014594943,1.);
#51=(
BOUNDED_SURFACE()
B_SPLINE_SURFACE(1,2,((#3218,#3219,#3220),(#3221,#3222,#3223)),
 .UNSPECIFIED.,.F.,.F.,.F.)
B_SPLINE_SURFACE_WITH_KNOTS((2,2),(3,3),(-2.53465748750201E-30,19.3539619262036),
(-1.57079632679499,-1.71219213478573E-16),.UNSPECIFIED.)
GEOMETRIC_REPRESENTATION_ITEM()
RATIONAL_B_SPLINE_SURFACE(((1.,0.707106781186515,1.),(1.,0.707106781186515,
1.)))
REPRESENTATION_ITEM('')
SURFACE()
);
#52=(
BOUNDED_SURFACE()
B_SPLINE_SURFACE(1,2,((#3368,#3369,#3370),(#3371,#3372,#3373)),
 .UNSPECIFIED.,.F.,.F.,.F.)
B_SPLINE_SURFACE_WITH_KNOTS((2,2),(3,3),(-1.03138627911312E-12,19.3539619262036),
(-1.5707963267949,1.16087571229456E-15),.UNSPECIFIED.)
GEOMETRIC_REPRESENTATION_ITEM()
RATIONAL_B_SPLINE_SURFACE(((1.,0.707106781186547,1.),(1.,0.707106781186547,
1.)))
REPRESENTATION_ITEM('')
SURFACE()
);
#53=(
BOUNDED_SURFACE()
B_SPLINE_SURFACE(1,2,((#3474,#3475,#3476),(#3477,#3478,#3479)),
 .UNSPECIFIED.,.F.,.F.,.F.)
B_SPLINE_SURFACE_WITH_KNOTS((2,2),(3,3),(-2.53465748750201E-30,19.3539619262036),
(1.5687244161383E-16,1.57079632679499),.UNSPECIFIED.)
GEOMETRIC_REPRESENTATION_ITEM()
RATIONAL_B_SPLINE_SURFACE(((1.,0.707106781186515,1.),(1.,0.707106781186515,
1.)))
REPRESENTATION_ITEM('')
SURFACE()
);
#54=(
BOUNDED_SURFACE()
B_SPLINE_SURFACE(1,2,((#3487,#3488,#3489),(#3490,#3491,#3492)),
 .UNSPECIFIED.,.F.,.F.,.F.)
B_SPLINE_SURFACE_WITH_KNOTS((2,2),(3,3),(0.,19.3539619262036),(-3.14159265358979,
-1.5707963267949),.UNSPECIFIED.)
GEOMETRIC_REPRESENTATION_ITEM()
RATIONAL_B_SPLINE_SURFACE(((1.,0.707106781186547,1.),(1.,0.707106781186547,
1.)))
REPRESENTATION_ITEM('')
SURFACE()
);
#55=(
BOUNDED_SURFACE()
B_SPLINE_SURFACE(2,8,((#3804,#3805,#3806,#3807,#3808,#3809,#3810,#3811,
#3812),(#3813,#3814,#3815,#3816,#3817,#3818,#3819,#3820,#3821),(#3822,#3823,
#3824,#3825,#3826,#3827,#3828,#3829,#3830)),.UNSPECIFIED.,.F.,.F.,.F.)
B_SPLINE_SURFACE_WITH_KNOTS((3,3),(9,9),(0.,1.62535951477),(5.841139625568E-11,
1.625359514828),.UNSPECIFIED.)
GEOMETRIC_REPRESENTATION_ITEM()
RATIONAL_B_SPLINE_SURFACE(((1.,1.,1.,1.,1.,1.,1.,1.,1.),(1.,1.,0.995705910974,
0.986744433934,0.974867518376,0.958584647546,0.94301402401,0.935542649081,
0.935542649081),(1.,1.,1.,1.,1.,1.,1.,1.,1.)))
REPRESENTATION_ITEM('')
SURFACE()
);
#56=(
BOUNDED_SURFACE()
B_SPLINE_SURFACE(2,8,((#3860,#3861,#3862,#3863,#3864,#3865,#3866,#3867,
#3868),(#3869,#3870,#3871,#3872,#3873,#3874,#3875,#3876,#3877),(#3878,#3879,
#3880,#3881,#3882,#3883,#3884,#3885,#3886)),.UNSPECIFIED.,.F.,.F.,.F.)
B_SPLINE_SURFACE_WITH_KNOTS((3,3),(9,9),(0.,1.625359514599),(2.299905698423E-10,
1.625359514828),.UNSPECIFIED.)
GEOMETRIC_REPRESENTATION_ITEM()
RATIONAL_B_SPLINE_SURFACE(((1.,1.,1.,1.,1.,1.,1.,1.,1.),(1.,1.,0.995705910958,
0.986744433944,0.974867518354,0.958584647549,0.943014024007,0.935542649081,
0.935542649081),(1.,1.,1.,1.,1.,1.,1.,1.,1.)))
REPRESENTATION_ITEM('')
SURFACE()
);
#57=(
BOUNDED_SURFACE()
B_SPLINE_SURFACE(2,10,((#3983,#3984,#3985,#3986,#3987,#3988,#3989,#3990,
#3991,#3992,#3993,#3994,#3995,#3996,#3997,#3998,#3999,#4000,#4001,#4002),
(#4003,#4004,#4005,#4006,#4007,#4008,#4009,#4010,#4011,#4012,#4013,#4014,
#4015,#4016,#4017,#4018,#4019,#4020,#4021,#4022),(#4023,#4024,#4025,#4026,
#4027,#4028,#4029,#4030,#4031,#4032,#4033,#4034,#4035,#4036,#4037,#4038,
#4039,#4040,#4041,#4042)),.UNSPECIFIED.,.F.,.F.,.F.)
B_SPLINE_SURFACE_WITH_KNOTS((3,3),(11,9,11),(0.,1.570796326795),(1.179108489293E-14,
0.785398163397,1.570796326795),.UNSPECIFIED.)
GEOMETRIC_REPRESENTATION_ITEM()
RATIONAL_B_SPLINE_SURFACE(((1.,1.,1.,1.,1.,1.,1.,1.,1.,1.,1.,1.,1.,1.,1.,
1.,1.,1.,1.,1.),(0.707106781187,0.715917169396,0.724607786101,0.733360323134,
0.742366958572,0.751802338527,0.761843377404,0.772699219547,0.784613705114,
0.797802683107,0.826774345686,0.842523444196,0.85979571445,0.877389276848,
0.896765518573,0.91362903926,0.924254693551,0.931881562067,0.935542649081,
0.935542649081),(1.,1.,1.,1.,1.,1.,1.,1.,1.,1.,1.,1.,1.,1.,1.,1.,1.,1.,
1.,1.)))
REPRESENTATION_ITEM('')
SURFACE()
);
#58=(
BOUNDED_SURFACE()
B_SPLINE_SURFACE(2,10,((#4050,#4051,#4052,#4053,#4054,#4055,#4056,#4057,
#4058,#4059,#4060,#4061,#4062,#4063,#4064,#4065,#4066,#4067,#4068,#4069),
(#4070,#4071,#4072,#4073,#4074,#4075,#4076,#4077,#4078,#4079,#4080,#4081,
#4082,#4083,#4084,#4085,#4086,#4087,#4088,#4089),(#4090,#4091,#4092,#4093,
#4094,#4095,#4096,#4097,#4098,#4099,#4100,#4101,#4102,#4103,#4104,#4105,
#4106,#4107,#4108,#4109)),.UNSPECIFIED.,.F.,.F.,.F.)
B_SPLINE_SURFACE_WITH_KNOTS((3,3),(11,9,11),(0.,1.570796326795),(0.,0.785398163397,
1.570796326795),.UNSPECIFIED.)
GEOMETRIC_REPRESENTATION_ITEM()
RATIONAL_B_SPLINE_SURFACE(((1.,1.,1.,1.,1.,1.,1.,1.,1.,1.,1.,1.,1.,1.,1.,
1.,1.,1.,1.,1.),(0.935542649081,0.935542649081,0.931881562068,0.924254693551,
0.91362903926,0.896765518573,0.877389276849,0.85979571445,0.842523444196,
0.826774345686,0.797802683107,0.784613705114,0.772699219547,0.761843377405,
0.751802338527,0.742366958572,0.733360323134,0.724607786101,0.715917169396,
0.707106781187),(1.,1.,1.,1.,1.,1.,1.,1.,1.,1.,1.,1.,1.,1.,1.,1.,1.,1.,
1.,1.)))
REPRESENTATION_ITEM('')
SURFACE()
);
#59=(
BOUNDED_SURFACE()
B_SPLINE_SURFACE(2,8,((#4165,#4166,#4167,#4168,#4169,#4170,#4171,#4172,
#4173,#4174,#4175,#4176,#4177,#4178,#4179,#4180,#4181,#4182,#4183,#4184,
#4185,#4186,#4187),(#4188,#4189,#4190,#4191,#4192,#4193,#4194,#4195,#4196,
#4197,#4198,#4199,#4200,#4201,#4202,#4203,#4204,#4205,#4206,#4207,#4208,
#4209,#4210),(#4211,#4212,#4213,#4214,#4215,#4216,#4217,#4218,#4219,#4220,
#4221,#4222,#4223,#4224,#4225,#4226,#4227,#4228,#4229,#4230,#4231,#4232,
#4233)),.UNSPECIFIED.,.F.,.F.,.F.)
B_SPLINE_SURFACE_WITH_KNOTS((3,3),(9,7,7,9),(0.,1.570796326795),(1.84275414034E-13,
0.785398163398,1.178097245096,1.570796326795),.UNSPECIFIED.)
GEOMETRIC_REPRESENTATION_ITEM()
RATIONAL_B_SPLINE_SURFACE(((1.,1.,1.,1.,1.,1.,1.,1.,1.,1.,1.,1.,1.,1.,1.,
1.,1.,1.,1.,1.,1.,1.,1.),(0.707106781187,0.715793194701,0.724359998232,
0.733182532964,0.742650139737,0.753143325122,0.765192828426,0.779641906402,
0.806628775375,0.816502848483,0.827426296538,0.839472454969,0.852843155931,
0.867632176693,0.883400860274,0.914280576261,0.929366909051,0.943154966164,
0.952882888809,0.958958689698,0.963057230131,0.965022253137,0.965022253137),
(1.,1.,1.,1.,1.,1.,1.,1.,1.,1.,1.,1.,1.,1.,1.,1.,1.,1.,1.,1.,1.,1.,1.)))
REPRESENTATION_ITEM('')
SURFACE()
);
#60=(
BOUNDED_SURFACE()
B_SPLINE_SURFACE(2,8,((#4271,#4272,#4273,#4274,#4275,#4276,#4277,#4278,
#4279,#4280,#4281,#4282,#4283,#4284,#4285,#4286,#4287,#4288,#4289,#4290,
#4291,#4292,#4293),(#4294,#4295,#4296,#4297,#4298,#4299,#4300,#4301,#4302,
#4303,#4304,#4305,#4306,#4307,#4308,#4309,#4310,#4311,#4312,#4313,#4314,
#4315,#4316),(#4317,#4318,#4319,#4320,#4321,#4322,#4323,#4324,#4325,#4326,
#4327,#4328,#4329,#4330,#4331,#4332,#4333,#4334,#4335,#4336,#4337,#4338,
#4339)),.UNSPECIFIED.,.F.,.F.,.F.)
B_SPLINE_SURFACE_WITH_KNOTS((3,3),(9,7,7,9),(0.,1.570796326795),(9.384400092255E-15,
0.785398163397,1.178097245096,1.570796326795),.UNSPECIFIED.)
GEOMETRIC_REPRESENTATION_ITEM()
RATIONAL_B_SPLINE_SURFACE(((1.,1.,1.,1.,1.,1.,1.,1.,1.,1.,1.,1.,1.,1.,1.,
1.,1.,1.,1.,1.,1.,1.,1.),(0.707106781187,0.715793194701,0.724359998232,
0.733182532964,0.742650139737,0.753143325122,0.765192828426,0.779641906402,
0.806628775375,0.816502848483,0.827426296538,0.839472454969,0.852843155931,
0.867632176693,0.883400860274,0.914280576261,0.929366909051,0.943154966164,
0.952882888808,0.958958689698,0.963057230131,0.965022253137,0.965022253137),
(1.,1.,1.,1.,1.,1.,1.,1.,1.,1.,1.,1.,1.,1.,1.,1.,1.,1.,1.,1.,1.,1.,1.)))
REPRESENTATION_ITEM('')
SURFACE()
);
#61=(
BOUNDED_SURFACE()
B_SPLINE_SURFACE(2,7,((#4373,#4374,#4375,#4376,#4377,#4378,#4379,#4380),
(#4381,#4382,#4383,#4384,#4385,#4386,#4387,#4388),(#4389,#4390,#4391,#4392,
#4393,#4394,#4395,#4396)),.UNSPECIFIED.,.F.,.F.,.F.)
B_SPLINE_SURFACE_WITH_KNOTS((3,3),(8,8),(0.,1.599390216084),(2.945345571501E-8,
1.599390245538),.UNSPECIFIED.)
GEOMETRIC_REPRESENTATION_ITEM()
RATIONAL_B_SPLINE_SURFACE(((1.,1.,1.,1.,1.,1.,1.,1.),(1.,1.00000000058,
0.996436760841,0.989490095786,0.979707656623,0.969765496846,0.965022253137,
0.965022253137),(1.,1.,1.,1.,1.,1.,1.,1.)))
REPRESENTATION_ITEM('')
SURFACE()
);
#62=(
BOUNDED_SURFACE()
B_SPLINE_SURFACE(2,7,((#4433,#4434,#4435,#4436,#4437,#4438,#4439,#4440),
(#4441,#4442,#4443,#4444,#4445,#4446,#4447,#4448),(#4449,#4450,#4451,#4452,
#4453,#4454,#4455,#4456)),.UNSPECIFIED.,.F.,.F.,.F.)
B_SPLINE_SURFACE_WITH_KNOTS((3,3),(8,8),(0.,1.599390185322),(1.414375409153E-13,
1.599390185322),.UNSPECIFIED.)
GEOMETRIC_REPRESENTATION_ITEM()
RATIONAL_B_SPLINE_SURFACE(((1.,1.,1.,1.,1.,1.,1.,1.),(1.,1.,0.996436760681,
0.98949009445,0.979707656474,0.969765496549,0.965022253137,0.965022253137),
(1.,1.,1.,1.,1.,1.,1.,1.)))
REPRESENTATION_ITEM('')
SURFACE()
);
#63=PLANE('',#2228);
#64=PLANE('',#2234);
#65=PLANE('',#2237);
#66=PLANE('',#2239);
#67=PLANE('',#2241);
#68=PLANE('',#2242);
#69=PLANE('',#2244);
#70=PLANE('',#2272);
#71=PLANE('',#2279);
#72=PLANE('',#2280);
#73=PLANE('',#2287);
#74=PLANE('',#2303);
#75=PLANE('',#2305);
#76=PLANE('',#2308);
#77=PLANE('',#2309);
#78=PLANE('',#2311);
#79=PLANE('',#2313);
#80=PLANE('',#2315);
#81=PLANE('',#2327);
#82=PLANE('',#2343);
#83=PLANE('',#2344);
#84=PLANE('',#2345);
#85=PLANE('',#2346);
#86=PLANE('',#2349);
#87=PLANE('',#2368);
#88=PLANE('',#2376);
#89=PLANE('',#2381);
#90=PLANE('',#2382);
#91=PLANE('',#2387);
#92=PLANE('',#2388);
#93=PLANE('',#2389);
#94=PLANE('',#2425);
#95=PLANE('',#2426);
#96=PLANE('',#2431);
#97=PLANE('',#2432);
#98=PLANE('',#2437);
#99=PLANE('',#2440);
#100=PLANE('',#2446);
#101=PLANE('',#2447);
#102=PLANE('',#2448);
#103=PLANE('',#2456);
#104=LINE('',#3148,#271);
#105=LINE('',#3151,#272);
#106=LINE('',#3203,#273);
#107=LINE('',#3205,#274);
#108=LINE('',#3206,#275);
#109=LINE('',#3209,#276);
#110=LINE('',#3225,#277);
#111=LINE('',#3228,#278);
#112=LINE('',#3283,#279);
#113=LINE('',#3286,#280);
#114=LINE('',#3338,#281);
#115=LINE('',#3340,#282);
#116=LINE('',#3341,#283);
#117=LINE('',#3344,#284);
#118=LINE('',#3375,#285);
#119=LINE('',#3378,#286);
#120=LINE('',#3412,#287);
#121=LINE('',#3424,#288);
#122=LINE('',#3427,#289);
#123=LINE('',#3429,#290);
#124=LINE('',#3430,#291);
#125=LINE('',#3473,#292);
#126=LINE('',#3481,#293);
#127=LINE('',#3484,#294);
#128=LINE('',#3486,#295);
#129=LINE('',#3494,#296);
#130=LINE('',#3497,#297);
#131=LINE('',#3499,#298);
#132=LINE('',#3533,#299);
#133=LINE('',#3545,#300);
#134=LINE('',#3548,#301);
#135=LINE('',#3550,#302);
#136=LINE('',#3551,#303);
#137=LINE('',#3594,#304);
#138=LINE('',#3597,#305);
#139=LINE('',#3608,#306);
#140=LINE('',#3611,#307);
#141=LINE('',#3612,#308);
#142=LINE('',#3615,#309);
#143=LINE('',#3645,#310);
#144=LINE('',#3652,#311);
#145=LINE('',#3663,#312);
#146=LINE('',#3667,#313);
#147=LINE('',#3678,#314);
#148=LINE('',#3688,#315);
#149=LINE('',#3689,#316);
#150=LINE('',#3703,#317);
#151=LINE('',#3709,#318);
#152=LINE('',#3715,#319);
#153=LINE('',#3720,#320);
#154=LINE('',#3722,#321);
#155=LINE('',#3724,#322);
#156=LINE('',#3726,#323);
#157=LINE('',#3728,#324);
#158=LINE('',#3730,#325);
#159=LINE('',#3732,#326);
#160=LINE('',#3733,#327);
#161=LINE('',#3738,#328);
#162=LINE('',#3745,#329);
#163=LINE('',#3748,#330);
#164=LINE('',#3750,#331);
#165=LINE('',#3751,#332);
#166=LINE('',#3754,#333);
#167=LINE('',#3756,#334);
#168=LINE('',#3757,#335);
#169=LINE('',#3762,#336);
#170=LINE('',#3769,#337);
#171=LINE('',#3771,#338);
#172=LINE('',#3772,#339);
#173=LINE('',#3783,#340);
#174=LINE('',#3784,#341);
#175=LINE('',#3792,#342);
#176=LINE('',#3793,#343);
#177=LINE('',#3802,#344);
#178=LINE('',#3803,#345);
#179=LINE('',#3833,#346);
#180=LINE('',#3835,#347);
#181=LINE('',#3837,#348);
#182=LINE('',#3859,#349);
#183=LINE('',#3889,#350);
#184=LINE('',#3892,#351);
#185=LINE('',#3914,#352);
#186=LINE('',#3928,#353);
#187=LINE('',#3932,#354);
#188=LINE('',#3942,#355);
#189=LINE('',#3945,#356);
#190=LINE('',#3947,#357);
#191=LINE('',#3950,#358);
#192=LINE('',#3953,#359);
#193=LINE('',#3982,#360);
#194=LINE('',#4047,#361);
#195=LINE('',#4112,#362);
#196=LINE('',#4114,#363);
#197=LINE('',#4116,#364);
#198=LINE('',#4118,#365);
#199=LINE('',#4120,#366);
#200=LINE('',#4122,#367);
#201=LINE('',#4129,#368);
#202=LINE('',#4131,#369);
#203=LINE('',#4164,#370);
#204=LINE('',#4262,#371);
#205=LINE('',#4267,#372);
#206=LINE('',#4270,#373);
#207=LINE('',#4368,#374);
#208=LINE('',#4371,#375);
#209=LINE('',#4407,#376);
#210=LINE('',#4409,#377);
#211=LINE('',#4410,#378);
#212=LINE('',#4413,#379);
#213=LINE('',#4417,#380);
#214=LINE('',#4421,#381);
#215=LINE('',#4425,#382);
#216=LINE('',#4431,#383);
#217=LINE('',#4476,#384);
#218=LINE('',#4478,#385);
#219=LINE('',#4479,#386);
#220=LINE('',#4483,#387);
#221=LINE('',#4487,#388);
#222=LINE('',#4490,#389);
#223=LINE('',#4491,#390);
#224=LINE('',#4494,#391);
#225=LINE('',#4495,#392);
#226=LINE('',#4499,#393);
#227=LINE('',#4503,#394);
#228=LINE('',#4505,#395);
#229=LINE('',#4508,#396);
#230=LINE('',#4510,#397);
#231=LINE('',#4511,#398);
#232=LINE('',#4514,#399);
#233=LINE('',#4516,#400);
#234=LINE('',#4518,#401);
#235=LINE('',#4519,#402);
#236=LINE('',#4522,#403);
#237=LINE('',#4526,#404);
#238=LINE('',#4530,#405);
#239=LINE('',#4534,#406);
#240=LINE('',#4539,#407);
#241=LINE('',#4549,#408);
#242=LINE('',#4558,#409);
#243=LINE('',#4563,#410);
#244=LINE('',#4570,#411);
#245=LINE('',#4579,#412);
#246=LINE('',#4583,#413);
#247=LINE('',#4590,#414);
#248=LINE('',#4592,#415);
#249=LINE('',#4593,#416);
#250=LINE('',#4597,#417);
#251=LINE('',#4598,#418);
#252=LINE('',#4599,#419);
#253=LINE('',#4603,#420);
#254=LINE('',#4607,#421);
#255=LINE('',#4610,#422);
#256=LINE('',#4611,#423);
#257=LINE('',#4614,#424);
#258=LINE('',#4615,#425);
#259=LINE('',#4619,#426);
#260=LINE('',#4623,#427);
#261=LINE('',#4625,#428);
#262=LINE('',#4628,#429);
#263=LINE('',#4631,#430);
#264=LINE('',#4634,#431);
#265=LINE('',#4635,#432);
#266=LINE('',#4639,#433);
#267=LINE('',#4644,#434);
#268=LINE('',#4647,#435);
#269=LINE('',#4648,#436);
#270=LINE('',#4650,#437);
#271=VECTOR('',#2464,10.);
#272=VECTOR('',#2467,10.);
#273=VECTOR('',#2470,0.999999999999646);
#274=VECTOR('',#2471,1.);
#275=VECTOR('',#2472,0.999999999999646);
#276=VECTOR('',#2475,0.999999999999646);
#277=VECTOR('',#2476,10.);
#278=VECTOR('',#2479,10.);
#279=VECTOR('',#2484,10.);
#280=VECTOR('',#2487,10.);
#281=VECTOR('',#2490,0.999999999999646);
#282=VECTOR('',#2491,1.);
#283=VECTOR('',#2492,0.999999999999646);
#284=VECTOR('',#2495,0.999999999999646);
#285=VECTOR('',#2496,10.);
#286=VECTOR('',#2499,10.);
#287=VECTOR('',#2500,10.);
#288=VECTOR('',#2501,10.);
#289=VECTOR('',#2504,10.);
#290=VECTOR('',#2505,10.);
#291=VECTOR('',#2506,10.);
#292=VECTOR('',#2507,10.);
#293=VECTOR('',#2508,10.);
#294=VECTOR('',#2511,10.);
#295=VECTOR('',#2514,10.);
#296=VECTOR('',#2515,10.);
#297=VECTOR('',#2518,10.);
#298=VECTOR('',#2521,10.);
#299=VECTOR('',#2522,10.);
#300=VECTOR('',#2523,10.);
#301=VECTOR('',#2526,10.);
#302=VECTOR('',#2527,10.);
#303=VECTOR('',#2528,10.);
#304=VECTOR('',#2529,10.);
#305=VECTOR('',#2532,0.999999999999646);
#306=VECTOR('',#2533,0.999999999999646);
#307=VECTOR('',#2536,0.999999999999646);
#308=VECTOR('',#2537,1.);
#309=VECTOR('',#2540,0.999999999999646);
#310=VECTOR('',#2553,1.);
#311=VECTOR('',#2562,0.999999999999646);
#312=VECTOR('',#2563,0.999999999999646);
#313=VECTOR('',#2566,1.00000000000043);
#314=VECTOR('',#2567,1.00000000000043);
#315=VECTOR('',#2580,1.00000000000043);
#316=VECTOR('',#2581,1.00000000000043);
#317=VECTOR('',#2586,2.7);
#318=VECTOR('',#2593,2.7);
#319=VECTOR('',#2600,2.7);
#320=VECTOR('',#2605,1.00000000000064);
#321=VECTOR('',#2606,1.);
#322=VECTOR('',#2607,1.00000000000064);
#323=VECTOR('',#2608,1.);
#324=VECTOR('',#2609,1.00000000000064);
#325=VECTOR('',#2610,1.);
#326=VECTOR('',#2611,1.00000000000064);
#327=VECTOR('',#2612,1.);
#328=VECTOR('',#2617,1.);
#329=VECTOR('',#2626,1.);
#330=VECTOR('',#2629,1.00000000000064);
#331=VECTOR('',#2630,1.00000000000064);
#332=VECTOR('',#2631,1.);
#333=VECTOR('',#2634,1.00000000000064);
#334=VECTOR('',#2635,1.);
#335=VECTOR('',#2636,1.00000000000064);
#336=VECTOR('',#2641,1.);
#337=VECTOR('',#2650,1.);
#338=VECTOR('',#2653,1.00000000000064);
#339=VECTOR('',#2654,1.00000000000064);
#340=VECTOR('',#2667,1.00000000000043);
#341=VECTOR('',#2668,1.00000000000043);
#342=VECTOR('',#2679,1.00000000000043);
#343=VECTOR('',#2680,1.00000000000043);
#344=VECTOR('',#2691,1.);
#345=VECTOR('',#2692,0.999999999999646);
#346=VECTOR('',#2697,1.);
#347=VECTOR('',#2698,1.);
#348=VECTOR('',#2699,1.00000000000043);
#349=VECTOR('',#2700,1.);
#350=VECTOR('',#2705,1.);
#351=VECTOR('',#2708,1.);
#352=VECTOR('',#2709,1.00000000000043);
#353=VECTOR('',#2726,1.00000000000006);
#354=VECTOR('',#2729,1.00000000000006);
#355=VECTOR('',#2740,9.7);
#356=VECTOR('',#2743,1.);
#357=VECTOR('',#2744,1.);
#358=VECTOR('',#2747,1.);
#359=VECTOR('',#2750,1.);
#360=VECTOR('',#2765,0.999999999999646);
#361=VECTOR('',#2772,1.00000000000043);
#362=VECTOR('',#2781,1.00000000000043);
#363=VECTOR('',#2784,1.5);
#364=VECTOR('',#2787,1.5);
#365=VECTOR('',#2790,1.5);
#366=VECTOR('',#2793,1.00000000000006);
#367=VECTOR('',#2796,1.00000000000006);
#368=VECTOR('',#2807,0.999999999999646);
#369=VECTOR('',#2808,1.);
#370=VECTOR('',#2823,1.);
#371=VECTOR('',#2830,1.);
#372=VECTOR('',#2835,1.);
#373=VECTOR('',#2838,1.);
#374=VECTOR('',#2845,1.);
#375=VECTOR('',#2848,1.);
#376=VECTOR('',#2853,1.);
#377=VECTOR('',#2854,1.);
#378=VECTOR('',#2855,1.);
#379=VECTOR('',#2856,1.);
#380=VECTOR('',#2859,1.);
#381=VECTOR('',#2862,1.);
#382=VECTOR('',#2865,1.);
#383=VECTOR('',#2872,1.);
#384=VECTOR('',#2877,1.);
#385=VECTOR('',#2878,1.);
#386=VECTOR('',#2879,1.);
#387=VECTOR('',#2884,1.);
#388=VECTOR('',#2889,1.);
#389=VECTOR('',#2892,1.);
#390=VECTOR('',#2893,1.);
#391=VECTOR('',#2896,1.);
#392=VECTOR('',#2897,1.);
#393=VECTOR('',#2902,1.);
#394=VECTOR('',#2907,1.);
#395=VECTOR('',#2910,1.);
#396=VECTOR('',#2913,1.);
#397=VECTOR('',#2914,1.);
#398=VECTOR('',#2915,1.);
#399=VECTOR('',#2918,1.);
#400=VECTOR('',#2919,1.);
#401=VECTOR('',#2920,1.);
#402=VECTOR('',#2921,1.);
#403=VECTOR('',#2922,1.);
#404=VECTOR('',#2925,1.);
#405=VECTOR('',#2928,1.);
#406=VECTOR('',#2931,1.);
#407=VECTOR('',#2936,1.);
#408=VECTOR('',#2951,1.);
#409=VECTOR('',#2962,1.);
#410=VECTOR('',#2969,1.);
#411=VECTOR('',#2978,1.);
#412=VECTOR('',#2991,1.);
#413=VECTOR('',#2996,1.);
#414=VECTOR('',#3005,1.);
#415=VECTOR('',#3006,1.);
#416=VECTOR('',#3007,1.);
#417=VECTOR('',#3010,1.);
#418=VECTOR('',#3011,1.);
#419=VECTOR('',#3012,1.);
#420=VECTOR('',#3017,1.);
#421=VECTOR('',#3022,1.);
#422=VECTOR('',#3025,1.);
#423=VECTOR('',#3026,1.);
#424=VECTOR('',#3029,1.);
#425=VECTOR('',#3030,1.);
#426=VECTOR('',#3035,1.);
#427=VECTOR('',#3040,1.);
#428=VECTOR('',#3043,1.);
#429=VECTOR('',#3046,1.);
#430=VECTOR('',#3049,1.);
#431=VECTOR('',#3052,1.);
#432=VECTOR('',#3053,1.);
#433=VECTOR('',#3058,1.);
#434=VECTOR('',#3063,1.);
#435=VECTOR('',#3068,0.999999999999646);
#436=VECTOR('',#3069,1.);
#437=VECTOR('',#3072,1.);
#438=CYLINDRICAL_SURFACE('',#2226,115.5);
#439=CYLINDRICAL_SURFACE('',#2229,1.);
#440=CYLINDRICAL_SURFACE('',#2232,115.5);
#441=CYLINDRICAL_SURFACE('',#2235,1.);
#442=CYLINDRICAL_SURFACE('',#2243,1.);
#443=CYLINDRICAL_SURFACE('',#2245,1.);
#444=CYLINDRICAL_SURFACE('',#2250,13.918366952856);
#445=CYLINDRICAL_SURFACE('',#2255,1.);
#446=CYLINDRICAL_SURFACE('',#2256,1.);
#447=CYLINDRICAL_SURFACE('',#2262,1.);
#448=CYLINDRICAL_SURFACE('',#2263,2.7);
#449=CYLINDRICAL_SURFACE('',#2266,2.7);
#450=CYLINDRICAL_SURFACE('',#2269,2.7);
#451=CYLINDRICAL_SURFACE('',#2273,1.);
#452=CYLINDRICAL_SURFACE('',#2276,1.);
#453=CYLINDRICAL_SURFACE('',#2281,1.);
#454=CYLINDRICAL_SURFACE('',#2284,1.);
#455=CYLINDRICAL_SURFACE('',#2292,1.);
#456=CYLINDRICAL_SURFACE('',#2298,1.);
#457=CYLINDRICAL_SURFACE('',#2307,14.);
#458=CYLINDRICAL_SURFACE('',#2322,9.7);
#459=CYLINDRICAL_SURFACE('',#2328,13.918366952856);
#460=CYLINDRICAL_SURFACE('',#2330,1.);
#461=CYLINDRICAL_SURFACE('',#2332,1.);
#462=CYLINDRICAL_SURFACE('',#2334,1.);
#463=CYLINDRICAL_SURFACE('',#2336,1.);
#464=CYLINDRICAL_SURFACE('',#2339,1.);
#465=CYLINDRICAL_SURFACE('',#2340,1.5);
#466=CYLINDRICAL_SURFACE('',#2341,1.5);
#467=CYLINDRICAL_SURFACE('',#2342,1.5);
#468=CYLINDRICAL_SURFACE('',#2354,1.);
#469=CYLINDRICAL_SURFACE('',#2355,1.);
#470=CYLINDRICAL_SURFACE('',#2358,1.);
#471=CYLINDRICAL_SURFACE('',#2360,1.);
#472=CYLINDRICAL_SURFACE('',#2364,1.);
#473=CYLINDRICAL_SURFACE('',#2366,13.918366952856);
#474=CYLINDRICAL_SURFACE('',#2373,3.);
#475=CYLINDRICAL_SURFACE('',#2377,4.15);
#476=CYLINDRICAL_SURFACE('',#2379,4.15);
#477=CYLINDRICAL_SURFACE('',#2383,4.15);
#478=CYLINDRICAL_SURFACE('',#2385,4.15);
#479=CYLINDRICAL_SURFACE('',#2394,3.);
#480=CYLINDRICAL_SURFACE('',#2400,1.);
#481=CYLINDRICAL_SURFACE('',#2405,1.);
#482=CYLINDRICAL_SURFACE('',#2408,1.);
#483=CYLINDRICAL_SURFACE('',#2413,1.);
#484=CYLINDRICAL_SURFACE('',#2418,1.);
#485=CYLINDRICAL_SURFACE('',#2420,1.);
#486=CYLINDRICAL_SURFACE('',#2427,4.15);
#487=CYLINDRICAL_SURFACE('',#2429,4.15);
#488=CYLINDRICAL_SURFACE('',#2433,4.15);
#489=CYLINDRICAL_SURFACE('',#2435,4.15);
#490=CYLINDRICAL_SURFACE('',#2438,1.);
#491=CYLINDRICAL_SURFACE('',#2441,1.);
#492=CYLINDRICAL_SURFACE('',#2443,1.);
#493=CYLINDRICAL_SURFACE('',#2452,13.918366952856);
#494=CYLINDRICAL_SURFACE('',#2457,1.);
#495=FACE_OUTER_BOUND('',#628,.T.);
#496=FACE_OUTER_BOUND('',#629,.T.);
#497=FACE_OUTER_BOUND('',#630,.T.);
#498=FACE_OUTER_BOUND('',#631,.T.);
#499=FACE_OUTER_BOUND('',#632,.T.);
#500=FACE_OUTER_BOUND('',#633,.T.);
#501=FACE_OUTER_BOUND('',#634,.T.);
#502=FACE_OUTER_BOUND('',#635,.T.);
#503=FACE_OUTER_BOUND('',#636,.T.);
#504=FACE_OUTER_BOUND('',#637,.T.);
#505=FACE_OUTER_BOUND('',#638,.T.);
#506=FACE_OUTER_BOUND('',#639,.T.);
#507=FACE_OUTER_BOUND('',#640,.T.);
#508=FACE_OUTER_BOUND('',#641,.T.);
#509=FACE_OUTER_BOUND('',#642,.T.);
#510=FACE_OUTER_BOUND('',#643,.T.);
#511=FACE_OUTER_BOUND('',#644,.T.);
#512=FACE_OUTER_BOUND('',#645,.T.);
#513=FACE_OUTER_BOUND('',#646,.T.);
#514=FACE_OUTER_BOUND('',#647,.T.);
#515=FACE_OUTER_BOUND('',#648,.T.);
#516=FACE_OUTER_BOUND('',#649,.T.);
#517=FACE_OUTER_BOUND('',#650,.T.);
#518=FACE_OUTER_BOUND('',#651,.T.);
#519=FACE_OUTER_BOUND('',#652,.T.);
#520=FACE_OUTER_BOUND('',#653,.T.);
#521=FACE_OUTER_BOUND('',#654,.T.);
#522=FACE_OUTER_BOUND('',#655,.T.);
#523=FACE_OUTER_BOUND('',#656,.T.);
#524=FACE_OUTER_BOUND('',#657,.T.);
#525=FACE_OUTER_BOUND('',#658,.T.);
#526=FACE_OUTER_BOUND('',#659,.T.);
#527=FACE_OUTER_BOUND('',#660,.T.);
#528=FACE_OUTER_BOUND('',#661,.T.);
#529=FACE_OUTER_BOUND('',#662,.T.);
#530=FACE_OUTER_BOUND('',#663,.T.);
#531=FACE_OUTER_BOUND('',#664,.T.);
#532=FACE_OUTER_BOUND('',#665,.T.);
#533=FACE_OUTER_BOUND('',#666,.T.);
#534=FACE_OUTER_BOUND('',#667,.T.);
#535=FACE_OUTER_BOUND('',#668,.T.);
#536=FACE_OUTER_BOUND('',#669,.T.);
#537=FACE_OUTER_BOUND('',#670,.T.);
#538=FACE_OUTER_BOUND('',#671,.T.);
#539=FACE_OUTER_BOUND('',#672,.T.);
#540=FACE_OUTER_BOUND('',#673,.T.);
#541=FACE_OUTER_BOUND('',#674,.T.);
#542=FACE_OUTER_BOUND('',#675,.T.);
#543=FACE_OUTER_BOUND('',#676,.T.);
#544=FACE_OUTER_BOUND('',#677,.T.);
#545=FACE_OUTER_BOUND('',#678,.T.);
#546=FACE_OUTER_BOUND('',#679,.T.);
#547=FACE_OUTER_BOUND('',#680,.T.);
#548=FACE_OUTER_BOUND('',#681,.T.);
#549=FACE_OUTER_BOUND('',#682,.T.);
#550=FACE_OUTER_BOUND('',#684,.T.);
#551=FACE_OUTER_BOUND('',#686,.T.);
#552=FACE_OUTER_BOUND('',#688,.T.);
#553=FACE_OUTER_BOUND('',#692,.T.);
#554=FACE_OUTER_BOUND('',#693,.T.);
#555=FACE_OUTER_BOUND('',#694,.T.);
#556=FACE_OUTER_BOUND('',#695,.T.);
#557=FACE_OUTER_BOUND('',#696,.T.);
#558=FACE_OUTER_BOUND('',#697,.T.);
#559=FACE_OUTER_BOUND('',#698,.T.);
#560=FACE_OUTER_BOUND('',#699,.T.);
#561=FACE_OUTER_BOUND('',#700,.T.);
#562=FACE_OUTER_BOUND('',#701,.T.);
#563=FACE_OUTER_BOUND('',#702,.T.);
#564=FACE_OUTER_BOUND('',#703,.T.);
#565=FACE_OUTER_BOUND('',#704,.T.);
#566=FACE_OUTER_BOUND('',#705,.T.);
#567=FACE_OUTER_BOUND('',#706,.T.);
#568=FACE_OUTER_BOUND('',#707,.T.);
#569=FACE_OUTER_BOUND('',#708,.T.);
#570=FACE_OUTER_BOUND('',#709,.T.);
#571=FACE_OUTER_BOUND('',#710,.T.);
#572=FACE_OUTER_BOUND('',#711,.T.);
#573=FACE_OUTER_BOUND('',#712,.T.);
#574=FACE_OUTER_BOUND('',#713,.T.);
#575=FACE_OUTER_BOUND('',#714,.T.);
#576=FACE_OUTER_BOUND('',#715,.T.);
#577=FACE_OUTER_BOUND('',#716,.T.);
#578=FACE_OUTER_BOUND('',#717,.T.);
#579=FACE_OUTER_BOUND('',#718,.T.);
#580=FACE_OUTER_BOUND('',#719,.T.);
#581=FACE_OUTER_BOUND('',#720,.T.);
#582=FACE_OUTER_BOUND('',#721,.T.);
#583=FACE_OUTER_BOUND('',#723,.T.);
#584=FACE_OUTER_BOUND('',#724,.T.);
#585=FACE_OUTER_BOUND('',#725,.T.);
#586=FACE_OUTER_BOUND('',#726,.T.);
#587=FACE_OUTER_BOUND('',#727,.T.);
#588=FACE_OUTER_BOUND('',#728,.T.);
#589=FACE_OUTER_BOUND('',#729,.T.);
#590=FACE_OUTER_BOUND('',#730,.T.);
#591=FACE_OUTER_BOUND('',#731,.T.);
#592=FACE_OUTER_BOUND('',#732,.T.);
#593=FACE_OUTER_BOUND('',#733,.T.);
#594=FACE_OUTER_BOUND('',#734,.T.);
#595=FACE_OUTER_BOUND('',#736,.T.);
#596=FACE_OUTER_BOUND('',#737,.T.);
#597=FACE_OUTER_BOUND('',#738,.T.);
#598=FACE_OUTER_BOUND('',#739,.T.);
#599=FACE_OUTER_BOUND('',#740,.T.);
#600=FACE_OUTER_BOUND('',#741,.T.);
#601=FACE_OUTER_BOUND('',#742,.T.);
#602=FACE_OUTER_BOUND('',#743,.T.);
#603=FACE_OUTER_BOUND('',#744,.T.);
#604=FACE_OUTER_BOUND('',#745,.T.);
#605=FACE_OUTER_BOUND('',#746,.T.);
#606=FACE_OUTER_BOUND('',#747,.T.);
#607=FACE_OUTER_BOUND('',#748,.T.);
#608=FACE_OUTER_BOUND('',#750,.T.);
#609=FACE_OUTER_BOUND('',#751,.T.);
#610=FACE_OUTER_BOUND('',#752,.T.);
#611=FACE_OUTER_BOUND('',#753,.T.);
#612=FACE_OUTER_BOUND('',#754,.T.);
#613=FACE_OUTER_BOUND('',#755,.T.);
#614=FACE_OUTER_BOUND('',#756,.T.);
#615=FACE_OUTER_BOUND('',#757,.T.);
#616=FACE_OUTER_BOUND('',#758,.T.);
#617=FACE_OUTER_BOUND('',#759,.T.);
#618=FACE_OUTER_BOUND('',#760,.T.);
#619=FACE_OUTER_BOUND('',#761,.T.);
#620=FACE_OUTER_BOUND('',#762,.T.);
#621=FACE_OUTER_BOUND('',#767,.T.);
#622=FACE_OUTER_BOUND('',#769,.T.);
#623=FACE_OUTER_BOUND('',#771,.T.);
#624=FACE_OUTER_BOUND('',#772,.T.);
#625=FACE_OUTER_BOUND('',#773,.T.);
#626=FACE_OUTER_BOUND('',#774,.T.);
#627=FACE_OUTER_BOUND('',#775,.T.);
#628=EDGE_LOOP('',(#1432,#1433,#1434));
#629=EDGE_LOOP('',(#1435,#1436,#1437,#1438));
#630=EDGE_LOOP('',(#1439,#1440,#1441));
#631=EDGE_LOOP('',(#1442,#1443,#1444,#1445));
#632=EDGE_LOOP('',(#1446,#1447,#1448,#1449));
#633=EDGE_LOOP('',(#1450,#1451,#1452,#1453));
#634=EDGE_LOOP('',(#1454,#1455,#1456));
#635=EDGE_LOOP('',(#1457,#1458,#1459,#1460));
#636=EDGE_LOOP('',(#1461,#1462,#1463));
#637=EDGE_LOOP('',(#1464,#1465,#1466,#1467));
#638=EDGE_LOOP('',(#1468,#1469,#1470,#1471));
#639=EDGE_LOOP('',(#1472,#1473,#1474,#1475));
#640=EDGE_LOOP('',(#1476,#1477,#1478,#1479));
#641=EDGE_LOOP('',(#1480,#1481,#1482,#1483));
#642=EDGE_LOOP('',(#1484,#1485,#1486,#1487));
#643=EDGE_LOOP('',(#1488,#1489,#1490,#1491));
#644=EDGE_LOOP('',(#1492,#1493,#1494,#1495));
#645=EDGE_LOOP('',(#1496,#1497,#1498,#1499));
#646=EDGE_LOOP('',(#1500,#1501,#1502,#1503));
#647=EDGE_LOOP('',(#1504,#1505,#1506,#1507));
#648=EDGE_LOOP('',(#1508,#1509,#1510,#1511));
#649=EDGE_LOOP('',(#1512,#1513,#1514,#1515));
#650=EDGE_LOOP('',(#1516,#1517,#1518,#1519));
#651=EDGE_LOOP('',(#1520,#1521,#1522,#1523));
#652=EDGE_LOOP('',(#1524,#1525,#1526,#1527));
#653=EDGE_LOOP('',(#1528,#1529,#1530,#1531));
#654=EDGE_LOOP('',(#1532,#1533,#1534,#1535));
#655=EDGE_LOOP('',(#1536,#1537,#1538,#1539));
#656=EDGE_LOOP('',(#1540,#1541,#1542,#1543));
#657=EDGE_LOOP('',(#1544,#1545,#1546,#1547));
#658=EDGE_LOOP('',(#1548,#1549,#1550,#1551));
#659=EDGE_LOOP('',(#1552,#1553,#1554,#1555));
#660=EDGE_LOOP('',(#1556,#1557,#1558,#1559));
#661=EDGE_LOOP('',(#1560,#1561,#1562,#1563));
#662=EDGE_LOOP('',(#1564,#1565,#1566,#1567));
#663=EDGE_LOOP('',(#1568,#1569,#1570,#1571,#1572,#1573,#1574,#1575));
#664=EDGE_LOOP('',(#1576,#1577,#1578,#1579));
#665=EDGE_LOOP('',(#1580,#1581,#1582,#1583));
#666=EDGE_LOOP('',(#1584,#1585,#1586,#1587));
#667=EDGE_LOOP('',(#1588,#1589,#1590,#1591));
#668=EDGE_LOOP('',(#1592,#1593,#1594,#1595));
#669=EDGE_LOOP('',(#1596,#1597,#1598,#1599));
#670=EDGE_LOOP('',(#1600,#1601,#1602,#1603));
#671=EDGE_LOOP('',(#1604,#1605,#1606,#1607));
#672=EDGE_LOOP('',(#1608,#1609,#1610,#1611));
#673=EDGE_LOOP('',(#1612,#1613,#1614,#1615));
#674=EDGE_LOOP('',(#1616,#1617,#1618,#1619));
#675=EDGE_LOOP('',(#1620,#1621,#1622,#1623));
#676=EDGE_LOOP('',(#1624,#1625,#1626,#1627));
#677=EDGE_LOOP('',(#1628,#1629,#1630));
#678=EDGE_LOOP('',(#1631,#1632,#1633,#1634,#1635,#1636,#1637));
#679=EDGE_LOOP('',(#1638,#1639,#1640));
#680=EDGE_LOOP('',(#1641,#1642,#1643,#1644));
#681=EDGE_LOOP('',(#1645,#1646,#1647,#1648,#1649,#1650,#1651));
#682=EDGE_LOOP('',(#1652));
#683=EDGE_LOOP('',(#1653));
#684=EDGE_LOOP('',(#1654));
#685=EDGE_LOOP('',(#1655));
#686=EDGE_LOOP('',(#1656));
#687=EDGE_LOOP('',(#1657));
#688=EDGE_LOOP('',(#1658,#1659,#1660,#1661,#1662,#1663,#1664,#1665,#1666,
#1667,#1668,#1669,#1670,#1671));
#689=EDGE_LOOP('',(#1672));
#690=EDGE_LOOP('',(#1673));
#691=EDGE_LOOP('',(#1674));
#692=EDGE_LOOP('',(#1675,#1676,#1677,#1678,#1679,#1680,#1681,#1682,#1683,
#1684,#1685,#1686,#1687,#1688,#1689,#1690));
#693=EDGE_LOOP('',(#1691,#1692));
#694=EDGE_LOOP('',(#1693,#1694,#1695,#1696));
#695=EDGE_LOOP('',(#1697,#1698,#1699,#1700));
#696=EDGE_LOOP('',(#1701,#1702,#1703,#1704));
#697=EDGE_LOOP('',(#1705,#1706,#1707,#1708));
#698=EDGE_LOOP('',(#1709,#1710,#1711,#1712));
#699=EDGE_LOOP('',(#1713,#1714,#1715,#1716));
#700=EDGE_LOOP('',(#1717,#1718,#1719,#1720));
#701=EDGE_LOOP('',(#1721,#1722,#1723,#1724));
#702=EDGE_LOOP('',(#1725,#1726,#1727,#1728));
#703=EDGE_LOOP('',(#1729,#1730,#1731,#1732));
#704=EDGE_LOOP('',(#1733,#1734,#1735,#1736));
#705=EDGE_LOOP('',(#1737,#1738,#1739,#1740));
#706=EDGE_LOOP('',(#1741,#1742,#1743,#1744));
#707=EDGE_LOOP('',(#1745,#1746));
#708=EDGE_LOOP('',(#1747,#1748,#1749));
#709=EDGE_LOOP('',(#1750,#1751,#1752,#1753));
#710=EDGE_LOOP('',(#1754,#1755,#1756,#1757,#1758,#1759,#1760,#1761));
#711=EDGE_LOOP('',(#1762,#1763,#1764,#1765));
#712=EDGE_LOOP('',(#1766,#1767,#1768,#1769));
#713=EDGE_LOOP('',(#1770,#1771,#1772,#1773));
#714=EDGE_LOOP('',(#1774,#1775,#1776,#1777));
#715=EDGE_LOOP('',(#1778,#1779,#1780,#1781));
#716=EDGE_LOOP('',(#1782,#1783,#1784,#1785));
#717=EDGE_LOOP('',(#1786,#1787,#1788,#1789));
#718=EDGE_LOOP('',(#1790,#1791,#1792,#1793));
#719=EDGE_LOOP('',(#1794,#1795,#1796,#1797));
#720=EDGE_LOOP('',(#1798,#1799,#1800));
#721=EDGE_LOOP('',(#1801,#1802,#1803,#1804,#1805,#1806,#1807));
#722=EDGE_LOOP('',(#1808,#1809,#1810,#1811,#1812,#1813,#1814,#1815));
#723=EDGE_LOOP('',(#1816,#1817,#1818,#1819));
#724=EDGE_LOOP('',(#1820,#1821,#1822));
#725=EDGE_LOOP('',(#1823,#1824,#1825,#1826));
#726=EDGE_LOOP('',(#1827,#1828,#1829,#1830));
#727=EDGE_LOOP('',(#1831,#1832,#1833,#1834));
#728=EDGE_LOOP('',(#1835,#1836,#1837,#1838));
#729=EDGE_LOOP('',(#1839,#1840,#1841,#1842));
#730=EDGE_LOOP('',(#1843,#1844,#1845,#1846));
#731=EDGE_LOOP('',(#1847,#1848,#1849,#1850));
#732=EDGE_LOOP('',(#1851,#1852,#1853,#1854));
#733=EDGE_LOOP('',(#1855,#1856,#1857,#1858));
#734=EDGE_LOOP('',(#1859,#1860,#1861,#1862,#1863,#1864,#1865));
#735=EDGE_LOOP('',(#1866,#1867,#1868,#1869,#1870,#1871,#1872,#1873));
#736=EDGE_LOOP('',(#1874,#1875,#1876,#1877));
#737=EDGE_LOOP('',(#1878,#1879,#1880,#1881));
#738=EDGE_LOOP('',(#1882,#1883,#1884,#1885));
#739=EDGE_LOOP('',(#1886,#1887,#1888,#1889));
#740=EDGE_LOOP('',(#1890,#1891,#1892,#1893));
#741=EDGE_LOOP('',(#1894,#1895,#1896,#1897));
#742=EDGE_LOOP('',(#1898,#1899,#1900,#1901));
#743=EDGE_LOOP('',(#1902,#1903,#1904,#1905));
#744=EDGE_LOOP('',(#1906,#1907,#1908,#1909));
#745=EDGE_LOOP('',(#1910,#1911,#1912,#1913));
#746=EDGE_LOOP('',(#1914,#1915,#1916,#1917));
#747=EDGE_LOOP('',(#1918,#1919,#1920,#1921));
#748=EDGE_LOOP('',(#1922,#1923,#1924,#1925,#1926,#1927));
#749=EDGE_LOOP('',(#1928,#1929,#1930,#1931,#1932,#1933,#1934,#1935));
#750=EDGE_LOOP('',(#1936,#1937,#1938,#1939));
#751=EDGE_LOOP('',(#1940,#1941,#1942,#1943));
#752=EDGE_LOOP('',(#1944,#1945,#1946,#1947));
#753=EDGE_LOOP('',(#1948,#1949,#1950,#1951));
#754=EDGE_LOOP('',(#1952,#1953,#1954,#1955));
#755=EDGE_LOOP('',(#1956,#1957,#1958,#1959));
#756=EDGE_LOOP('',(#1960,#1961,#1962,#1963));
#757=EDGE_LOOP('',(#1964,#1965,#1966,#1967));
#758=EDGE_LOOP('',(#1968,#1969,#1970,#1971));
#759=EDGE_LOOP('',(#1972,#1973,#1974,#1975));
#760=EDGE_LOOP('',(#1976,#1977,#1978,#1979));
#761=EDGE_LOOP('',(#1980,#1981,#1982,#1983));
#762=EDGE_LOOP('',(#1984,#1985,#1986,#1987,#1988,#1989,#1990,#1991,#1992,
#1993,#1994,#1995,#1996,#1997,#1998,#1999,#2000,#2001));
#763=EDGE_LOOP('',(#2002));
#764=EDGE_LOOP('',(#2003));
#765=EDGE_LOOP('',(#2004));
#766=EDGE_LOOP('',(#2005,#2006,#2007,#2008,#2009,#2010,#2011,#2012));
#767=EDGE_LOOP('',(#2013,#2014,#2015,#2016,#2017,#2018));
#768=EDGE_LOOP('',(#2019,#2020,#2021,#2022,#2023,#2024,#2025,#2026));
#769=EDGE_LOOP('',(#2027,#2028,#2029,#2030,#2031,#2032,#2033,#2034,#2035,
#2036,#2037,#2038,#2039,#2040,#2041,#2042,#2043,#2044));
#770=EDGE_LOOP('',(#2045));
#771=EDGE_LOOP('',(#2046,#2047,#2048,#2049));
#772=EDGE_LOOP('',(#2050,#2051,#2052,#2053));
#773=EDGE_LOOP('',(#2054,#2055,#2056,#2057));
#774=EDGE_LOOP('',(#2058,#2059,#2060,#2061,#2062,#2063,#2064,#2065));
#775=EDGE_LOOP('',(#2066,#2067,#2068,#2069));
#776=B_SPLINE_CURVE_WITH_KNOTS('',3,(#3130,#3131,#3132,#3133,#3134,#3135,
#3136,#3137),.UNSPECIFIED.,.F.,.F.,(4,1,1,2,4),(0.,7.30725194776013,10.9608779216402,
18.2681298694003,18.2852301275598),.UNSPECIFIED.);
#777=B_SPLINE_CURVE_WITH_KNOTS('',3,(#3138,#3139,#3140,#3141,#3142,#3143,
#3144,#3145),.UNSPECIFIED.,.F.,.F.,(4,2,1,1,4),(-18.2852301275598,-18.2681298694003,
-10.9608779216402,-7.30725194776013,0.),.UNSPECIFIED.);
#778=B_SPLINE_CURVE_WITH_KNOTS('',3,(#3185,#3186,#3187,#3188,#3189,#3190,
#3191,#3192),.UNSPECIFIED.,.F.,.F.,(4,1,1,2,4),(-18.2681070323915,-10.9608642194349,
-7.3072428129566,0.,0.0171292873305239),.UNSPECIFIED.);
#779=B_SPLINE_CURVE_WITH_KNOTS('',3,(#3193,#3194,#3195,#3196,#3197,#3198,
#3199,#3200),.UNSPECIFIED.,.F.,.F.,(4,2,1,1,4),(-0.0171292873305239,0.,
7.3072428129566,10.9608642194349,18.2681070323915),.UNSPECIFIED.);
#780=B_SPLINE_CURVE_WITH_KNOTS('',7,(#3210,#3211,#3212,#3213,#3214,#3215,
#3216,#3217),.UNSPECIFIED.,.F.,.F.,(8,8),(2.945345571501E-8,1.599390245538),
 .UNSPECIFIED.);
#781=B_SPLINE_CURVE_WITH_KNOTS('',3,(#3265,#3266,#3267,#3268,#3269,#3270,
#3271,#3272),.UNSPECIFIED.,.F.,.F.,(4,1,1,2,4),(0.,7.30724281295661,10.9608642194349,
18.2681070323915,18.2852363197221),.UNSPECIFIED.);
#782=B_SPLINE_CURVE_WITH_KNOTS('',3,(#3273,#3274,#3275,#3276,#3277,#3278,
#3279,#3280),.UNSPECIFIED.,.F.,.F.,(4,2,1,1,4),(-18.2852363197221,-18.2681070323915,
-10.9608642194349,-7.30724281295661,0.),.UNSPECIFIED.);
#783=B_SPLINE_CURVE_WITH_KNOTS('',3,(#3320,#3321,#3322,#3323,#3324,#3325,
#3326,#3327),.UNSPECIFIED.,.F.,.F.,(4,1,1,2,4),(-18.268129845032,-10.4389313400183,
-7.82919850501369,0.,0.01710028912087),.UNSPECIFIED.);
#784=B_SPLINE_CURVE_WITH_KNOTS('',3,(#3328,#3329,#3330,#3331,#3332,#3333,
#3334,#3335),.UNSPECIFIED.,.F.,.F.,(4,2,1,1,4),(-0.01710028912087,0.,7.82919850501369,
10.4389313400183,18.268129845032),.UNSPECIFIED.);
#785=B_SPLINE_CURVE_WITH_KNOTS('',8,(#3345,#3346,#3347,#3348,#3349,#3350,
#3351,#3352,#3353,#3354,#3355,#3356,#3357,#3358,#3359,#3360,#3361,#3362,
#3363,#3364,#3365,#3366,#3367),.UNSPECIFIED.,.F.,.F.,(9,7,7,9),(9.384400092255E-15,
0.785398163397,1.178097245096,1.570796326795),.UNSPECIFIED.);
#786=B_SPLINE_CURVE_WITH_KNOTS('',3,(#3401,#3402,#3403,#3404,#3405,#3406,
#3407,#3408,#3409,#3410),.UNSPECIFIED.,.F.,.F.,(4,2,2,2,4),(0.299865511069199,
0.336571930953475,0.373808671783275,0.411644925373073,0.449907380756101),
 .UNSPECIFIED.);
#787=B_SPLINE_CURVE_WITH_KNOTS('',3,(#3414,#3415,#3416,#3417,#3418,#3419,
#3420,#3421,#3422,#3423),.UNSPECIFIED.,.F.,.F.,(4,2,2,2,4),(0.299865511069199,
0.336571930953475,0.373808671783275,0.411644925373073,0.449907380756101),
 .UNSPECIFIED.);
#788=B_SPLINE_CURVE_WITH_KNOTS('',3,(#3452,#3453,#3454,#3455,#3456,#3457,
#3458,#3459,#3460,#3461),.UNSPECIFIED.,.F.,.F.,(4,2,2,2,4),(-0.150409054285812,
-0.111800371270629,-0.0738849373746905,-0.0366762892921344,0.),
 .UNSPECIFIED.);
#789=B_SPLINE_CURVE_WITH_KNOTS('',3,(#3463,#3464,#3465,#3466,#3467,#3468,
#3469,#3470,#3471,#3472),.UNSPECIFIED.,.F.,.F.,(4,2,2,2,4),(-0.150409054285812,
-0.111800371270629,-0.0738849373746905,-0.0366762892921344,0.),
 .UNSPECIFIED.);
#790=B_SPLINE_CURVE_WITH_KNOTS('',3,(#3522,#3523,#3524,#3525,#3526,#3527,
#3528,#3529,#3530,#3531),.UNSPECIFIED.,.F.,.F.,(4,2,2,2,4),(0.,0.0369587159856256,
0.0744608086254307,0.112094577299903,0.150409249003734),.UNSPECIFIED.);
#791=B_SPLINE_CURVE_WITH_KNOTS('',3,(#3535,#3536,#3537,#3538,#3539,#3540,
#3541,#3542,#3543,#3544),.UNSPECIFIED.,.F.,.F.,(4,2,2,2,4),(0.,0.0369587159856256,
0.0744608086254307,0.112094577299903,0.150409249003734),.UNSPECIFIED.);
#792=B_SPLINE_CURVE_WITH_KNOTS('',3,(#3573,#3574,#3575,#3576,#3577,#3578,
#3579,#3580,#3581,#3582),.UNSPECIFIED.,.F.,.F.,(4,2,2,2,4),(0.149823530203013,
0.188085985586041,0.225922239175838,0.263158980005638,0.299865399889914),
 .UNSPECIFIED.);
#793=B_SPLINE_CURVE_WITH_KNOTS('',3,(#3584,#3585,#3586,#3587,#3588,#3589,
#3590,#3591,#3592,#3593),.UNSPECIFIED.,.F.,.F.,(4,2,2,2,4),(0.149823530203013,
0.188085985586041,0.225922239175838,0.263158980005638,0.299865399889914),
 .UNSPECIFIED.);
#794=B_SPLINE_CURVE_WITH_KNOTS('',8,(#3599,#3600,#3601,#3602,#3603,#3604,
#3605,#3606,#3607),.UNSPECIFIED.,.F.,.F.,(9,9),(2.299905698423E-10,1.625359514828),
 .UNSPECIFIED.);
#795=B_SPLINE_CURVE_WITH_KNOTS('',8,(#3654,#3655,#3656,#3657,#3658,#3659,
#3660,#3661,#3662),.UNSPECIFIED.,.F.,.F.,(9,9),(5.841139625568E-11,1.625359514828),
 .UNSPECIFIED.);
#796=B_SPLINE_CURVE_WITH_KNOTS('',8,(#3668,#3669,#3670,#3671,#3672,#3673,
#3674,#3675,#3676),.UNSPECIFIED.,.F.,.F.,(9,9),(5.841139625568E-11,1.625359514828),
 .UNSPECIFIED.);
#797=B_SPLINE_CURVE_WITH_KNOTS('',8,(#3690,#3691,#3692,#3693,#3694,#3695,
#3696,#3697,#3698),.UNSPECIFIED.,.F.,.F.,(9,9),(2.299905698423E-10,1.625359514828),
 .UNSPECIFIED.);
#798=B_SPLINE_CURVE_WITH_KNOTS('',10,(#3839,#3840,#3841,#3842,#3843,#3844,
#3845,#3846,#3847,#3848,#3849,#3850,#3851,#3852,#3853,#3854,#3855,#3856,
#3857,#3858),.UNSPECIFIED.,.F.,.F.,(11,9,11),(1.179108489293E-14,0.785398163397,
1.570796326795),.UNSPECIFIED.);
#799=B_SPLINE_CURVE_WITH_KNOTS('',10,(#3962,#3963,#3964,#3965,#3966,#3967,
#3968,#3969,#3970,#3971,#3972,#3973,#3974,#3975,#3976,#3977,#3978,#3979,
#3980,#3981),.UNSPECIFIED.,.F.,.F.,(11,9,11),(1.179108489293E-14,0.785398163397,
1.570796326795),.UNSPECIFIED.);
#800=B_SPLINE_CURVE_WITH_KNOTS('',8,(#4138,#4139,#4140,#4141,#4142,#4143,
#4144,#4145,#4146,#4147,#4148,#4149,#4150,#4151,#4152,#4153,#4154,#4155,
#4156,#4157,#4158,#4159,#4160),.UNSPECIFIED.,.F.,.F.,(9,7,7,9),(1.84275414034E-13,
0.785398163398,1.178097245096,1.570796326795),.UNSPECIFIED.);
#801=B_SPLINE_CURVE_WITH_KNOTS('',8,(#4236,#4237,#4238,#4239,#4240,#4241,
#4242,#4243,#4244,#4245,#4246,#4247,#4248,#4249,#4250,#4251,#4252,#4253,
#4254,#4255,#4256,#4257,#4258),.UNSPECIFIED.,.F.,.F.,(9,7,7,9),(1.84275414034E-13,
0.785398163398,1.178097245096,1.570796326795),.UNSPECIFIED.);
#802=B_SPLINE_CURVE_WITH_KNOTS('',8,(#4341,#4342,#4343,#4344,#4345,#4346,
#4347,#4348,#4349,#4350,#4351,#4352,#4353,#4354,#4355,#4356,#4357,#4358,
#4359,#4360,#4361,#4362,#4363),.UNSPECIFIED.,.F.,.F.,(9,7,7,9),(9.384400092255E-15,
0.785398163397,1.178097245096,1.570796326795),.UNSPECIFIED.);
#803=B_SPLINE_CURVE_WITH_KNOTS('',7,(#4397,#4398,#4399,#4400,#4401,#4402,
#4403,#4404),.UNSPECIFIED.,.F.,.F.,(8,8),(2.945345571501E-8,1.599390245538),
 .UNSPECIFIED.);
#804=B_SPLINE_CURVE_WITH_KNOTS('',7,(#4458,#4459,#4460,#4461,#4462,#4463,
#4464,#4465),.UNSPECIFIED.,.F.,.F.,(8,8),(1.414375409153E-13,1.599390185322),
 .UNSPECIFIED.);
#805=B_SPLINE_CURVE_WITH_KNOTS('',7,(#4466,#4467,#4468,#4469,#4470,#4471,
#4472,#4473),.UNSPECIFIED.,.F.,.F.,(8,8),(1.414375409153E-13,1.599390185322),
 .UNSPECIFIED.);
#806=CIRCLE('',#2225,115.5);
#807=CIRCLE('',#2227,115.5);
#808=CIRCLE('',#2231,115.5);
#809=CIRCLE('',#2233,115.5);
#810=CIRCLE('',#2247,13.918366952856);
#811=CIRCLE('',#2248,1.);
#812=CIRCLE('',#2249,12.918366952856);
#813=CIRCLE('',#2251,13.918366952856);
#814=CIRCLE('',#2253,14.918366952856);
#815=CIRCLE('',#2254,1.);
#816=CIRCLE('',#2257,1.);
#817=CIRCLE('',#2259,1.);
#818=CIRCLE('',#2260,14.);
#819=CIRCLE('',#2261,13.);
#820=CIRCLE('',#2264,2.7);
#821=CIRCLE('',#2265,2.7);
#822=CIRCLE('',#2267,2.7);
#823=CIRCLE('',#2268,2.7);
#824=CIRCLE('',#2270,2.7);
#825=CIRCLE('',#2271,2.7);
#826=CIRCLE('',#2274,1.);
#827=CIRCLE('',#2275,1.);
#828=CIRCLE('',#2277,1.);
#829=CIRCLE('',#2278,1.);
#830=CIRCLE('',#2282,1.);
#831=CIRCLE('',#2283,1.);
#832=CIRCLE('',#2285,1.);
#833=CIRCLE('',#2286,1.);
#834=CIRCLE('',#2289,13.918366952856);
#835=CIRCLE('',#2290,1.);
#836=CIRCLE('',#2291,14.918366952856);
#837=CIRCLE('',#2293,1.);
#838=CIRCLE('',#2295,1.);
#839=CIRCLE('',#2296,13.);
#840=CIRCLE('',#2297,14.);
#841=CIRCLE('',#2300,9.7);
#842=CIRCLE('',#2301,1.);
#843=CIRCLE('',#2302,10.7);
#844=CIRCLE('',#2304,0.999999999997794);
#845=CIRCLE('',#2306,1.00000000000329);
#846=CIRCLE('',#2310,1.5);
#847=CIRCLE('',#2312,1.5);
#848=CIRCLE('',#2314,1.5);
#849=CIRCLE('',#2316,9.7);
#850=CIRCLE('',#2317,9.7);
#851=CIRCLE('',#2318,9.7);
#852=CIRCLE('',#2319,1.5);
#853=CIRCLE('',#2320,1.5);
#854=CIRCLE('',#2321,1.5);
#855=CIRCLE('',#2323,9.7);
#856=CIRCLE('',#2324,9.7);
#857=CIRCLE('',#2325,9.7);
#858=CIRCLE('',#2326,9.7);
#859=CIRCLE('',#2329,13.918366952856);
#860=CIRCLE('',#2331,0.999999999997793);
#861=CIRCLE('',#2333,0.99999999999995);
#862=CIRCLE('',#2335,1.);
#863=CIRCLE('',#2337,1.00000000000329);
#864=CIRCLE('',#2338,0.99999999999996);
#865=CIRCLE('',#2348,12.918366952856);
#866=CIRCLE('',#2350,12.918366952856);
#867=CIRCLE('',#2352,1.);
#868=CIRCLE('',#2353,13.918366952856);
#869=CIRCLE('',#2356,0.999999999999738);
#870=CIRCLE('',#2357,0.999999999996293);
#871=CIRCLE('',#2359,0.999999999996295);
#872=CIRCLE('',#2361,0.999999999999729);
#873=CIRCLE('',#2362,1.);
#874=CIRCLE('',#2363,1.00000000003751);
#875=CIRCLE('',#2365,1.00000000003751);
#876=CIRCLE('',#2367,13.918366952856);
#877=CIRCLE('',#2369,4.15);
#878=CIRCLE('',#2370,4.15);
#879=CIRCLE('',#2371,4.15);
#880=CIRCLE('',#2372,4.15);
#881=CIRCLE('',#2374,3.);
#882=CIRCLE('',#2375,3.);
#883=CIRCLE('',#2378,4.15);
#884=CIRCLE('',#2380,4.15);
#885=CIRCLE('',#2384,4.15);
#886=CIRCLE('',#2386,4.15);
#887=CIRCLE('',#2390,4.15);
#888=CIRCLE('',#2391,4.15);
#889=CIRCLE('',#2392,4.15);
#890=CIRCLE('',#2393,4.15);
#891=CIRCLE('',#2395,3.);
#892=CIRCLE('',#2396,3.);
#893=CIRCLE('',#2398,1.);
#894=CIRCLE('',#2399,14.918366952856);
#895=CIRCLE('',#2401,1.);
#896=CIRCLE('',#2403,1.);
#897=CIRCLE('',#2404,2.);
#898=CIRCLE('',#2406,1.);
#899=CIRCLE('',#2407,1.);
#900=CIRCLE('',#2409,1.);
#901=CIRCLE('',#2411,2.);
#902=CIRCLE('',#2412,1.);
#903=CIRCLE('',#2414,1.);
#904=CIRCLE('',#2416,1.);
#905=CIRCLE('',#2417,2.);
#906=CIRCLE('',#2419,1.);
#907=CIRCLE('',#2421,1.);
#908=CIRCLE('',#2423,1.);
#909=CIRCLE('',#2424,2.);
#910=CIRCLE('',#2428,4.15);
#911=CIRCLE('',#2430,4.15);
#912=CIRCLE('',#2434,4.15);
#913=CIRCLE('',#2436,4.15);
#914=CIRCLE('',#2439,1.);
#915=CIRCLE('',#2442,1.);
#916=CIRCLE('',#2444,1.);
#917=CIRCLE('',#2445,1.);
#918=CIRCLE('',#2449,14.918366952856);
#919=CIRCLE('',#2451,13.918366952856);
#920=CIRCLE('',#2453,13.918366952856);
#921=CIRCLE('',#2455,12.918366952856);
#922=VERTEX_POINT('',#3126);
#923=VERTEX_POINT('',#3127);
#924=VERTEX_POINT('',#3129);
#925=VERTEX_POINT('',#3147);
#926=VERTEX_POINT('',#3149);
#927=VERTEX_POINT('',#3184);
#928=VERTEX_POINT('',#3202);
#929=VERTEX_POINT('',#3204);
#930=VERTEX_POINT('',#3208);
#931=VERTEX_POINT('',#3224);
#932=VERTEX_POINT('',#3226);
#933=VERTEX_POINT('',#3261);
#934=VERTEX_POINT('',#3262);
#935=VERTEX_POINT('',#3264);
#936=VERTEX_POINT('',#3282);
#937=VERTEX_POINT('',#3284);
#938=VERTEX_POINT('',#3319);
#939=VERTEX_POINT('',#3337);
#940=VERTEX_POINT('',#3339);
#941=VERTEX_POINT('',#3343);
#942=VERTEX_POINT('',#3374);
#943=VERTEX_POINT('',#3376);
#944=VERTEX_POINT('',#3399);
#945=VERTEX_POINT('',#3400);
#946=VERTEX_POINT('',#3411);
#947=VERTEX_POINT('',#3413);
#948=VERTEX_POINT('',#3426);
#949=VERTEX_POINT('',#3428);
#950=VERTEX_POINT('',#3451);
#951=VERTEX_POINT('',#3462);
#952=VERTEX_POINT('',#3480);
#953=VERTEX_POINT('',#3482);
#954=VERTEX_POINT('',#3493);
#955=VERTEX_POINT('',#3495);
#956=VERTEX_POINT('',#3520);
#957=VERTEX_POINT('',#3521);
#958=VERTEX_POINT('',#3532);
#959=VERTEX_POINT('',#3534);
#960=VERTEX_POINT('',#3547);
#961=VERTEX_POINT('',#3549);
#962=VERTEX_POINT('',#3572);
#963=VERTEX_POINT('',#3583);
#964=VERTEX_POINT('',#3596);
#965=VERTEX_POINT('',#3598);
#966=VERTEX_POINT('',#3610);
#967=VERTEX_POINT('',#3614);
#968=VERTEX_POINT('',#3637);
#969=VERTEX_POINT('',#3639);
#970=VERTEX_POINT('',#3643);
#971=VERTEX_POINT('',#3647);
#972=VERTEX_POINT('',#3651);
#973=VERTEX_POINT('',#3653);
#974=VERTEX_POINT('',#3665);
#975=VERTEX_POINT('',#3666);
#976=VERTEX_POINT('',#3677);
#977=VERTEX_POINT('',#3681);
#978=VERTEX_POINT('',#3682);
#979=VERTEX_POINT('',#3687);
#980=VERTEX_POINT('',#3700);
#981=VERTEX_POINT('',#3702);
#982=VERTEX_POINT('',#3706);
#983=VERTEX_POINT('',#3708);
#984=VERTEX_POINT('',#3712);
#985=VERTEX_POINT('',#3714);
#986=VERTEX_POINT('',#3718);
#987=VERTEX_POINT('',#3719);
#988=VERTEX_POINT('',#3721);
#989=VERTEX_POINT('',#3723);
#990=VERTEX_POINT('',#3725);
#991=VERTEX_POINT('',#3727);
#992=VERTEX_POINT('',#3729);
#993=VERTEX_POINT('',#3731);
#994=VERTEX_POINT('',#3735);
#995=VERTEX_POINT('',#3737);
#996=VERTEX_POINT('',#3741);
#997=VERTEX_POINT('',#3743);
#998=VERTEX_POINT('',#3747);
#999=VERTEX_POINT('',#3749);
#1000=VERTEX_POINT('',#3753);
#1001=VERTEX_POINT('',#3755);
#1002=VERTEX_POINT('',#3759);
#1003=VERTEX_POINT('',#3761);
#1004=VERTEX_POINT('',#3765);
#1005=VERTEX_POINT('',#3767);
#1006=VERTEX_POINT('',#3774);
#1007=VERTEX_POINT('',#3776);
#1008=VERTEX_POINT('',#3780);
#1009=VERTEX_POINT('',#3781);
#1010=VERTEX_POINT('',#3786);
#1011=VERTEX_POINT('',#3787);
#1012=VERTEX_POINT('',#3795);
#1013=VERTEX_POINT('',#3797);
#1014=VERTEX_POINT('',#3801);
#1015=VERTEX_POINT('',#3834);
#1016=VERTEX_POINT('',#3836);
#1017=VERTEX_POINT('',#3838);
#1018=VERTEX_POINT('',#3891);
#1019=VERTEX_POINT('',#3893);
#1020=VERTEX_POINT('',#3916);
#1021=VERTEX_POINT('',#3919);
#1022=VERTEX_POINT('',#3922);
#1023=VERTEX_POINT('',#3925);
#1024=VERTEX_POINT('',#3927);
#1025=VERTEX_POINT('',#3929);
#1026=VERTEX_POINT('',#3931);
#1027=VERTEX_POINT('',#3934);
#1028=VERTEX_POINT('',#3936);
#1029=VERTEX_POINT('',#3938);
#1030=VERTEX_POINT('',#3941);
#1031=VERTEX_POINT('',#3943);
#1032=VERTEX_POINT('',#3946);
#1033=VERTEX_POINT('',#3948);
#1034=VERTEX_POINT('',#3952);
#1035=VERTEX_POINT('',#3961);
#1036=VERTEX_POINT('',#4045);
#1037=VERTEX_POINT('',#4128);
#1038=VERTEX_POINT('',#4130);
#1039=VERTEX_POINT('',#4134);
#1040=VERTEX_POINT('',#4162);
#1041=VERTEX_POINT('',#4234);
#1042=VERTEX_POINT('',#4260);
#1043=VERTEX_POINT('',#4264);
#1044=VERTEX_POINT('',#4266);
#1045=VERTEX_POINT('',#4268);
#1046=VERTEX_POINT('',#4340);
#1047=VERTEX_POINT('',#4366);
#1048=VERTEX_POINT('',#4370);
#1049=VERTEX_POINT('',#4406);
#1050=VERTEX_POINT('',#4408);
#1051=VERTEX_POINT('',#4411);
#1052=VERTEX_POINT('',#4412);
#1053=VERTEX_POINT('',#4414);
#1054=VERTEX_POINT('',#4416);
#1055=VERTEX_POINT('',#4418);
#1056=VERTEX_POINT('',#4420);
#1057=VERTEX_POINT('',#4422);
#1058=VERTEX_POINT('',#4424);
#1059=VERTEX_POINT('',#4428);
#1060=VERTEX_POINT('',#4430);
#1061=VERTEX_POINT('',#4457);
#1062=VERTEX_POINT('',#4475);
#1063=VERTEX_POINT('',#4477);
#1064=VERTEX_POINT('',#4481);
#1065=VERTEX_POINT('',#4485);
#1066=VERTEX_POINT('',#4489);
#1067=VERTEX_POINT('',#4493);
#1068=VERTEX_POINT('',#4497);
#1069=VERTEX_POINT('',#4501);
#1070=VERTEX_POINT('',#4507);
#1071=VERTEX_POINT('',#4509);
#1072=VERTEX_POINT('',#4513);
#1073=VERTEX_POINT('',#4515);
#1074=VERTEX_POINT('',#4517);
#1075=VERTEX_POINT('',#4520);
#1076=VERTEX_POINT('',#4521);
#1077=VERTEX_POINT('',#4523);
#1078=VERTEX_POINT('',#4525);
#1079=VERTEX_POINT('',#4527);
#1080=VERTEX_POINT('',#4529);
#1081=VERTEX_POINT('',#4531);
#1082=VERTEX_POINT('',#4533);
#1083=VERTEX_POINT('',#4537);
#1084=VERTEX_POINT('',#4538);
#1085=VERTEX_POINT('',#4543);
#1086=VERTEX_POINT('',#4547);
#1087=VERTEX_POINT('',#4551);
#1088=VERTEX_POINT('',#4555);
#1089=VERTEX_POINT('',#4557);
#1090=VERTEX_POINT('',#4561);
#1091=VERTEX_POINT('',#4565);
#1092=VERTEX_POINT('',#4569);
#1093=VERTEX_POINT('',#4573);
#1094=VERTEX_POINT('',#4577);
#1095=VERTEX_POINT('',#4581);
#1096=VERTEX_POINT('',#4585);
#1097=VERTEX_POINT('',#4589);
#1098=VERTEX_POINT('',#4591);
#1099=VERTEX_POINT('',#4595);
#1100=VERTEX_POINT('',#4596);
#1101=VERTEX_POINT('',#4601);
#1102=VERTEX_POINT('',#4605);
#1103=VERTEX_POINT('',#4609);
#1104=VERTEX_POINT('',#4613);
#1105=VERTEX_POINT('',#4617);
#1106=VERTEX_POINT('',#4621);
#1107=VERTEX_POINT('',#4627);
#1108=VERTEX_POINT('',#4629);
#1109=VERTEX_POINT('',#4633);
#1110=VERTEX_POINT('',#4637);
#1111=VERTEX_POINT('',#4641);
#1112=VERTEX_POINT('',#4643);
#1113=EDGE_CURVE('',#922,#923,#806,.T.);
#1114=EDGE_CURVE('',#923,#924,#776,.T.);
#1115=EDGE_CURVE('',#924,#922,#777,.T.);
#1116=EDGE_CURVE('',#922,#925,#104,.T.);
#1117=EDGE_CURVE('',#925,#926,#807,.T.);
#1118=EDGE_CURVE('',#926,#923,#105,.T.);
#1119=EDGE_CURVE('',#925,#927,#778,.T.);
#1120=EDGE_CURVE('',#927,#926,#779,.T.);
#1121=EDGE_CURVE('',#928,#922,#106,.T.);
#1122=EDGE_CURVE('',#928,#929,#107,.T.);
#1123=EDGE_CURVE('',#929,#925,#108,.T.);
#1124=EDGE_CURVE('',#930,#924,#109,.T.);
#1125=EDGE_CURVE('',#930,#928,#780,.T.);
#1126=EDGE_CURVE('',#923,#931,#110,.T.);
#1127=EDGE_CURVE('',#932,#931,#47,.T.);
#1128=EDGE_CURVE('',#924,#932,#111,.T.);
#1129=EDGE_CURVE('',#933,#934,#808,.T.);
#1130=EDGE_CURVE('',#934,#935,#781,.T.);
#1131=EDGE_CURVE('',#935,#933,#782,.T.);
#1132=EDGE_CURVE('',#933,#936,#112,.T.);
#1133=EDGE_CURVE('',#936,#937,#809,.T.);
#1134=EDGE_CURVE('',#937,#934,#113,.T.);
#1135=EDGE_CURVE('',#936,#938,#783,.T.);
#1136=EDGE_CURVE('',#938,#937,#784,.T.);
#1137=EDGE_CURVE('',#939,#933,#114,.T.);
#1138=EDGE_CURVE('',#940,#939,#115,.T.);
#1139=EDGE_CURVE('',#940,#936,#116,.T.);
#1140=EDGE_CURVE('',#941,#935,#117,.T.);
#1141=EDGE_CURVE('',#941,#939,#785,.T.);
#1142=EDGE_CURVE('',#934,#942,#118,.T.);
#1143=EDGE_CURVE('',#943,#942,#48,.T.);
#1144=EDGE_CURVE('',#935,#943,#119,.T.);
#1145=EDGE_CURVE('',#944,#945,#786,.T.);
#1146=EDGE_CURVE('',#945,#946,#120,.T.);
#1147=EDGE_CURVE('',#947,#946,#787,.T.);
#1148=EDGE_CURVE('',#944,#947,#121,.T.);
#1149=EDGE_CURVE('',#948,#944,#122,.T.);
#1150=EDGE_CURVE('',#949,#947,#123,.T.);
#1151=EDGE_CURVE('',#948,#949,#124,.T.);
#1152=EDGE_CURVE('',#950,#948,#788,.T.);
#1153=EDGE_CURVE('',#951,#949,#789,.T.);
#1154=EDGE_CURVE('',#950,#951,#125,.T.);
#1155=EDGE_CURVE('',#927,#952,#126,.T.);
#1156=EDGE_CURVE('',#953,#952,#49,.T.);
#1157=EDGE_CURVE('',#926,#953,#127,.T.);
#1158=EDGE_CURVE('',#931,#953,#128,.T.);
#1159=EDGE_CURVE('',#938,#954,#129,.T.);
#1160=EDGE_CURVE('',#955,#954,#50,.T.);
#1161=EDGE_CURVE('',#937,#955,#130,.T.);
#1162=EDGE_CURVE('',#942,#955,#131,.T.);
#1163=EDGE_CURVE('',#956,#957,#790,.T.);
#1164=EDGE_CURVE('',#957,#958,#132,.T.);
#1165=EDGE_CURVE('',#959,#958,#791,.T.);
#1166=EDGE_CURVE('',#956,#959,#133,.T.);
#1167=EDGE_CURVE('',#960,#956,#134,.T.);
#1168=EDGE_CURVE('',#961,#959,#135,.T.);
#1169=EDGE_CURVE('',#960,#961,#136,.T.);
#1170=EDGE_CURVE('',#962,#960,#792,.T.);
#1171=EDGE_CURVE('',#963,#961,#793,.T.);
#1172=EDGE_CURVE('',#962,#963,#137,.T.);
#1173=EDGE_CURVE('',#931,#964,#138,.T.);
#1174=EDGE_CURVE('',#965,#964,#794,.T.);
#1175=EDGE_CURVE('',#932,#965,#139,.T.);
#1176=EDGE_CURVE('',#953,#966,#140,.T.);
#1177=EDGE_CURVE('',#964,#966,#141,.T.);
#1178=EDGE_CURVE('',#952,#967,#142,.T.);
#1179=EDGE_CURVE('',#966,#967,#45,.T.);
#1180=EDGE_CURVE('',#968,#949,#810,.T.);
#1181=EDGE_CURVE('',#968,#969,#811,.T.);
#1182=EDGE_CURVE('',#969,#951,#812,.T.);
#1183=EDGE_CURVE('',#947,#970,#813,.T.);
#1184=EDGE_CURVE('',#970,#968,#143,.T.);
#1185=EDGE_CURVE('',#946,#971,#814,.T.);
#1186=EDGE_CURVE('',#971,#970,#815,.T.);
#1187=EDGE_CURVE('',#954,#972,#144,.T.);
#1188=EDGE_CURVE('',#972,#973,#795,.T.);
#1189=EDGE_CURVE('',#955,#973,#145,.T.);
#1190=EDGE_CURVE('',#974,#975,#146,.T.);
#1191=EDGE_CURVE('',#972,#975,#796,.T.);
#1192=EDGE_CURVE('',#976,#972,#147,.T.);
#1193=EDGE_CURVE('',#976,#974,#816,.T.);
#1194=EDGE_CURVE('',#977,#978,#817,.T.);
#1195=EDGE_CURVE('',#978,#974,#818,.T.);
#1196=EDGE_CURVE('',#977,#976,#819,.T.);
#1197=EDGE_CURVE('',#979,#978,#148,.T.);
#1198=EDGE_CURVE('',#965,#977,#149,.T.);
#1199=EDGE_CURVE('',#965,#979,#797,.T.);
#1200=EDGE_CURVE('',#980,#980,#820,.T.);
#1201=EDGE_CURVE('',#980,#981,#150,.T.);
#1202=EDGE_CURVE('',#981,#981,#821,.T.);
#1203=EDGE_CURVE('',#982,#982,#822,.T.);
#1204=EDGE_CURVE('',#982,#983,#151,.T.);
#1205=EDGE_CURVE('',#983,#983,#823,.T.);
#1206=EDGE_CURVE('',#984,#984,#824,.T.);
#1207=EDGE_CURVE('',#984,#985,#152,.T.);
#1208=EDGE_CURVE('',#985,#985,#825,.T.);
#1209=EDGE_CURVE('',#986,#987,#153,.T.);
#1210=EDGE_CURVE('',#986,#988,#154,.T.);
#1211=EDGE_CURVE('',#989,#988,#155,.T.);
#1212=EDGE_CURVE('',#990,#989,#156,.T.);
#1213=EDGE_CURVE('',#990,#991,#157,.T.);
#1214=EDGE_CURVE('',#991,#992,#158,.T.);
#1215=EDGE_CURVE('',#993,#992,#159,.T.);
#1216=EDGE_CURVE('',#987,#993,#160,.T.);
#1217=EDGE_CURVE('',#986,#994,#826,.T.);
#1218=EDGE_CURVE('',#994,#995,#161,.T.);
#1219=EDGE_CURVE('',#988,#995,#827,.T.);
#1220=EDGE_CURVE('',#987,#996,#828,.T.);
#1221=EDGE_CURVE('',#993,#997,#829,.T.);
#1222=EDGE_CURVE('',#996,#997,#162,.T.);
#1223=EDGE_CURVE('',#995,#998,#163,.T.);
#1224=EDGE_CURVE('',#994,#999,#164,.T.);
#1225=EDGE_CURVE('',#999,#998,#165,.T.);
#1226=EDGE_CURVE('',#997,#1000,#166,.T.);
#1227=EDGE_CURVE('',#1001,#1000,#167,.T.);
#1228=EDGE_CURVE('',#996,#1001,#168,.T.);
#1229=EDGE_CURVE('',#999,#1002,#830,.T.);
#1230=EDGE_CURVE('',#1002,#1003,#169,.T.);
#1231=EDGE_CURVE('',#998,#1003,#831,.T.);
#1232=EDGE_CURVE('',#1001,#1004,#832,.T.);
#1233=EDGE_CURVE('',#1000,#1005,#833,.T.);
#1234=EDGE_CURVE('',#1004,#1005,#170,.T.);
#1235=EDGE_CURVE('',#1002,#1004,#171,.T.);
#1236=EDGE_CURVE('',#1003,#1005,#172,.T.);
#1237=EDGE_CURVE('',#1006,#961,#834,.T.);
#1238=EDGE_CURVE('',#1007,#1006,#835,.T.);
#1239=EDGE_CURVE('',#1007,#963,#836,.T.);
#1240=EDGE_CURVE('',#1008,#1009,#837,.T.);
#1241=EDGE_CURVE('',#1008,#1007,#173,.T.);
#1242=EDGE_CURVE('',#1009,#1006,#174,.T.);
#1243=EDGE_CURVE('',#1010,#1011,#838,.T.);
#1244=EDGE_CURVE('',#1010,#1008,#839,.T.);
#1245=EDGE_CURVE('',#1011,#1009,#840,.T.);
#1246=EDGE_CURVE('',#971,#1010,#175,.T.);
#1247=EDGE_CURVE('',#970,#1011,#176,.T.);
#1248=EDGE_CURVE('',#1012,#1012,#841,.T.);
#1249=EDGE_CURVE('',#1012,#1013,#842,.T.);
#1250=EDGE_CURVE('',#1013,#1013,#843,.T.);
#1251=EDGE_CURVE('',#973,#1014,#177,.T.);
#1252=EDGE_CURVE('',#942,#1014,#178,.T.);
#1253=EDGE_CURVE('',#973,#975,#844,.T.);
#1254=EDGE_CURVE('',#974,#1009,#179,.T.);
#1255=EDGE_CURVE('',#1006,#1015,#180,.T.);
#1256=EDGE_CURVE('',#1015,#1016,#181,.T.);
#1257=EDGE_CURVE('',#1016,#1017,#798,.T.);
#1258=EDGE_CURVE('',#975,#1017,#182,.T.);
#1259=EDGE_CURVE('',#964,#979,#845,.T.);
#1260=EDGE_CURVE('',#978,#1011,#183,.T.);
#1261=EDGE_CURVE('',#979,#1018,#184,.T.);
#1262=EDGE_CURVE('',#1018,#1019,#46,.T.);
#1263=EDGE_CURVE('',#1019,#968,#185,.T.);
#1264=EDGE_CURVE('',#1020,#1020,#846,.T.);
#1265=EDGE_CURVE('',#1021,#1021,#847,.T.);
#1266=EDGE_CURVE('',#1022,#1022,#848,.T.);
#1267=EDGE_CURVE('',#992,#1023,#849,.T.);
#1268=EDGE_CURVE('',#1023,#1024,#186,.T.);
#1269=EDGE_CURVE('',#1024,#1025,#850,.T.);
#1270=EDGE_CURVE('',#1025,#1026,#187,.T.);
#1271=EDGE_CURVE('',#1026,#989,#851,.T.);
#1272=EDGE_CURVE('',#1027,#1027,#852,.T.);
#1273=EDGE_CURVE('',#1028,#1028,#853,.T.);
#1274=EDGE_CURVE('',#1029,#1029,#854,.T.);
#1275=EDGE_CURVE('',#1012,#1030,#188,.T.);
#1276=EDGE_CURVE('',#1030,#1031,#855,.T.);
#1277=EDGE_CURVE('',#1031,#1025,#189,.T.);
#1278=EDGE_CURVE('',#1032,#1024,#190,.T.);
#1279=EDGE_CURVE('',#1032,#1033,#856,.T.);
#1280=EDGE_CURVE('',#1033,#1023,#191,.T.);
#1281=EDGE_CURVE('',#991,#990,#857,.T.);
#1282=EDGE_CURVE('',#1034,#1026,#192,.T.);
#1283=EDGE_CURVE('',#1034,#1030,#858,.T.);
#1284=EDGE_CURVE('',#959,#1015,#859,.T.);
#1285=EDGE_CURVE('',#1017,#1014,#860,.T.);
#1286=EDGE_CURVE('',#1035,#1014,#799,.T.);
#1287=EDGE_CURVE('',#943,#1035,#193,.T.);
#1288=EDGE_CURVE('',#1016,#1035,#861,.T.);
#1289=EDGE_CURVE('',#1015,#1036,#862,.T.);
#1290=EDGE_CURVE('',#1036,#1035,#194,.T.);
#1291=EDGE_CURVE('',#1018,#966,#863,.T.);
#1292=EDGE_CURVE('',#1019,#967,#864,.T.);
#1293=EDGE_CURVE('',#967,#969,#195,.T.);
#1294=EDGE_CURVE('',#1027,#1020,#196,.T.);
#1295=EDGE_CURVE('',#1028,#1021,#197,.T.);
#1296=EDGE_CURVE('',#1029,#1022,#198,.T.);
#1297=EDGE_CURVE('',#1033,#1032,#199,.T.);
#1298=EDGE_CURVE('',#1031,#1034,#200,.T.);
#1299=EDGE_CURVE('',#958,#1036,#865,.T.);
#1300=EDGE_CURVE('',#1037,#927,#201,.T.);
#1301=EDGE_CURVE('',#1038,#1037,#202,.T.);
#1302=EDGE_CURVE('',#950,#1038,#866,.T.);
#1303=EDGE_CURVE('',#1039,#1038,#867,.T.);
#1304=EDGE_CURVE('',#948,#1039,#868,.T.);
#1305=EDGE_CURVE('',#1037,#929,#800,.T.);
#1306=EDGE_CURVE('',#1040,#1037,#869,.T.);
#1307=EDGE_CURVE('',#1039,#1040,#203,.T.);
#1308=EDGE_CURVE('',#1041,#929,#870,.T.);
#1309=EDGE_CURVE('',#1040,#1041,#801,.T.);
#1310=EDGE_CURVE('',#1042,#928,#871,.T.);
#1311=EDGE_CURVE('',#1042,#1041,#204,.T.);
#1312=EDGE_CURVE('',#1043,#941,#872,.T.);
#1313=EDGE_CURVE('',#941,#1044,#205,.T.);
#1314=EDGE_CURVE('',#1045,#1044,#873,.T.);
#1315=EDGE_CURVE('',#1043,#1045,#206,.T.);
#1316=EDGE_CURVE('',#1043,#1046,#802,.T.);
#1317=EDGE_CURVE('',#1046,#939,#874,.T.);
#1318=EDGE_CURVE('',#1047,#940,#875,.T.);
#1319=EDGE_CURVE('',#1047,#1046,#207,.T.);
#1320=EDGE_CURVE('',#1048,#1039,#208,.T.);
#1321=EDGE_CURVE('',#1048,#944,#876,.T.);
#1322=EDGE_CURVE('',#930,#1042,#803,.T.);
#1323=EDGE_CURVE('',#1049,#1042,#209,.T.);
#1324=EDGE_CURVE('',#1049,#1050,#210,.T.);
#1325=EDGE_CURVE('',#1050,#1048,#211,.T.);
#1326=EDGE_CURVE('',#1051,#1052,#212,.T.);
#1327=EDGE_CURVE('',#1053,#1051,#877,.T.);
#1328=EDGE_CURVE('',#1053,#1054,#213,.T.);
#1329=EDGE_CURVE('',#1054,#1055,#878,.T.);
#1330=EDGE_CURVE('',#1055,#1056,#214,.T.);
#1331=EDGE_CURVE('',#1056,#1057,#879,.T.);
#1332=EDGE_CURVE('',#1058,#1057,#215,.T.);
#1333=EDGE_CURVE('',#1058,#1052,#880,.T.);
#1334=EDGE_CURVE('',#1059,#1049,#881,.T.);
#1335=EDGE_CURVE('',#1059,#1060,#216,.T.);
#1336=EDGE_CURVE('',#1060,#1050,#882,.T.);
#1337=EDGE_CURVE('',#1061,#940,#804,.T.);
#1338=EDGE_CURVE('',#1061,#1047,#805,.T.);
#1339=EDGE_CURVE('',#1062,#1057,#217,.T.);
#1340=EDGE_CURVE('',#1063,#1062,#218,.T.);
#1341=EDGE_CURVE('',#1063,#1058,#219,.T.);
#1342=EDGE_CURVE('',#1064,#1062,#883,.T.);
#1343=EDGE_CURVE('',#1064,#1056,#220,.T.);
#1344=EDGE_CURVE('',#1063,#1065,#884,.T.);
#1345=EDGE_CURVE('',#1065,#1052,#221,.T.);
#1346=EDGE_CURVE('',#1066,#1064,#222,.T.);
#1347=EDGE_CURVE('',#1066,#1055,#223,.T.);
#1348=EDGE_CURVE('',#1067,#1065,#224,.T.);
#1349=EDGE_CURVE('',#1067,#1051,#225,.T.);
#1350=EDGE_CURVE('',#1068,#1066,#885,.T.);
#1351=EDGE_CURVE('',#1068,#1054,#226,.T.);
#1352=EDGE_CURVE('',#1069,#1067,#886,.T.);
#1353=EDGE_CURVE('',#1069,#1053,#227,.T.);
#1354=EDGE_CURVE('',#1069,#1068,#228,.T.);
#1355=EDGE_CURVE('',#1070,#1059,#229,.T.);
#1356=EDGE_CURVE('',#1070,#1071,#230,.T.);
#1357=EDGE_CURVE('',#1071,#1060,#231,.T.);
#1358=EDGE_CURVE('',#1072,#1047,#232,.T.);
#1359=EDGE_CURVE('',#1073,#1045,#233,.T.);
#1360=EDGE_CURVE('',#1073,#1074,#234,.T.);
#1361=EDGE_CURVE('',#1072,#1074,#235,.T.);
#1362=EDGE_CURVE('',#1075,#1076,#236,.T.);
#1363=EDGE_CURVE('',#1077,#1075,#887,.T.);
#1364=EDGE_CURVE('',#1077,#1078,#237,.T.);
#1365=EDGE_CURVE('',#1078,#1079,#888,.T.);
#1366=EDGE_CURVE('',#1079,#1080,#238,.T.);
#1367=EDGE_CURVE('',#1080,#1081,#889,.T.);
#1368=EDGE_CURVE('',#1082,#1081,#239,.T.);
#1369=EDGE_CURVE('',#1082,#1076,#890,.T.);
#1370=EDGE_CURVE('',#1083,#1084,#240,.T.);
#1371=EDGE_CURVE('',#1083,#1072,#891,.T.);
#1372=EDGE_CURVE('',#1074,#1084,#892,.T.);
#1373=EDGE_CURVE('',#1085,#1048,#893,.T.);
#1374=EDGE_CURVE('',#1085,#945,#894,.T.);
#1375=EDGE_CURVE('',#1086,#1050,#895,.T.);
#1376=EDGE_CURVE('',#1086,#1085,#241,.T.);
#1377=EDGE_CURVE('',#1087,#1060,#896,.T.);
#1378=EDGE_CURVE('',#1087,#1086,#897,.T.);
#1379=EDGE_CURVE('',#1088,#1073,#898,.T.);
#1380=EDGE_CURVE('',#1088,#1089,#242,.T.);
#1381=EDGE_CURVE('',#1089,#1074,#899,.T.);
#1382=EDGE_CURVE('',#1090,#1071,#900,.T.);
#1383=EDGE_CURVE('',#1090,#1087,#243,.T.);
#1384=EDGE_CURVE('',#1089,#1091,#901,.T.);
#1385=EDGE_CURVE('',#1091,#1084,#902,.T.);
#1386=EDGE_CURVE('',#1092,#930,#244,.T.);
#1387=EDGE_CURVE('',#1092,#1049,#903,.T.);
#1388=EDGE_CURVE('',#1093,#1059,#904,.T.);
#1389=EDGE_CURVE('',#1093,#1092,#905,.T.);
#1390=EDGE_CURVE('',#1094,#1072,#906,.T.);
#1391=EDGE_CURVE('',#1094,#1061,#245,.T.);
#1392=EDGE_CURVE('',#1095,#1070,#907,.T.);
#1393=EDGE_CURVE('',#1095,#1093,#246,.T.);
#1394=EDGE_CURVE('',#1096,#1083,#908,.T.);
#1395=EDGE_CURVE('',#1096,#1094,#909,.T.);
#1396=EDGE_CURVE('',#1097,#1095,#247,.T.);
#1397=EDGE_CURVE('',#1097,#1098,#248,.T.);
#1398=EDGE_CURVE('',#1098,#1090,#249,.T.);
#1399=EDGE_CURVE('',#1099,#1100,#250,.T.);
#1400=EDGE_CURVE('',#1099,#1082,#251,.T.);
#1401=EDGE_CURVE('',#1100,#1081,#252,.T.);
#1402=EDGE_CURVE('',#1101,#1100,#910,.T.);
#1403=EDGE_CURVE('',#1101,#1080,#253,.T.);
#1404=EDGE_CURVE('',#1099,#1102,#911,.T.);
#1405=EDGE_CURVE('',#1102,#1076,#254,.T.);
#1406=EDGE_CURVE('',#1103,#1079,#255,.T.);
#1407=EDGE_CURVE('',#1103,#1101,#256,.T.);
#1408=EDGE_CURVE('',#1104,#1102,#257,.T.);
#1409=EDGE_CURVE('',#1104,#1075,#258,.T.);
#1410=EDGE_CURVE('',#1105,#1103,#912,.T.);
#1411=EDGE_CURVE('',#1105,#1078,#259,.T.);
#1412=EDGE_CURVE('',#1106,#1104,#913,.T.);
#1413=EDGE_CURVE('',#1106,#1077,#260,.T.);
#1414=EDGE_CURVE('',#1106,#1105,#261,.T.);
#1415=EDGE_CURVE('',#1091,#1107,#262,.T.);
#1416=EDGE_CURVE('',#1107,#1108,#914,.T.);
#1417=EDGE_CURVE('',#1084,#1108,#263,.T.);
#1418=EDGE_CURVE('',#1109,#1108,#264,.T.);
#1419=EDGE_CURVE('',#1109,#1083,#265,.T.);
#1420=EDGE_CURVE('',#1110,#1109,#915,.T.);
#1421=EDGE_CURVE('',#1110,#1096,#266,.T.);
#1422=EDGE_CURVE('',#1111,#1097,#916,.T.);
#1423=EDGE_CURVE('',#1111,#1112,#267,.T.);
#1424=EDGE_CURVE('',#1112,#1098,#917,.T.);
#1425=EDGE_CURVE('',#1061,#938,#268,.T.);
#1426=EDGE_CURVE('',#1110,#1111,#269,.T.);
#1427=EDGE_CURVE('',#1107,#1112,#270,.T.);
#1428=EDGE_CURVE('',#962,#1088,#918,.T.);
#1429=EDGE_CURVE('',#960,#1073,#919,.T.);
#1430=EDGE_CURVE('',#1045,#956,#920,.T.);
#1431=EDGE_CURVE('',#1044,#957,#921,.T.);
#1432=ORIENTED_EDGE('',*,*,#1113,.T.);
#1433=ORIENTED_EDGE('',*,*,#1114,.T.);
#1434=ORIENTED_EDGE('',*,*,#1115,.T.);
#1435=ORIENTED_EDGE('',*,*,#1113,.F.);
#1436=ORIENTED_EDGE('',*,*,#1116,.T.);
#1437=ORIENTED_EDGE('',*,*,#1117,.T.);
#1438=ORIENTED_EDGE('',*,*,#1118,.T.);
#1439=ORIENTED_EDGE('',*,*,#1119,.T.);
#1440=ORIENTED_EDGE('',*,*,#1120,.T.);
#1441=ORIENTED_EDGE('',*,*,#1117,.F.);
#1442=ORIENTED_EDGE('',*,*,#1116,.F.);
#1443=ORIENTED_EDGE('',*,*,#1121,.F.);
#1444=ORIENTED_EDGE('',*,*,#1122,.T.);
#1445=ORIENTED_EDGE('',*,*,#1123,.T.);
#1446=ORIENTED_EDGE('',*,*,#1115,.F.);
#1447=ORIENTED_EDGE('',*,*,#1124,.F.);
#1448=ORIENTED_EDGE('',*,*,#1125,.T.);
#1449=ORIENTED_EDGE('',*,*,#1121,.T.);
#1450=ORIENTED_EDGE('',*,*,#1114,.F.);
#1451=ORIENTED_EDGE('',*,*,#1126,.T.);
#1452=ORIENTED_EDGE('',*,*,#1127,.F.);
#1453=ORIENTED_EDGE('',*,*,#1128,.F.);
#1454=ORIENTED_EDGE('',*,*,#1129,.T.);
#1455=ORIENTED_EDGE('',*,*,#1130,.T.);
#1456=ORIENTED_EDGE('',*,*,#1131,.T.);
#1457=ORIENTED_EDGE('',*,*,#1129,.F.);
#1458=ORIENTED_EDGE('',*,*,#1132,.T.);
#1459=ORIENTED_EDGE('',*,*,#1133,.T.);
#1460=ORIENTED_EDGE('',*,*,#1134,.T.);
#1461=ORIENTED_EDGE('',*,*,#1135,.T.);
#1462=ORIENTED_EDGE('',*,*,#1136,.T.);
#1463=ORIENTED_EDGE('',*,*,#1133,.F.);
#1464=ORIENTED_EDGE('',*,*,#1132,.F.);
#1465=ORIENTED_EDGE('',*,*,#1137,.F.);
#1466=ORIENTED_EDGE('',*,*,#1138,.F.);
#1467=ORIENTED_EDGE('',*,*,#1139,.T.);
#1468=ORIENTED_EDGE('',*,*,#1131,.F.);
#1469=ORIENTED_EDGE('',*,*,#1140,.F.);
#1470=ORIENTED_EDGE('',*,*,#1141,.T.);
#1471=ORIENTED_EDGE('',*,*,#1137,.T.);
#1472=ORIENTED_EDGE('',*,*,#1130,.F.);
#1473=ORIENTED_EDGE('',*,*,#1142,.T.);
#1474=ORIENTED_EDGE('',*,*,#1143,.F.);
#1475=ORIENTED_EDGE('',*,*,#1144,.F.);
#1476=ORIENTED_EDGE('',*,*,#1145,.T.);
#1477=ORIENTED_EDGE('',*,*,#1146,.T.);
#1478=ORIENTED_EDGE('',*,*,#1147,.F.);
#1479=ORIENTED_EDGE('',*,*,#1148,.F.);
#1480=ORIENTED_EDGE('',*,*,#1149,.T.);
#1481=ORIENTED_EDGE('',*,*,#1148,.T.);
#1482=ORIENTED_EDGE('',*,*,#1150,.F.);
#1483=ORIENTED_EDGE('',*,*,#1151,.F.);
#1484=ORIENTED_EDGE('',*,*,#1152,.T.);
#1485=ORIENTED_EDGE('',*,*,#1151,.T.);
#1486=ORIENTED_EDGE('',*,*,#1153,.F.);
#1487=ORIENTED_EDGE('',*,*,#1154,.F.);
#1488=ORIENTED_EDGE('',*,*,#1120,.F.);
#1489=ORIENTED_EDGE('',*,*,#1155,.T.);
#1490=ORIENTED_EDGE('',*,*,#1156,.F.);
#1491=ORIENTED_EDGE('',*,*,#1157,.F.);
#1492=ORIENTED_EDGE('',*,*,#1118,.F.);
#1493=ORIENTED_EDGE('',*,*,#1157,.T.);
#1494=ORIENTED_EDGE('',*,*,#1158,.F.);
#1495=ORIENTED_EDGE('',*,*,#1126,.F.);
#1496=ORIENTED_EDGE('',*,*,#1136,.F.);
#1497=ORIENTED_EDGE('',*,*,#1159,.T.);
#1498=ORIENTED_EDGE('',*,*,#1160,.F.);
#1499=ORIENTED_EDGE('',*,*,#1161,.F.);
#1500=ORIENTED_EDGE('',*,*,#1134,.F.);
#1501=ORIENTED_EDGE('',*,*,#1161,.T.);
#1502=ORIENTED_EDGE('',*,*,#1162,.F.);
#1503=ORIENTED_EDGE('',*,*,#1142,.F.);
#1504=ORIENTED_EDGE('',*,*,#1163,.T.);
#1505=ORIENTED_EDGE('',*,*,#1164,.T.);
#1506=ORIENTED_EDGE('',*,*,#1165,.F.);
#1507=ORIENTED_EDGE('',*,*,#1166,.F.);
#1508=ORIENTED_EDGE('',*,*,#1167,.T.);
#1509=ORIENTED_EDGE('',*,*,#1166,.T.);
#1510=ORIENTED_EDGE('',*,*,#1168,.F.);
#1511=ORIENTED_EDGE('',*,*,#1169,.F.);
#1512=ORIENTED_EDGE('',*,*,#1170,.T.);
#1513=ORIENTED_EDGE('',*,*,#1169,.T.);
#1514=ORIENTED_EDGE('',*,*,#1171,.F.);
#1515=ORIENTED_EDGE('',*,*,#1172,.F.);
#1516=ORIENTED_EDGE('',*,*,#1127,.T.);
#1517=ORIENTED_EDGE('',*,*,#1173,.T.);
#1518=ORIENTED_EDGE('',*,*,#1174,.F.);
#1519=ORIENTED_EDGE('',*,*,#1175,.F.);
#1520=ORIENTED_EDGE('',*,*,#1158,.T.);
#1521=ORIENTED_EDGE('',*,*,#1176,.T.);
#1522=ORIENTED_EDGE('',*,*,#1177,.F.);
#1523=ORIENTED_EDGE('',*,*,#1173,.F.);
#1524=ORIENTED_EDGE('',*,*,#1156,.T.);
#1525=ORIENTED_EDGE('',*,*,#1178,.T.);
#1526=ORIENTED_EDGE('',*,*,#1179,.F.);
#1527=ORIENTED_EDGE('',*,*,#1176,.F.);
#1528=ORIENTED_EDGE('',*,*,#1153,.T.);
#1529=ORIENTED_EDGE('',*,*,#1180,.F.);
#1530=ORIENTED_EDGE('',*,*,#1181,.T.);
#1531=ORIENTED_EDGE('',*,*,#1182,.T.);
#1532=ORIENTED_EDGE('',*,*,#1150,.T.);
#1533=ORIENTED_EDGE('',*,*,#1183,.T.);
#1534=ORIENTED_EDGE('',*,*,#1184,.T.);
#1535=ORIENTED_EDGE('',*,*,#1180,.T.);
#1536=ORIENTED_EDGE('',*,*,#1147,.T.);
#1537=ORIENTED_EDGE('',*,*,#1185,.T.);
#1538=ORIENTED_EDGE('',*,*,#1186,.T.);
#1539=ORIENTED_EDGE('',*,*,#1183,.F.);
#1540=ORIENTED_EDGE('',*,*,#1160,.T.);
#1541=ORIENTED_EDGE('',*,*,#1187,.T.);
#1542=ORIENTED_EDGE('',*,*,#1188,.T.);
#1543=ORIENTED_EDGE('',*,*,#1189,.F.);
#1544=ORIENTED_EDGE('',*,*,#1190,.T.);
#1545=ORIENTED_EDGE('',*,*,#1191,.F.);
#1546=ORIENTED_EDGE('',*,*,#1192,.F.);
#1547=ORIENTED_EDGE('',*,*,#1193,.T.);
#1548=ORIENTED_EDGE('',*,*,#1194,.T.);
#1549=ORIENTED_EDGE('',*,*,#1195,.T.);
#1550=ORIENTED_EDGE('',*,*,#1193,.F.);
#1551=ORIENTED_EDGE('',*,*,#1196,.F.);
#1552=ORIENTED_EDGE('',*,*,#1197,.T.);
#1553=ORIENTED_EDGE('',*,*,#1194,.F.);
#1554=ORIENTED_EDGE('',*,*,#1198,.F.);
#1555=ORIENTED_EDGE('',*,*,#1199,.T.);
#1556=ORIENTED_EDGE('',*,*,#1200,.T.);
#1557=ORIENTED_EDGE('',*,*,#1201,.T.);
#1558=ORIENTED_EDGE('',*,*,#1202,.F.);
#1559=ORIENTED_EDGE('',*,*,#1201,.F.);
#1560=ORIENTED_EDGE('',*,*,#1203,.T.);
#1561=ORIENTED_EDGE('',*,*,#1204,.T.);
#1562=ORIENTED_EDGE('',*,*,#1205,.F.);
#1563=ORIENTED_EDGE('',*,*,#1204,.F.);
#1564=ORIENTED_EDGE('',*,*,#1206,.T.);
#1565=ORIENTED_EDGE('',*,*,#1207,.T.);
#1566=ORIENTED_EDGE('',*,*,#1208,.F.);
#1567=ORIENTED_EDGE('',*,*,#1207,.F.);
#1568=ORIENTED_EDGE('',*,*,#1209,.F.);
#1569=ORIENTED_EDGE('',*,*,#1210,.T.);
#1570=ORIENTED_EDGE('',*,*,#1211,.F.);
#1571=ORIENTED_EDGE('',*,*,#1212,.F.);
#1572=ORIENTED_EDGE('',*,*,#1213,.T.);
#1573=ORIENTED_EDGE('',*,*,#1214,.T.);
#1574=ORIENTED_EDGE('',*,*,#1215,.F.);
#1575=ORIENTED_EDGE('',*,*,#1216,.F.);
#1576=ORIENTED_EDGE('',*,*,#1217,.T.);
#1577=ORIENTED_EDGE('',*,*,#1218,.T.);
#1578=ORIENTED_EDGE('',*,*,#1219,.F.);
#1579=ORIENTED_EDGE('',*,*,#1210,.F.);
#1580=ORIENTED_EDGE('',*,*,#1220,.F.);
#1581=ORIENTED_EDGE('',*,*,#1216,.T.);
#1582=ORIENTED_EDGE('',*,*,#1221,.T.);
#1583=ORIENTED_EDGE('',*,*,#1222,.F.);
#1584=ORIENTED_EDGE('',*,*,#1223,.F.);
#1585=ORIENTED_EDGE('',*,*,#1218,.F.);
#1586=ORIENTED_EDGE('',*,*,#1224,.T.);
#1587=ORIENTED_EDGE('',*,*,#1225,.T.);
#1588=ORIENTED_EDGE('',*,*,#1226,.T.);
#1589=ORIENTED_EDGE('',*,*,#1227,.F.);
#1590=ORIENTED_EDGE('',*,*,#1228,.F.);
#1591=ORIENTED_EDGE('',*,*,#1222,.T.);
#1592=ORIENTED_EDGE('',*,*,#1229,.T.);
#1593=ORIENTED_EDGE('',*,*,#1230,.T.);
#1594=ORIENTED_EDGE('',*,*,#1231,.F.);
#1595=ORIENTED_EDGE('',*,*,#1225,.F.);
#1596=ORIENTED_EDGE('',*,*,#1232,.F.);
#1597=ORIENTED_EDGE('',*,*,#1227,.T.);
#1598=ORIENTED_EDGE('',*,*,#1233,.T.);
#1599=ORIENTED_EDGE('',*,*,#1234,.F.);
#1600=ORIENTED_EDGE('',*,*,#1235,.T.);
#1601=ORIENTED_EDGE('',*,*,#1234,.T.);
#1602=ORIENTED_EDGE('',*,*,#1236,.F.);
#1603=ORIENTED_EDGE('',*,*,#1230,.F.);
#1604=ORIENTED_EDGE('',*,*,#1171,.T.);
#1605=ORIENTED_EDGE('',*,*,#1237,.F.);
#1606=ORIENTED_EDGE('',*,*,#1238,.F.);
#1607=ORIENTED_EDGE('',*,*,#1239,.T.);
#1608=ORIENTED_EDGE('',*,*,#1240,.F.);
#1609=ORIENTED_EDGE('',*,*,#1241,.T.);
#1610=ORIENTED_EDGE('',*,*,#1238,.T.);
#1611=ORIENTED_EDGE('',*,*,#1242,.F.);
#1612=ORIENTED_EDGE('',*,*,#1243,.F.);
#1613=ORIENTED_EDGE('',*,*,#1244,.T.);
#1614=ORIENTED_EDGE('',*,*,#1240,.T.);
#1615=ORIENTED_EDGE('',*,*,#1245,.F.);
#1616=ORIENTED_EDGE('',*,*,#1186,.F.);
#1617=ORIENTED_EDGE('',*,*,#1246,.T.);
#1618=ORIENTED_EDGE('',*,*,#1243,.T.);
#1619=ORIENTED_EDGE('',*,*,#1247,.F.);
#1620=ORIENTED_EDGE('',*,*,#1248,.F.);
#1621=ORIENTED_EDGE('',*,*,#1249,.T.);
#1622=ORIENTED_EDGE('',*,*,#1250,.T.);
#1623=ORIENTED_EDGE('',*,*,#1249,.F.);
#1624=ORIENTED_EDGE('',*,*,#1162,.T.);
#1625=ORIENTED_EDGE('',*,*,#1189,.T.);
#1626=ORIENTED_EDGE('',*,*,#1251,.T.);
#1627=ORIENTED_EDGE('',*,*,#1252,.F.);
#1628=ORIENTED_EDGE('',*,*,#1191,.T.);
#1629=ORIENTED_EDGE('',*,*,#1253,.F.);
#1630=ORIENTED_EDGE('',*,*,#1188,.F.);
#1631=ORIENTED_EDGE('',*,*,#1190,.F.);
#1632=ORIENTED_EDGE('',*,*,#1254,.T.);
#1633=ORIENTED_EDGE('',*,*,#1242,.T.);
#1634=ORIENTED_EDGE('',*,*,#1255,.T.);
#1635=ORIENTED_EDGE('',*,*,#1256,.T.);
#1636=ORIENTED_EDGE('',*,*,#1257,.T.);
#1637=ORIENTED_EDGE('',*,*,#1258,.F.);
#1638=ORIENTED_EDGE('',*,*,#1199,.F.);
#1639=ORIENTED_EDGE('',*,*,#1174,.T.);
#1640=ORIENTED_EDGE('',*,*,#1259,.T.);
#1641=ORIENTED_EDGE('',*,*,#1254,.F.);
#1642=ORIENTED_EDGE('',*,*,#1195,.F.);
#1643=ORIENTED_EDGE('',*,*,#1260,.T.);
#1644=ORIENTED_EDGE('',*,*,#1245,.T.);
#1645=ORIENTED_EDGE('',*,*,#1197,.F.);
#1646=ORIENTED_EDGE('',*,*,#1261,.T.);
#1647=ORIENTED_EDGE('',*,*,#1262,.T.);
#1648=ORIENTED_EDGE('',*,*,#1263,.T.);
#1649=ORIENTED_EDGE('',*,*,#1184,.F.);
#1650=ORIENTED_EDGE('',*,*,#1247,.T.);
#1651=ORIENTED_EDGE('',*,*,#1260,.F.);
#1652=ORIENTED_EDGE('',*,*,#1200,.F.);
#1653=ORIENTED_EDGE('',*,*,#1264,.F.);
#1654=ORIENTED_EDGE('',*,*,#1203,.F.);
#1655=ORIENTED_EDGE('',*,*,#1265,.F.);
#1656=ORIENTED_EDGE('',*,*,#1206,.F.);
#1657=ORIENTED_EDGE('',*,*,#1266,.F.);
#1658=ORIENTED_EDGE('',*,*,#1226,.F.);
#1659=ORIENTED_EDGE('',*,*,#1221,.F.);
#1660=ORIENTED_EDGE('',*,*,#1215,.T.);
#1661=ORIENTED_EDGE('',*,*,#1267,.T.);
#1662=ORIENTED_EDGE('',*,*,#1268,.T.);
#1663=ORIENTED_EDGE('',*,*,#1269,.T.);
#1664=ORIENTED_EDGE('',*,*,#1270,.T.);
#1665=ORIENTED_EDGE('',*,*,#1271,.T.);
#1666=ORIENTED_EDGE('',*,*,#1211,.T.);
#1667=ORIENTED_EDGE('',*,*,#1219,.T.);
#1668=ORIENTED_EDGE('',*,*,#1223,.T.);
#1669=ORIENTED_EDGE('',*,*,#1231,.T.);
#1670=ORIENTED_EDGE('',*,*,#1236,.T.);
#1671=ORIENTED_EDGE('',*,*,#1233,.F.);
#1672=ORIENTED_EDGE('',*,*,#1272,.F.);
#1673=ORIENTED_EDGE('',*,*,#1273,.F.);
#1674=ORIENTED_EDGE('',*,*,#1274,.F.);
#1675=ORIENTED_EDGE('',*,*,#1248,.T.);
#1676=ORIENTED_EDGE('',*,*,#1275,.T.);
#1677=ORIENTED_EDGE('',*,*,#1276,.T.);
#1678=ORIENTED_EDGE('',*,*,#1277,.T.);
#1679=ORIENTED_EDGE('',*,*,#1269,.F.);
#1680=ORIENTED_EDGE('',*,*,#1278,.F.);
#1681=ORIENTED_EDGE('',*,*,#1279,.T.);
#1682=ORIENTED_EDGE('',*,*,#1280,.T.);
#1683=ORIENTED_EDGE('',*,*,#1267,.F.);
#1684=ORIENTED_EDGE('',*,*,#1214,.F.);
#1685=ORIENTED_EDGE('',*,*,#1281,.T.);
#1686=ORIENTED_EDGE('',*,*,#1212,.T.);
#1687=ORIENTED_EDGE('',*,*,#1271,.F.);
#1688=ORIENTED_EDGE('',*,*,#1282,.F.);
#1689=ORIENTED_EDGE('',*,*,#1283,.T.);
#1690=ORIENTED_EDGE('',*,*,#1275,.F.);
#1691=ORIENTED_EDGE('',*,*,#1213,.F.);
#1692=ORIENTED_EDGE('',*,*,#1281,.F.);
#1693=ORIENTED_EDGE('',*,*,#1168,.T.);
#1694=ORIENTED_EDGE('',*,*,#1284,.T.);
#1695=ORIENTED_EDGE('',*,*,#1255,.F.);
#1696=ORIENTED_EDGE('',*,*,#1237,.T.);
#1697=ORIENTED_EDGE('',*,*,#1253,.T.);
#1698=ORIENTED_EDGE('',*,*,#1258,.T.);
#1699=ORIENTED_EDGE('',*,*,#1285,.T.);
#1700=ORIENTED_EDGE('',*,*,#1251,.F.);
#1701=ORIENTED_EDGE('',*,*,#1143,.T.);
#1702=ORIENTED_EDGE('',*,*,#1252,.T.);
#1703=ORIENTED_EDGE('',*,*,#1286,.F.);
#1704=ORIENTED_EDGE('',*,*,#1287,.F.);
#1705=ORIENTED_EDGE('',*,*,#1288,.T.);
#1706=ORIENTED_EDGE('',*,*,#1286,.T.);
#1707=ORIENTED_EDGE('',*,*,#1285,.F.);
#1708=ORIENTED_EDGE('',*,*,#1257,.F.);
#1709=ORIENTED_EDGE('',*,*,#1289,.T.);
#1710=ORIENTED_EDGE('',*,*,#1290,.T.);
#1711=ORIENTED_EDGE('',*,*,#1288,.F.);
#1712=ORIENTED_EDGE('',*,*,#1256,.F.);
#1713=ORIENTED_EDGE('',*,*,#1259,.F.);
#1714=ORIENTED_EDGE('',*,*,#1177,.T.);
#1715=ORIENTED_EDGE('',*,*,#1291,.F.);
#1716=ORIENTED_EDGE('',*,*,#1261,.F.);
#1717=ORIENTED_EDGE('',*,*,#1291,.T.);
#1718=ORIENTED_EDGE('',*,*,#1179,.T.);
#1719=ORIENTED_EDGE('',*,*,#1292,.F.);
#1720=ORIENTED_EDGE('',*,*,#1262,.F.);
#1721=ORIENTED_EDGE('',*,*,#1292,.T.);
#1722=ORIENTED_EDGE('',*,*,#1293,.T.);
#1723=ORIENTED_EDGE('',*,*,#1181,.F.);
#1724=ORIENTED_EDGE('',*,*,#1263,.F.);
#1725=ORIENTED_EDGE('',*,*,#1272,.T.);
#1726=ORIENTED_EDGE('',*,*,#1294,.T.);
#1727=ORIENTED_EDGE('',*,*,#1264,.T.);
#1728=ORIENTED_EDGE('',*,*,#1294,.F.);
#1729=ORIENTED_EDGE('',*,*,#1273,.T.);
#1730=ORIENTED_EDGE('',*,*,#1295,.T.);
#1731=ORIENTED_EDGE('',*,*,#1265,.T.);
#1732=ORIENTED_EDGE('',*,*,#1295,.F.);
#1733=ORIENTED_EDGE('',*,*,#1274,.T.);
#1734=ORIENTED_EDGE('',*,*,#1296,.T.);
#1735=ORIENTED_EDGE('',*,*,#1266,.T.);
#1736=ORIENTED_EDGE('',*,*,#1296,.F.);
#1737=ORIENTED_EDGE('',*,*,#1268,.F.);
#1738=ORIENTED_EDGE('',*,*,#1280,.F.);
#1739=ORIENTED_EDGE('',*,*,#1297,.T.);
#1740=ORIENTED_EDGE('',*,*,#1278,.T.);
#1741=ORIENTED_EDGE('',*,*,#1270,.F.);
#1742=ORIENTED_EDGE('',*,*,#1277,.F.);
#1743=ORIENTED_EDGE('',*,*,#1298,.T.);
#1744=ORIENTED_EDGE('',*,*,#1282,.T.);
#1745=ORIENTED_EDGE('',*,*,#1297,.F.);
#1746=ORIENTED_EDGE('',*,*,#1279,.F.);
#1747=ORIENTED_EDGE('',*,*,#1298,.F.);
#1748=ORIENTED_EDGE('',*,*,#1276,.F.);
#1749=ORIENTED_EDGE('',*,*,#1283,.F.);
#1750=ORIENTED_EDGE('',*,*,#1165,.T.);
#1751=ORIENTED_EDGE('',*,*,#1299,.T.);
#1752=ORIENTED_EDGE('',*,*,#1289,.F.);
#1753=ORIENTED_EDGE('',*,*,#1284,.F.);
#1754=ORIENTED_EDGE('',*,*,#1300,.F.);
#1755=ORIENTED_EDGE('',*,*,#1301,.F.);
#1756=ORIENTED_EDGE('',*,*,#1302,.F.);
#1757=ORIENTED_EDGE('',*,*,#1154,.T.);
#1758=ORIENTED_EDGE('',*,*,#1182,.F.);
#1759=ORIENTED_EDGE('',*,*,#1293,.F.);
#1760=ORIENTED_EDGE('',*,*,#1178,.F.);
#1761=ORIENTED_EDGE('',*,*,#1155,.F.);
#1762=ORIENTED_EDGE('',*,*,#1152,.F.);
#1763=ORIENTED_EDGE('',*,*,#1302,.T.);
#1764=ORIENTED_EDGE('',*,*,#1303,.F.);
#1765=ORIENTED_EDGE('',*,*,#1304,.F.);
#1766=ORIENTED_EDGE('',*,*,#1119,.F.);
#1767=ORIENTED_EDGE('',*,*,#1123,.F.);
#1768=ORIENTED_EDGE('',*,*,#1305,.F.);
#1769=ORIENTED_EDGE('',*,*,#1300,.T.);
#1770=ORIENTED_EDGE('',*,*,#1303,.T.);
#1771=ORIENTED_EDGE('',*,*,#1301,.T.);
#1772=ORIENTED_EDGE('',*,*,#1306,.F.);
#1773=ORIENTED_EDGE('',*,*,#1307,.F.);
#1774=ORIENTED_EDGE('',*,*,#1306,.T.);
#1775=ORIENTED_EDGE('',*,*,#1305,.T.);
#1776=ORIENTED_EDGE('',*,*,#1308,.F.);
#1777=ORIENTED_EDGE('',*,*,#1309,.F.);
#1778=ORIENTED_EDGE('',*,*,#1310,.F.);
#1779=ORIENTED_EDGE('',*,*,#1311,.T.);
#1780=ORIENTED_EDGE('',*,*,#1308,.T.);
#1781=ORIENTED_EDGE('',*,*,#1122,.F.);
#1782=ORIENTED_EDGE('',*,*,#1312,.T.);
#1783=ORIENTED_EDGE('',*,*,#1313,.T.);
#1784=ORIENTED_EDGE('',*,*,#1314,.F.);
#1785=ORIENTED_EDGE('',*,*,#1315,.F.);
#1786=ORIENTED_EDGE('',*,*,#1312,.F.);
#1787=ORIENTED_EDGE('',*,*,#1316,.T.);
#1788=ORIENTED_EDGE('',*,*,#1317,.T.);
#1789=ORIENTED_EDGE('',*,*,#1141,.F.);
#1790=ORIENTED_EDGE('',*,*,#1318,.T.);
#1791=ORIENTED_EDGE('',*,*,#1138,.T.);
#1792=ORIENTED_EDGE('',*,*,#1317,.F.);
#1793=ORIENTED_EDGE('',*,*,#1319,.F.);
#1794=ORIENTED_EDGE('',*,*,#1149,.F.);
#1795=ORIENTED_EDGE('',*,*,#1304,.T.);
#1796=ORIENTED_EDGE('',*,*,#1320,.F.);
#1797=ORIENTED_EDGE('',*,*,#1321,.T.);
#1798=ORIENTED_EDGE('',*,*,#1125,.F.);
#1799=ORIENTED_EDGE('',*,*,#1322,.T.);
#1800=ORIENTED_EDGE('',*,*,#1310,.T.);
#1801=ORIENTED_EDGE('',*,*,#1323,.F.);
#1802=ORIENTED_EDGE('',*,*,#1324,.T.);
#1803=ORIENTED_EDGE('',*,*,#1325,.T.);
#1804=ORIENTED_EDGE('',*,*,#1320,.T.);
#1805=ORIENTED_EDGE('',*,*,#1307,.T.);
#1806=ORIENTED_EDGE('',*,*,#1309,.T.);
#1807=ORIENTED_EDGE('',*,*,#1311,.F.);
#1808=ORIENTED_EDGE('',*,*,#1326,.F.);
#1809=ORIENTED_EDGE('',*,*,#1327,.F.);
#1810=ORIENTED_EDGE('',*,*,#1328,.T.);
#1811=ORIENTED_EDGE('',*,*,#1329,.T.);
#1812=ORIENTED_EDGE('',*,*,#1330,.T.);
#1813=ORIENTED_EDGE('',*,*,#1331,.T.);
#1814=ORIENTED_EDGE('',*,*,#1332,.F.);
#1815=ORIENTED_EDGE('',*,*,#1333,.T.);
#1816=ORIENTED_EDGE('',*,*,#1324,.F.);
#1817=ORIENTED_EDGE('',*,*,#1334,.F.);
#1818=ORIENTED_EDGE('',*,*,#1335,.T.);
#1819=ORIENTED_EDGE('',*,*,#1336,.T.);
#1820=ORIENTED_EDGE('',*,*,#1337,.T.);
#1821=ORIENTED_EDGE('',*,*,#1318,.F.);
#1822=ORIENTED_EDGE('',*,*,#1338,.F.);
#1823=ORIENTED_EDGE('',*,*,#1332,.T.);
#1824=ORIENTED_EDGE('',*,*,#1339,.F.);
#1825=ORIENTED_EDGE('',*,*,#1340,.F.);
#1826=ORIENTED_EDGE('',*,*,#1341,.T.);
#1827=ORIENTED_EDGE('',*,*,#1342,.T.);
#1828=ORIENTED_EDGE('',*,*,#1339,.T.);
#1829=ORIENTED_EDGE('',*,*,#1331,.F.);
#1830=ORIENTED_EDGE('',*,*,#1343,.F.);
#1831=ORIENTED_EDGE('',*,*,#1344,.T.);
#1832=ORIENTED_EDGE('',*,*,#1345,.T.);
#1833=ORIENTED_EDGE('',*,*,#1333,.F.);
#1834=ORIENTED_EDGE('',*,*,#1341,.F.);
#1835=ORIENTED_EDGE('',*,*,#1346,.T.);
#1836=ORIENTED_EDGE('',*,*,#1343,.T.);
#1837=ORIENTED_EDGE('',*,*,#1330,.F.);
#1838=ORIENTED_EDGE('',*,*,#1347,.F.);
#1839=ORIENTED_EDGE('',*,*,#1348,.F.);
#1840=ORIENTED_EDGE('',*,*,#1349,.T.);
#1841=ORIENTED_EDGE('',*,*,#1326,.T.);
#1842=ORIENTED_EDGE('',*,*,#1345,.F.);
#1843=ORIENTED_EDGE('',*,*,#1350,.T.);
#1844=ORIENTED_EDGE('',*,*,#1347,.T.);
#1845=ORIENTED_EDGE('',*,*,#1329,.F.);
#1846=ORIENTED_EDGE('',*,*,#1351,.F.);
#1847=ORIENTED_EDGE('',*,*,#1352,.F.);
#1848=ORIENTED_EDGE('',*,*,#1353,.T.);
#1849=ORIENTED_EDGE('',*,*,#1327,.T.);
#1850=ORIENTED_EDGE('',*,*,#1349,.F.);
#1851=ORIENTED_EDGE('',*,*,#1328,.F.);
#1852=ORIENTED_EDGE('',*,*,#1353,.F.);
#1853=ORIENTED_EDGE('',*,*,#1354,.T.);
#1854=ORIENTED_EDGE('',*,*,#1351,.T.);
#1855=ORIENTED_EDGE('',*,*,#1335,.F.);
#1856=ORIENTED_EDGE('',*,*,#1355,.F.);
#1857=ORIENTED_EDGE('',*,*,#1356,.T.);
#1858=ORIENTED_EDGE('',*,*,#1357,.T.);
#1859=ORIENTED_EDGE('',*,*,#1358,.T.);
#1860=ORIENTED_EDGE('',*,*,#1319,.T.);
#1861=ORIENTED_EDGE('',*,*,#1316,.F.);
#1862=ORIENTED_EDGE('',*,*,#1315,.T.);
#1863=ORIENTED_EDGE('',*,*,#1359,.F.);
#1864=ORIENTED_EDGE('',*,*,#1360,.T.);
#1865=ORIENTED_EDGE('',*,*,#1361,.F.);
#1866=ORIENTED_EDGE('',*,*,#1362,.F.);
#1867=ORIENTED_EDGE('',*,*,#1363,.F.);
#1868=ORIENTED_EDGE('',*,*,#1364,.T.);
#1869=ORIENTED_EDGE('',*,*,#1365,.T.);
#1870=ORIENTED_EDGE('',*,*,#1366,.T.);
#1871=ORIENTED_EDGE('',*,*,#1367,.T.);
#1872=ORIENTED_EDGE('',*,*,#1368,.F.);
#1873=ORIENTED_EDGE('',*,*,#1369,.T.);
#1874=ORIENTED_EDGE('',*,*,#1370,.F.);
#1875=ORIENTED_EDGE('',*,*,#1371,.T.);
#1876=ORIENTED_EDGE('',*,*,#1361,.T.);
#1877=ORIENTED_EDGE('',*,*,#1372,.T.);
#1878=ORIENTED_EDGE('',*,*,#1145,.F.);
#1879=ORIENTED_EDGE('',*,*,#1321,.F.);
#1880=ORIENTED_EDGE('',*,*,#1373,.F.);
#1881=ORIENTED_EDGE('',*,*,#1374,.T.);
#1882=ORIENTED_EDGE('',*,*,#1375,.F.);
#1883=ORIENTED_EDGE('',*,*,#1376,.T.);
#1884=ORIENTED_EDGE('',*,*,#1373,.T.);
#1885=ORIENTED_EDGE('',*,*,#1325,.F.);
#1886=ORIENTED_EDGE('',*,*,#1377,.F.);
#1887=ORIENTED_EDGE('',*,*,#1378,.T.);
#1888=ORIENTED_EDGE('',*,*,#1375,.T.);
#1889=ORIENTED_EDGE('',*,*,#1336,.F.);
#1890=ORIENTED_EDGE('',*,*,#1379,.F.);
#1891=ORIENTED_EDGE('',*,*,#1380,.T.);
#1892=ORIENTED_EDGE('',*,*,#1381,.T.);
#1893=ORIENTED_EDGE('',*,*,#1360,.F.);
#1894=ORIENTED_EDGE('',*,*,#1382,.F.);
#1895=ORIENTED_EDGE('',*,*,#1383,.T.);
#1896=ORIENTED_EDGE('',*,*,#1377,.T.);
#1897=ORIENTED_EDGE('',*,*,#1357,.F.);
#1898=ORIENTED_EDGE('',*,*,#1381,.F.);
#1899=ORIENTED_EDGE('',*,*,#1384,.T.);
#1900=ORIENTED_EDGE('',*,*,#1385,.T.);
#1901=ORIENTED_EDGE('',*,*,#1372,.F.);
#1902=ORIENTED_EDGE('',*,*,#1323,.T.);
#1903=ORIENTED_EDGE('',*,*,#1322,.F.);
#1904=ORIENTED_EDGE('',*,*,#1386,.F.);
#1905=ORIENTED_EDGE('',*,*,#1387,.T.);
#1906=ORIENTED_EDGE('',*,*,#1388,.T.);
#1907=ORIENTED_EDGE('',*,*,#1334,.T.);
#1908=ORIENTED_EDGE('',*,*,#1387,.F.);
#1909=ORIENTED_EDGE('',*,*,#1389,.F.);
#1910=ORIENTED_EDGE('',*,*,#1358,.F.);
#1911=ORIENTED_EDGE('',*,*,#1390,.F.);
#1912=ORIENTED_EDGE('',*,*,#1391,.T.);
#1913=ORIENTED_EDGE('',*,*,#1338,.T.);
#1914=ORIENTED_EDGE('',*,*,#1392,.T.);
#1915=ORIENTED_EDGE('',*,*,#1355,.T.);
#1916=ORIENTED_EDGE('',*,*,#1388,.F.);
#1917=ORIENTED_EDGE('',*,*,#1393,.F.);
#1918=ORIENTED_EDGE('',*,*,#1394,.F.);
#1919=ORIENTED_EDGE('',*,*,#1395,.T.);
#1920=ORIENTED_EDGE('',*,*,#1390,.T.);
#1921=ORIENTED_EDGE('',*,*,#1371,.F.);
#1922=ORIENTED_EDGE('',*,*,#1396,.F.);
#1923=ORIENTED_EDGE('',*,*,#1397,.T.);
#1924=ORIENTED_EDGE('',*,*,#1398,.T.);
#1925=ORIENTED_EDGE('',*,*,#1382,.T.);
#1926=ORIENTED_EDGE('',*,*,#1356,.F.);
#1927=ORIENTED_EDGE('',*,*,#1392,.F.);
#1928=ORIENTED_EDGE('',*,*,#1354,.F.);
#1929=ORIENTED_EDGE('',*,*,#1352,.T.);
#1930=ORIENTED_EDGE('',*,*,#1348,.T.);
#1931=ORIENTED_EDGE('',*,*,#1344,.F.);
#1932=ORIENTED_EDGE('',*,*,#1340,.T.);
#1933=ORIENTED_EDGE('',*,*,#1342,.F.);
#1934=ORIENTED_EDGE('',*,*,#1346,.F.);
#1935=ORIENTED_EDGE('',*,*,#1350,.F.);
#1936=ORIENTED_EDGE('',*,*,#1399,.F.);
#1937=ORIENTED_EDGE('',*,*,#1400,.T.);
#1938=ORIENTED_EDGE('',*,*,#1368,.T.);
#1939=ORIENTED_EDGE('',*,*,#1401,.F.);
#1940=ORIENTED_EDGE('',*,*,#1402,.T.);
#1941=ORIENTED_EDGE('',*,*,#1401,.T.);
#1942=ORIENTED_EDGE('',*,*,#1367,.F.);
#1943=ORIENTED_EDGE('',*,*,#1403,.F.);
#1944=ORIENTED_EDGE('',*,*,#1404,.T.);
#1945=ORIENTED_EDGE('',*,*,#1405,.T.);
#1946=ORIENTED_EDGE('',*,*,#1369,.F.);
#1947=ORIENTED_EDGE('',*,*,#1400,.F.);
#1948=ORIENTED_EDGE('',*,*,#1366,.F.);
#1949=ORIENTED_EDGE('',*,*,#1406,.F.);
#1950=ORIENTED_EDGE('',*,*,#1407,.T.);
#1951=ORIENTED_EDGE('',*,*,#1403,.T.);
#1952=ORIENTED_EDGE('',*,*,#1362,.T.);
#1953=ORIENTED_EDGE('',*,*,#1405,.F.);
#1954=ORIENTED_EDGE('',*,*,#1408,.F.);
#1955=ORIENTED_EDGE('',*,*,#1409,.T.);
#1956=ORIENTED_EDGE('',*,*,#1410,.T.);
#1957=ORIENTED_EDGE('',*,*,#1406,.T.);
#1958=ORIENTED_EDGE('',*,*,#1365,.F.);
#1959=ORIENTED_EDGE('',*,*,#1411,.F.);
#1960=ORIENTED_EDGE('',*,*,#1412,.F.);
#1961=ORIENTED_EDGE('',*,*,#1413,.T.);
#1962=ORIENTED_EDGE('',*,*,#1363,.T.);
#1963=ORIENTED_EDGE('',*,*,#1409,.F.);
#1964=ORIENTED_EDGE('',*,*,#1414,.T.);
#1965=ORIENTED_EDGE('',*,*,#1411,.T.);
#1966=ORIENTED_EDGE('',*,*,#1364,.F.);
#1967=ORIENTED_EDGE('',*,*,#1413,.F.);
#1968=ORIENTED_EDGE('',*,*,#1385,.F.);
#1969=ORIENTED_EDGE('',*,*,#1415,.T.);
#1970=ORIENTED_EDGE('',*,*,#1416,.T.);
#1971=ORIENTED_EDGE('',*,*,#1417,.F.);
#1972=ORIENTED_EDGE('',*,*,#1418,.F.);
#1973=ORIENTED_EDGE('',*,*,#1419,.T.);
#1974=ORIENTED_EDGE('',*,*,#1370,.T.);
#1975=ORIENTED_EDGE('',*,*,#1417,.T.);
#1976=ORIENTED_EDGE('',*,*,#1420,.F.);
#1977=ORIENTED_EDGE('',*,*,#1421,.T.);
#1978=ORIENTED_EDGE('',*,*,#1394,.T.);
#1979=ORIENTED_EDGE('',*,*,#1419,.F.);
#1980=ORIENTED_EDGE('',*,*,#1422,.F.);
#1981=ORIENTED_EDGE('',*,*,#1423,.T.);
#1982=ORIENTED_EDGE('',*,*,#1424,.T.);
#1983=ORIENTED_EDGE('',*,*,#1397,.F.);
#1984=ORIENTED_EDGE('',*,*,#1425,.F.);
#1985=ORIENTED_EDGE('',*,*,#1391,.F.);
#1986=ORIENTED_EDGE('',*,*,#1395,.F.);
#1987=ORIENTED_EDGE('',*,*,#1421,.F.);
#1988=ORIENTED_EDGE('',*,*,#1426,.T.);
#1989=ORIENTED_EDGE('',*,*,#1422,.T.);
#1990=ORIENTED_EDGE('',*,*,#1396,.T.);
#1991=ORIENTED_EDGE('',*,*,#1393,.T.);
#1992=ORIENTED_EDGE('',*,*,#1389,.T.);
#1993=ORIENTED_EDGE('',*,*,#1386,.T.);
#1994=ORIENTED_EDGE('',*,*,#1124,.T.);
#1995=ORIENTED_EDGE('',*,*,#1128,.T.);
#1996=ORIENTED_EDGE('',*,*,#1175,.T.);
#1997=ORIENTED_EDGE('',*,*,#1198,.T.);
#1998=ORIENTED_EDGE('',*,*,#1196,.T.);
#1999=ORIENTED_EDGE('',*,*,#1192,.T.);
#2000=ORIENTED_EDGE('',*,*,#1187,.F.);
#2001=ORIENTED_EDGE('',*,*,#1159,.F.);
#2002=ORIENTED_EDGE('',*,*,#1202,.T.);
#2003=ORIENTED_EDGE('',*,*,#1205,.T.);
#2004=ORIENTED_EDGE('',*,*,#1208,.T.);
#2005=ORIENTED_EDGE('',*,*,#1209,.T.);
#2006=ORIENTED_EDGE('',*,*,#1220,.T.);
#2007=ORIENTED_EDGE('',*,*,#1228,.T.);
#2008=ORIENTED_EDGE('',*,*,#1232,.T.);
#2009=ORIENTED_EDGE('',*,*,#1235,.F.);
#2010=ORIENTED_EDGE('',*,*,#1229,.F.);
#2011=ORIENTED_EDGE('',*,*,#1224,.F.);
#2012=ORIENTED_EDGE('',*,*,#1217,.F.);
#2013=ORIENTED_EDGE('',*,*,#1426,.F.);
#2014=ORIENTED_EDGE('',*,*,#1420,.T.);
#2015=ORIENTED_EDGE('',*,*,#1418,.T.);
#2016=ORIENTED_EDGE('',*,*,#1416,.F.);
#2017=ORIENTED_EDGE('',*,*,#1427,.T.);
#2018=ORIENTED_EDGE('',*,*,#1423,.F.);
#2019=ORIENTED_EDGE('',*,*,#1414,.F.);
#2020=ORIENTED_EDGE('',*,*,#1412,.T.);
#2021=ORIENTED_EDGE('',*,*,#1408,.T.);
#2022=ORIENTED_EDGE('',*,*,#1404,.F.);
#2023=ORIENTED_EDGE('',*,*,#1399,.T.);
#2024=ORIENTED_EDGE('',*,*,#1402,.F.);
#2025=ORIENTED_EDGE('',*,*,#1407,.F.);
#2026=ORIENTED_EDGE('',*,*,#1410,.F.);
#2027=ORIENTED_EDGE('',*,*,#1374,.F.);
#2028=ORIENTED_EDGE('',*,*,#1376,.F.);
#2029=ORIENTED_EDGE('',*,*,#1378,.F.);
#2030=ORIENTED_EDGE('',*,*,#1383,.F.);
#2031=ORIENTED_EDGE('',*,*,#1398,.F.);
#2032=ORIENTED_EDGE('',*,*,#1424,.F.);
#2033=ORIENTED_EDGE('',*,*,#1427,.F.);
#2034=ORIENTED_EDGE('',*,*,#1415,.F.);
#2035=ORIENTED_EDGE('',*,*,#1384,.F.);
#2036=ORIENTED_EDGE('',*,*,#1380,.F.);
#2037=ORIENTED_EDGE('',*,*,#1428,.F.);
#2038=ORIENTED_EDGE('',*,*,#1172,.T.);
#2039=ORIENTED_EDGE('',*,*,#1239,.F.);
#2040=ORIENTED_EDGE('',*,*,#1241,.F.);
#2041=ORIENTED_EDGE('',*,*,#1244,.F.);
#2042=ORIENTED_EDGE('',*,*,#1246,.F.);
#2043=ORIENTED_EDGE('',*,*,#1185,.F.);
#2044=ORIENTED_EDGE('',*,*,#1146,.F.);
#2045=ORIENTED_EDGE('',*,*,#1250,.F.);
#2046=ORIENTED_EDGE('',*,*,#1170,.F.);
#2047=ORIENTED_EDGE('',*,*,#1428,.T.);
#2048=ORIENTED_EDGE('',*,*,#1379,.T.);
#2049=ORIENTED_EDGE('',*,*,#1429,.F.);
#2050=ORIENTED_EDGE('',*,*,#1167,.F.);
#2051=ORIENTED_EDGE('',*,*,#1429,.T.);
#2052=ORIENTED_EDGE('',*,*,#1359,.T.);
#2053=ORIENTED_EDGE('',*,*,#1430,.T.);
#2054=ORIENTED_EDGE('',*,*,#1163,.F.);
#2055=ORIENTED_EDGE('',*,*,#1430,.F.);
#2056=ORIENTED_EDGE('',*,*,#1314,.T.);
#2057=ORIENTED_EDGE('',*,*,#1431,.T.);
#2058=ORIENTED_EDGE('',*,*,#1431,.F.);
#2059=ORIENTED_EDGE('',*,*,#1313,.F.);
#2060=ORIENTED_EDGE('',*,*,#1140,.T.);
#2061=ORIENTED_EDGE('',*,*,#1144,.T.);
#2062=ORIENTED_EDGE('',*,*,#1287,.T.);
#2063=ORIENTED_EDGE('',*,*,#1290,.F.);
#2064=ORIENTED_EDGE('',*,*,#1299,.F.);
#2065=ORIENTED_EDGE('',*,*,#1164,.F.);
#2066=ORIENTED_EDGE('',*,*,#1135,.F.);
#2067=ORIENTED_EDGE('',*,*,#1139,.F.);
#2068=ORIENTED_EDGE('',*,*,#1337,.F.);
#2069=ORIENTED_EDGE('',*,*,#1425,.T.);
#2070=B_SPLINE_SURFACE_WITH_KNOTS('',3,3,((#3094,#3095,#3096,#3097,#3098,
#3099,#3100,#3101),(#3102,#3103,#3104,#3105,#3106,#3107,#3108,#3109),(#3110,
#3111,#3112,#3113,#3114,#3115,#3116,#3117),(#3118,#3119,#3120,#3121,#3122,
#3123,#3124,#3125)),.UNSPECIFIED.,.F.,.F.,.F.,(4,4),(4,2,1,1,4),(0.,1.),
(-18.2852301275598,-18.2681298694003,-10.9608779216402,-7.30725194776013,
0.),.UNSPECIFIED.);
#2071=B_SPLINE_SURFACE_WITH_KNOTS('',3,3,((#3152,#3153,#3154,#3155,#3156,
#3157,#3158,#3159),(#3160,#3161,#3162,#3163,#3164,#3165,#3166,#3167),(#3168,
#3169,#3170,#3171,#3172,#3173,#3174,#3175),(#3176,#3177,#3178,#3179,#3180,
#3181,#3182,#3183)),.UNSPECIFIED.,.F.,.F.,.F.,(4,4),(4,1,1,2,4),(0.,1.),
(-18.2681070323915,-10.9608642194349,-7.3072428129566,0.,0.0171292873305239),
 .UNSPECIFIED.);
#2072=B_SPLINE_SURFACE_WITH_KNOTS('',3,3,((#3229,#3230,#3231,#3232,#3233,
#3234,#3235,#3236),(#3237,#3238,#3239,#3240,#3241,#3242,#3243,#3244),(#3245,
#3246,#3247,#3248,#3249,#3250,#3251,#3252),(#3253,#3254,#3255,#3256,#3257,
#3258,#3259,#3260)),.UNSPECIFIED.,.F.,.F.,.F.,(4,4),(4,2,1,1,4),(0.,1.),
(-18.2852363197221,-18.2681070323915,-10.9608642194349,-7.30724281295661,
0.),.UNSPECIFIED.);
#2073=B_SPLINE_SURFACE_WITH_KNOTS('',3,3,((#3287,#3288,#3289,#3290,#3291,
#3292,#3293,#3294),(#3295,#3296,#3297,#3298,#3299,#3300,#3301,#3302),(#3303,
#3304,#3305,#3306,#3307,#3308,#3309,#3310),(#3311,#3312,#3313,#3314,#3315,
#3316,#3317,#3318)),.UNSPECIFIED.,.F.,.F.,.F.,(4,4),(4,1,1,2,4),(0.,1.),
(-18.268129845032,-10.4389313400183,-7.82919850501369,0.,0.01710028912087),
 .UNSPECIFIED.);
#2074=B_SPLINE_SURFACE_WITH_KNOTS('',3,1,((#3379,#3380),(#3381,#3382),(#3383,
#3384),(#3385,#3386),(#3387,#3388),(#3389,#3390),(#3391,#3392),(#3393,#3394),
(#3395,#3396),(#3397,#3398)),.UNSPECIFIED.,.F.,.F.,.F.,(4,2,2,2,4),(2,2),
(0.299865511069199,0.336571930953475,0.373808671783275,0.411644925373073,
0.449907380756101),(0.,2.),.UNSPECIFIED.);
#2075=B_SPLINE_SURFACE_WITH_KNOTS('',3,1,((#3431,#3432),(#3433,#3434),(#3435,
#3436),(#3437,#3438),(#3439,#3440),(#3441,#3442),(#3443,#3444),(#3445,#3446),
(#3447,#3448),(#3449,#3450)),.UNSPECIFIED.,.F.,.F.,.F.,(4,2,2,2,4),(2,2),
(-0.150409054285812,-0.111800371270629,-0.0738849373746905,-0.0366762892921344,
0.),(0.,2.),.UNSPECIFIED.);
#2076=B_SPLINE_SURFACE_WITH_KNOTS('',3,1,((#3500,#3501),(#3502,#3503),(#3504,
#3505),(#3506,#3507),(#3508,#3509),(#3510,#3511),(#3512,#3513),(#3514,#3515),
(#3516,#3517),(#3518,#3519)),.UNSPECIFIED.,.F.,.F.,.F.,(4,2,2,2,4),(2,2),
(0.,0.0369587159856256,0.0744608086254307,0.112094577299903,0.150409249003734),
(0.,2.),.UNSPECIFIED.);
#2077=B_SPLINE_SURFACE_WITH_KNOTS('',3,1,((#3552,#3553),(#3554,#3555),(#3556,
#3557),(#3558,#3559),(#3560,#3561),(#3562,#3563),(#3564,#3565),(#3566,#3567),
(#3568,#3569),(#3570,#3571)),.UNSPECIFIED.,.F.,.F.,.F.,(4,2,2,2,4),(2,2),
(0.149823530203013,0.188085985586041,0.225922239175838,0.263158980005638,
0.299865399889914),(0.,2.),.UNSPECIFIED.);
#2078=ADVANCED_FACE('',(#495),#2070,.T.);
#2079=ADVANCED_FACE('',(#496),#438,.F.);
#2080=ADVANCED_FACE('',(#497),#2071,.T.);
#2081=ADVANCED_FACE('',(#498),#63,.T.);
#2082=ADVANCED_FACE('',(#499),#439,.T.);
#2083=ADVANCED_FACE('',(#500),#51,.F.);
#2084=ADVANCED_FACE('',(#501),#2072,.T.);
#2085=ADVANCED_FACE('',(#502),#440,.F.);
#2086=ADVANCED_FACE('',(#503),#2073,.T.);
#2087=ADVANCED_FACE('',(#504),#64,.F.);
#2088=ADVANCED_FACE('',(#505),#441,.T.);
#2089=ADVANCED_FACE('',(#506),#52,.F.);
#2090=ADVANCED_FACE('',(#507),#2074,.T.);
#2091=ADVANCED_FACE('',(#508),#65,.T.);
#2092=ADVANCED_FACE('',(#509),#2075,.T.);
#2093=ADVANCED_FACE('',(#510),#53,.F.);
#2094=ADVANCED_FACE('',(#511),#66,.T.);
#2095=ADVANCED_FACE('',(#512),#54,.F.);
#2096=ADVANCED_FACE('',(#513),#67,.T.);
#2097=ADVANCED_FACE('',(#514),#2076,.T.);
#2098=ADVANCED_FACE('',(#515),#68,.T.);
#2099=ADVANCED_FACE('',(#516),#2077,.T.);
#2100=ADVANCED_FACE('',(#517),#442,.T.);
#2101=ADVANCED_FACE('',(#518),#69,.T.);
#2102=ADVANCED_FACE('',(#519),#443,.T.);
#2103=ADVANCED_FACE('',(#520),#30,.F.);
#2104=ADVANCED_FACE('',(#521),#444,.F.);
#2105=ADVANCED_FACE('',(#522),#31,.T.);
#2106=ADVANCED_FACE('',(#523),#445,.T.);
#2107=ADVANCED_FACE('',(#524),#446,.T.);
#2108=ADVANCED_FACE('',(#525),#32,.T.);
#2109=ADVANCED_FACE('',(#526),#447,.T.);
#2110=ADVANCED_FACE('',(#527),#448,.F.);
#2111=ADVANCED_FACE('',(#528),#449,.F.);
#2112=ADVANCED_FACE('',(#529),#450,.F.);
#2113=ADVANCED_FACE('',(#530),#70,.T.);
#2114=ADVANCED_FACE('',(#531),#451,.F.);
#2115=ADVANCED_FACE('',(#532),#452,.F.);
#2116=ADVANCED_FACE('',(#533),#71,.T.);
#2117=ADVANCED_FACE('',(#534),#72,.F.);
#2118=ADVANCED_FACE('',(#535),#453,.F.);
#2119=ADVANCED_FACE('',(#536),#454,.F.);
#2120=ADVANCED_FACE('',(#537),#73,.F.);
#2121=ADVANCED_FACE('',(#538),#33,.T.);
#2122=ADVANCED_FACE('',(#539),#455,.T.);
#2123=ADVANCED_FACE('',(#540),#34,.T.);
#2124=ADVANCED_FACE('',(#541),#456,.T.);
#2125=ADVANCED_FACE('',(#542),#35,.T.);
#2126=ADVANCED_FACE('',(#543),#74,.F.);
#2127=ADVANCED_FACE('',(#544),#55,.T.);
#2128=ADVANCED_FACE('',(#545),#75,.T.);
#2129=ADVANCED_FACE('',(#546),#56,.F.);
#2130=ADVANCED_FACE('',(#547),#457,.T.);
#2131=ADVANCED_FACE('',(#548),#76,.T.);
#2132=ADVANCED_FACE('',(#549,#15),#77,.F.);
#2133=ADVANCED_FACE('',(#550,#16),#78,.F.);
#2134=ADVANCED_FACE('',(#551,#17),#79,.F.);
#2135=ADVANCED_FACE('',(#552,#18,#19,#20),#80,.T.);
#2136=ADVANCED_FACE('',(#553),#458,.F.);
#2137=ADVANCED_FACE('',(#554),#81,.T.);
#2138=ADVANCED_FACE('',(#555),#459,.F.);
#2139=ADVANCED_FACE('',(#556),#460,.F.);
#2140=ADVANCED_FACE('',(#557),#461,.T.);
#2141=ADVANCED_FACE('',(#558),#57,.T.);
#2142=ADVANCED_FACE('',(#559),#462,.F.);
#2143=ADVANCED_FACE('',(#560),#463,.F.);
#2144=ADVANCED_FACE('',(#561),#58,.T.);
#2145=ADVANCED_FACE('',(#562),#464,.F.);
#2146=ADVANCED_FACE('',(#563),#465,.F.);
#2147=ADVANCED_FACE('',(#564),#466,.F.);
#2148=ADVANCED_FACE('',(#565),#467,.F.);
#2149=ADVANCED_FACE('',(#566),#82,.T.);
#2150=ADVANCED_FACE('',(#567),#83,.T.);
#2151=ADVANCED_FACE('',(#568),#84,.T.);
#2152=ADVANCED_FACE('',(#569),#85,.T.);
#2153=ADVANCED_FACE('',(#570),#36,.F.);
#2154=ADVANCED_FACE('',(#571),#86,.T.);
#2155=ADVANCED_FACE('',(#572),#37,.F.);
#2156=ADVANCED_FACE('',(#573),#468,.T.);
#2157=ADVANCED_FACE('',(#574),#469,.F.);
#2158=ADVANCED_FACE('',(#575),#59,.T.);
#2159=ADVANCED_FACE('',(#576),#470,.F.);
#2160=ADVANCED_FACE('',(#577),#471,.F.);
#2161=ADVANCED_FACE('',(#578),#60,.F.);
#2162=ADVANCED_FACE('',(#579),#472,.F.);
#2163=ADVANCED_FACE('',(#580),#473,.F.);
#2164=ADVANCED_FACE('',(#581),#61,.F.);
#2165=ADVANCED_FACE('',(#582,#21),#87,.T.);
#2166=ADVANCED_FACE('',(#583),#474,.T.);
#2167=ADVANCED_FACE('',(#584),#62,.T.);
#2168=ADVANCED_FACE('',(#585),#88,.F.);
#2169=ADVANCED_FACE('',(#586),#475,.F.);
#2170=ADVANCED_FACE('',(#587),#476,.F.);
#2171=ADVANCED_FACE('',(#588),#89,.F.);
#2172=ADVANCED_FACE('',(#589),#90,.T.);
#2173=ADVANCED_FACE('',(#590),#477,.F.);
#2174=ADVANCED_FACE('',(#591),#478,.F.);
#2175=ADVANCED_FACE('',(#592),#91,.T.);
#2176=ADVANCED_FACE('',(#593),#92,.F.);
#2177=ADVANCED_FACE('',(#594,#22),#93,.T.);
#2178=ADVANCED_FACE('',(#595),#479,.T.);
#2179=ADVANCED_FACE('',(#596),#38,.T.);
#2180=ADVANCED_FACE('',(#597),#480,.T.);
#2181=ADVANCED_FACE('',(#598),#39,.T.);
#2182=ADVANCED_FACE('',(#599),#481,.T.);
#2183=ADVANCED_FACE('',(#600),#482,.T.);
#2184=ADVANCED_FACE('',(#601),#40,.T.);
#2185=ADVANCED_FACE('',(#602),#483,.T.);
#2186=ADVANCED_FACE('',(#603),#41,.T.);
#2187=ADVANCED_FACE('',(#604),#484,.T.);
#2188=ADVANCED_FACE('',(#605),#485,.T.);
#2189=ADVANCED_FACE('',(#606),#42,.T.);
#2190=ADVANCED_FACE('',(#607,#23),#94,.T.);
#2191=ADVANCED_FACE('',(#608),#95,.F.);
#2192=ADVANCED_FACE('',(#609),#486,.F.);
#2193=ADVANCED_FACE('',(#610),#487,.F.);
#2194=ADVANCED_FACE('',(#611),#96,.F.);
#2195=ADVANCED_FACE('',(#612),#97,.T.);
#2196=ADVANCED_FACE('',(#613),#488,.F.);
#2197=ADVANCED_FACE('',(#614),#489,.F.);
#2198=ADVANCED_FACE('',(#615),#98,.T.);
#2199=ADVANCED_FACE('',(#616),#490,.T.);
#2200=ADVANCED_FACE('',(#617),#99,.F.);
#2201=ADVANCED_FACE('',(#618),#491,.T.);
#2202=ADVANCED_FACE('',(#619),#492,.F.);
#2203=ADVANCED_FACE('',(#620,#24,#25,#26,#27),#100,.F.);
#2204=ADVANCED_FACE('',(#621,#28),#101,.T.);
#2205=ADVANCED_FACE('',(#622,#29),#102,.T.);
#2206=ADVANCED_FACE('',(#623),#43,.T.);
#2207=ADVANCED_FACE('',(#624),#493,.F.);
#2208=ADVANCED_FACE('',(#625),#44,.F.);
#2209=ADVANCED_FACE('',(#626),#103,.T.);
#2210=ADVANCED_FACE('',(#627),#494,.T.);
#2211=CLOSED_SHELL('',(#2078,#2079,#2080,#2081,#2082,#2083,#2084,#2085,
#2086,#2087,#2088,#2089,#2090,#2091,#2092,#2093,#2094,#2095,#2096,#2097,
#2098,#2099,#2100,#2101,#2102,#2103,#2104,#2105,#2106,#2107,#2108,#2109,
#2110,#2111,#2112,#2113,#2114,#2115,#2116,#2117,#2118,#2119,#2120,#2121,
#2122,#2123,#2124,#2125,#2126,#2127,#2128,#2129,#2130,#2131,#2132,#2133,
#2134,#2135,#2136,#2137,#2138,#2139,#2140,#2141,#2142,#2143,#2144,#2145,
#2146,#2147,#2148,#2149,#2150,#2151,#2152,#2153,#2154,#2155,#2156,#2157,
#2158,#2159,#2160,#2161,#2162,#2163,#2164,#2165,#2166,#2167,#2168,#2169,
#2170,#2171,#2172,#2173,#2174,#2175,#2176,#2177,#2178,#2179,#2180,#2181,
#2182,#2183,#2184,#2185,#2186,#2187,#2188,#2189,#2190,#2191,#2192,#2193,
#2194,#2195,#2196,#2197,#2198,#2199,#2200,#2201,#2202,#2203,#2204,#2205,
#2206,#2207,#2208,#2209,#2210));
#2212=DERIVED_UNIT_ELEMENT(#2214,1.);
#2213=DERIVED_UNIT_ELEMENT(#4666,-3.);
#2214=(
MASS_UNIT()
NAMED_UNIT(*)
SI_UNIT(.KILO.,.GRAM.)
);
#2215=DERIVED_UNIT((#2212,#2213));
#2216=MEASURE_REPRESENTATION_ITEM('density measure',
POSITIVE_RATIO_MEASURE(7850.),#2215);
#2217=PROPERTY_DEFINITION_REPRESENTATION(#2222,#2219);
#2218=PROPERTY_DEFINITION_REPRESENTATION(#2223,#2220);
#2219=REPRESENTATION('material name',(#2221),#4663);
#2220=REPRESENTATION('density',(#2216),#4663);
#2221=DESCRIPTIVE_REPRESENTATION_ITEM('Stal','Stal');
#2222=PROPERTY_DEFINITION('material property','material name',#4673);
#2223=PROPERTY_DEFINITION('material property','density of part',#4673);
#2224=AXIS2_PLACEMENT_3D('',#3093,#2458,#2459);
#2225=AXIS2_PLACEMENT_3D('',#3128,#2460,#2461);
#2226=AXIS2_PLACEMENT_3D('',#3146,#2462,#2463);
#2227=AXIS2_PLACEMENT_3D('',#3150,#2465,#2466);
#2228=AXIS2_PLACEMENT_3D('',#3201,#2468,#2469);
#2229=AXIS2_PLACEMENT_3D('',#3207,#2473,#2474);
#2230=AXIS2_PLACEMENT_3D('',#3227,#2477,#2478);
#2231=AXIS2_PLACEMENT_3D('',#3263,#2480,#2481);
#2232=AXIS2_PLACEMENT_3D('',#3281,#2482,#2483);
#2233=AXIS2_PLACEMENT_3D('',#3285,#2485,#2486);
#2234=AXIS2_PLACEMENT_3D('',#3336,#2488,#2489);
#2235=AXIS2_PLACEMENT_3D('',#3342,#2493,#2494);
#2236=AXIS2_PLACEMENT_3D('',#3377,#2497,#2498);
#2237=AXIS2_PLACEMENT_3D('',#3425,#2502,#2503);
#2238=AXIS2_PLACEMENT_3D('',#3483,#2509,#2510);
#2239=AXIS2_PLACEMENT_3D('',#3485,#2512,#2513);
#2240=AXIS2_PLACEMENT_3D('',#3496,#2516,#2517);
#2241=AXIS2_PLACEMENT_3D('',#3498,#2519,#2520);
#2242=AXIS2_PLACEMENT_3D('',#3546,#2524,#2525);
#2243=AXIS2_PLACEMENT_3D('',#3595,#2530,#2531);
#2244=AXIS2_PLACEMENT_3D('',#3609,#2534,#2535);
#2245=AXIS2_PLACEMENT_3D('',#3613,#2538,#2539);
#2246=AXIS2_PLACEMENT_3D('',#3636,#2541,#2542);
#2247=AXIS2_PLACEMENT_3D('',#3638,#2543,#2544);
#2248=AXIS2_PLACEMENT_3D('',#3640,#2545,#2546);
#2249=AXIS2_PLACEMENT_3D('',#3641,#2547,#2548);
#2250=AXIS2_PLACEMENT_3D('',#3642,#2549,#2550);
#2251=AXIS2_PLACEMENT_3D('',#3644,#2551,#2552);
#2252=AXIS2_PLACEMENT_3D('',#3646,#2554,#2555);
#2253=AXIS2_PLACEMENT_3D('',#3648,#2556,#2557);
#2254=AXIS2_PLACEMENT_3D('',#3649,#2558,#2559);
#2255=AXIS2_PLACEMENT_3D('',#3650,#2560,#2561);
#2256=AXIS2_PLACEMENT_3D('',#3664,#2564,#2565);
#2257=AXIS2_PLACEMENT_3D('',#3679,#2568,#2569);
#2258=AXIS2_PLACEMENT_3D('',#3680,#2570,#2571);
#2259=AXIS2_PLACEMENT_3D('',#3683,#2572,#2573);
#2260=AXIS2_PLACEMENT_3D('',#3684,#2574,#2575);
#2261=AXIS2_PLACEMENT_3D('',#3685,#2576,#2577);
#2262=AXIS2_PLACEMENT_3D('',#3686,#2578,#2579);
#2263=AXIS2_PLACEMENT_3D('',#3699,#2582,#2583);
#2264=AXIS2_PLACEMENT_3D('',#3701,#2584,#2585);
#2265=AXIS2_PLACEMENT_3D('',#3704,#2587,#2588);
#2266=AXIS2_PLACEMENT_3D('',#3705,#2589,#2590);
#2267=AXIS2_PLACEMENT_3D('',#3707,#2591,#2592);
#2268=AXIS2_PLACEMENT_3D('',#3710,#2594,#2595);
#2269=AXIS2_PLACEMENT_3D('',#3711,#2596,#2597);
#2270=AXIS2_PLACEMENT_3D('',#3713,#2598,#2599);
#2271=AXIS2_PLACEMENT_3D('',#3716,#2601,#2602);
#2272=AXIS2_PLACEMENT_3D('',#3717,#2603,#2604);
#2273=AXIS2_PLACEMENT_3D('',#3734,#2613,#2614);
#2274=AXIS2_PLACEMENT_3D('',#3736,#2615,#2616);
#2275=AXIS2_PLACEMENT_3D('',#3739,#2618,#2619);
#2276=AXIS2_PLACEMENT_3D('',#3740,#2620,#2621);
#2277=AXIS2_PLACEMENT_3D('',#3742,#2622,#2623);
#2278=AXIS2_PLACEMENT_3D('',#3744,#2624,#2625);
#2279=AXIS2_PLACEMENT_3D('',#3746,#2627,#2628);
#2280=AXIS2_PLACEMENT_3D('',#3752,#2632,#2633);
#2281=AXIS2_PLACEMENT_3D('',#3758,#2637,#2638);
#2282=AXIS2_PLACEMENT_3D('',#3760,#2639,#2640);
#2283=AXIS2_PLACEMENT_3D('',#3763,#2642,#2643);
#2284=AXIS2_PLACEMENT_3D('',#3764,#2644,#2645);
#2285=AXIS2_PLACEMENT_3D('',#3766,#2646,#2647);
#2286=AXIS2_PLACEMENT_3D('',#3768,#2648,#2649);
#2287=AXIS2_PLACEMENT_3D('',#3770,#2651,#2652);
#2288=AXIS2_PLACEMENT_3D('',#3773,#2655,#2656);
#2289=AXIS2_PLACEMENT_3D('',#3775,#2657,#2658);
#2290=AXIS2_PLACEMENT_3D('',#3777,#2659,#2660);
#2291=AXIS2_PLACEMENT_3D('',#3778,#2661,#2662);
#2292=AXIS2_PLACEMENT_3D('',#3779,#2663,#2664);
#2293=AXIS2_PLACEMENT_3D('',#3782,#2665,#2666);
#2294=AXIS2_PLACEMENT_3D('',#3785,#2669,#2670);
#2295=AXIS2_PLACEMENT_3D('',#3788,#2671,#2672);
#2296=AXIS2_PLACEMENT_3D('',#3789,#2673,#2674);
#2297=AXIS2_PLACEMENT_3D('',#3790,#2675,#2676);
#2298=AXIS2_PLACEMENT_3D('',#3791,#2677,#2678);
#2299=AXIS2_PLACEMENT_3D('',#3794,#2681,#2682);
#2300=AXIS2_PLACEMENT_3D('',#3796,#2683,#2684);
#2301=AXIS2_PLACEMENT_3D('',#3798,#2685,#2686);
#2302=AXIS2_PLACEMENT_3D('',#3799,#2687,#2688);
#2303=AXIS2_PLACEMENT_3D('',#3800,#2689,#2690);
#2304=AXIS2_PLACEMENT_3D('',#3831,#2693,#2694);
#2305=AXIS2_PLACEMENT_3D('',#3832,#2695,#2696);
#2306=AXIS2_PLACEMENT_3D('',#3887,#2701,#2702);
#2307=AXIS2_PLACEMENT_3D('',#3888,#2703,#2704);
#2308=AXIS2_PLACEMENT_3D('',#3890,#2706,#2707);
#2309=AXIS2_PLACEMENT_3D('',#3915,#2710,#2711);
#2310=AXIS2_PLACEMENT_3D('',#3917,#2712,#2713);
#2311=AXIS2_PLACEMENT_3D('',#3918,#2714,#2715);
#2312=AXIS2_PLACEMENT_3D('',#3920,#2716,#2717);
#2313=AXIS2_PLACEMENT_3D('',#3921,#2718,#2719);
#2314=AXIS2_PLACEMENT_3D('',#3923,#2720,#2721);
#2315=AXIS2_PLACEMENT_3D('',#3924,#2722,#2723);
#2316=AXIS2_PLACEMENT_3D('',#3926,#2724,#2725);
#2317=AXIS2_PLACEMENT_3D('',#3930,#2727,#2728);
#2318=AXIS2_PLACEMENT_3D('',#3933,#2730,#2731);
#2319=AXIS2_PLACEMENT_3D('',#3935,#2732,#2733);
#2320=AXIS2_PLACEMENT_3D('',#3937,#2734,#2735);
#2321=AXIS2_PLACEMENT_3D('',#3939,#2736,#2737);
#2322=AXIS2_PLACEMENT_3D('',#3940,#2738,#2739);
#2323=AXIS2_PLACEMENT_3D('',#3944,#2741,#2742);
#2324=AXIS2_PLACEMENT_3D('',#3949,#2745,#2746);
#2325=AXIS2_PLACEMENT_3D('',#3951,#2748,#2749);
#2326=AXIS2_PLACEMENT_3D('',#3954,#2751,#2752);
#2327=AXIS2_PLACEMENT_3D('',#3955,#2753,#2754);
#2328=AXIS2_PLACEMENT_3D('',#3956,#2755,#2756);
#2329=AXIS2_PLACEMENT_3D('',#3957,#2757,#2758);
#2330=AXIS2_PLACEMENT_3D('',#3958,#2759,#2760);
#2331=AXIS2_PLACEMENT_3D('',#3959,#2761,#2762);
#2332=AXIS2_PLACEMENT_3D('',#3960,#2763,#2764);
#2333=AXIS2_PLACEMENT_3D('',#4043,#2766,#2767);
#2334=AXIS2_PLACEMENT_3D('',#4044,#2768,#2769);
#2335=AXIS2_PLACEMENT_3D('',#4046,#2770,#2771);
#2336=AXIS2_PLACEMENT_3D('',#4048,#2773,#2774);
#2337=AXIS2_PLACEMENT_3D('',#4049,#2775,#2776);
#2338=AXIS2_PLACEMENT_3D('',#4110,#2777,#2778);
#2339=AXIS2_PLACEMENT_3D('',#4111,#2779,#2780);
#2340=AXIS2_PLACEMENT_3D('',#4113,#2782,#2783);
#2341=AXIS2_PLACEMENT_3D('',#4115,#2785,#2786);
#2342=AXIS2_PLACEMENT_3D('',#4117,#2788,#2789);
#2343=AXIS2_PLACEMENT_3D('',#4119,#2791,#2792);
#2344=AXIS2_PLACEMENT_3D('',#4121,#2794,#2795);
#2345=AXIS2_PLACEMENT_3D('',#4123,#2797,#2798);
#2346=AXIS2_PLACEMENT_3D('',#4124,#2799,#2800);
#2347=AXIS2_PLACEMENT_3D('',#4125,#2801,#2802);
#2348=AXIS2_PLACEMENT_3D('',#4126,#2803,#2804);
#2349=AXIS2_PLACEMENT_3D('',#4127,#2805,#2806);
#2350=AXIS2_PLACEMENT_3D('',#4132,#2809,#2810);
#2351=AXIS2_PLACEMENT_3D('',#4133,#2811,#2812);
#2352=AXIS2_PLACEMENT_3D('',#4135,#2813,#2814);
#2353=AXIS2_PLACEMENT_3D('',#4136,#2815,#2816);
#2354=AXIS2_PLACEMENT_3D('',#4137,#2817,#2818);
#2355=AXIS2_PLACEMENT_3D('',#4161,#2819,#2820);
#2356=AXIS2_PLACEMENT_3D('',#4163,#2821,#2822);
#2357=AXIS2_PLACEMENT_3D('',#4235,#2824,#2825);
#2358=AXIS2_PLACEMENT_3D('',#4259,#2826,#2827);
#2359=AXIS2_PLACEMENT_3D('',#4261,#2828,#2829);
#2360=AXIS2_PLACEMENT_3D('',#4263,#2831,#2832);
#2361=AXIS2_PLACEMENT_3D('',#4265,#2833,#2834);
#2362=AXIS2_PLACEMENT_3D('',#4269,#2836,#2837);
#2363=AXIS2_PLACEMENT_3D('',#4364,#2839,#2840);
#2364=AXIS2_PLACEMENT_3D('',#4365,#2841,#2842);
#2365=AXIS2_PLACEMENT_3D('',#4367,#2843,#2844);
#2366=AXIS2_PLACEMENT_3D('',#4369,#2846,#2847);
#2367=AXIS2_PLACEMENT_3D('',#4372,#2849,#2850);
#2368=AXIS2_PLACEMENT_3D('',#4405,#2851,#2852);
#2369=AXIS2_PLACEMENT_3D('',#4415,#2857,#2858);
#2370=AXIS2_PLACEMENT_3D('',#4419,#2860,#2861);
#2371=AXIS2_PLACEMENT_3D('',#4423,#2863,#2864);
#2372=AXIS2_PLACEMENT_3D('',#4426,#2866,#2867);
#2373=AXIS2_PLACEMENT_3D('',#4427,#2868,#2869);
#2374=AXIS2_PLACEMENT_3D('',#4429,#2870,#2871);
#2375=AXIS2_PLACEMENT_3D('',#4432,#2873,#2874);
#2376=AXIS2_PLACEMENT_3D('',#4474,#2875,#2876);
#2377=AXIS2_PLACEMENT_3D('',#4480,#2880,#2881);
#2378=AXIS2_PLACEMENT_3D('',#4482,#2882,#2883);
#2379=AXIS2_PLACEMENT_3D('',#4484,#2885,#2886);
#2380=AXIS2_PLACEMENT_3D('',#4486,#2887,#2888);
#2381=AXIS2_PLACEMENT_3D('',#4488,#2890,#2891);
#2382=AXIS2_PLACEMENT_3D('',#4492,#2894,#2895);
#2383=AXIS2_PLACEMENT_3D('',#4496,#2898,#2899);
#2384=AXIS2_PLACEMENT_3D('',#4498,#2900,#2901);
#2385=AXIS2_PLACEMENT_3D('',#4500,#2903,#2904);
#2386=AXIS2_PLACEMENT_3D('',#4502,#2905,#2906);
#2387=AXIS2_PLACEMENT_3D('',#4504,#2908,#2909);
#2388=AXIS2_PLACEMENT_3D('',#4506,#2911,#2912);
#2389=AXIS2_PLACEMENT_3D('',#4512,#2916,#2917);
#2390=AXIS2_PLACEMENT_3D('',#4524,#2923,#2924);
#2391=AXIS2_PLACEMENT_3D('',#4528,#2926,#2927);
#2392=AXIS2_PLACEMENT_3D('',#4532,#2929,#2930);
#2393=AXIS2_PLACEMENT_3D('',#4535,#2932,#2933);
#2394=AXIS2_PLACEMENT_3D('',#4536,#2934,#2935);
#2395=AXIS2_PLACEMENT_3D('',#4540,#2937,#2938);
#2396=AXIS2_PLACEMENT_3D('',#4541,#2939,#2940);
#2397=AXIS2_PLACEMENT_3D('',#4542,#2941,#2942);
#2398=AXIS2_PLACEMENT_3D('',#4544,#2943,#2944);
#2399=AXIS2_PLACEMENT_3D('',#4545,#2945,#2946);
#2400=AXIS2_PLACEMENT_3D('',#4546,#2947,#2948);
#2401=AXIS2_PLACEMENT_3D('',#4548,#2949,#2950);
#2402=AXIS2_PLACEMENT_3D('',#4550,#2952,#2953);
#2403=AXIS2_PLACEMENT_3D('',#4552,#2954,#2955);
#2404=AXIS2_PLACEMENT_3D('',#4553,#2956,#2957);
#2405=AXIS2_PLACEMENT_3D('',#4554,#2958,#2959);
#2406=AXIS2_PLACEMENT_3D('',#4556,#2960,#2961);
#2407=AXIS2_PLACEMENT_3D('',#4559,#2963,#2964);
#2408=AXIS2_PLACEMENT_3D('',#4560,#2965,#2966);
#2409=AXIS2_PLACEMENT_3D('',#4562,#2967,#2968);
#2410=AXIS2_PLACEMENT_3D('',#4564,#2970,#2971);
#2411=AXIS2_PLACEMENT_3D('',#4566,#2972,#2973);
#2412=AXIS2_PLACEMENT_3D('',#4567,#2974,#2975);
#2413=AXIS2_PLACEMENT_3D('',#4568,#2976,#2977);
#2414=AXIS2_PLACEMENT_3D('',#4571,#2979,#2980);
#2415=AXIS2_PLACEMENT_3D('',#4572,#2981,#2982);
#2416=AXIS2_PLACEMENT_3D('',#4574,#2983,#2984);
#2417=AXIS2_PLACEMENT_3D('',#4575,#2985,#2986);
#2418=AXIS2_PLACEMENT_3D('',#4576,#2987,#2988);
#2419=AXIS2_PLACEMENT_3D('',#4578,#2989,#2990);
#2420=AXIS2_PLACEMENT_3D('',#4580,#2992,#2993);
#2421=AXIS2_PLACEMENT_3D('',#4582,#2994,#2995);
#2422=AXIS2_PLACEMENT_3D('',#4584,#2997,#2998);
#2423=AXIS2_PLACEMENT_3D('',#4586,#2999,#3000);
#2424=AXIS2_PLACEMENT_3D('',#4587,#3001,#3002);
#2425=AXIS2_PLACEMENT_3D('',#4588,#3003,#3004);
#2426=AXIS2_PLACEMENT_3D('',#4594,#3008,#3009);
#2427=AXIS2_PLACEMENT_3D('',#4600,#3013,#3014);
#2428=AXIS2_PLACEMENT_3D('',#4602,#3015,#3016);
#2429=AXIS2_PLACEMENT_3D('',#4604,#3018,#3019);
#2430=AXIS2_PLACEMENT_3D('',#4606,#3020,#3021);
#2431=AXIS2_PLACEMENT_3D('',#4608,#3023,#3024);
#2432=AXIS2_PLACEMENT_3D('',#4612,#3027,#3028);
#2433=AXIS2_PLACEMENT_3D('',#4616,#3031,#3032);
#2434=AXIS2_PLACEMENT_3D('',#4618,#3033,#3034);
#2435=AXIS2_PLACEMENT_3D('',#4620,#3036,#3037);
#2436=AXIS2_PLACEMENT_3D('',#4622,#3038,#3039);
#2437=AXIS2_PLACEMENT_3D('',#4624,#3041,#3042);
#2438=AXIS2_PLACEMENT_3D('',#4626,#3044,#3045);
#2439=AXIS2_PLACEMENT_3D('',#4630,#3047,#3048);
#2440=AXIS2_PLACEMENT_3D('',#4632,#3050,#3051);
#2441=AXIS2_PLACEMENT_3D('',#4636,#3054,#3055);
#2442=AXIS2_PLACEMENT_3D('',#4638,#3056,#3057);
#2443=AXIS2_PLACEMENT_3D('',#4640,#3059,#3060);
#2444=AXIS2_PLACEMENT_3D('',#4642,#3061,#3062);
#2445=AXIS2_PLACEMENT_3D('',#4645,#3064,#3065);
#2446=AXIS2_PLACEMENT_3D('',#4646,#3066,#3067);
#2447=AXIS2_PLACEMENT_3D('',#4649,#3070,#3071);
#2448=AXIS2_PLACEMENT_3D('',#4651,#3073,#3074);
#2449=AXIS2_PLACEMENT_3D('',#4652,#3075,#3076);
#2450=AXIS2_PLACEMENT_3D('',#4653,#3077,#3078);
#2451=AXIS2_PLACEMENT_3D('',#4654,#3079,#3080);
#2452=AXIS2_PLACEMENT_3D('',#4655,#3081,#3082);
#2453=AXIS2_PLACEMENT_3D('',#4656,#3083,#3084);
#2454=AXIS2_PLACEMENT_3D('',#4657,#3085,#3086);
#2455=AXIS2_PLACEMENT_3D('',#4658,#3087,#3088);
#2456=AXIS2_PLACEMENT_3D('',#4659,#3089,#3090);
#2457=AXIS2_PLACEMENT_3D('',#4660,#3091,#3092);
#2458=DIRECTION('axis',(0.,0.,1.));
#2459=DIRECTION('refdir',(1.,0.,0.));
#2460=DIRECTION('center_axis',(1.04528960809313E-16,-7.68985644762008E-17,
1.));
#2461=DIRECTION('ref_axis',(-0.252111868815513,-0.967698096310181,-4.80616027976258E-17));
#2462=DIRECTION('center_axis',(4.88908027297112E-31,-1.128816501016E-16,
1.));
#2463=DIRECTION('ref_axis',(-0.127086395199914,-0.991891651419192,-1.11445323968981E-16));
#2464=DIRECTION('',(4.95123064704948E-31,-1.128816501016E-16,1.));
#2465=DIRECTION('center_axis',(9.59078919922929E-17,-1.44184808392877E-16,
1.));
#2466=DIRECTION('ref_axis',(-0.252111868815514,-0.967698096310181,-1.15347846714302E-16));
#2467=DIRECTION('',(-4.88908027297111E-31,1.128816501016E-16,-1.));
#2468=DIRECTION('center_axis',(0.252111868815514,0.967698096310182,1.0923535791167E-16));
#2469=DIRECTION('ref_axis',(0.967698096310181,-0.252111868815514,-2.37916839519968E-16));
#2470=DIRECTION('',(0.967698096310182,-0.252111868815514,-2.37916839519968E-16));
#2471=DIRECTION('',(-1.37109396866611E-16,-2.49381008307412E-17,1.));
#2472=DIRECTION('',(0.967698096310182,-0.252111868815514,-2.37916839519968E-16));
#2473=DIRECTION('center_axis',(0.967698096310182,-0.252111868815514,-2.37916839519968E-16));
#2474=DIRECTION('ref_axis',(-2.02692142459766E-16,1.65688506934941E-16,
-1.));
#2475=DIRECTION('',(0.967698096310182,-0.252111868815514,-2.37916839519968E-16));
#2476=DIRECTION('',(1.,4.71844785465692E-15,0.));
#2477=DIRECTION('center_axis',(1.,4.71512743754948E-15,0.));
#2478=DIRECTION('ref_axis',(-4.73390186702308E-15,1.,1.65688506934942E-16));
#2479=DIRECTION('',(1.,4.71844785465692E-15,0.));
#2480=DIRECTION('center_axis',(-2.21286054426694E-16,1.20634623022041E-15,
-1.));
#2481=DIRECTION('ref_axis',(-0.252111868815514,0.967698096310181,1.22316779119958E-15));
#2482=DIRECTION('center_axis',(-1.07559766005368E-30,2.18495363768182E-16,
-1.));
#2483=DIRECTION('ref_axis',(-0.127086395199919,0.991891651419191,2.15622474635637E-16));
#2484=DIRECTION('',(-1.07559766005368E-30,2.18495363768182E-16,-1.));
#2485=DIRECTION('center_axis',(-1.00886032448761E-16,1.92246411190503E-16,
-1.));
#2486=DIRECTION('ref_axis',(-0.252111868815514,0.967698096310181,2.11471052309554E-16));
#2487=DIRECTION('',(1.07559766005368E-30,-2.18495363768182E-16,1.));
#2488=DIRECTION('center_axis',(-0.252111868815514,0.967698096310181,2.1143754757107E-16));
#2489=DIRECTION('ref_axis',(0.967698096310181,0.252111868815514,-1.54372761270715E-16));
#2490=DIRECTION('',(0.967698096310181,0.252111868815514,-1.54372761270715E-16));
#2491=DIRECTION('',(-1.37109396866611E-16,-2.49381008307412E-17,1.));
#2492=DIRECTION('',(0.967698096310181,0.252111868815514,-1.54372761270715E-16));
#2493=DIRECTION('center_axis',(0.967698096310181,0.252111868815514,-1.54372761270715E-16));
#2494=DIRECTION('ref_axis',(0.252111868815514,-0.967698096310181,1.04343535768123E-17));
#2495=DIRECTION('',(0.967698096310181,0.252111868815514,-1.54372761270715E-16));
#2496=DIRECTION('',(1.,4.71844785465692E-15,0.));
#2497=DIRECTION('center_axis',(1.,4.71512743754948E-15,0.));
#2498=DIRECTION('ref_axis',(4.76747563912964E-15,-1.,4.90165094306789E-17));
#2499=DIRECTION('',(1.,4.71844785465692E-15,0.));
#2500=DIRECTION('',(1.,4.71844785465692E-15,0.));
#2501=DIRECTION('',(1.,4.71844785465692E-15,0.));
#2502=DIRECTION('center_axis',(-4.71844785465692E-15,1.,2.49381008307405E-17));
#2503=DIRECTION('ref_axis',(-1.37109396866611E-16,-2.49381008307411E-17,
1.));
#2504=DIRECTION('',(-1.37109396866611E-16,-2.49381008307411E-17,1.));
#2505=DIRECTION('',(-1.37109396866611E-16,-2.49381008307411E-17,1.));
#2506=DIRECTION('',(1.,4.71844785465692E-15,0.));
#2507=DIRECTION('',(1.,4.71844785465692E-15,0.));
#2508=DIRECTION('',(1.,4.71844785465692E-15,0.));
#2509=DIRECTION('center_axis',(1.,4.71512743754948E-15,0.));
#2510=DIRECTION('ref_axis',(-4.73390186702308E-15,1.,1.1678501373914E-16));
#2511=DIRECTION('',(1.,4.71844785465692E-15,0.));
#2512=DIRECTION('center_axis',(-4.71844785465692E-15,1.,1.128816501016E-16));
#2513=DIRECTION('ref_axis',(5.32251365589915E-31,-1.128816501016E-16,1.));
#2514=DIRECTION('',(5.32251365589915E-31,-1.128816501016E-16,1.));
#2515=DIRECTION('',(1.,4.71844785465692E-15,0.));
#2516=DIRECTION('center_axis',(1.,4.71512743754948E-15,0.));
#2517=DIRECTION('ref_axis',(-4.76747563912964E-15,1.,1.65688506934918E-16));
#2518=DIRECTION('',(1.,4.71844785465692E-15,0.));
#2519=DIRECTION('center_axis',(4.71844785465692E-15,-1.,-2.18495363768182E-16));
#2520=DIRECTION('ref_axis',(-1.03023348468071E-30,2.18495363768182E-16,
-1.));
#2521=DIRECTION('',(-1.03023348468071E-30,2.18495363768182E-16,-1.));
#2522=DIRECTION('',(1.,4.71844785465692E-15,0.));
#2523=DIRECTION('',(1.,4.71844785465692E-15,0.));
#2524=DIRECTION('center_axis',(4.71844785465692E-15,-1.,-2.49381008307405E-17));
#2525=DIRECTION('ref_axis',(1.37109396866611E-16,2.49381008307411E-17,-1.));
#2526=DIRECTION('',(1.37109396866611E-16,2.49381008307411E-17,-1.));
#2527=DIRECTION('',(1.37109396866611E-16,2.49381008307411E-17,-1.));
#2528=DIRECTION('',(1.,4.71844785465692E-15,0.));
#2529=DIRECTION('',(1.,4.71844785465692E-15,0.));
#2530=DIRECTION('center_axis',(0.967698096310182,-0.252111868815514,-2.37916839519968E-16));
#2531=DIRECTION('ref_axis',(-2.02692142459766E-16,1.65688506934941E-16,
-1.));
#2532=DIRECTION('',(0.967698096310182,-0.252111868815514,-2.37916839519968E-16));
#2533=DIRECTION('',(0.967698096310182,-0.252111868815514,-2.37916839519968E-16));
#2534=DIRECTION('center_axis',(0.252111868815514,0.967698096310182,1.0923535791167E-16));
#2535=DIRECTION('ref_axis',(0.967698096310181,-0.252111868815514,-2.37916839519968E-16));
#2536=DIRECTION('',(0.967698096310182,-0.252111868815514,-2.37916839519968E-16));
#2537=DIRECTION('',(-1.37109396866611E-16,-2.49381008307412E-17,1.));
#2538=DIRECTION('center_axis',(0.967698096310182,-0.252111868815514,-2.37916839519968E-16));
#2539=DIRECTION('ref_axis',(0.252111868815514,0.967698096310181,5.86994589755524E-17));
#2540=DIRECTION('',(0.967698096310182,-0.252111868815514,-2.37916839519968E-16));
#2541=DIRECTION('center_axis',(-2.02692142459712E-16,1.65688506934927E-16,
-1.));
#2542=DIRECTION('ref_axis',(0.450340007603961,-0.892857142857279,-1.91440221983343E-16));
#2543=DIRECTION('center_axis',(-2.02692142459712E-16,1.65688506934927E-16,
-1.));
#2544=DIRECTION('ref_axis',(0.450340007603962,-0.892857142857279,-2.39216547882777E-16));
#2545=DIRECTION('center_axis',(0.892857142857279,0.450340007603962,-1.06358963723081E-16));
#2546=DIRECTION('ref_axis',(0.450340007603962,-0.892857142857279,3.94796853714301E-17));
#2547=DIRECTION('center_axis',(-2.02692142459712E-16,1.65688506934927E-16,
-1.));
#2548=DIRECTION('ref_axis',(0.450340007603962,-0.892857142857279,-2.39216547882777E-16));
#2549=DIRECTION('center_axis',(-1.37109396866611E-16,-2.49381008307411E-17,
1.));
#2550=DIRECTION('ref_axis',(2.29329432584213E-16,-1.,-2.49381008307411E-17));
#2551=DIRECTION('center_axis',(2.02692142459712E-16,-1.65688506934927E-16,
1.));
#2552=DIRECTION('ref_axis',(-0.707106781186632,-0.707106781186463,2.6165521608162E-17));
#2553=DIRECTION('',(1.37109396866611E-16,2.49381008307412E-17,-1.));
#2554=DIRECTION('center_axis',(2.02692142459712E-16,-1.65688506934927E-16,
1.));
#2555=DIRECTION('ref_axis',(-0.707106781186632,-0.707106781186463,0.));
#2556=DIRECTION('center_axis',(2.02692142459712E-16,-1.65688506934927E-16,
1.));
#2557=DIRECTION('ref_axis',(-0.707106781186632,-0.707106781186463,2.6165521608162E-17));
#2558=DIRECTION('center_axis',(-0.892857142857279,-0.450340007603962,1.06358963723081E-16));
#2559=DIRECTION('ref_axis',(0.450340007603962,-0.892857142857279,-2.3921654788282E-16));
#2560=DIRECTION('center_axis',(0.967698096310181,0.252111868815514,-1.54372761270715E-16));
#2561=DIRECTION('ref_axis',(-2.02692142459747E-16,1.65688506934918E-16,
-1.));
#2562=DIRECTION('',(0.967698096310181,0.252111868815514,-1.54372761270715E-16));
#2563=DIRECTION('',(0.967698096310181,0.252111868815514,-1.54372761270715E-16));
#2564=DIRECTION('center_axis',(-0.892857142857279,0.450340007603962,2.55591290669016E-16));
#2565=DIRECTION('ref_axis',(-2.02692142459581E-16,1.6568850693486E-16,-1.));
#2566=DIRECTION('',(-0.892857142857279,0.450340007603962,2.55591290669016E-16));
#2567=DIRECTION('',(-0.892857142857279,0.450340007603962,2.55591290669016E-16));
#2568=DIRECTION('center_axis',(-0.892857142857279,0.450340007603962,2.55591290669016E-16));
#2569=DIRECTION('ref_axis',(-0.450340007603962,-0.892857142857279,-5.66557859296396E-17));
#2570=DIRECTION('center_axis',(2.02692142459712E-16,-1.65688506934927E-16,
1.));
#2571=DIRECTION('ref_axis',(1.,1.29420284013447E-14,-1.90323947078598E-16));
#2572=DIRECTION('center_axis',(0.892857142857279,0.450340007603962,-1.06358963723081E-16));
#2573=DIRECTION('ref_axis',(-2.02692142459574E-16,1.65688506934996E-16,
-1.));
#2574=DIRECTION('center_axis',(-2.02692142459712E-16,1.65688506934927E-16,
-1.));
#2575=DIRECTION('ref_axis',(-0.450340007603962,0.892857142857279,2.39216547882777E-16));
#2576=DIRECTION('center_axis',(-2.02692142459712E-16,1.65688506934927E-16,
-1.));
#2577=DIRECTION('ref_axis',(-0.450340007603962,0.892857142857279,2.39216547882777E-16));
#2578=DIRECTION('center_axis',(0.892857142857279,0.450340007603962,-1.06358963723081E-16));
#2579=DIRECTION('ref_axis',(-2.02692142459574E-16,1.65688506934996E-16,
-1.));
#2580=DIRECTION('',(0.892857142857279,0.450340007603962,-1.06358963723081E-16));
#2581=DIRECTION('',(0.892857142857279,0.450340007603962,-1.06358963723081E-16));
#2582=DIRECTION('center_axis',(1.37109396866611E-16,2.49381008307411E-17,
-1.));
#2583=DIRECTION('ref_axis',(-0.499999999999584,0.866025403784679,-4.69576695916828E-17));
#2584=DIRECTION('center_axis',(2.02692142459712E-16,-1.65688506934927E-16,
1.));
#2585=DIRECTION('ref_axis',(-0.499999999999584,0.866025403784679,2.44836527350572E-16));
#2586=DIRECTION('',(1.37109396866611E-16,2.49381008307411E-17,-1.));
#2587=DIRECTION('center_axis',(2.02692142459712E-16,-1.65688506934927E-16,
1.));
#2588=DIRECTION('ref_axis',(-0.499999999999584,0.866025403784679,2.44836527350572E-16));
#2589=DIRECTION('center_axis',(1.37109396866611E-16,2.49381008307411E-17,
-1.));
#2590=DIRECTION('ref_axis',(-0.499999999999584,-0.866025403784679,-9.0151727274814E-17));
#2591=DIRECTION('center_axis',(2.02692142459712E-16,-1.65688506934927E-16,
1.));
#2592=DIRECTION('ref_axis',(-0.499999999999584,-0.866025403784679,-4.21443848910289E-17));
#2593=DIRECTION('',(1.37109396866611E-16,2.49381008307411E-17,-1.));
#2594=DIRECTION('center_axis',(2.02692142459712E-16,-1.65688506934927E-16,
1.));
#2595=DIRECTION('ref_axis',(-0.499999999999584,-0.866025403784679,-4.21443848910289E-17));
#2596=DIRECTION('center_axis',(1.37109396866611E-16,2.49381008307411E-17,
-1.));
#2597=DIRECTION('ref_axis',(1.,1.67047445834804E-16,1.37109396866611E-16));
#2598=DIRECTION('center_axis',(2.02692142459712E-16,-1.65688506934927E-16,
1.));
#2599=DIRECTION('ref_axis',(1.,1.67047445834804E-16,-2.02692142459712E-16));
#2600=DIRECTION('',(1.37109396866611E-16,2.49381008307411E-17,-1.));
#2601=DIRECTION('center_axis',(2.02692142459712E-16,-1.65688506934927E-16,
1.));
#2602=DIRECTION('ref_axis',(1.,1.67047445834804E-16,-2.02692142459712E-16));
#2603=DIRECTION('center_axis',(1.,2.22044604925031E-16,-2.02692142459506E-16));
#2604=DIRECTION('ref_axis',(2.02692142459506E-16,-2.49381008307411E-17,
1.));
#2605=DIRECTION('',(2.60208521396355E-16,-1.,-1.65688506934968E-16));
#2606=DIRECTION('',(-1.37109396866611E-16,-2.49381008307412E-17,1.));
#2607=DIRECTION('',(2.60208521396355E-16,-1.,-2.4938100830818E-17));
#2608=DIRECTION('',(1.37109396866611E-16,2.49381008307412E-17,-1.));
#2609=DIRECTION('',(2.60208521396355E-16,-1.,-1.65688506934968E-16));
#2610=DIRECTION('',(1.37109396866611E-16,2.49381008307412E-17,-1.));
#2611=DIRECTION('',(2.60208521396355E-16,-1.,-1.65688506934968E-16));
#2612=DIRECTION('',(-1.37109396866611E-16,-2.49381008307412E-17,1.));
#2613=DIRECTION('center_axis',(-1.37109396866611E-16,-2.49381008307411E-17,
1.));
#2614=DIRECTION('ref_axis',(-1.,-2.42861286636753E-16,-1.37109396866611E-16));
#2615=DIRECTION('center_axis',(1.37109396866611E-16,2.49381008307411E-17,
-1.));
#2616=DIRECTION('ref_axis',(0.707106781186548,-0.707106781186547,7.93170840814472E-17));
#2617=DIRECTION('',(-1.37109396866611E-16,-2.49381008307412E-17,1.));
#2618=DIRECTION('center_axis',(1.37109396866611E-16,2.49381008307411E-17,
-1.));
#2619=DIRECTION('ref_axis',(0.707106781186548,-0.707106781186547,7.93170840814472E-17));
#2620=DIRECTION('center_axis',(-1.37109396866611E-16,-2.49381008307411E-17,
1.));
#2621=DIRECTION('ref_axis',(-1.,-2.42861286636753E-16,-1.37109396866611E-16));
#2622=DIRECTION('center_axis',(-1.37109396866611E-16,-2.49381008307411E-17,
1.));
#2623=DIRECTION('ref_axis',(0.707106781186548,-0.707106781186547,7.93170840814472E-17));
#2624=DIRECTION('center_axis',(-1.37109396866611E-16,-2.49381008307411E-17,
1.));
#2625=DIRECTION('ref_axis',(0.707106781186548,-0.707106781186547,7.93170840814472E-17));
#2626=DIRECTION('',(-1.37109396866611E-16,-2.49381008307412E-17,1.));
#2627=DIRECTION('center_axis',(2.22044604925031E-16,-1.,-1.65688506934968E-16));
#2628=DIRECTION('ref_axis',(-1.37109396866611E-16,-1.65688506934968E-16,
1.));
#2629=DIRECTION('',(1.,2.60208521396355E-16,-2.02692142459506E-16));
#2630=DIRECTION('',(1.,2.60208521396355E-16,-2.02692142459506E-16));
#2631=DIRECTION('',(-1.37109396866611E-16,-2.49381008307412E-17,1.));
#2632=DIRECTION('center_axis',(2.22044604925031E-16,-1.,-1.65688506934968E-16));
#2633=DIRECTION('ref_axis',(-1.37109396866611E-16,-1.65688506934968E-16,
1.));
#2634=DIRECTION('',(1.,2.60208521396355E-16,-2.02692142459506E-16));
#2635=DIRECTION('',(-1.37109396866611E-16,-2.49381008307412E-17,1.));
#2636=DIRECTION('',(1.,2.60208521396355E-16,-2.02692142459506E-16));
#2637=DIRECTION('center_axis',(-1.37109396866611E-16,-2.49381008307411E-17,
1.));
#2638=DIRECTION('ref_axis',(-2.42861286636753E-16,1.,2.49381008307411E-17));
#2639=DIRECTION('center_axis',(1.37109396866611E-16,2.49381008307411E-17,
-1.));
#2640=DIRECTION('ref_axis',(0.707106781186548,-0.707106781186547,7.93170840814472E-17));
#2641=DIRECTION('',(-1.37109396866611E-16,-2.49381008307412E-17,1.));
#2642=DIRECTION('center_axis',(1.37109396866611E-16,2.49381008307411E-17,
-1.));
#2643=DIRECTION('ref_axis',(0.707106781186548,-0.707106781186547,7.93170840814472E-17));
#2644=DIRECTION('center_axis',(-1.37109396866611E-16,-2.49381008307411E-17,
1.));
#2645=DIRECTION('ref_axis',(2.42861286636753E-16,-1.,-2.49381008307411E-17));
#2646=DIRECTION('center_axis',(-1.37109396866611E-16,-2.49381008307411E-17,
1.));
#2647=DIRECTION('ref_axis',(0.707106781186548,-0.707106781186547,7.93170840814472E-17));
#2648=DIRECTION('center_axis',(-1.37109396866611E-16,-2.49381008307411E-17,
1.));
#2649=DIRECTION('ref_axis',(0.707106781186548,-0.707106781186547,7.93170840814472E-17));
#2650=DIRECTION('',(-1.37109396866611E-16,-2.49381008307412E-17,1.));
#2651=DIRECTION('center_axis',(1.,2.22044604925031E-16,-2.02692142459506E-16));
#2652=DIRECTION('ref_axis',(2.02692142459506E-16,-2.49381008307411E-17,
1.));
#2653=DIRECTION('',(2.60208521396355E-16,-1.,-1.65688506934968E-16));
#2654=DIRECTION('',(2.60208521396355E-16,-1.,-1.65688506934968E-16));
#2655=DIRECTION('center_axis',(2.02692142459712E-16,-1.65688506934927E-16,
1.));
#2656=DIRECTION('ref_axis',(0.450340007603961,0.892857142857279,0.));
#2657=DIRECTION('center_axis',(2.02692142459712E-16,-1.65688506934927E-16,
1.));
#2658=DIRECTION('ref_axis',(0.450340007603962,0.892857142857279,5.66557859296372E-17));
#2659=DIRECTION('center_axis',(0.892857142857279,-0.450340007603962,-2.55591290669016E-16));
#2660=DIRECTION('ref_axis',(2.02692142459581E-16,-1.6568850693486E-16,1.));
#2661=DIRECTION('center_axis',(2.02692142459712E-16,-1.65688506934927E-16,
1.));
#2662=DIRECTION('ref_axis',(0.450340007603962,0.892857142857279,5.66557859296372E-17));
#2663=DIRECTION('center_axis',(-0.892857142857279,0.450340007603962,2.55591290669016E-16));
#2664=DIRECTION('ref_axis',(2.02692142459581E-16,-1.6568850693486E-16,1.));
#2665=DIRECTION('center_axis',(0.892857142857279,-0.450340007603962,-2.55591290669016E-16));
#2666=DIRECTION('ref_axis',(-0.450340007603962,-0.892857142857279,-5.66557859296396E-17));
#2667=DIRECTION('',(-0.892857142857279,0.450340007603962,2.55591290669016E-16));
#2668=DIRECTION('',(-0.892857142857279,0.450340007603962,2.55591290669016E-16));
#2669=DIRECTION('center_axis',(-2.02692142459712E-16,1.65688506934927E-16,
-1.));
#2670=DIRECTION('ref_axis',(1.,1.34495589268876E-14,-2.53765262771464E-16));
#2671=DIRECTION('center_axis',(-0.892857142857279,-0.450340007603962,1.06358963723081E-16));
#2672=DIRECTION('ref_axis',(2.02692142459574E-16,-1.65688506934996E-16,
1.));
#2673=DIRECTION('center_axis',(-2.02692142459712E-16,1.65688506934927E-16,
-1.));
#2674=DIRECTION('ref_axis',(-0.450340007603962,0.892857142857279,2.39216547882777E-16));
#2675=DIRECTION('center_axis',(-2.02692142459712E-16,1.65688506934927E-16,
-1.));
#2676=DIRECTION('ref_axis',(-0.450340007603962,0.892857142857279,2.39216547882777E-16));
#2677=DIRECTION('center_axis',(0.892857142857279,0.450340007603962,-1.06358963723081E-16));
#2678=DIRECTION('ref_axis',(2.02692142459574E-16,-1.65688506934996E-16,
1.));
#2679=DIRECTION('',(0.892857142857279,0.450340007603962,-1.06358963723081E-16));
#2680=DIRECTION('',(0.892857142857279,0.450340007603962,-1.06358963723081E-16));
#2681=DIRECTION('center_axis',(2.02692142459712E-16,-1.65688506934927E-16,
1.));
#2682=DIRECTION('ref_axis',(0.,-1.,0.));
#2683=DIRECTION('center_axis',(2.02692142459712E-16,-1.65688506934927E-16,
1.));
#2684=DIRECTION('ref_axis',(1.85990970620194E-16,-1.,-1.65688506934927E-16));
#2685=DIRECTION('center_axis',(-1.,0.,2.02692142459712E-16));
#2686=DIRECTION('ref_axis',(0.,1.,0.));
#2687=DIRECTION('center_axis',(2.02692142459712E-16,-1.65688506934927E-16,
1.));
#2688=DIRECTION('ref_axis',(1.94548427212352E-16,-1.,-1.65688506934927E-16));
#2689=DIRECTION('center_axis',(-0.252111868815514,0.967698096310181,2.1143754757107E-16));
#2690=DIRECTION('ref_axis',(0.967698096310181,0.252111868815514,-1.54372761270715E-16));
#2691=DIRECTION('',(-1.37109396866611E-16,-2.49381008307412E-17,1.));
#2692=DIRECTION('',(0.967698096310181,0.252111868815514,-1.54372761270715E-16));
#2693=DIRECTION('center_axis',(1.93524624653514E-17,2.21199658166192E-16,
-1.));
#2694=DIRECTION('ref_axis',(0.450340007605639,0.892857142856433,2.0621488288492E-16));
#2695=DIRECTION('center_axis',(-0.450340007603962,-0.892857142857279,-5.66557859296395E-17));
#2696=DIRECTION('ref_axis',(-0.892857142857279,0.450340007603962,2.55591290669016E-16));
#2697=DIRECTION('',(-1.37109396866611E-16,-2.49381008307412E-17,1.));
#2698=DIRECTION('',(1.37109396866611E-16,2.49381008307412E-17,-1.));
#2699=DIRECTION('',(0.892857142857279,-0.450340007603962,-2.55591290669016E-16));
#2700=DIRECTION('',(-1.37109396866611E-16,-2.49381008307412E-17,1.));
#2701=DIRECTION('center_axis',(-1.93524624653514E-17,-2.21199658166192E-16,
1.));
#2702=DIRECTION('ref_axis',(0.450340007603779,-0.892857142857371,-1.88784506697496E-16));
#2703=DIRECTION('center_axis',(1.37109396866611E-16,2.49381008307411E-17,
-1.));
#2704=DIRECTION('ref_axis',(1.,-7.70982059271307E-16,1.37109396866611E-16));
#2705=DIRECTION('',(-1.37109396866611E-16,-2.49381008307412E-17,1.));
#2706=DIRECTION('center_axis',(-0.450340007603962,0.892857142857279,2.3921654788282E-16));
#2707=DIRECTION('ref_axis',(-0.892857142857279,-0.450340007603962,1.0635896372308E-16));
#2708=DIRECTION('',(-1.37109396866611E-16,-2.49381008307412E-17,1.));
#2709=DIRECTION('',(-0.892857142857279,-0.450340007603962,1.06358963723081E-16));
#2710=DIRECTION('center_axis',(-1.37109396866611E-16,-2.49381008307411E-17,
1.));
#2711=DIRECTION('ref_axis',(-0.499999999999584,0.866025403784679,-4.69576695916828E-17));
#2712=DIRECTION('center_axis',(-2.72070364194793E-16,4.25855111918915E-16,
-1.));
#2713=DIRECTION('ref_axis',(0.866025403784679,0.499999999999584,-2.26922910503601E-17));
#2714=DIRECTION('center_axis',(-1.37109396866611E-16,-2.49381008307411E-17,
1.));
#2715=DIRECTION('ref_axis',(-0.499999999999584,-0.866025403784679,-9.0151727274814E-17));
#2716=DIRECTION('center_axis',(-4.62858747443686E-16,2.35066728670022E-16,
-1.));
#2717=DIRECTION('ref_axis',(-0.866025403784679,0.499999999999584,5.18380797985102E-16));
#2718=DIRECTION('center_axis',(-1.37109396866611E-16,-2.49381008307411E-17,
1.));
#2719=DIRECTION('ref_axis',(1.,2.42861286636753E-16,1.37109396866611E-16));
#2720=DIRECTION('center_axis',(-2.02692142459712E-16,1.65688506934927E-16,
-1.));
#2721=DIRECTION('ref_axis',(1.61907524424502E-16,-1.,-1.65688506934927E-16));
#2722=DIRECTION('center_axis',(-1.37109396866611E-16,-2.49381008307411E-17,
1.));
#2723=DIRECTION('ref_axis',(2.42861286636753E-16,-1.,-2.49381008307411E-17));
#2724=DIRECTION('center_axis',(2.02692142459712E-16,-1.65688506934927E-16,
1.));
#2725=DIRECTION('ref_axis',(1.85990970620194E-16,-1.,-1.65688506934927E-16));
#2726=DIRECTION('',(0.866025403784679,0.499999999999584,-9.26922910501992E-17));
#2727=DIRECTION('center_axis',(2.02692142459712E-16,-1.65688506934927E-16,
1.));
#2728=DIRECTION('ref_axis',(1.85990970620194E-16,-1.,-1.65688506934927E-16));
#2729=DIRECTION('',(-0.866025403784679,0.499999999999584,2.58380797984911E-16));
#2730=DIRECTION('center_axis',(2.02692142459712E-16,-1.65688506934927E-16,
1.));
#2731=DIRECTION('ref_axis',(1.85990970620194E-16,-1.,-1.65688506934927E-16));
#2732=DIRECTION('center_axis',(2.02692142459712E-16,-1.65688506934927E-16,
1.));
#2733=DIRECTION('ref_axis',(0.866025403784679,0.499999999999584,-9.26922910502592E-17));
#2734=DIRECTION('center_axis',(2.02692142459712E-16,-1.65688506934927E-16,
1.));
#2735=DIRECTION('ref_axis',(-0.866025403784679,0.499999999999584,2.58380797985048E-16));
#2736=DIRECTION('center_axis',(2.02692142459712E-16,-1.65688506934927E-16,
1.));
#2737=DIRECTION('ref_axis',(1.61907524424502E-16,-1.,-1.65688506934927E-16));
#2738=DIRECTION('center_axis',(1.37109396866611E-16,2.49381008307411E-17,
-1.));
#2739=DIRECTION('ref_axis',(1.85990970620194E-16,-1.,-2.49381008307412E-17));
#2740=DIRECTION('',(1.37109396866611E-16,2.49381008307411E-17,-1.));
#2741=DIRECTION('center_axis',(-2.02692142459712E-16,1.65688506934927E-16,
-1.));
#2742=DIRECTION('ref_axis',(1.85990970620194E-16,-1.,-1.65688506934927E-16));
#2743=DIRECTION('',(1.37109396866611E-16,2.49381008307412E-17,-1.));
#2744=DIRECTION('',(1.37109396866611E-16,2.49381008307412E-17,-1.));
#2745=DIRECTION('center_axis',(-2.02692142459712E-16,1.65688506934927E-16,
-1.));
#2746=DIRECTION('ref_axis',(1.85990970620194E-16,-1.,-1.65688506934927E-16));
#2747=DIRECTION('',(1.37109396866611E-16,2.49381008307412E-17,-1.));
#2748=DIRECTION('center_axis',(-2.02692142459712E-16,1.65688506934927E-16,
-1.));
#2749=DIRECTION('ref_axis',(1.85990970620194E-16,-1.,-1.65688506934927E-16));
#2750=DIRECTION('',(1.37109396866611E-16,2.49381008307412E-17,-1.));
#2751=DIRECTION('center_axis',(-2.02692142459712E-16,1.65688506934927E-16,
-1.));
#2752=DIRECTION('ref_axis',(1.85990970620194E-16,-1.,-1.65688506934927E-16));
#2753=DIRECTION('center_axis',(-1.37109396866611E-16,-2.49381008307411E-17,
1.));
#2754=DIRECTION('ref_axis',(2.42861286636753E-16,-1.,-2.49381008307411E-17));
#2755=DIRECTION('center_axis',(-1.37109396866611E-16,-2.49381008307411E-17,
1.));
#2756=DIRECTION('ref_axis',(0.115415946879615,0.993317250029356,4.05960566035994E-17));
#2757=DIRECTION('center_axis',(-2.02692142459712E-16,1.65688506934927E-16,
-1.));
#2758=DIRECTION('ref_axis',(-0.707106781186548,0.707106781186547,2.60484455244853E-16));
#2759=DIRECTION('center_axis',(-1.37109396866611E-16,-2.49381008307411E-17,
1.));
#2760=DIRECTION('ref_axis',(-0.252111868815514,0.967698096310181,-1.04343535767097E-17));
#2761=DIRECTION('center_axis',(-1.93524624653514E-17,-2.21199658166192E-16,
1.));
#2762=DIRECTION('ref_axis',(-0.252111868815491,0.967698096310187,2.09175502633567E-16));
#2763=DIRECTION('center_axis',(0.967698096310181,0.252111868815514,-1.54372761270715E-16));
#2764=DIRECTION('ref_axis',(0.252111868815514,-0.967698096310181,1.04343535768123E-17));
#2765=DIRECTION('',(0.967698096310181,0.252111868815514,-1.54372761270715E-16));
#2766=DIRECTION('center_axis',(-0.892857142857286,0.450340007603948,1.42429872087886E-14));
#2767=DIRECTION('ref_axis',(-2.33139377652087E-13,-4.21348625498449E-13,
-1.));
#2768=DIRECTION('center_axis',(0.892857142857279,-0.450340007603962,-2.55591290669016E-16));
#2769=DIRECTION('ref_axis',(0.450340007603962,0.892857142857279,8.40120082836277E-17));
#2770=DIRECTION('center_axis',(-0.892857142857279,0.450340007603962,2.55591290669016E-16));
#2771=DIRECTION('ref_axis',(0.450340007603962,0.892857142857279,5.66557859296396E-17));
#2772=DIRECTION('',(0.892857142857279,-0.450340007603962,-2.55591290669016E-16));
#2773=DIRECTION('center_axis',(-1.37109396866611E-16,-2.49381008307411E-17,
1.));
#2774=DIRECTION('ref_axis',(-0.252111868815514,-0.967698096310182,-5.86994589757088E-17));
#2775=DIRECTION('center_axis',(1.93524624653514E-17,2.21199658166192E-16,
-1.));
#2776=DIRECTION('ref_axis',(-0.252111868813492,-0.967698096310708,-2.18933473590287E-16));
#2777=DIRECTION('center_axis',(0.892857142857284,0.450340007603953,-7.94499237454915E-15));
#2778=DIRECTION('ref_axis',(-2.19793591753272E-13,4.14725608750699E-13,
-1.));
#2779=DIRECTION('center_axis',(-0.892857142857279,-0.450340007603962,1.06358963723081E-16));
#2780=DIRECTION('ref_axis',(0.450340007603962,-0.892857142857279,3.94796853714301E-17));
#2781=DIRECTION('',(-0.892857142857279,-0.450340007603962,1.06358963723081E-16));
#2782=DIRECTION('center_axis',(1.37109396866611E-16,2.49381008307411E-17,
-1.));
#2783=DIRECTION('ref_axis',(0.866025403784679,0.499999999999584,1.31209271199441E-16));
#2784=DIRECTION('',(1.37109396866611E-16,2.49381008307411E-17,-1.));
#2785=DIRECTION('center_axis',(1.37109396866611E-16,2.49381008307411E-17,
-1.));
#2786=DIRECTION('ref_axis',(-0.866025403784679,0.499999999999584,-1.0627117036872E-16));
#2787=DIRECTION('',(1.37109396866611E-16,2.49381008307411E-17,-1.));
#2788=DIRECTION('center_axis',(1.37109396866611E-16,2.49381008307411E-17,
-1.));
#2789=DIRECTION('ref_axis',(1.61907524424502E-16,-1.,-2.49381008307412E-17));
#2790=DIRECTION('',(1.37109396866611E-16,2.49381008307411E-17,-1.));
#2791=DIRECTION('center_axis',(-0.499999999999584,0.866025403784679,2.44836527350668E-16));
#2792=DIRECTION('ref_axis',(8.78770160444329E-18,-2.77639288059767E-16,
1.));
#2793=DIRECTION('',(0.866025403784679,0.499999999999584,-9.26922910501992E-17));
#2794=DIRECTION('center_axis',(-0.499999999999584,-0.866025403784679,-4.21443848909866E-17));
#2795=DIRECTION('ref_axis',(-1.13105725674717E-16,1.66374772418423E-17,
1.));
#2796=DIRECTION('',(-0.866025403784679,0.499999999999584,2.58380797984911E-16));
#2797=DIRECTION('center_axis',(-1.37109396866611E-16,-2.49381008307411E-17,
1.));
#2798=DIRECTION('ref_axis',(0.866025403784679,0.499999999999584,1.31209271199441E-16));
#2799=DIRECTION('center_axis',(-1.37109396866611E-16,-2.49381008307411E-17,
1.));
#2800=DIRECTION('ref_axis',(-0.866025403784679,0.499999999999584,-1.0627117036872E-16));
#2801=DIRECTION('center_axis',(-2.02692142459712E-16,1.65688506934927E-16,
-1.));
#2802=DIRECTION('ref_axis',(-0.707106781186548,0.707106781186547,2.55253629311124E-16));
#2803=DIRECTION('center_axis',(-2.02692142459712E-16,1.65688506934927E-16,
-1.));
#2804=DIRECTION('ref_axis',(-0.707106781186548,0.707106781186547,2.60484455244853E-16));
#2805=DIRECTION('center_axis',(-1.37109396866611E-16,-2.49381008307411E-17,
1.));
#2806=DIRECTION('ref_axis',(2.42861286636753E-16,-1.,-2.49381008307411E-17));
#2807=DIRECTION('',(0.967698096310182,-0.252111868815514,-2.37916839519968E-16));
#2808=DIRECTION('',(-0.707106781186548,0.707106781186547,2.60484455244853E-16));
#2809=DIRECTION('center_axis',(-2.02692142459712E-16,1.65688506934927E-16,
-1.));
#2810=DIRECTION('ref_axis',(0.450340007603962,-0.892857142857279,-2.39216547882777E-16));
#2811=DIRECTION('center_axis',(-2.02692142459712E-16,1.65688506934927E-16,
-1.));
#2812=DIRECTION('ref_axis',(0.450340007603961,-0.892857142857279,-1.91440221983343E-16));
#2813=DIRECTION('center_axis',(0.707106781186463,-0.707106781186632,-2.60484455244873E-16));
#2814=DIRECTION('ref_axis',(-0.707106781186632,-0.707106781186463,2.61655216081479E-17));
#2815=DIRECTION('center_axis',(-2.02692142459712E-16,1.65688506934927E-16,
-1.));
#2816=DIRECTION('ref_axis',(0.450340007603962,-0.892857142857279,-2.39216547882777E-16));
#2817=DIRECTION('center_axis',(0.967698096310182,-0.252111868815514,-2.37916839519968E-16));
#2818=DIRECTION('ref_axis',(0.252111868815514,0.967698096310181,5.86994589755524E-17));
#2819=DIRECTION('center_axis',(-0.707106781186548,0.707106781186547,2.60484455244853E-16));
#2820=DIRECTION('ref_axis',(-0.707106781186547,-0.707106781186548,-1.14584884496109E-16));
#2821=DIRECTION('center_axis',(0.707106781186547,-0.707106781186549,9.98551424968065E-13));
#2822=DIRECTION('ref_axis',(8.93009438339097E-13,-5.19086881051628E-13,
-1.));
#2823=DIRECTION('',(-0.707106781186548,0.707106781186547,2.60484455244853E-16));
#2824=DIRECTION('center_axis',(-1.93524624653514E-17,-2.21199658166192E-16,
1.));
#2825=DIRECTION('ref_axis',(-0.252111868813956,-0.967698096310587,-2.18933473590269E-16));
#2826=DIRECTION('center_axis',(-1.37109396866611E-16,-2.49381008307411E-17,
1.));
#2827=DIRECTION('ref_axis',(-0.707106781186542,-0.707106781186554,-1.14584884496108E-16));
#2828=DIRECTION('center_axis',(-1.93524624653514E-17,-2.21199658166192E-16,
1.));
#2829=DIRECTION('ref_axis',(-0.252111868813955,-0.967698096310588,-2.18933473590269E-16));
#2830=DIRECTION('',(-1.37109396866611E-16,-2.49381008307412E-17,1.));
#2831=DIRECTION('center_axis',(0.707106781186548,0.707106781186547,-2.61655216081311E-17));
#2832=DIRECTION('ref_axis',(-0.707106781186547,0.707106781186548,-7.9317084081447E-17));
#2833=DIRECTION('center_axis',(-0.707106781186551,-0.707106781186544,-5.53072700234317E-15));
#2834=DIRECTION('ref_axis',(1.94710817339306E-13,-1.88189895383938E-13,
-1.));
#2835=DIRECTION('',(0.707106781186548,0.707106781186547,-2.61655216081311E-17));
#2836=DIRECTION('center_axis',(-0.707106781186548,-0.707106781186547,2.61655216081311E-17));
#2837=DIRECTION('ref_axis',(-0.707106781186547,0.707106781186548,-7.9317084081447E-17));
#2838=DIRECTION('',(0.707106781186548,0.707106781186547,-2.61655216081311E-17));
#2839=DIRECTION('center_axis',(1.93524624653514E-17,2.21199658166192E-16,
-1.));
#2840=DIRECTION('ref_axis',(-0.252111868824789,0.967698096307765,2.09175502632851E-16));
#2841=DIRECTION('center_axis',(-1.37109396866611E-16,-2.49381008307411E-17,
1.));
#2842=DIRECTION('ref_axis',(-0.707106781186548,0.707106781186547,-7.93170840814472E-17));
#2843=DIRECTION('center_axis',(1.93524624653514E-17,2.21199658166192E-16,
-1.));
#2844=DIRECTION('ref_axis',(-0.252111868824789,0.967698096307765,2.09175502632851E-16));
#2845=DIRECTION('',(-1.37109396866611E-16,-2.49381008307412E-17,1.));
#2846=DIRECTION('center_axis',(-1.37109396866611E-16,-2.49381008307411E-17,
1.));
#2847=DIRECTION('ref_axis',(2.29329432584213E-16,-1.,-2.49381008307411E-17));
#2848=DIRECTION('',(1.37109396866611E-16,2.49381008307412E-17,-1.));
#2849=DIRECTION('center_axis',(2.02692142459712E-16,-1.65688506934927E-16,
1.));
#2850=DIRECTION('ref_axis',(-0.707106781186632,-0.707106781186463,2.6165521608162E-17));
#2851=DIRECTION('center_axis',(0.707106781186542,0.707106781186553,-2.61655216081298E-17));
#2852=DIRECTION('ref_axis',(0.707106781186554,-0.707106781186542,-2.60484455244851E-16));
#2853=DIRECTION('',(0.707106781186548,-0.707106781186547,-2.60484455244853E-16));
#2854=DIRECTION('',(-1.37109396866611E-16,-2.49381008307412E-17,1.));
#2855=DIRECTION('',(0.707106781186548,-0.707106781186547,-2.60484455244853E-16));
#2856=DIRECTION('',(-1.93524624653514E-17,-2.21199658166192E-16,1.));
#2857=DIRECTION('center_axis',(0.707106781186547,0.707106781186548,1.70096035727369E-16));
#2858=DIRECTION('ref_axis',(0.707106781186548,-0.707106781186547,-1.42727520843553E-16));
#2859=DIRECTION('',(0.707106781186548,-0.707106781186547,-1.42727520843553E-16));
#2860=DIRECTION('center_axis',(-0.707106781186547,-0.707106781186548,-1.70096035727369E-16));
#2861=DIRECTION('ref_axis',(0.707106781186548,-0.707106781186547,-1.42727520843553E-16));
#2862=DIRECTION('',(-1.93524624653514E-17,-2.21199658166192E-16,1.));
#2863=DIRECTION('center_axis',(-0.707106781186547,-0.707106781186548,-1.70096035727369E-16));
#2864=DIRECTION('ref_axis',(0.707106781186548,-0.707106781186547,-1.42727520843553E-16));
#2865=DIRECTION('',(0.707106781186548,-0.707106781186547,-1.42727520843553E-16));
#2866=DIRECTION('center_axis',(-0.707106781186547,-0.707106781186548,-1.70096035727369E-16));
#2867=DIRECTION('ref_axis',(0.707106781186548,-0.707106781186547,-1.42727520843553E-16));
#2868=DIRECTION('center_axis',(1.37109396866611E-16,2.49381008307411E-17,
-1.));
#2869=DIRECTION('ref_axis',(8.48735575190359E-16,1.,2.49381008307412E-17));
#2870=DIRECTION('center_axis',(-2.02692142459712E-16,1.65688506934927E-16,
-1.));
#2871=DIRECTION('ref_axis',(-0.707106781186546,0.707106781186549,2.60484455244853E-16));
#2872=DIRECTION('',(-1.37109396866611E-16,-2.49381008307412E-17,1.));
#2873=DIRECTION('center_axis',(-2.02692142459712E-16,1.65688506934927E-16,
-1.));
#2874=DIRECTION('ref_axis',(-0.707106781186547,0.707106781186548,2.60484455244853E-16));
#2875=DIRECTION('center_axis',(-1.93524624653514E-17,-2.21199658166192E-16,
1.));
#2876=DIRECTION('ref_axis',(0.707106781186548,-0.707106781186547,-1.42727520843553E-16));
#2877=DIRECTION('',(0.707106781186547,0.707106781186548,1.70096035727369E-16));
#2878=DIRECTION('',(0.707106781186548,-0.707106781186547,-1.42727520843553E-16));
#2879=DIRECTION('',(0.707106781186547,0.707106781186548,1.70096035727369E-16));
#2880=DIRECTION('center_axis',(0.707106781186547,0.707106781186548,1.70096035727369E-16));
#2881=DIRECTION('ref_axis',(0.707106781186548,-0.707106781186547,-1.42727520843553E-16));
#2882=DIRECTION('center_axis',(-0.707106781186547,-0.707106781186548,-1.70096035727369E-16));
#2883=DIRECTION('ref_axis',(0.707106781186548,-0.707106781186547,-1.42727520843553E-16));
#2884=DIRECTION('',(0.707106781186547,0.707106781186548,1.70096035727369E-16));
#2885=DIRECTION('center_axis',(0.707106781186547,0.707106781186548,1.70096035727369E-16));
#2886=DIRECTION('ref_axis',(-1.93524624653514E-17,-2.21199658166192E-16,
1.));
#2887=DIRECTION('center_axis',(-0.707106781186547,-0.707106781186548,-1.70096035727369E-16));
#2888=DIRECTION('ref_axis',(0.707106781186548,-0.707106781186547,-1.42727520843553E-16));
#2889=DIRECTION('',(0.707106781186547,0.707106781186548,1.70096035727369E-16));
#2890=DIRECTION('center_axis',(0.707106781186548,-0.707106781186547,-1.42727520843553E-16));
#2891=DIRECTION('ref_axis',(0.707106781186547,0.707106781186548,1.70096035727369E-16));
#2892=DIRECTION('',(-1.93524624653514E-17,-2.21199658166192E-16,1.));
#2893=DIRECTION('',(0.707106781186547,0.707106781186548,1.70096035727369E-16));
#2894=DIRECTION('center_axis',(0.707106781186548,-0.707106781186547,-1.42727520843553E-16));
#2895=DIRECTION('ref_axis',(0.707106781186547,0.707106781186548,1.70096035727369E-16));
#2896=DIRECTION('',(-1.93524624653514E-17,-2.21199658166192E-16,1.));
#2897=DIRECTION('',(0.707106781186547,0.707106781186548,1.70096035727369E-16));
#2898=DIRECTION('center_axis',(0.707106781186547,0.707106781186548,1.70096035727369E-16));
#2899=DIRECTION('ref_axis',(1.93524624653514E-17,2.21199658166192E-16,-1.));
#2900=DIRECTION('center_axis',(-0.707106781186547,-0.707106781186548,-1.70096035727369E-16));
#2901=DIRECTION('ref_axis',(0.707106781186548,-0.707106781186547,-1.42727520843553E-16));
#2902=DIRECTION('',(0.707106781186547,0.707106781186548,1.70096035727369E-16));
#2903=DIRECTION('center_axis',(0.707106781186547,0.707106781186548,1.70096035727369E-16));
#2904=DIRECTION('ref_axis',(1.93524624653514E-17,2.21199658166192E-16,-1.));
#2905=DIRECTION('center_axis',(0.707106781186547,0.707106781186548,1.70096035727369E-16));
#2906=DIRECTION('ref_axis',(0.707106781186548,-0.707106781186547,-1.42727520843553E-16));
#2907=DIRECTION('',(0.707106781186547,0.707106781186548,1.70096035727369E-16));
#2908=DIRECTION('center_axis',(-1.93524624653514E-17,-2.21199658166192E-16,
1.));
#2909=DIRECTION('ref_axis',(0.707106781186548,-0.707106781186547,-1.42727520843553E-16));
#2910=DIRECTION('',(0.707106781186548,-0.707106781186547,-1.42727520843553E-16));
#2911=DIRECTION('center_axis',(0.707106781186549,-0.707106781186546,-2.60484455244853E-16));
#2912=DIRECTION('ref_axis',(-0.707106781186546,-0.707106781186549,2.61655216081307E-17));
#2913=DIRECTION('',(0.707106781186546,0.707106781186549,-2.61655216081307E-17));
#2914=DIRECTION('',(-1.37109396866611E-16,-2.49381008307412E-17,1.));
#2915=DIRECTION('',(0.707106781186546,0.707106781186549,-2.61655216081307E-17));
#2916=DIRECTION('center_axis',(0.707106781186547,-0.707106781186548,-2.60484455244853E-16));
#2917=DIRECTION('ref_axis',(0.707106781186547,0.707106781186548,-2.6165521608131E-17));
#2918=DIRECTION('',(0.707106781186548,0.707106781186547,-2.6165521608131E-17));
#2919=DIRECTION('',(1.37109396866611E-16,2.49381008307412E-17,-1.));
#2920=DIRECTION('',(-0.707106781186547,-0.707106781186548,2.61655216081309E-17));
#2921=DIRECTION('',(-1.37109396866611E-16,-2.49381008307412E-17,1.));
#2922=DIRECTION('',(0.707106781186547,0.707106781186548,-3.98484740462731E-16));
#2923=DIRECTION('center_axis',(0.707106781186547,-0.707106781186548,-4.69059796292353E-16));
#2924=DIRECTION('ref_axis',(-0.707106781186548,-0.707106781186547,-1.70096035727369E-16));
#2925=DIRECTION('',(-3.42895162027528E-16,1.11867249221379E-16,1.));
#2926=DIRECTION('center_axis',(-0.707106781186547,0.707106781186548,4.69059796292353E-16));
#2927=DIRECTION('ref_axis',(-0.707106781186548,-0.707106781186547,-1.70096035727369E-16));
#2928=DIRECTION('',(0.707106781186547,0.707106781186548,-3.98484740462731E-16));
#2929=DIRECTION('center_axis',(-0.707106781186547,0.707106781186548,4.69059796292353E-16));
#2930=DIRECTION('ref_axis',(-0.707106781186548,-0.707106781186547,-1.70096035727369E-16));
#2931=DIRECTION('',(-3.42895162027528E-16,1.11867249221379E-16,1.));
#2932=DIRECTION('center_axis',(-0.707106781186547,0.707106781186548,4.69059796292353E-16));
#2933=DIRECTION('ref_axis',(-0.707106781186548,-0.707106781186547,-1.70096035727369E-16));
#2934=DIRECTION('center_axis',(1.37109396866611E-16,2.49381008307411E-17,
-1.));
#2935=DIRECTION('ref_axis',(1.61907524424502E-16,-1.,-2.49381008307412E-17));
#2936=DIRECTION('',(-1.37109396866611E-16,-2.49381008307412E-17,1.));
#2937=DIRECTION('center_axis',(2.02692142459712E-16,-1.65688506934927E-16,
1.));
#2938=DIRECTION('ref_axis',(-0.707106781186548,-0.707106781186547,2.61655216081312E-17));
#2939=DIRECTION('center_axis',(-2.02692142459712E-16,1.65688506934927E-16,
-1.));
#2940=DIRECTION('ref_axis',(0.70710678118655,-0.707106781186545,-2.60484455244853E-16));
#2941=DIRECTION('center_axis',(2.02692142459712E-16,-1.65688506934927E-16,
1.));
#2942=DIRECTION('ref_axis',(-0.707106781186632,-0.707106781186463,0.));
#2943=DIRECTION('center_axis',(-0.707106781186548,0.707106781186547,2.60484455244853E-16));
#2944=DIRECTION('ref_axis',(2.02692142459712E-16,-1.65688506934927E-16,
1.));
#2945=DIRECTION('center_axis',(2.02692142459712E-16,-1.65688506934927E-16,
1.));
#2946=DIRECTION('ref_axis',(-0.707106781186632,-0.707106781186463,2.6165521608162E-17));
#2947=DIRECTION('center_axis',(0.707106781186548,-0.707106781186547,-2.60484455244853E-16));
#2948=DIRECTION('ref_axis',(2.02692142459712E-16,-1.65688506934927E-16,
1.));
#2949=DIRECTION('center_axis',(-0.707106781186549,0.707106781186546,2.60484455244852E-16));
#2950=DIRECTION('ref_axis',(0.707106781186546,0.707106781186549,-2.61655216081307E-17));
#2951=DIRECTION('',(0.707106781186548,-0.707106781186547,-2.60484455244853E-16));
#2952=DIRECTION('center_axis',(-2.02692142459712E-16,1.65688506934927E-16,
-1.));
#2953=DIRECTION('ref_axis',(-0.707106781186547,0.707106781186548,0.));
#2954=DIRECTION('center_axis',(-0.707106781186546,-0.707106781186549,2.61655216081307E-17));
#2955=DIRECTION('ref_axis',(2.02692142459712E-16,-1.65688506934926E-16,
1.));
#2956=DIRECTION('center_axis',(-2.02692142459712E-16,1.65688506934927E-16,
-1.));
#2957=DIRECTION('ref_axis',(-0.707106781186547,0.707106781186548,2.60484455244853E-16));
#2958=DIRECTION('center_axis',(-0.707106781186547,-0.707106781186548,2.61655216081309E-17));
#2959=DIRECTION('ref_axis',(2.02692142459712E-16,-1.65688506934927E-16,
1.));
#2960=DIRECTION('center_axis',(0.707106781186548,0.707106781186547,-2.61655216081311E-17));
#2961=DIRECTION('ref_axis',(-0.707106781186547,0.707106781186548,2.60484455244853E-16));
#2962=DIRECTION('',(-0.707106781186547,-0.707106781186548,2.61655216081309E-17));
#2963=DIRECTION('center_axis',(0.707106781186547,0.707106781186548,-2.61655216081309E-17));
#2964=DIRECTION('ref_axis',(2.02692142459712E-16,-1.65688506934927E-16,
1.));
#2965=DIRECTION('center_axis',(0.707106781186546,0.707106781186549,-2.61655216081307E-17));
#2966=DIRECTION('ref_axis',(2.02692142459712E-16,-1.65688506934926E-16,
1.));
#2967=DIRECTION('center_axis',(-0.707106781186546,-0.707106781186549,2.61655216081307E-17));
#2968=DIRECTION('ref_axis',(0.707106781186549,-0.707106781186546,-1.42727520843552E-16));
#2969=DIRECTION('',(0.707106781186546,0.707106781186549,-2.61655216081307E-17));
#2970=DIRECTION('center_axis',(-2.02692142459712E-16,1.65688506934927E-16,
-1.));
#2971=DIRECTION('ref_axis',(0.707106781186549,-0.707106781186546,0.));
#2972=DIRECTION('center_axis',(-2.02692142459712E-16,1.65688506934927E-16,
-1.));
#2973=DIRECTION('ref_axis',(0.70710678118655,-0.707106781186545,-2.60484455244853E-16));
#2974=DIRECTION('center_axis',(0.707106781186548,-0.707106781186547,-2.60484455244853E-16));
#2975=DIRECTION('ref_axis',(-0.707106781186547,-0.707106781186548,2.61655216081308E-17));
#2976=DIRECTION('center_axis',(0.707106781186548,-0.707106781186547,-2.60484455244853E-16));
#2977=DIRECTION('ref_axis',(-2.02692142459712E-16,1.65688506934927E-16,
-1.));
#2978=DIRECTION('',(0.707106781186548,-0.707106781186547,-2.60484455244853E-16));
#2979=DIRECTION('center_axis',(0.707106781186549,-0.707106781186546,-2.60484455244852E-16));
#2980=DIRECTION('ref_axis',(0.707106781186546,0.707106781186549,-2.61655216081306E-17));
#2981=DIRECTION('center_axis',(2.02692142459712E-16,-1.65688506934927E-16,
1.));
#2982=DIRECTION('ref_axis',(-0.707106781186546,0.707106781186549,2.96059473233375E-16));
#2983=DIRECTION('center_axis',(0.707106781186546,0.707106781186549,-2.61655216081307E-17));
#2984=DIRECTION('ref_axis',(-2.02692142459712E-16,1.65688506934926E-16,
-1.));
#2985=DIRECTION('center_axis',(-2.02692142459712E-16,1.65688506934927E-16,
-1.));
#2986=DIRECTION('ref_axis',(-0.707106781186546,0.707106781186549,2.60484455244853E-16));
#2987=DIRECTION('center_axis',(0.707106781186548,0.707106781186547,-2.6165521608131E-17));
#2988=DIRECTION('ref_axis',(-2.02692142459712E-16,1.65688506934927E-16,
-1.));
#2989=DIRECTION('center_axis',(-0.707106781186548,-0.707106781186547,2.61655216081311E-17));
#2990=DIRECTION('ref_axis',(0.707106781186547,-0.707106781186548,-2.60484455244853E-16));
#2991=DIRECTION('',(0.707106781186548,0.707106781186547,-2.6165521608131E-17));
#2992=DIRECTION('center_axis',(0.707106781186546,0.707106781186549,-2.61655216081307E-17));
#2993=DIRECTION('ref_axis',(-2.02692142459712E-16,1.65688506934926E-16,
-1.));
#2994=DIRECTION('center_axis',(0.707106781186546,0.707106781186549,-2.61655216081307E-17));
#2995=DIRECTION('ref_axis',(0.707106781186549,-0.707106781186546,-1.42727520843552E-16));
#2996=DIRECTION('',(0.707106781186546,0.707106781186549,-2.61655216081307E-17));
#2997=DIRECTION('center_axis',(2.02692142459712E-16,-1.65688506934927E-16,
1.));
#2998=DIRECTION('ref_axis',(-0.707106781186549,-0.707106781186546,0.));
#2999=DIRECTION('center_axis',(-0.707106781186548,0.707106781186547,2.60484455244853E-16));
#3000=DIRECTION('ref_axis',(-2.02692142459712E-16,1.65688506934927E-16,
-1.));
#3001=DIRECTION('center_axis',(2.02692142459712E-16,-1.65688506934927E-16,
1.));
#3002=DIRECTION('ref_axis',(-0.707106781186548,-0.707106781186547,2.61655216081312E-17));
#3003=DIRECTION('center_axis',(-0.707106781186547,-0.707106781186548,2.61655216081309E-17));
#3004=DIRECTION('ref_axis',(-0.707106781186548,0.707106781186547,2.60484455244853E-16));
#3005=DIRECTION('',(-0.707106781186548,0.707106781186547,2.60484455244853E-16));
#3006=DIRECTION('',(-1.37109396866611E-16,-2.49381008307412E-17,1.));
#3007=DIRECTION('',(-0.707106781186548,0.707106781186547,2.60484455244853E-16));
#3008=DIRECTION('center_axis',(0.707106781186547,0.707106781186548,-3.98484740462731E-16));
#3009=DIRECTION('ref_axis',(-0.707106781186548,0.707106781186547,4.69059796292353E-16));
#3010=DIRECTION('',(-3.42895162027528E-16,1.11867249221379E-16,1.));
#3011=DIRECTION('',(0.707106781186547,-0.707106781186548,-4.69059796292353E-16));
#3012=DIRECTION('',(0.707106781186547,-0.707106781186548,-4.69059796292353E-16));
#3013=DIRECTION('center_axis',(0.707106781186547,-0.707106781186548,-4.69059796292353E-16));
#3014=DIRECTION('ref_axis',(6.13446624920862E-16,-4.99041005597449E-17,
1.));
#3015=DIRECTION('center_axis',(-0.707106781186547,0.707106781186548,4.69059796292353E-16));
#3016=DIRECTION('ref_axis',(-0.707106781186548,-0.707106781186547,-1.70096035727369E-16));
#3017=DIRECTION('',(0.707106781186547,-0.707106781186548,-4.69059796292353E-16));
#3018=DIRECTION('center_axis',(0.707106781186547,-0.707106781186548,-4.69059796292353E-16));
#3019=DIRECTION('ref_axis',(0.707106781186548,0.707106781186547,1.63361403788602E-16));
#3020=DIRECTION('center_axis',(-0.707106781186547,0.707106781186548,4.69059796292353E-16));
#3021=DIRECTION('ref_axis',(-0.707106781186548,-0.707106781186547,-1.70096035727369E-16));
#3022=DIRECTION('',(0.707106781186547,-0.707106781186548,-4.69059796292353E-16));
#3023=DIRECTION('center_axis',(-3.42895162027528E-16,1.11867249221379E-16,
1.));
#3024=DIRECTION('ref_axis',(-0.707106781186547,-0.707106781186548,-1.63361403788602E-16));
#3025=DIRECTION('',(0.707106781186547,-0.707106781186548,-4.69059796292353E-16));
#3026=DIRECTION('',(0.707106781186547,0.707106781186548,-3.98484740462731E-16));
#3027=DIRECTION('center_axis',(-3.42895162027528E-16,1.11867249221379E-16,
1.));
#3028=DIRECTION('ref_axis',(-0.707106781186547,-0.707106781186548,-1.63361403788602E-16));
#3029=DIRECTION('',(0.707106781186547,0.707106781186548,-3.98484740462731E-16));
#3030=DIRECTION('',(0.707106781186547,-0.707106781186548,-4.69059796292353E-16));
#3031=DIRECTION('center_axis',(0.707106781186547,-0.707106781186548,-4.69059796292353E-16));
#3032=DIRECTION('ref_axis',(-0.707106781186548,-0.707106781186547,-1.63361403788602E-16));
#3033=DIRECTION('center_axis',(-0.707106781186547,0.707106781186548,4.69059796292353E-16));
#3034=DIRECTION('ref_axis',(-0.707106781186548,-0.707106781186547,-1.70096035727369E-16));
#3035=DIRECTION('',(0.707106781186547,-0.707106781186548,-4.69059796292353E-16));
#3036=DIRECTION('center_axis',(0.707106781186547,-0.707106781186548,-4.69059796292353E-16));
#3037=DIRECTION('ref_axis',(-0.707106781186548,-0.707106781186547,-1.63361403788602E-16));
#3038=DIRECTION('center_axis',(0.707106781186547,-0.707106781186548,-4.69059796292353E-16));
#3039=DIRECTION('ref_axis',(-0.707106781186548,-0.707106781186547,-1.70096035727369E-16));
#3040=DIRECTION('',(0.707106781186547,-0.707106781186548,-4.69059796292353E-16));
#3041=DIRECTION('center_axis',(0.707106781186547,0.707106781186548,-3.98484740462731E-16));
#3042=DIRECTION('ref_axis',(-0.707106781186548,0.707106781186547,4.69059796292353E-16));
#3043=DIRECTION('',(-3.42895162027528E-16,1.11867249221379E-16,1.));
#3044=DIRECTION('center_axis',(-0.707106781186548,0.707106781186547,2.60484455244853E-16));
#3045=DIRECTION('ref_axis',(2.02692142459712E-16,-1.65688506934927E-16,
1.));
#3046=DIRECTION('',(-0.707106781186548,0.707106781186547,2.60484455244853E-16));
#3047=DIRECTION('center_axis',(0.707106781186548,-0.707106781186547,-2.60484455244853E-16));
#3048=DIRECTION('ref_axis',(6.39142643815473E-17,-3.04466385013091E-16,
1.));
#3049=DIRECTION('',(-0.707106781186548,0.707106781186547,2.60484455244853E-16));
#3050=DIRECTION('center_axis',(0.707106781186547,0.707106781186548,-2.61655216081309E-17));
#3051=DIRECTION('ref_axis',(0.707106781186548,-0.707106781186547,-2.60484455244853E-16));
#3052=DIRECTION('',(-1.37109396866611E-16,-2.49381008307412E-17,1.));
#3053=DIRECTION('',(0.707106781186548,-0.707106781186547,-2.60484455244853E-16));
#3054=DIRECTION('center_axis',(0.707106781186548,-0.707106781186547,-2.60484455244853E-16));
#3055=DIRECTION('ref_axis',(-2.02692142459712E-16,1.65688506934927E-16,
-1.));
#3056=DIRECTION('center_axis',(-0.707106781186548,0.707106781186547,2.60484455244853E-16));
#3057=DIRECTION('ref_axis',(-6.39142643815473E-17,3.04466385013091E-16,
-1.));
#3058=DIRECTION('',(0.707106781186548,-0.707106781186547,-2.60484455244853E-16));
#3059=DIRECTION('center_axis',(-1.37109396866611E-16,-2.49381008307411E-17,
1.));
#3060=DIRECTION('ref_axis',(0.707106781186548,-0.707106781186547,7.93170840814472E-17));
#3061=DIRECTION('center_axis',(-1.37109396866611E-16,-2.49381008307411E-17,
1.));
#3062=DIRECTION('ref_axis',(0.707106781186548,-0.707106781186547,7.93170840814472E-17));
#3063=DIRECTION('',(-1.37109396866611E-16,-2.49381008307412E-17,1.));
#3064=DIRECTION('center_axis',(-1.37109396866611E-16,-2.49381008307411E-17,
1.));
#3065=DIRECTION('ref_axis',(0.707106781186548,-0.707106781186547,7.93170840814472E-17));
#3066=DIRECTION('center_axis',(-1.37109396866611E-16,-2.49381008307411E-17,
1.));
#3067=DIRECTION('ref_axis',(2.42861286636753E-16,-1.,-2.49381008307411E-17));
#3068=DIRECTION('',(0.967698096310181,0.252111868815514,-1.54372761270715E-16));
#3069=DIRECTION('',(0.707106781186547,0.707106781186548,-2.61655216081309E-17));
#3070=DIRECTION('center_axis',(-0.707106781186548,0.707106781186548,2.60484455244853E-16));
#3071=DIRECTION('ref_axis',(0.707106781186547,0.707106781186548,-2.6165521608131E-17));
#3072=DIRECTION('',(0.707106781186547,0.707106781186548,-2.61655216081309E-17));
#3073=DIRECTION('center_axis',(-1.37109396866611E-16,-2.49381008307411E-17,
1.));
#3074=DIRECTION('ref_axis',(2.42861286636753E-16,-1.,-2.49381008307411E-17));
#3075=DIRECTION('center_axis',(2.02692142459712E-16,-1.65688506934927E-16,
1.));
#3076=DIRECTION('ref_axis',(0.450340007603962,0.892857142857279,5.66557859296372E-17));
#3077=DIRECTION('center_axis',(2.02692142459712E-16,-1.65688506934927E-16,
1.));
#3078=DIRECTION('ref_axis',(0.450340007603961,0.892857142857279,0.));
#3079=DIRECTION('center_axis',(2.02692142459712E-16,-1.65688506934927E-16,
1.));
#3080=DIRECTION('ref_axis',(0.450340007603962,0.892857142857279,5.66557859296372E-17));
#3081=DIRECTION('center_axis',(-1.37109396866611E-16,-2.49381008307411E-17,
1.));
#3082=DIRECTION('ref_axis',(2.29329432584213E-16,-1.,-2.49381008307411E-17));
#3083=DIRECTION('center_axis',(-2.02692142459712E-16,1.65688506934927E-16,
-1.));
#3084=DIRECTION('ref_axis',(-0.707106781186548,0.707106781186547,2.60484455244853E-16));
#3085=DIRECTION('center_axis',(-2.02692142459712E-16,1.65688506934927E-16,
-1.));
#3086=DIRECTION('ref_axis',(-0.707106781186548,0.707106781186547,2.55253629311124E-16));
#3087=DIRECTION('center_axis',(-2.02692142459712E-16,1.65688506934927E-16,
-1.));
#3088=DIRECTION('ref_axis',(-0.707106781186548,0.707106781186547,2.60484455244853E-16));
#3089=DIRECTION('center_axis',(-1.37109396866611E-16,-2.49381008307411E-17,
1.));
#3090=DIRECTION('ref_axis',(2.42861286636753E-16,-1.,-2.49381008307411E-17));
#3091=DIRECTION('center_axis',(0.967698096310181,0.252111868815514,-1.54372761270715E-16));
#3092=DIRECTION('ref_axis',(-2.02692142459747E-16,1.65688506934918E-16,
-1.));
#3093=CARTESIAN_POINT('',(0.,0.,0.));
#3094=CARTESIAN_POINT('Ctrl Pts',(85.2166913860118,2.50974670474005,-4.89042602905313));
#3095=CARTESIAN_POINT('Ctrl Pts',(85.2238711586044,2.51026472868397,-4.89042602905313));
#3096=CARTESIAN_POINT('Ctrl Pts',(85.2310429897579,2.51078165862531,-4.89042306124066));
#3097=CARTESIAN_POINT('Ctrl Pts',(88.3111528805289,2.73333337901663,-4.89169098275534));
#3098=CARTESIAN_POINT('Ctrl Pts',(92.9074428697251,3.06305568612269,-4.78060027390856));
#3099=CARTESIAN_POINT('Ctrl Pts',(98.4931528630278,3.44475150354881,-4.40036099984221));
#3100=CARTESIAN_POINT('Ctrl Pts',(100.01516118318,3.54312685068955,-4.0928058566702));
#3101=CARTESIAN_POINT('Ctrl Pts',(100.01516118318,3.54312685068955,-3.89042602905314));
#3102=CARTESIAN_POINT('Ctrl Pts',(85.2166913860118,2.50974670474005,-4.89042602905313));
#3103=CARTESIAN_POINT('Ctrl Pts',(85.2192191833974,2.51089850093981,-4.890437106942));
#3104=CARTESIAN_POINT('Ctrl Pts',(85.2215701396355,2.5119310117058,-4.89040185992426));
#3105=CARTESIAN_POINT('Ctrl Pts',(86.2843002778427,3.01005776472442,-4.90516768021569));
#3106=CARTESIAN_POINT('Ctrl Pts',(87.854453629473,3.64719380684635,-4.47980655691665));
#3107=CARTESIAN_POINT('Ctrl Pts',(89.7216171212594,3.75584904135578,-3.8089695449954));
#3108=CARTESIAN_POINT('Ctrl Pts',(90.1930886368865,3.5300287804253,-3.81211775927313));
#3109=CARTESIAN_POINT('Ctrl Pts',(90.202974178509,3.5431268506895,-3.89042602905313));
#3110=CARTESIAN_POINT('Ctrl Pts',(85.2166913860118,2.50974670474005,-4.89042602905313));
#3111=CARTESIAN_POINT('Ctrl Pts',(85.2144044900052,2.51151083530808,-4.89043743382027));
#3112=CARTESIAN_POINT('Ctrl Pts',(85.2122586006307,2.51311259297804,-4.89040161220984));
#3113=CARTESIAN_POINT('Ctrl Pts',(84.2530686952727,3.26805666030929,-4.90529135763859));
#3114=CARTESIAN_POINT('Ctrl Pts',(82.8107320745389,4.28795052348991,-4.48230946444486));
#3115=CARTESIAN_POINT('Ctrl Pts',(80.9353947812604,4.87913988378736,-3.81444286497976));
#3116=CARTESIAN_POINT('Ctrl Pts',(80.3977104822997,4.78483540642458,-3.814075526322));
#3117=CARTESIAN_POINT('Ctrl Pts',(80.3914750200469,4.80022792394872,-3.89042602905312));
#3118=CARTESIAN_POINT('Ctrl Pts',(85.2166913860118,2.50974670474005,-4.89042602905313));
#3119=CARTESIAN_POINT('Ctrl Pts',(85.2097415100606,2.51205877463837,-4.89042602905313));
#3120=CARTESIAN_POINT('Ctrl Pts',(85.2027993812973,2.51436826942907,-4.89042331324503));
#3121=CARTESIAN_POINT('Ctrl Pts',(82.2212778576584,3.5062531360069,-4.89157096487941));
#3122=CARTESIAN_POINT('Ctrl Pts',(77.7723827124971,4.98631019882806,-4.78858377081945));
#3123=CARTESIAN_POINT('Ctrl Pts',(72.3681083463646,6.7842872872857,-4.41605860823468));
#3124=CARTESIAN_POINT('Ctrl Pts',(70.8962403349874,7.27399672686358,-4.09950333800501));
#3125=CARTESIAN_POINT('Ctrl Pts',(70.8962403349874,7.27399672686358,-3.89042602905312));
#3126=CARTESIAN_POINT('',(70.8962403349875,7.27399672686359,-3.89042602905313));
#3127=CARTESIAN_POINT('',(100.01516118318,3.54312685068955,-3.89042602905314));
#3128=CARTESIAN_POINT('Origin',(100.015161183179,119.04312685069,-3.89042602905313));
#3129=CARTESIAN_POINT('',(85.2166913860112,2.50974670474005,-4.89042602905314));
#3130=CARTESIAN_POINT('Ctrl Pts',(100.01516118318,3.54312685068955,-3.89042602905314));
#3131=CARTESIAN_POINT('Ctrl Pts',(100.01516118318,3.54312685068955,-4.0928058566702));
#3132=CARTESIAN_POINT('Ctrl Pts',(98.4931528630278,3.44475150354881,-4.40036099984221));
#3133=CARTESIAN_POINT('Ctrl Pts',(92.9074428697251,3.06305568612269,-4.78060027390856));
#3134=CARTESIAN_POINT('Ctrl Pts',(88.3111528805289,2.73333337901663,-4.89169098275534));
#3135=CARTESIAN_POINT('Ctrl Pts',(85.2310429897579,2.51078165862531,-4.89042306124066));
#3136=CARTESIAN_POINT('Ctrl Pts',(85.2238711586044,2.51026472868397,-4.89042602905313));
#3137=CARTESIAN_POINT('Ctrl Pts',(85.2166913860118,2.50974670474005,-4.89042602905313));
#3138=CARTESIAN_POINT('Ctrl Pts',(85.2166913860118,2.50974670474005,-4.89042602905313));
#3139=CARTESIAN_POINT('Ctrl Pts',(85.2097415100606,2.51205877463837,-4.89042602905313));
#3140=CARTESIAN_POINT('Ctrl Pts',(85.2027993812973,2.51436826942907,-4.89042331324503));
#3141=CARTESIAN_POINT('Ctrl Pts',(82.2212778576584,3.5062531360069,-4.89157096487941));
#3142=CARTESIAN_POINT('Ctrl Pts',(77.7723827124971,4.98631019882806,-4.78858377081945));
#3143=CARTESIAN_POINT('Ctrl Pts',(72.3681083463646,6.7842872872857,-4.41605860823468));
#3144=CARTESIAN_POINT('Ctrl Pts',(70.8962403349874,7.27399672686358,-4.09950333800501));
#3145=CARTESIAN_POINT('Ctrl Pts',(70.8962403349874,7.27399672686358,-3.89042602905312));
#3146=CARTESIAN_POINT('Origin',(100.015161183179,119.043126850689,-4.39042602905312));
#3147=CARTESIAN_POINT('',(70.8962403349874,7.27399672686323,2.10957397094687));
#3148=CARTESIAN_POINT('',(70.8962403349874,7.27399672686323,-4.39042602905313));
#3149=CARTESIAN_POINT('',(100.01516118318,3.54312685068918,2.10957397094687));
#3150=CARTESIAN_POINT('Origin',(100.015161183179,119.043126850689,2.10957397094688));
#3151=CARTESIAN_POINT('',(100.01516118318,3.54312685068919,-4.39042602905313));
#3152=CARTESIAN_POINT('Ctrl Pts',(100.01516118318,3.54312685068955,2.10957397094687));
#3153=CARTESIAN_POINT('Ctrl Pts',(100.01516118318,3.54312685068955,2.31195354556869));
#3154=CARTESIAN_POINT('Ctrl Pts',(98.4926290846537,3.44469128610538,2.6193940641063));
#3155=CARTESIAN_POINT('Ctrl Pts',(92.9083231167029,3.06316336636298,2.99999765193135));
#3156=CARTESIAN_POINT('Ctrl Pts',(88.3103814873688,2.73323491517901,3.11044836343511));
#3157=CARTESIAN_POINT('Ctrl Pts',(85.2310686648824,2.51078358001846,3.10957163575026));
#3158=CARTESIAN_POINT('Ctrl Pts',(85.2238833468799,2.51026560807421,3.10957397094686));
#3159=CARTESIAN_POINT('Ctrl Pts',(85.2166913860112,2.50974670474005,3.10957397094686));
#3160=CARTESIAN_POINT('Ctrl Pts',(90.202974178509,3.5431268506895,2.10957397094687));
#3161=CARTESIAN_POINT('Ctrl Pts',(90.202974178509,3.5431268506895,2.05098226001381));
#3162=CARTESIAN_POINT('Ctrl Pts',(89.7155619837383,3.74602002734851,2.01507910405005));
#3163=CARTESIAN_POINT('Ctrl Pts',(87.8586830886988,3.65657968120756,2.70947839742307));
#3164=CARTESIAN_POINT('Ctrl Pts',(86.2816325422232,2.99912604176031,3.11432567219529));
#3165=CARTESIAN_POINT('Ctrl Pts',(85.2216361382878,2.51196768642823,3.10956322638481));
#3166=CARTESIAN_POINT('Ctrl Pts',(85.2191654686003,2.51086463857433,3.10957397094686));
#3167=CARTESIAN_POINT('Ctrl Pts',(85.2166913860112,2.50974670474005,3.10957397094686));
#3168=CARTESIAN_POINT('Ctrl Pts',(80.3914750200469,4.80022792394872,2.10957397094688));
#3169=CARTESIAN_POINT('Ctrl Pts',(80.391475020047,4.80022792394872,2.0532389589607));
#3170=CARTESIAN_POINT('Ctrl Pts',(80.938771539526,4.86794629129172,2.02036027802187));
#3171=CARTESIAN_POINT('Ctrl Pts',(82.8089960438046,4.29823471556992,2.71213240131699));
#3172=CARTESIAN_POINT('Ctrl Pts',(84.2528952554318,3.25662683681582,3.11428720024734));
#3173=CARTESIAN_POINT('Ctrl Pts',(85.2122035926512,2.51316548436701,3.10956330812291));
#3174=CARTESIAN_POINT('Ctrl Pts',(85.2144475903207,2.51146366907444,3.10957397094686));
#3175=CARTESIAN_POINT('Ctrl Pts',(85.2166913860112,2.50974670474005,3.10957397094686));
#3176=CARTESIAN_POINT('Ctrl Pts',(70.8962403349875,7.27399672686358,2.10957397094688));
#3177=CARTESIAN_POINT('Ctrl Pts',(70.8962403349875,7.27399672686358,2.31865101852976));
#3178=CARTESIAN_POINT('Ctrl Pts',(72.3686179098954,6.78411786050706,2.63509972863715));
#3179=CARTESIAN_POINT('Ctrl Pts',(77.7715256175606,4.98659515080272,3.00796705320153));
#3180=CARTESIAN_POINT('Ctrl Pts',(82.2220293154444,3.50600331731838,3.11033060321032));
#3181=CARTESIAN_POINT('Ctrl Pts',(85.202774520617,2.51437653974531,3.10957188480029));
#3182=CARTESIAN_POINT('Ctrl Pts',(85.2097297120411,2.51206269957456,3.10957397094686));
#3183=CARTESIAN_POINT('Ctrl Pts',(85.2166913860112,2.50974670474005,3.10957397094686));
#3184=CARTESIAN_POINT('',(85.2166913860112,2.50974670474005,3.10957397094687));
#3185=CARTESIAN_POINT('Ctrl Pts',(70.8962403349875,7.27399672686358,2.10957397094688));
#3186=CARTESIAN_POINT('Ctrl Pts',(70.8962403349875,7.27399672686358,2.31865101852976));
#3187=CARTESIAN_POINT('Ctrl Pts',(72.3686179098954,6.78411786050706,2.63509972863715));
#3188=CARTESIAN_POINT('Ctrl Pts',(77.7715256175606,4.98659515080272,3.00796705320153));
#3189=CARTESIAN_POINT('Ctrl Pts',(82.2220293154444,3.50600331731838,3.11033060321032));
#3190=CARTESIAN_POINT('Ctrl Pts',(85.202774520617,2.51437653974531,3.10957188480029));
#3191=CARTESIAN_POINT('Ctrl Pts',(85.2097297120411,2.51206269957456,3.10957397094686));
#3192=CARTESIAN_POINT('Ctrl Pts',(85.2166913860112,2.50974670474005,3.10957397094686));
#3193=CARTESIAN_POINT('Ctrl Pts',(85.2166913860112,2.50974670474005,3.10957397094686));
#3194=CARTESIAN_POINT('Ctrl Pts',(85.2238833468799,2.51026560807421,3.10957397094686));
#3195=CARTESIAN_POINT('Ctrl Pts',(85.2310686648824,2.51078358001846,3.10957163575026));
#3196=CARTESIAN_POINT('Ctrl Pts',(88.3103814873688,2.73323491517901,3.11044836343511));
#3197=CARTESIAN_POINT('Ctrl Pts',(92.9083231167029,3.06316336636298,2.99999765193135));
#3198=CARTESIAN_POINT('Ctrl Pts',(98.4926290846537,3.44469128610538,2.6193940641063));
#3199=CARTESIAN_POINT('Ctrl Pts',(100.01516118318,3.54312685068955,2.31195354556869));
#3200=CARTESIAN_POINT('Ctrl Pts',(100.01516118318,3.54312685068955,2.10957397094687));
#3201=CARTESIAN_POINT('Origin',(66.6057077916023,8.391798014115,-4.89042602905313));
#3202=CARTESIAN_POINT('',(66.8686027213031,8.32330668166203,-3.89042602905313));
#3203=CARTESIAN_POINT('',(66.6057077916023,8.391798014115,-3.89042602905313));
#3204=CARTESIAN_POINT('',(66.8686027213031,8.32330668166203,2.10957397094687));
#3205=CARTESIAN_POINT('',(66.8686027213031,8.32330668166203,-3.89042602905313));
#3206=CARTESIAN_POINT('',(66.6057077916023,8.391798014115,2.10957397094687));
#3207=CARTESIAN_POINT('Origin',(66.3535959227869,7.42409991780516,-3.89042602905313));
#3208=CARTESIAN_POINT('',(66.0907009928792,7.49259124989762,-4.89042602905313));
#3209=CARTESIAN_POINT('',(66.3535959227869,7.42409991780516,-4.89042602905313));
#3210=CARTESIAN_POINT('Ctrl Pts',(66.0907009929538,7.49259125002833,-4.89042602905313));
#3211=CARTESIAN_POINT('Ctrl Pts',(66.2540346564525,7.66701404648637,-4.89042603478313));
#3212=CARTESIAN_POINT('Ctrl Pts',(66.4174863210237,7.84155506848929,-4.83917792610313));
#3213=CARTESIAN_POINT('Ctrl Pts',(66.5715780034994,8.00608844236781,-4.73530751706313));
#3214=CARTESIAN_POINT('Ctrl Pts',(66.7097386077437,8.1532540250389,-4.58362175171313));
#3215=CARTESIAN_POINT('Ctrl Pts',(66.8162117566346,8.26725685337797,-4.37244083383313));
#3216=CARTESIAN_POINT('Ctrl Pts',(66.8686027213031,8.32330668166203,-4.13138616558313));
#3217=CARTESIAN_POINT('Ctrl Pts',(66.8686027213031,8.32330668166203,-3.89042602905313));
#3218=CARTESIAN_POINT('Ctrl Pts',(85.2166913860112,2.50974670474005,-4.89042602905314));
#3219=CARTESIAN_POINT('Ctrl Pts',(85.2166913860112,3.54312685068953,-4.89042602905318));
#3220=CARTESIAN_POINT('Ctrl Pts',(85.2166913860112,3.54312685068948,-3.89042602905314));
#3221=CARTESIAN_POINT('Ctrl Pts',(105.216691386011,2.50974670474014,-4.89042602905314));
#3222=CARTESIAN_POINT('Ctrl Pts',(105.216691386011,3.54312685068962,-4.89042602905318));
#3223=CARTESIAN_POINT('Ctrl Pts',(105.216691386011,3.54312685068958,-3.89042602905314));
#3224=CARTESIAN_POINT('',(105.216691386011,3.54312685068911,-3.89042602905314));
#3225=CARTESIAN_POINT('',(85.2166913860112,3.54312685068911,-3.89042602905314));
#3226=CARTESIAN_POINT('',(105.216691386011,2.50974670474005,-4.89042602905314));
#3227=CARTESIAN_POINT('Origin',(105.216691386011,2.50974670474005,-3.89042602905314));
#3228=CARTESIAN_POINT('',(85.2166913860112,2.50974670474005,-4.89042602905314));
#3229=CARTESIAN_POINT('Ctrl Pts',(85.2166913860103,-26.7383439853271,3.10957397094686));
#3230=CARTESIAN_POINT('Ctrl Pts',(85.2238833468789,-26.7388628886613,3.10957397094686));
#3231=CARTESIAN_POINT('Ctrl Pts',(85.2310642796765,-26.7393804587878,3.10957132738797));
#3232=CARTESIAN_POINT('Ctrl Pts',(88.3130782391984,-26.9620781093146,3.11063068726565));
#3233=CARTESIAN_POINT('Ctrl Pts',(92.9069555832987,-27.2916328274022,2.99990060860839));
#3234=CARTESIAN_POINT('Ctrl Pts',(98.4933476482267,-27.6733552143733,2.6194302299372));
#3235=CARTESIAN_POINT('Ctrl Pts',(100.015161183179,-27.7717241312765,2.31195354556869));
#3236=CARTESIAN_POINT('Ctrl Pts',(100.015161183179,-27.7717241312765,2.10957397094686));
#3237=CARTESIAN_POINT('Ctrl Pts',(85.2166913860103,-26.7383439853271,3.10957397094686));
#3238=CARTESIAN_POINT('Ctrl Pts',(85.2194109937915,-26.7400033975546,3.10989064537345));
#3239=CARTESIAN_POINT('Ctrl Pts',(85.2214046401181,-26.7400701733561,3.1092711729428));
#3240=CARTESIAN_POINT('Ctrl Pts',(86.2841968848249,-27.2351540100751,3.12185872783944));
#3241=CARTESIAN_POINT('Ctrl Pts',(87.8549482592771,-27.8781047092766,2.70052361963034));
#3242=CARTESIAN_POINT('Ctrl Pts',(89.721154688231,-27.9828685097527,2.02707851963834));
#3243=CARTESIAN_POINT('Ctrl Pts',(90.1935179219123,-27.7596802495292,2.03190521999249));
#3244=CARTESIAN_POINT('Ctrl Pts',(90.2029741785089,-27.7717241312765,2.10957397094686));
#3245=CARTESIAN_POINT('Ctrl Pts',(85.2166913860103,-26.7383439853271,3.10957397094686));
#3246=CARTESIAN_POINT('Ctrl Pts',(85.214348044217,-26.7406583670063,3.1098964261982));
#3247=CARTESIAN_POINT('Ctrl Pts',(85.2123015826308,-26.7412151560004,3.10926600288397));
#3248=CARTESIAN_POINT('Ctrl Pts',(84.2522367829193,-27.4931540529044,3.12190763610558));
#3249=CARTESIAN_POINT('Ctrl Pts',(82.8108468330677,-28.5189467304812,2.70305841310769));
#3250=CARTESIAN_POINT('Ctrl Pts',(80.9354392075216,-29.1060673751035,2.03253136456879));
#3251=CARTESIAN_POINT('Ctrl Pts',(80.3975637998816,-29.0145833349572,2.03387447600168));
#3252=CARTESIAN_POINT('Ctrl Pts',(80.3914750200472,-29.0288252045358,2.10957397094685));
#3253=CARTESIAN_POINT('Ctrl Pts',(85.2166913860103,-26.7383439853271,3.10957397094686));
#3254=CARTESIAN_POINT('Ctrl Pts',(85.2097297120402,-26.7406599801616,3.10957397094686));
#3255=CARTESIAN_POINT('Ctrl Pts',(85.2027787752972,-26.7429724052576,3.1095716345077));
#3256=CARTESIAN_POINT('Ctrl Pts',(82.2194129687264,-27.7354707805909,3.11047741580726));
#3257=CARTESIAN_POINT('Ctrl Pts',(77.7728527279455,-29.2147510545248,3.0078904299266));
#3258=CARTESIAN_POINT('Ctrl Pts',(72.3679206445391,-31.0129470431442,2.63512464148702));
#3259=CARTESIAN_POINT('Ctrl Pts',(70.8962403349881,-31.5025940074506,2.31865101852946));
#3260=CARTESIAN_POINT('Ctrl Pts',(70.8962403349881,-31.5025940074506,2.10957397094685));
#3261=CARTESIAN_POINT('',(70.8962403349881,-31.5025940074506,2.10957397094686));
#3262=CARTESIAN_POINT('',(100.015161183179,-27.7717241312765,2.10957397094686));
#3263=CARTESIAN_POINT('Origin',(100.01516118318,-143.271724131276,2.10957397094672));
#3264=CARTESIAN_POINT('',(85.2166913860114,-26.7383439853271,3.10957397094686));
#3265=CARTESIAN_POINT('Ctrl Pts',(100.015161183179,-27.7717241312765,2.10957397094686));
#3266=CARTESIAN_POINT('Ctrl Pts',(100.015161183179,-27.7717241312765,2.31195354556869));
#3267=CARTESIAN_POINT('Ctrl Pts',(98.4933476482267,-27.6733552143733,2.6194302299372));
#3268=CARTESIAN_POINT('Ctrl Pts',(92.9069555832987,-27.2916328274022,2.99990060860839));
#3269=CARTESIAN_POINT('Ctrl Pts',(88.3130782391984,-26.9620781093146,3.11063068726565));
#3270=CARTESIAN_POINT('Ctrl Pts',(85.2310642796765,-26.7393804587878,3.10957132738797));
#3271=CARTESIAN_POINT('Ctrl Pts',(85.2238833468789,-26.7388628886613,3.10957397094686));
#3272=CARTESIAN_POINT('Ctrl Pts',(85.2166913860103,-26.7383439853271,3.10957397094686));
#3273=CARTESIAN_POINT('Ctrl Pts',(85.2166913860103,-26.7383439853271,3.10957397094686));
#3274=CARTESIAN_POINT('Ctrl Pts',(85.2097297120402,-26.7406599801616,3.10957397094686));
#3275=CARTESIAN_POINT('Ctrl Pts',(85.2027787752972,-26.7429724052576,3.1095716345077));
#3276=CARTESIAN_POINT('Ctrl Pts',(82.2194129687264,-27.7354707805909,3.11047741580726));
#3277=CARTESIAN_POINT('Ctrl Pts',(77.7728527279455,-29.2147510545248,3.0078904299266));
#3278=CARTESIAN_POINT('Ctrl Pts',(72.3679206445391,-31.0129470431442,2.63512464148702));
#3279=CARTESIAN_POINT('Ctrl Pts',(70.8962403349881,-31.5025940074506,2.31865101852946));
#3280=CARTESIAN_POINT('Ctrl Pts',(70.8962403349881,-31.5025940074506,2.10957397094685));
#3281=CARTESIAN_POINT('Origin',(100.01516118318,-143.271724131279,-1.39042602905317));
#3282=CARTESIAN_POINT('',(70.8962403349882,-31.5025940074528,-3.89042602905314));
#3283=CARTESIAN_POINT('',(70.8962403349882,-31.5025940074528,-1.39042602905314));
#3284=CARTESIAN_POINT('',(100.015161183179,-27.7717241312788,-3.89042602905314));
#3285=CARTESIAN_POINT('Origin',(100.01516118318,-143.271724131279,-3.89042602905316));
#3286=CARTESIAN_POINT('',(100.015161183179,-27.7717241312788,-1.39042602905314));
#3287=CARTESIAN_POINT('Ctrl Pts',(100.015161183179,-27.7717241312765,-3.89042602905314));
#3288=CARTESIAN_POINT('Ctrl Pts',(100.015161183179,-27.7717241312765,-4.10726155835362));
#3289=CARTESIAN_POINT('Ctrl Pts',(98.4547837080686,-27.6707222099337,-4.39981189695973));
#3290=CARTESIAN_POINT('Ctrl Pts',(92.9073406416165,-27.2915465678709,-4.77891124874377));
#3291=CARTESIAN_POINT('Ctrl Pts',(88.5254221144806,-26.9770704009743,-4.89007974174739));
#3292=CARTESIAN_POINT('Ctrl Pts',(85.2310509572055,-26.7393800350952,-4.89042565211306));
#3293=CARTESIAN_POINT('Ctrl Pts',(85.2238711715017,-26.7388620102085,-4.89042602905315));
#3294=CARTESIAN_POINT('Ctrl Pts',(85.2166913860114,-26.7383439853271,-4.89042602905315));
#3295=CARTESIAN_POINT('Ctrl Pts',(90.2029741785089,-27.7717241312765,-3.89042602905313));
#3296=CARTESIAN_POINT('Ctrl Pts',(90.2029741785089,-27.7717241312765,-3.82764911751675));
#3297=CARTESIAN_POINT('Ctrl Pts',(89.7030608138544,-27.9750035196693,-3.80516766609676));
#3298=CARTESIAN_POINT('Ctrl Pts',(87.8578560431462,-27.8791318148291,-4.48524310459613));
#3299=CARTESIAN_POINT('Ctrl Pts',(86.3549167172593,-27.2526584175538,-4.88928022460392));
#3300=CARTESIAN_POINT('Ctrl Pts',(85.2216311744157,-26.7405760679092,-4.8904247818202));
#3301=CARTESIAN_POINT('Ctrl Pts',(85.2191612801306,-26.7394600266009,-4.89042602905315));
#3302=CARTESIAN_POINT('Ctrl Pts',(85.2166913860114,-26.7383439853271,-4.89042602905315));
#3303=CARTESIAN_POINT('Ctrl Pts',(80.3914750200473,-29.0288252045358,-3.89042602905313));
#3304=CARTESIAN_POINT('Ctrl Pts',(80.3914750200472,-29.0288252045358,-3.83006701226484));
#3305=CARTESIAN_POINT('Ctrl Pts',(80.9516098927559,-29.0936578712969,-3.8103682749543));
#3306=CARTESIAN_POINT('Ctrl Pts',(82.8083330545642,-28.5208142662044,-4.48792013614791));
#3307=CARTESIAN_POINT('Ctrl Pts',(84.184411320038,-27.5282481934,-4.88928749832429));
#3308=CARTESIAN_POINT('Ctrl Pts',(85.212211391626,-26.7417721007231,-4.8904247897378));
#3309=CARTESIAN_POINT('Ctrl Pts',(85.2144513887596,-26.7400580429933,-4.89042602905315));
#3310=CARTESIAN_POINT('Ctrl Pts',(85.2166913860114,-26.7383439853271,-4.89042602905315));
#3311=CARTESIAN_POINT('Ctrl Pts',(70.8962403349881,-31.5025940074506,-3.89042602905312));
#3312=CARTESIAN_POINT('Ctrl Pts',(70.8962403349881,-31.5025940074506,-4.11443743120114));
#3313=CARTESIAN_POINT('Ctrl Pts',(72.4052313133811,-31.0005339329422,-4.41528074179371));
#3314=CARTESIAN_POINT('Ctrl Pts',(77.7724945997687,-29.2148707311301,-4.78694596765251));
#3315=CARTESIAN_POINT('Ctrl Pts',(82.0139063664779,-27.803839672181,-4.89010156290753));
#3316=CARTESIAN_POINT('Ctrl Pts',(85.2027916088363,-26.7429681335371,-4.89042567586588));
#3317=CARTESIAN_POINT('Ctrl Pts',(85.2097414973885,-26.7406560593857,-4.89042602905315));
#3318=CARTESIAN_POINT('Ctrl Pts',(85.2166913860114,-26.7383439853271,-4.89042602905315));
#3319=CARTESIAN_POINT('',(85.2166913860114,-26.7383439853271,-4.89042602905314));
#3320=CARTESIAN_POINT('Ctrl Pts',(70.8962403349881,-31.5025940074506,-3.89042602905312));
#3321=CARTESIAN_POINT('Ctrl Pts',(70.8962403349881,-31.5025940074506,-4.11443743120114));
#3322=CARTESIAN_POINT('Ctrl Pts',(72.4052313133811,-31.0005339329422,-4.41528074179371));
#3323=CARTESIAN_POINT('Ctrl Pts',(77.7724945997687,-29.2148707311301,-4.78694596765251));
#3324=CARTESIAN_POINT('Ctrl Pts',(82.0139063664779,-27.803839672181,-4.89010156290753));
#3325=CARTESIAN_POINT('Ctrl Pts',(85.2027916088363,-26.7429681335371,-4.89042567586588));
#3326=CARTESIAN_POINT('Ctrl Pts',(85.2097414973885,-26.7406560593857,-4.89042602905315));
#3327=CARTESIAN_POINT('Ctrl Pts',(85.2166913860114,-26.7383439853271,-4.89042602905315));
#3328=CARTESIAN_POINT('Ctrl Pts',(85.2166913860114,-26.7383439853271,-4.89042602905315));
#3329=CARTESIAN_POINT('Ctrl Pts',(85.2238711715017,-26.7388620102085,-4.89042602905315));
#3330=CARTESIAN_POINT('Ctrl Pts',(85.2310509572055,-26.7393800350952,-4.89042565211306));
#3331=CARTESIAN_POINT('Ctrl Pts',(88.5254221144806,-26.9770704009743,-4.89007974174739));
#3332=CARTESIAN_POINT('Ctrl Pts',(92.9073406416165,-27.2915465678709,-4.77891124874377));
#3333=CARTESIAN_POINT('Ctrl Pts',(98.4547837080686,-27.6707222099337,-4.39981189695973));
#3334=CARTESIAN_POINT('Ctrl Pts',(100.015161183179,-27.7717241312765,-4.10726155835362));
#3335=CARTESIAN_POINT('Ctrl Pts',(100.015161183179,-27.7717241312765,-3.89042602905314));
#3336=CARTESIAN_POINT('Origin',(66.6057077916023,-32.6203952947048,-4.89042602905314));
#3337=CARTESIAN_POINT('',(66.8686027213095,-32.5519039622454,2.10957397094686));
#3338=CARTESIAN_POINT('',(66.6057077916023,-32.6203952947048,2.10957397094686));
#3339=CARTESIAN_POINT('',(66.8686027213095,-32.5519039622454,-3.89042602905314));
#3340=CARTESIAN_POINT('',(66.8686027213095,-32.5519039622454,-3.89042602905314));
#3341=CARTESIAN_POINT('',(66.6057077916023,-32.6203952947048,-3.89042602905314));
#3342=CARTESIAN_POINT('Origin',(66.3535959227904,-31.6526971983914,2.10957397094686));
#3343=CARTESIAN_POINT('',(69.9156258435161,-30.7246908051641,3.10957397094686));
#3344=CARTESIAN_POINT('',(66.3535959227904,-31.6526971983914,3.10957397094686));
#3345=CARTESIAN_POINT('Ctrl Pts',(69.9156258435161,-30.7246908051641,3.10957397094686));
#3346=CARTESIAN_POINT('Ctrl Pts',(69.8288329705818,-30.7767380240406,3.10957397094686));
#3347=CARTESIAN_POINT('Ctrl Pts',(69.7420438058173,-30.8287728073866,3.10865597333986));
#3348=CARTESIAN_POINT('Ctrl Pts',(69.6526869775544,-30.8818845864972,3.10676628639686));
#3349=CARTESIAN_POINT('Ctrl Pts',(69.5582871646641,-30.9369074998501,3.10396781790586));
#3350=CARTESIAN_POINT('Ctrl Pts',(69.4556106172207,-30.9953248526645,3.09997386498086));
#3351=CARTESIAN_POINT('Ctrl Pts',(69.3405022944856,-31.0588121372973,3.09455758660986));
#3352=CARTESIAN_POINT('Ctrl Pts',(69.2063530005023,-31.1298573373712,3.08749284005886));
#3353=CARTESIAN_POINT('Ctrl Pts',(68.9555258463483,-31.2589171887969,3.07127667327986));
#3354=CARTESIAN_POINT('Ctrl Pts',(68.8636465193781,-31.3057224934115,3.06491784570186));
#3355=CARTESIAN_POINT('Ctrl Pts',(68.7617840911355,-31.3570662100713,3.05739845993286));
#3356=CARTESIAN_POINT('Ctrl Pts',(68.6475986961142,-31.4147174845925,3.04813800129586));
#3357=CARTESIAN_POINT('Ctrl Pts',(68.5186819686667,-31.4798501042744,3.03657034845786));
#3358=CARTESIAN_POINT('Ctrl Pts',(68.3712966784675,-31.5552505794241,3.02156448788886));
#3359=CARTESIAN_POINT('Ctrl Pts',(68.2020706003542,-31.6458376082672,3.00022681548786));
#3360=CARTESIAN_POINT('Ctrl Pts',(67.832764913591,-31.8581319533972,2.93264055769886));
#3361=CARTESIAN_POINT('Ctrl Pts',(67.63275577535,-31.979904919435,2.88638293966786));
#3362=CARTESIAN_POINT('Ctrl Pts',(67.4229075415663,-32.1166191310556,2.82199735477686));
#3363=CARTESIAN_POINT('Ctrl Pts',(67.2194494880732,-32.2670439760408,2.73060118538786));
#3364=CARTESIAN_POINT('Ctrl Pts',(67.050403762053,-32.4032633633431,2.60292248519586));
#3365=CARTESIAN_POINT('Ctrl Pts',(66.9288627785776,-32.5023592607193,2.44798609676486));
#3366=CARTESIAN_POINT('Ctrl Pts',(66.8686027213095,-32.5519039622454,2.27875882408586));
#3367=CARTESIAN_POINT('Ctrl Pts',(66.8686027213095,-32.5519039622454,2.10957397094686));
#3368=CARTESIAN_POINT('Ctrl Pts',(85.2166913860103,-26.7383439853271,3.10957397094686));
#3369=CARTESIAN_POINT('Ctrl Pts',(85.2166913860103,-27.7717241312766,3.10957397094686));
#3370=CARTESIAN_POINT('Ctrl Pts',(85.2166913860103,-27.7717241312766,2.10957397094686));
#3371=CARTESIAN_POINT('Ctrl Pts',(105.216691386011,-26.7383439853271,3.10957397094686));
#3372=CARTESIAN_POINT('Ctrl Pts',(105.216691386011,-27.7717241312765,3.10957397094686));
#3373=CARTESIAN_POINT('Ctrl Pts',(105.216691386011,-27.7717241312765,2.10957397094686));
#3374=CARTESIAN_POINT('',(105.216691386011,-27.7717241312788,2.10957397094686));
#3375=CARTESIAN_POINT('',(85.2166913860114,-27.7717241312788,2.10957397094686));
#3376=CARTESIAN_POINT('',(105.216691386011,-26.7383439853271,3.10957397094686));
#3377=CARTESIAN_POINT('Origin',(105.216691386011,-26.7383439853271,2.10957397094686));
#3378=CARTESIAN_POINT('',(85.2166913860114,-26.7383439853271,3.10957397094686));
#3379=CARTESIAN_POINT('Ctrl Pts',(85.2166913860113,-7.32046453099562,24.1095739709469));
#3380=CARTESIAN_POINT('Ctrl Pts',(105.216691386011,-7.32046453099553,24.1095739709469));
#3381=CARTESIAN_POINT('Ctrl Pts',(85.2166913860113,-7.32046453099562,24.2319287038945));
#3382=CARTESIAN_POINT('Ctrl Pts',(105.216691386011,-7.32046453099553,24.2319287038945));
#3383=CARTESIAN_POINT('Ctrl Pts',(85.2166913860113,-7.34969767186247,24.3758147826046));
#3384=CARTESIAN_POINT('Ctrl Pts',(105.216691386011,-7.34969767186238,24.3758147826046));
#3385=CARTESIAN_POINT('Ctrl Pts',(85.2166913860113,-7.44535172138525,24.6029740089264));
#3386=CARTESIAN_POINT('Ctrl Pts',(105.216691386011,-7.44535172138516,24.6029740089264));
#3387=CARTESIAN_POINT('Ctrl Pts',(85.2166913860113,-7.52930207063906,24.7260087062364));
#3388=CARTESIAN_POINT('Ctrl Pts',(105.216691386011,-7.52930207063897,24.7260087062364));
#3389=CARTESIAN_POINT('Ctrl Pts',(85.2166913860113,-7.70771665127604,24.9014793704062));
#3390=CARTESIAN_POINT('Ctrl Pts',(105.216691386011,-7.70771665127595,24.9014793704062));
#3391=CARTESIAN_POINT('Ctrl Pts',(85.2166913860113,-7.83431891039047,24.9844081432086));
#3392=CARTESIAN_POINT('Ctrl Pts',(105.216691386011,-7.83431891039038,24.9844081432086));
#3393=CARTESIAN_POINT('Ctrl Pts',(85.2166913860113,-8.06919261042269,25.0802149256359));
#3394=CARTESIAN_POINT('Ctrl Pts',(105.216691386011,-8.0691926104226,25.0802149256359));
#3395=CARTESIAN_POINT('Ctrl Pts',(85.2166913860113,-8.21940011466079,25.1095739709469));
#3396=CARTESIAN_POINT('Ctrl Pts',(105.216691386011,-8.2194001146607,25.1095739709469));
#3397=CARTESIAN_POINT('Ctrl Pts',(85.2166913860113,-8.34694163260422,25.1095739709469));
#3398=CARTESIAN_POINT('Ctrl Pts',(105.216691386011,-8.34694163260412,25.1095739709469));
#3399=CARTESIAN_POINT('',(85.2166913860113,-7.32046453099563,24.1095739709469));
#3400=CARTESIAN_POINT('',(85.2166913860113,-8.34694163260422,25.1095739709469));
#3401=CARTESIAN_POINT('Ctrl Pts',(85.2166913860113,-7.32046453099562,24.1095739709469));
#3402=CARTESIAN_POINT('Ctrl Pts',(85.2166913860113,-7.32046453099562,24.2319287038945));
#3403=CARTESIAN_POINT('Ctrl Pts',(85.2166913860113,-7.34969767186247,24.3758147826046));
#3404=CARTESIAN_POINT('Ctrl Pts',(85.2166913860113,-7.44535172138525,24.6029740089264));
#3405=CARTESIAN_POINT('Ctrl Pts',(85.2166913860113,-7.52930207063906,24.7260087062364));
#3406=CARTESIAN_POINT('Ctrl Pts',(85.2166913860113,-7.70771665127604,24.9014793704062));
#3407=CARTESIAN_POINT('Ctrl Pts',(85.2166913860113,-7.83431891039047,24.9844081432086));
#3408=CARTESIAN_POINT('Ctrl Pts',(85.2166913860113,-8.06919261042269,25.0802149256359));
#3409=CARTESIAN_POINT('Ctrl Pts',(85.2166913860113,-8.21940011466079,25.1095739709469));
#3410=CARTESIAN_POINT('Ctrl Pts',(85.2166913860113,-8.34694163260422,25.1095739709469));
#3411=CARTESIAN_POINT('',(105.216691386011,-8.34694163260422,25.1095739709469));
#3412=CARTESIAN_POINT('',(85.2166913860113,-8.34694163260422,25.1095739709469));
#3413=CARTESIAN_POINT('',(105.216691386011,-7.32046453099563,24.1095739709469));
#3414=CARTESIAN_POINT('Ctrl Pts',(105.216691386011,-7.32046453099553,24.1095739709469));
#3415=CARTESIAN_POINT('Ctrl Pts',(105.216691386011,-7.32046453099553,24.2319287038945));
#3416=CARTESIAN_POINT('Ctrl Pts',(105.216691386011,-7.34969767186238,24.3758147826046));
#3417=CARTESIAN_POINT('Ctrl Pts',(105.216691386011,-7.44535172138516,24.6029740089264));
#3418=CARTESIAN_POINT('Ctrl Pts',(105.216691386011,-7.52930207063897,24.7260087062364));
#3419=CARTESIAN_POINT('Ctrl Pts',(105.216691386011,-7.70771665127595,24.9014793704062));
#3420=CARTESIAN_POINT('Ctrl Pts',(105.216691386011,-7.83431891039038,24.9844081432086));
#3421=CARTESIAN_POINT('Ctrl Pts',(105.216691386011,-8.0691926104226,25.0802149256359));
#3422=CARTESIAN_POINT('Ctrl Pts',(105.216691386011,-8.2194001146607,25.1095739709469));
#3423=CARTESIAN_POINT('Ctrl Pts',(105.216691386011,-8.34694163260412,25.1095739709469));
#3424=CARTESIAN_POINT('',(85.2166913860113,-7.32046453099563,24.1095739709469));
#3425=CARTESIAN_POINT('Origin',(85.2166913860113,-7.32046453099562,4.10957397094687));
#3426=CARTESIAN_POINT('',(85.2166913860113,-7.32046453099562,4.10957397094687));
#3427=CARTESIAN_POINT('',(85.2166913860113,-7.32046453099562,25.1095739709469));
#3428=CARTESIAN_POINT('',(105.216691386011,-7.32046453099562,4.10957397094687));
#3429=CARTESIAN_POINT('',(105.216691386011,-7.32046453099562,25.1095739709469));
#3430=CARTESIAN_POINT('',(85.2166913860113,-7.32046453099562,4.10957397094687));
#3431=CARTESIAN_POINT('Ctrl Pts',(85.2166913860113,-6.28969658797008,3.10957397094687));
#3432=CARTESIAN_POINT('Ctrl Pts',(105.216691386011,-6.28969658796999,3.10957397094687));
#3433=CARTESIAN_POINT('Ctrl Pts',(85.2166913860113,-6.41839219802069,3.10957397094687));
#3434=CARTESIAN_POINT('Ctrl Pts',(105.216691386011,-6.4183921980206,3.10957397094687));
#3435=CARTESIAN_POINT('Ctrl Pts',(85.2166913860113,-6.56999989350055,3.13898813654711));
#3436=CARTESIAN_POINT('Ctrl Pts',(105.216691386011,-6.56999989350045,3.13898813654711));
#3437=CARTESIAN_POINT('Ctrl Pts',(85.2166913860113,-6.8062611418386,3.23514752373917));
#3438=CARTESIAN_POINT('Ctrl Pts',(105.216691386011,-6.80626114183851,3.23514752373917));
#3439=CARTESIAN_POINT('Ctrl Pts',(85.2166913860113,-6.93322633146547,3.31810005633035));
#3440=CARTESIAN_POINT('Ctrl Pts',(105.216691386011,-6.93322633146538,3.31810005633035));
#3441=CARTESIAN_POINT('Ctrl Pts',(85.2166913860113,-7.11182915243028,3.49362215383182));
#3442=CARTESIAN_POINT('Ctrl Pts',(105.216691386011,-7.11182915243019,3.49362215383182));
#3443=CARTESIAN_POINT('Ctrl Pts',(85.2166913860113,-7.19572898322783,3.61655528307796));
#3444=CARTESIAN_POINT('Ctrl Pts',(105.216691386011,-7.19572898322774,3.61655528307796));
#3445=CARTESIAN_POINT('Ctrl Pts',(85.2166913860113,-7.29128277725219,3.84354614170793));
#3446=CARTESIAN_POINT('Ctrl Pts',(105.216691386011,-7.2912827772521,3.84354614170793));
#3447=CARTESIAN_POINT('Ctrl Pts',(85.2166913860113,-7.32046453099562,3.98731967330642));
#3448=CARTESIAN_POINT('Ctrl Pts',(105.216691386011,-7.32046453099552,3.98731967330642));
#3449=CARTESIAN_POINT('Ctrl Pts',(85.2166913860113,-7.32046453099562,4.10957397094687));
#3450=CARTESIAN_POINT('Ctrl Pts',(105.216691386011,-7.32046453099552,4.10957397094687));
#3451=CARTESIAN_POINT('',(85.2166913860113,-6.28969658797009,3.10957397094687));
#3452=CARTESIAN_POINT('Ctrl Pts',(85.2166913860113,-6.28969658797008,3.10957397094687));
#3453=CARTESIAN_POINT('Ctrl Pts',(85.2166913860113,-6.41839219802069,3.10957397094687));
#3454=CARTESIAN_POINT('Ctrl Pts',(85.2166913860113,-6.56999989350055,3.13898813654711));
#3455=CARTESIAN_POINT('Ctrl Pts',(85.2166913860113,-6.8062611418386,3.23514752373917));
#3456=CARTESIAN_POINT('Ctrl Pts',(85.2166913860113,-6.93322633146547,3.31810005633035));
#3457=CARTESIAN_POINT('Ctrl Pts',(85.2166913860113,-7.11182915243028,3.49362215383182));
#3458=CARTESIAN_POINT('Ctrl Pts',(85.2166913860113,-7.19572898322783,3.61655528307796));
#3459=CARTESIAN_POINT('Ctrl Pts',(85.2166913860113,-7.29128277725219,3.84354614170793));
#3460=CARTESIAN_POINT('Ctrl Pts',(85.2166913860113,-7.32046453099562,3.98731967330642));
#3461=CARTESIAN_POINT('Ctrl Pts',(85.2166913860113,-7.32046453099562,4.10957397094687));
#3462=CARTESIAN_POINT('',(105.216691386011,-6.28969658797009,3.10957397094687));
#3463=CARTESIAN_POINT('Ctrl Pts',(105.216691386011,-6.28969658796999,3.10957397094687));
#3464=CARTESIAN_POINT('Ctrl Pts',(105.216691386011,-6.4183921980206,3.10957397094687));
#3465=CARTESIAN_POINT('Ctrl Pts',(105.216691386011,-6.56999989350045,3.13898813654711));
#3466=CARTESIAN_POINT('Ctrl Pts',(105.216691386011,-6.80626114183851,3.23514752373917));
#3467=CARTESIAN_POINT('Ctrl Pts',(105.216691386011,-6.93322633146538,3.31810005633035));
#3468=CARTESIAN_POINT('Ctrl Pts',(105.216691386011,-7.11182915243019,3.49362215383182));
#3469=CARTESIAN_POINT('Ctrl Pts',(105.216691386011,-7.19572898322774,3.61655528307796));
#3470=CARTESIAN_POINT('Ctrl Pts',(105.216691386011,-7.2912827772521,3.84354614170793));
#3471=CARTESIAN_POINT('Ctrl Pts',(105.216691386011,-7.32046453099552,3.98731967330642));
#3472=CARTESIAN_POINT('Ctrl Pts',(105.216691386011,-7.32046453099552,4.10957397094687));
#3473=CARTESIAN_POINT('',(85.2166913860113,-6.28969658797009,3.10957397094687));
#3474=CARTESIAN_POINT('Ctrl Pts',(85.2166913860112,3.54312685068948,2.10957397094687));
#3475=CARTESIAN_POINT('Ctrl Pts',(85.2166913860112,3.54312685068953,3.10957397094691));
#3476=CARTESIAN_POINT('Ctrl Pts',(85.2166913860112,2.50974670474005,3.10957397094687));
#3477=CARTESIAN_POINT('Ctrl Pts',(105.216691386011,3.54312685068957,2.10957397094687));
#3478=CARTESIAN_POINT('Ctrl Pts',(105.216691386011,3.54312685068962,3.10957397094691));
#3479=CARTESIAN_POINT('Ctrl Pts',(105.216691386011,2.50974670474014,3.10957397094687));
#3480=CARTESIAN_POINT('',(105.216691386011,2.50974670474005,3.10957397094687));
#3481=CARTESIAN_POINT('',(85.2166913860112,2.50974670474005,3.10957397094687));
#3482=CARTESIAN_POINT('',(105.216691386011,3.54312685068911,2.10957397094687));
#3483=CARTESIAN_POINT('Origin',(105.216691386011,2.50974670474005,2.10957397094687));
#3484=CARTESIAN_POINT('',(85.2166913860112,3.54312685068911,2.10957397094687));
#3485=CARTESIAN_POINT('Origin',(85.2166913860112,3.54312685068911,-3.89042602905314));
#3486=CARTESIAN_POINT('',(105.216691386011,3.54312685068911,2.60718047821015));
#3487=CARTESIAN_POINT('Ctrl Pts',(85.2166913860114,-27.7717241312766,-3.89042602905314));
#3488=CARTESIAN_POINT('Ctrl Pts',(85.2166913860114,-27.7717241312766,-4.89042602905314));
#3489=CARTESIAN_POINT('Ctrl Pts',(85.2166913860114,-26.7383439853271,-4.89042602905314));
#3490=CARTESIAN_POINT('Ctrl Pts',(105.216691386011,-27.7717241312765,-3.89042602905314));
#3491=CARTESIAN_POINT('Ctrl Pts',(105.216691386011,-27.7717241312765,-4.89042602905314));
#3492=CARTESIAN_POINT('Ctrl Pts',(105.216691386011,-26.738343985327,-4.89042602905314));
#3493=CARTESIAN_POINT('',(105.216691386011,-26.7383439853271,-4.89042602905314));
#3494=CARTESIAN_POINT('',(85.2166913860114,-26.7383439853271,-4.89042602905314));
#3495=CARTESIAN_POINT('',(105.216691386011,-27.7717241312788,-3.89042602905314));
#3496=CARTESIAN_POINT('Origin',(105.216691386011,-26.7383439853271,-3.89042602905314));
#3497=CARTESIAN_POINT('',(85.2166913860114,-27.7717241312788,-3.89042602905314));
#3498=CARTESIAN_POINT('Origin',(85.2166913860114,-27.7717241312788,2.10957397094686));
#3499=CARTESIAN_POINT('',(105.216691386011,-27.7717241312788,2.60718047821015));
#3500=CARTESIAN_POINT('Ctrl Pts',(85.2166913860113,-16.9081327495933,4.10957397094687));
#3501=CARTESIAN_POINT('Ctrl Pts',(105.216691386011,-16.9081327495932,4.10957397094687));
#3502=CARTESIAN_POINT('Ctrl Pts',(85.2166913860113,-16.9081327495933,3.98637825099478));
#3503=CARTESIAN_POINT('Ctrl Pts',(105.216691386011,-16.9081327495932,3.98637825099478));
#3504=CARTESIAN_POINT('Ctrl Pts',(85.2166913860113,-16.9377604853196,3.84154267431339));
#3505=CARTESIAN_POINT('Ctrl Pts',(105.216691386011,-16.9377604853195,3.84154267431339));
#3506=CARTESIAN_POINT('Ctrl Pts',(85.2166913860113,-17.0347469892207,3.61307342895671));
#3507=CARTESIAN_POINT('Ctrl Pts',(105.216691386011,-17.0347469892206,3.61307342895671));
#3508=CARTESIAN_POINT('Ctrl Pts',(85.2166913860113,-17.1198693819038,3.48955545657318));
#3509=CARTESIAN_POINT('Ctrl Pts',(105.216691386011,-17.1198693819037,3.48955545657318));
#3510=CARTESIAN_POINT('Ctrl Pts',(85.2166913860113,-17.2995428702192,3.31507314167412));
#3511=CARTESIAN_POINT('Ctrl Pts',(105.216691386011,-17.2995428702191,3.31507314167412));
#3512=CARTESIAN_POINT('Ctrl Pts',(85.2166913860113,-17.4259261497523,3.2332924876736));
#3513=CARTESIAN_POINT('Ctrl Pts',(105.216691386011,-17.4259261497523,3.2332924876736));
#3514=CARTESIAN_POINT('Ctrl Pts',(85.2166913860113,-17.6606900381265,3.13854732653722));
#3515=CARTESIAN_POINT('Ctrl Pts',(105.216691386011,-17.6606900381264,3.13854732653722));
#3516=CARTESIAN_POINT('Ctrl Pts',(85.2166913860113,-17.8111851202727,3.10957397094686));
#3517=CARTESIAN_POINT('Ctrl Pts',(105.216691386011,-17.8111851202726,3.10957397094686));
#3518=CARTESIAN_POINT('Ctrl Pts',(85.2166913860113,-17.9389006926188,3.10957397094686));
#3519=CARTESIAN_POINT('Ctrl Pts',(105.216691386011,-17.9389006926187,3.10957397094686));
#3520=CARTESIAN_POINT('',(85.2166913860113,-16.9081327495933,4.10957397094687));
#3521=CARTESIAN_POINT('',(85.2166913860113,-17.9389006926188,3.10957397094686));
#3522=CARTESIAN_POINT('Ctrl Pts',(85.2166913860113,-16.9081327495933,4.10957397094687));
#3523=CARTESIAN_POINT('Ctrl Pts',(85.2166913860113,-16.9081327495933,3.98637825099478));
#3524=CARTESIAN_POINT('Ctrl Pts',(85.2166913860113,-16.9377604853196,3.84154267431339));
#3525=CARTESIAN_POINT('Ctrl Pts',(85.2166913860113,-17.0347469892207,3.61307342895671));
#3526=CARTESIAN_POINT('Ctrl Pts',(85.2166913860113,-17.1198693819038,3.48955545657318));
#3527=CARTESIAN_POINT('Ctrl Pts',(85.2166913860113,-17.2995428702192,3.31507314167412));
#3528=CARTESIAN_POINT('Ctrl Pts',(85.2166913860113,-17.4259261497523,3.2332924876736));
#3529=CARTESIAN_POINT('Ctrl Pts',(85.2166913860113,-17.6606900381265,3.13854732653722));
#3530=CARTESIAN_POINT('Ctrl Pts',(85.2166913860113,-17.8111851202727,3.10957397094686));
#3531=CARTESIAN_POINT('Ctrl Pts',(85.2166913860113,-17.9389006926188,3.10957397094686));
#3532=CARTESIAN_POINT('',(105.216691386011,-17.9389006926188,3.10957397094686));
#3533=CARTESIAN_POINT('',(85.2166913860113,-17.9389006926188,3.10957397094686));
#3534=CARTESIAN_POINT('',(105.216691386011,-16.9081327495933,4.10957397094687));
#3535=CARTESIAN_POINT('Ctrl Pts',(105.216691386011,-16.9081327495932,4.10957397094687));
#3536=CARTESIAN_POINT('Ctrl Pts',(105.216691386011,-16.9081327495932,3.98637825099478));
#3537=CARTESIAN_POINT('Ctrl Pts',(105.216691386011,-16.9377604853195,3.84154267431339));
#3538=CARTESIAN_POINT('Ctrl Pts',(105.216691386011,-17.0347469892206,3.61307342895671));
#3539=CARTESIAN_POINT('Ctrl Pts',(105.216691386011,-17.1198693819037,3.48955545657318));
#3540=CARTESIAN_POINT('Ctrl Pts',(105.216691386011,-17.2995428702191,3.31507314167412));
#3541=CARTESIAN_POINT('Ctrl Pts',(105.216691386011,-17.4259261497523,3.2332924876736));
#3542=CARTESIAN_POINT('Ctrl Pts',(105.216691386011,-17.6606900381264,3.13854732653722));
#3543=CARTESIAN_POINT('Ctrl Pts',(105.216691386011,-17.8111851202726,3.10957397094686));
#3544=CARTESIAN_POINT('Ctrl Pts',(105.216691386011,-17.9389006926187,3.10957397094686));
#3545=CARTESIAN_POINT('',(85.2166913860113,-16.9081327495933,4.10957397094687));
#3546=CARTESIAN_POINT('Origin',(85.2166913860113,-16.9081327495932,24.1095739709469));
#3547=CARTESIAN_POINT('',(85.2166913860113,-16.9081327495932,24.1095739709469));
#3548=CARTESIAN_POINT('',(85.2166913860113,-16.9081327495932,25.1095739709469));
#3549=CARTESIAN_POINT('',(105.216691386011,-16.9081327495932,24.1095739709469));
#3550=CARTESIAN_POINT('',(105.216691386011,-16.9081327495932,25.1095739709469));
#3551=CARTESIAN_POINT('',(85.2166913860113,-16.9081327495932,24.1095739709469));
#3552=CARTESIAN_POINT('Ctrl Pts',(85.2166913860113,-15.8816556479847,25.1095739709469));
#3553=CARTESIAN_POINT('Ctrl Pts',(105.216691386011,-15.8816556479846,25.1095739709469));
#3554=CARTESIAN_POINT('Ctrl Pts',(85.2166913860113,-16.0091971659281,25.1095739709469));
#3555=CARTESIAN_POINT('Ctrl Pts',(105.216691386011,-16.009197165928,25.1095739709469));
#3556=CARTESIAN_POINT('Ctrl Pts',(85.2166913860113,-16.1594046701662,25.0802149256359));
#3557=CARTESIAN_POINT('Ctrl Pts',(105.216691386011,-16.1594046701661,25.0802149256359));
#3558=CARTESIAN_POINT('Ctrl Pts',(85.2166913860113,-16.3942783701984,24.9844081432086));
#3559=CARTESIAN_POINT('Ctrl Pts',(105.216691386011,-16.3942783701983,24.9844081432086));
#3560=CARTESIAN_POINT('Ctrl Pts',(85.2166913860113,-16.5208806293128,24.9014793704062));
#3561=CARTESIAN_POINT('Ctrl Pts',(105.216691386011,-16.5208806293127,24.9014793704062));
#3562=CARTESIAN_POINT('Ctrl Pts',(85.2166913860113,-16.6992952099498,24.7260087062364));
#3563=CARTESIAN_POINT('Ctrl Pts',(105.216691386011,-16.6992952099497,24.7260087062364));
#3564=CARTESIAN_POINT('Ctrl Pts',(85.2166913860113,-16.7832455592036,24.6029740089264));
#3565=CARTESIAN_POINT('Ctrl Pts',(105.216691386011,-16.7832455592035,24.6029740089264));
#3566=CARTESIAN_POINT('Ctrl Pts',(85.2166913860113,-16.8788996087264,24.3758147826046));
#3567=CARTESIAN_POINT('Ctrl Pts',(105.216691386011,-16.8788996087263,24.3758147826046));
#3568=CARTESIAN_POINT('Ctrl Pts',(85.2166913860113,-16.9081327495932,24.2319287038945));
#3569=CARTESIAN_POINT('Ctrl Pts',(105.216691386011,-16.9081327495932,24.2319287038945));
#3570=CARTESIAN_POINT('Ctrl Pts',(85.2166913860113,-16.9081327495932,24.1095739709469));
#3571=CARTESIAN_POINT('Ctrl Pts',(105.216691386011,-16.9081327495932,24.1095739709469));
#3572=CARTESIAN_POINT('',(85.2166913860113,-15.8816556479847,25.1095739709469));
#3573=CARTESIAN_POINT('Ctrl Pts',(85.2166913860113,-15.8816556479847,25.1095739709469));
#3574=CARTESIAN_POINT('Ctrl Pts',(85.2166913860113,-16.0091971659281,25.1095739709469));
#3575=CARTESIAN_POINT('Ctrl Pts',(85.2166913860113,-16.1594046701662,25.0802149256359));
#3576=CARTESIAN_POINT('Ctrl Pts',(85.2166913860113,-16.3942783701984,24.9844081432086));
#3577=CARTESIAN_POINT('Ctrl Pts',(85.2166913860113,-16.5208806293128,24.9014793704062));
#3578=CARTESIAN_POINT('Ctrl Pts',(85.2166913860113,-16.6992952099498,24.7260087062364));
#3579=CARTESIAN_POINT('Ctrl Pts',(85.2166913860113,-16.7832455592036,24.6029740089264));
#3580=CARTESIAN_POINT('Ctrl Pts',(85.2166913860113,-16.8788996087264,24.3758147826046));
#3581=CARTESIAN_POINT('Ctrl Pts',(85.2166913860113,-16.9081327495932,24.2319287038945));
#3582=CARTESIAN_POINT('Ctrl Pts',(85.2166913860113,-16.9081327495932,24.1095739709469));
#3583=CARTESIAN_POINT('',(105.216691386011,-15.8816556479847,25.1095739709469));
#3584=CARTESIAN_POINT('Ctrl Pts',(105.216691386011,-15.8816556479846,25.1095739709469));
#3585=CARTESIAN_POINT('Ctrl Pts',(105.216691386011,-16.009197165928,25.1095739709469));
#3586=CARTESIAN_POINT('Ctrl Pts',(105.216691386011,-16.1594046701661,25.0802149256359));
#3587=CARTESIAN_POINT('Ctrl Pts',(105.216691386011,-16.3942783701983,24.9844081432086));
#3588=CARTESIAN_POINT('Ctrl Pts',(105.216691386011,-16.5208806293127,24.9014793704062));
#3589=CARTESIAN_POINT('Ctrl Pts',(105.216691386011,-16.6992952099497,24.7260087062364));
#3590=CARTESIAN_POINT('Ctrl Pts',(105.216691386011,-16.7832455592035,24.6029740089264));
#3591=CARTESIAN_POINT('Ctrl Pts',(105.216691386011,-16.8788996087263,24.3758147826046));
#3592=CARTESIAN_POINT('Ctrl Pts',(105.216691386011,-16.9081327495932,24.2319287038945));
#3593=CARTESIAN_POINT('Ctrl Pts',(105.216691386011,-16.9081327495932,24.1095739709469));
#3594=CARTESIAN_POINT('',(85.2166913860113,-15.8816556479847,25.1095739709469));
#3595=CARTESIAN_POINT('Origin',(86.3535959227869,7.42409991780516,-3.89042602905313));
#3596=CARTESIAN_POINT('',(123.884980369855,-1.32047393682771,-3.89042602905313));
#3597=CARTESIAN_POINT('',(86.6057077916023,8.391798014115,-3.89042602905313));
#3598=CARTESIAN_POINT('',(124.363576549076,-2.47854150067014,-4.89042602905313));
#3599=CARTESIAN_POINT('Ctrl Pts',(124.363576549051,-2.47854150043515,-4.89042602905313));
#3600=CARTESIAN_POINT('Ctrl Pts',(124.28002831305,-2.27637836964587,-4.89042602901313));
#3601=CARTESIAN_POINT('Ctrl Pts',(124.196559790011,-2.07441960582753,-4.85549877474313));
#3602=CARTESIAN_POINT('Ctrl Pts',(124.114670893173,-1.87650413092618,-4.78647670266313));
#3603=CARTESIAN_POINT('Ctrl Pts',(124.038600064024,-1.69313894210218,-4.67831332238313));
#3604=CARTESIAN_POINT('Ctrl Pts',(123.967046999173,-1.52163372466035,-4.53733649715313));
#3605=CARTESIAN_POINT('Ctrl Pts',(123.912080927378,-1.38667455624328,-4.33904484637313));
#3606=CARTESIAN_POINT('Ctrl Pts',(123.884980369855,-1.32047393682771,-4.11476293222313));
#3607=CARTESIAN_POINT('Ctrl Pts',(123.884980369855,-1.32047393682771,-3.89042602905313));
#3608=CARTESIAN_POINT('',(86.3535959227869,7.42409991780516,-4.89042602905313));
#3609=CARTESIAN_POINT('Origin',(86.6057077916023,8.391798014115,-4.89042602905313));
#3610=CARTESIAN_POINT('',(123.884980369855,-1.32047393682772,2.10957397094687));
#3611=CARTESIAN_POINT('',(86.6057077916023,8.391798014115,2.10957397094687));
#3612=CARTESIAN_POINT('',(123.884980369855,-1.32047393682771,-3.89042602905313));
#3613=CARTESIAN_POINT('Origin',(86.3535959227869,7.42409991780516,2.10957397094687));
#3614=CARTESIAN_POINT('',(121.435120591028,-1.71559848474418,3.10957397094687));
#3615=CARTESIAN_POINT('',(86.3535959227869,7.42409991780516,3.10957397094687));
#3616=CARTESIAN_POINT('Ctrl Pts',(123.884980369855,-1.32047393682772,2.10957397094687));
#3617=CARTESIAN_POINT('Ctrl Pts',(123.884980369855,-1.32047393682772,2.29534539190387));
#3618=CARTESIAN_POINT('Ctrl Pts',(123.813029284338,-1.34143280207312,2.48122442150087));
#3619=CARTESIAN_POINT('Ctrl Pts',(123.668058227446,-1.382487868949,2.64771166695987));
#3620=CARTESIAN_POINT('Ctrl Pts',(123.471222031592,-1.43792685590613,2.78045863411587));
#3621=CARTESIAN_POINT('Ctrl Pts',(123.239395777275,-1.4843298359602,2.85982093152087));
#3622=CARTESIAN_POINT('Ctrl Pts',(123.041205032271,-1.50796786986641,2.91862406123587));
#3623=CARTESIAN_POINT('Ctrl Pts',(122.854565259694,-1.53400122695728,2.96153811485887));
#3624=CARTESIAN_POINT('Ctrl Pts',(122.689740437241,-1.55183424698905,2.99324501914887));
#3625=CARTESIAN_POINT('Ctrl Pts',(122.541392356437,-1.5683112310705,3.01791876971887));
#3626=CARTESIAN_POINT('Ctrl Pts',(122.273386262671,-1.59805895890618,3.05668540629987));
#3627=CARTESIAN_POINT('Ctrl Pts',(122.153705071266,-1.61147597654117,3.07082923414087));
#3628=CARTESIAN_POINT('Ctrl Pts',(122.045529303354,-1.62444507862235,3.08174889906687));
#3629=CARTESIAN_POINT('Ctrl Pts',(121.946090189394,-1.63733383365339,3.09034443071187));
#3630=CARTESIAN_POINT('Ctrl Pts',(121.853131927242,-1.65024824165861,3.09705423170687));
#3631=CARTESIAN_POINT('Ctrl Pts',(121.764961280628,-1.66321922982267,3.10216408078287));
#3632=CARTESIAN_POINT('Ctrl Pts',(121.680258825254,-1.67626028162114,3.10589016970487));
#3633=CARTESIAN_POINT('Ctrl Pts',(121.597829196566,-1.68936063103153,3.10835487569187));
#3634=CARTESIAN_POINT('Ctrl Pts',(121.516467693325,-1.70247845342807,3.10957397094687));
#3635=CARTESIAN_POINT('Ctrl Pts',(121.435120591028,-1.71559848474418,3.10957397094687));
#3636=CARTESIAN_POINT('Origin',(108.468294727182,6.21275438935163,4.10957397094687));
#3637=CARTESIAN_POINT('',(114.73629220657,-6.21435896141293,4.10957397094687));
#3638=CARTESIAN_POINT('Origin',(108.468294727182,6.21275438935163,4.10957397094687));
#3639=CARTESIAN_POINT('',(114.285952198965,-5.32150181855598,3.10957397094687));
#3640=CARTESIAN_POINT('Origin',(114.285952198965,-5.32150181855598,4.10957397094687));
#3641=CARTESIAN_POINT('Origin',(108.468294727182,6.21275438935163,3.10957397094687));
#3642=CARTESIAN_POINT('Origin',(108.468294727182,6.21275438935162,25.1095739709469));
#3643=CARTESIAN_POINT('',(114.73629220657,-6.21435896141294,24.1095739709469));
#3644=CARTESIAN_POINT('Origin',(108.468294727182,6.21275438935162,24.1095739709469));
#3645=CARTESIAN_POINT('',(114.73629220657,-6.21435896141294,25.1095739709469));
#3646=CARTESIAN_POINT('Origin',(108.468294727182,6.21275438935162,24.1095739709469));
#3647=CARTESIAN_POINT('',(115.186632214173,-7.1072161042699,25.1095739709469));
#3648=CARTESIAN_POINT('Origin',(108.468294727182,6.21275438935162,25.1095739709469));
#3649=CARTESIAN_POINT('Origin',(115.186632214173,-7.1072161042699,24.1095739709469));
#3650=CARTESIAN_POINT('Origin',(86.3535959227904,-31.6526971983914,-3.89042602905314));
#3651=CARTESIAN_POINT('',(124.363576548936,-21.7500557797266,-4.89042602905314));
#3652=CARTESIAN_POINT('',(86.3535959227904,-31.6526971983914,-4.89042602905314));
#3653=CARTESIAN_POINT('',(123.884980369855,-22.908123343762,-3.89042602905314));
#3654=CARTESIAN_POINT('Ctrl Pts',(124.363576548771,-21.7500557797699,-4.89042602905314));
#3655=CARTESIAN_POINT('Ctrl Pts',(124.280028312954,-21.9522189107777,-4.89042602905314));
#3656=CARTESIAN_POINT('Ctrl Pts',(124.196559791212,-22.1541776747601,-4.85549877475314));
#3657=CARTESIAN_POINT('Ctrl Pts',(124.114670891035,-22.3520931493333,-4.78647670277313));
#3658=CARTESIAN_POINT('Ctrl Pts',(124.038600066247,-22.5354583386495,-4.67831332239314));
#3659=CARTESIAN_POINT('Ctrl Pts',(123.967046997965,-22.7069635557554,-4.53733649724313));
#3660=CARTESIAN_POINT('Ctrl Pts',(123.9120809277,-22.8419227243663,-4.33904484641314));
#3661=CARTESIAN_POINT('Ctrl Pts',(123.884980369855,-22.908123343762,-4.11476293224313));
#3662=CARTESIAN_POINT('Ctrl Pts',(123.884980369855,-22.908123343762,-3.89042602905314));
#3663=CARTESIAN_POINT('',(86.6057077916023,-32.6203952947048,-3.89042602905314));
#3664=CARTESIAN_POINT('Origin',(128.272102972919,-23.7214414974374,-3.89042602905314));
#3665=CARTESIAN_POINT('',(127.821762965315,-24.6142986402951,-3.89042602905314));
#3666=CARTESIAN_POINT('',(124.587432246275,-22.9829642972156,-3.89042602905314));
#3667=CARTESIAN_POINT('',(127.821762965315,-24.6142986402951,-3.89042602905314));
#3668=CARTESIAN_POINT('Ctrl Pts',(124.363576549101,-21.750055779683,-4.89042602905314));
#3669=CARTESIAN_POINT('Ctrl Pts',(124.402654898135,-21.9652838492612,-4.89042602903314));
#3670=CARTESIAN_POINT('Ctrl Pts',(124.441698383889,-22.1802953443397,-4.85549877482313));
#3671=CARTESIAN_POINT('Ctrl Pts',(124.480049591724,-22.3910214962413,-4.78647670267313));
#3672=CARTESIAN_POINT('Ctrl Pts',(124.515778989877,-22.5862981567363,-4.67831332248314));
#3673=CARTESIAN_POINT('Ctrl Pts',(124.549590846041,-22.7690292124677,-4.53733649719314));
#3674=CARTESIAN_POINT('Ctrl Pts',(124.574888062449,-22.9125398293744,-4.33904484642313));
#3675=CARTESIAN_POINT('Ctrl Pts',(124.587432246275,-22.9829642972156,-4.11476293224313));
#3676=CARTESIAN_POINT('Ctrl Pts',(124.587432246275,-22.9829642972156,-3.89042602905314));
#3677=CARTESIAN_POINT('',(128.272102972919,-23.7214414974374,-4.89042602905314));
#3678=CARTESIAN_POINT('',(128.272102972919,-23.7214414974374,-4.89042602905314));
#3679=CARTESIAN_POINT('Origin',(128.272102972919,-23.7214414974374,-3.89042602905314));
#3680=CARTESIAN_POINT('Origin',(134.126523071773,-12.1142986402949,-3.89042602905313));
#3681=CARTESIAN_POINT('',(128.272102972918,-0.507155783151603,-4.89042602905313));
#3682=CARTESIAN_POINT('',(127.821762965315,0.385701359705354,-3.89042602905313));
#3683=CARTESIAN_POINT('Origin',(128.272102972918,-0.507155783151603,-3.89042602905313));
#3684=CARTESIAN_POINT('Origin',(134.126523071773,-12.1142986402949,-3.89042602905313));
#3685=CARTESIAN_POINT('Origin',(134.126523071773,-12.1142986402949,-4.89042602905313));
#3686=CARTESIAN_POINT('Origin',(124.70067440149,-2.30851581356893,-3.89042602905313));
#3687=CARTESIAN_POINT('',(124.587432246275,-1.24563298337413,-3.89042602905313));
#3688=CARTESIAN_POINT('',(124.250334393886,-1.41565867071127,-3.89042602905313));
#3689=CARTESIAN_POINT('',(124.70067440149,-2.30851581356893,-4.89042602905313));
#3690=CARTESIAN_POINT('Ctrl Pts',(124.363576549101,-2.47854150090537,-4.89042602905313));
#3691=CARTESIAN_POINT('Ctrl Pts',(124.402654898322,-2.26331343115243,-4.89042602901313));
#3692=CARTESIAN_POINT('Ctrl Pts',(124.441698382764,-2.04830193623948,-4.85549877474313));
#3693=CARTESIAN_POINT('Ctrl Pts',(124.480049593922,-1.83757578401186,-4.78647670266313));
#3694=CARTESIAN_POINT('Ctrl Pts',(124.515778987698,-1.64229912401039,-4.67831332238313));
#3695=CARTESIAN_POINT('Ctrl Pts',(124.549590847275,-1.45956806794602,-4.53733649715313));
#3696=CARTESIAN_POINT('Ctrl Pts',(124.574888062136,-1.31605745123376,-4.33904484637313));
#3697=CARTESIAN_POINT('Ctrl Pts',(124.587432246275,-1.24563298337413,-4.11476293222313));
#3698=CARTESIAN_POINT('Ctrl Pts',(124.587432246275,-1.24563298337413,-3.89042602905313));
#3699=CARTESIAN_POINT('Origin',(130.326523071774,-5.53250557153319,-4.89042602905313));
#3700=CARTESIAN_POINT('',(131.676523071773,-7.87077416175183,-2.19042602905313));
#3701=CARTESIAN_POINT('Origin',(130.326523071774,-5.53250557153319,-2.19042602905313));
#3702=CARTESIAN_POINT('',(131.676523071773,-7.87077416175183,-4.89042602905314));
#3703=CARTESIAN_POINT('',(131.676523071773,-7.87077416175183,-4.89042602905313));
#3704=CARTESIAN_POINT('Origin',(130.326523071774,-5.53250557153319,-4.89042602905313));
#3705=CARTESIAN_POINT('Origin',(130.326523071774,-18.6960917090565,-4.89042602905314));
#3706=CARTESIAN_POINT('',(131.676523071773,-16.3578231188379,-2.19042602905313));
#3707=CARTESIAN_POINT('Origin',(130.326523071774,-18.6960917090565,-2.19042602905313));
#3708=CARTESIAN_POINT('',(131.676523071773,-16.3578231188379,-4.89042602905314));
#3709=CARTESIAN_POINT('',(131.676523071773,-16.3578231188379,-4.89042602905314));
#3710=CARTESIAN_POINT('Origin',(130.326523071774,-18.6960917090565,-4.89042602905314));
#3711=CARTESIAN_POINT('Origin',(141.726523071773,-12.1142986402949,-4.89042602905314));
#3712=CARTESIAN_POINT('',(139.026523071773,-12.1142986402949,-2.19042602905313));
#3713=CARTESIAN_POINT('Origin',(141.726523071773,-12.1142986402949,-2.19042602905313));
#3714=CARTESIAN_POINT('',(139.026523071773,-12.1142986402949,-4.89042602905314));
#3715=CARTESIAN_POINT('',(139.026523071773,-12.1142986402949,-4.89042602905314));
#3716=CARTESIAN_POINT('Origin',(141.726523071773,-12.1142986402949,-4.89042602905314));
#3717=CARTESIAN_POINT('Origin',(125.926523071774,-12.1142986402949,8.15714287574887));
#3718=CARTESIAN_POINT('',(125.926523071774,-10.114298640295,-4.89042602905313));
#3719=CARTESIAN_POINT('',(125.926523071774,-14.1142986402947,-4.89042602905314));
#3720=CARTESIAN_POINT('',(125.926523071773,-9.11429864029507,-4.89042602905313));
#3721=CARTESIAN_POINT('',(125.926523071774,-10.114298640295,11.6095739709469));
#3722=CARTESIAN_POINT('',(125.926523071774,-10.114298640295,-4.89042602905313));
#3723=CARTESIAN_POINT('',(125.926523071774,-6.93260007708259,11.6095739709469));
#3724=CARTESIAN_POINT('',(125.926523071774,-12.1142986402949,11.6095739709469));
#3725=CARTESIAN_POINT('',(125.926523071773,-6.93260007708188,19.1095739709469));
#3726=CARTESIAN_POINT('',(125.926523071773,-6.93260007708188,11.6095739709469));
#3727=CARTESIAN_POINT('',(125.926523071774,-17.2959972035072,19.1095739709469));
#3728=CARTESIAN_POINT('',(125.926523071774,-5.11429864029464,19.1095739709469));
#3729=CARTESIAN_POINT('',(125.926523071773,-17.2959972035079,11.6095739709469));
#3730=CARTESIAN_POINT('',(125.926523071774,-17.2959972035072,11.6095739709469));
#3731=CARTESIAN_POINT('',(125.926523071774,-14.1142986402947,11.6095739709469));
#3732=CARTESIAN_POINT('',(125.926523071774,-5.11429864029464,11.6095739709469));
#3733=CARTESIAN_POINT('',(125.926523071774,-14.1142986402947,-4.89042602905314));
#3734=CARTESIAN_POINT('Origin',(126.926523071773,-10.114298640295,-4.89042602905313));
#3735=CARTESIAN_POINT('',(126.926523071774,-9.11429864029508,-4.89042602905313));
#3736=CARTESIAN_POINT('Origin',(126.926523071773,-10.114298640295,-4.89042602905313));
#3737=CARTESIAN_POINT('',(126.926523071774,-9.11429864029508,11.6095739709469));
#3738=CARTESIAN_POINT('',(126.926523071774,-9.11429864029508,-4.89042602905313));
#3739=CARTESIAN_POINT('Origin',(126.926523071773,-10.114298640295,11.6095739709469));
#3740=CARTESIAN_POINT('Origin',(126.926523071773,-14.1142986402947,-4.89042602905314));
#3741=CARTESIAN_POINT('',(126.926523071774,-15.1142986402947,-4.89042602905314));
#3742=CARTESIAN_POINT('Origin',(126.926523071773,-14.1142986402947,-4.89042602905314));
#3743=CARTESIAN_POINT('',(126.926523071774,-15.1142986402947,11.6095739709469));
#3744=CARTESIAN_POINT('Origin',(126.926523071773,-14.1142986402947,11.6095739709469));
#3745=CARTESIAN_POINT('',(126.926523071774,-15.1142986402947,-4.89042602905314));
#3746=CARTESIAN_POINT('Origin',(125.926523071773,-9.11429864029507,-4.89042602905313));
#3747=CARTESIAN_POINT('',(137.126523071773,-9.11429864029437,11.6095739709469));
#3748=CARTESIAN_POINT('',(125.926523071773,-9.11429864029507,11.6095739709469));
#3749=CARTESIAN_POINT('',(137.126523071773,-9.11429864029437,-4.89042602905313));
#3750=CARTESIAN_POINT('',(125.926523071773,-9.11429864029507,-4.89042602905313));
#3751=CARTESIAN_POINT('',(137.126523071773,-9.11429864029437,-4.89042602905313));
#3752=CARTESIAN_POINT('Origin',(125.926523071773,-15.1142986402947,-4.89042602905314));
#3753=CARTESIAN_POINT('',(137.126523071773,-15.1142986402954,11.6095739709469));
#3754=CARTESIAN_POINT('',(125.926523071773,-15.1142986402947,11.6095739709469));
#3755=CARTESIAN_POINT('',(137.126523071773,-15.1142986402954,-4.89042602905313));
#3756=CARTESIAN_POINT('',(137.126523071773,-15.1142986402954,-4.89042602905313));
#3757=CARTESIAN_POINT('',(125.926523071773,-15.1142986402947,-4.89042602905314));
#3758=CARTESIAN_POINT('Origin',(137.126523071773,-10.114298640295,-4.89042602905313));
#3759=CARTESIAN_POINT('',(138.126523071774,-10.114298640295,-4.89042602905313));
#3760=CARTESIAN_POINT('Origin',(137.126523071773,-10.114298640295,-4.89042602905313));
#3761=CARTESIAN_POINT('',(138.126523071774,-10.114298640295,11.6095739709469));
#3762=CARTESIAN_POINT('',(138.126523071774,-10.114298640295,-4.89042602905313));
#3763=CARTESIAN_POINT('Origin',(137.126523071773,-10.114298640295,11.6095739709469));
#3764=CARTESIAN_POINT('Origin',(137.126523071774,-14.1142986402947,-4.89042602905313));
#3765=CARTESIAN_POINT('',(138.126523071774,-14.1142986402947,-4.89042602905313));
#3766=CARTESIAN_POINT('Origin',(137.126523071774,-14.1142986402947,-4.89042602905313));
#3767=CARTESIAN_POINT('',(138.126523071774,-14.1142986402947,11.6095739709469));
#3768=CARTESIAN_POINT('Origin',(137.126523071774,-14.1142986402947,11.6095739709469));
#3769=CARTESIAN_POINT('',(138.126523071774,-14.1142986402947,-4.89042602905313));
#3770=CARTESIAN_POINT('Origin',(138.126523071773,-9.11429864029507,-4.89042602905313));
#3771=CARTESIAN_POINT('',(138.126523071773,-9.11429864029507,-4.89042602905313));
#3772=CARTESIAN_POINT('',(138.126523071773,-9.11429864029508,11.6095739709469));
#3773=CARTESIAN_POINT('Origin',(108.468294727181,-30.4413516699407,24.1095739709469));
#3774=CARTESIAN_POINT('',(114.736292206569,-18.0142383191761,24.1095739709469));
#3775=CARTESIAN_POINT('Origin',(108.468294727181,-30.4413516699407,24.1095739709469));
#3776=CARTESIAN_POINT('',(115.186632214172,-17.1213811763192,25.1095739709469));
#3777=CARTESIAN_POINT('Origin',(115.186632214172,-17.1213811763192,24.1095739709469));
#3778=CARTESIAN_POINT('Origin',(108.468294727181,-30.4413516699407,25.1095739709469));
#3779=CARTESIAN_POINT('Origin',(128.272102972919,-23.7214414974374,24.1095739709469));
#3780=CARTESIAN_POINT('',(128.272102972919,-23.7214414974374,25.1095739709469));
#3781=CARTESIAN_POINT('',(127.821762965315,-24.6142986402951,24.1095739709469));
#3782=CARTESIAN_POINT('Origin',(128.272102972919,-23.7214414974374,24.1095739709469));
#3783=CARTESIAN_POINT('',(128.272102972919,-23.7214414974374,25.1095739709469));
#3784=CARTESIAN_POINT('',(127.821762965314,-24.6142986402944,24.1095739709469));
#3785=CARTESIAN_POINT('Origin',(134.126523071773,-12.1142986402949,24.1095739709469));
#3786=CARTESIAN_POINT('',(128.272102972918,-0.507155783151612,25.1095739709469));
#3787=CARTESIAN_POINT('',(127.821762965315,0.385701359705345,24.1095739709469));
#3788=CARTESIAN_POINT('Origin',(128.272102972918,-0.507155783151612,24.1095739709469));
#3789=CARTESIAN_POINT('Origin',(134.126523071773,-12.1142986402949,25.1095739709469));
#3790=CARTESIAN_POINT('Origin',(134.126523071773,-12.1142986402949,24.1095739709469));
#3791=CARTESIAN_POINT('Origin',(115.186632214173,-7.1072161042699,24.1095739709469));
#3792=CARTESIAN_POINT('',(115.186632214173,-7.1072161042699,25.1095739709469));
#3793=CARTESIAN_POINT('',(114.73629220657,-6.21435896141294,24.1095739709469));
#3794=CARTESIAN_POINT('Origin',(134.126523071773,-12.1142986402949,24.1095739709469));
#3795=CARTESIAN_POINT('',(134.126523071773,-2.41429864029488,24.1095739709469));
#3796=CARTESIAN_POINT('Origin',(134.126523071773,-12.1142986402949,24.1095739709469));
#3797=CARTESIAN_POINT('',(134.126523071773,-1.41429864029488,25.1095739709469));
#3798=CARTESIAN_POINT('Origin',(134.126523071773,-1.41429864029487,24.1095739709469));
#3799=CARTESIAN_POINT('Origin',(134.126523071773,-12.1142986402949,25.1095739709469));
#3800=CARTESIAN_POINT('Origin',(86.6057077916023,-32.6203952947048,-4.89042602905314));
#3801=CARTESIAN_POINT('',(123.884980369855,-22.908123343762,2.10957397094687));
#3802=CARTESIAN_POINT('',(123.884980369855,-22.908123343762,-3.89042602905314));
#3803=CARTESIAN_POINT('',(86.6057077916023,-32.6203952947048,2.10957397094686));
#3804=CARTESIAN_POINT('Ctrl Pts',(124.363576548936,-21.7500557797266,-4.89042602905314));
#3805=CARTESIAN_POINT('Ctrl Pts',(124.280028312954,-21.9522189107777,-4.89042602905314));
#3806=CARTESIAN_POINT('Ctrl Pts',(124.196559791212,-22.1541776747601,-4.85549877475314));
#3807=CARTESIAN_POINT('Ctrl Pts',(124.114670891035,-22.3520931493333,-4.78647670277313));
#3808=CARTESIAN_POINT('Ctrl Pts',(124.038600066247,-22.5354583386495,-4.67831332239314));
#3809=CARTESIAN_POINT('Ctrl Pts',(123.967046997965,-22.7069635557554,-4.53733649724313));
#3810=CARTESIAN_POINT('Ctrl Pts',(123.9120809277,-22.8419227243663,-4.33904484641314));
#3811=CARTESIAN_POINT('Ctrl Pts',(123.884980369855,-22.908123343762,-4.11476293224313));
#3812=CARTESIAN_POINT('Ctrl Pts',(123.884980369855,-22.908123343762,-3.89042602905314));
#3813=CARTESIAN_POINT('Ctrl Pts',(124.363576548936,-21.7500557797266,-4.89042602905314));
#3814=CARTESIAN_POINT('Ctrl Pts',(124.341341605545,-21.9587513800198,-4.89042602904314));
#3815=CARTESIAN_POINT('Ctrl Pts',(124.318900388201,-22.1693830654621,-4.84677220431313));
#3816=CARTESIAN_POINT('Ctrl Pts',(124.29770690563,-22.3683035564705,-4.75781893419313));
#3817=CARTESIAN_POINT('Ctrl Pts',(124.279007649277,-22.5438134915694,-4.62866698668314));
#3818=CARTESIAN_POINT('Ctrl Pts',(124.264549366612,-22.6795178727853,-4.46089036535313));
#3819=CARTESIAN_POINT('Ctrl Pts',(124.255202875698,-22.7672433883509,-4.28000156056314));
#3820=CARTESIAN_POINT('Ctrl Pts',(124.250334393886,-22.8129386098778,-4.08677467103313));
#3821=CARTESIAN_POINT('Ctrl Pts',(124.250334393886,-22.8129386098778,-3.89042602905314));
#3822=CARTESIAN_POINT('Ctrl Pts',(124.363576548936,-21.7500557797266,-4.89042602905314));
#3823=CARTESIAN_POINT('Ctrl Pts',(124.402654898135,-21.9652838492612,-4.89042602903314));
#3824=CARTESIAN_POINT('Ctrl Pts',(124.441698383889,-22.1802953443397,-4.85549877482313));
#3825=CARTESIAN_POINT('Ctrl Pts',(124.480049591724,-22.3910214962413,-4.78647670267313));
#3826=CARTESIAN_POINT('Ctrl Pts',(124.515778989877,-22.5862981567363,-4.67831332248314));
#3827=CARTESIAN_POINT('Ctrl Pts',(124.549590846041,-22.7690292124677,-4.53733649719314));
#3828=CARTESIAN_POINT('Ctrl Pts',(124.574888062449,-22.9125398293744,-4.33904484642313));
#3829=CARTESIAN_POINT('Ctrl Pts',(124.587432246275,-22.9829642972156,-4.11476293224313));
#3830=CARTESIAN_POINT('Ctrl Pts',(124.587432246275,-22.9829642972156,-3.89042602905314));
#3831=CARTESIAN_POINT('Origin',(124.13709223867,-23.8758214400701,-3.89042602905314));
#3832=CARTESIAN_POINT('Origin',(122.131240081248,-21.7441081071462,11.0640519656899));
#3833=CARTESIAN_POINT('',(127.821762965315,-24.6142986402951,-4.89042602905314));
#3834=CARTESIAN_POINT('',(114.736292206569,-18.0142383191761,4.10957397094687));
#3835=CARTESIAN_POINT('',(114.736292206569,-18.0142383191761,25.1095739709469));
#3836=CARTESIAN_POINT('',(121.885460598632,-21.6201416529879,4.10957397094687));
#3837=CARTESIAN_POINT('',(114.736292206569,-18.0142383191761,4.10957397094687));
#3838=CARTESIAN_POINT('',(124.587432246275,-22.9829642972156,2.10957397094687));
#3839=CARTESIAN_POINT('Ctrl Pts',(121.885460598632,-21.6201416529879,4.10957397094687));
#3840=CARTESIAN_POINT('Ctrl Pts',(122.025710270668,-21.6908808959627,4.10957397094687));
#3841=CARTESIAN_POINT('Ctrl Pts',(122.165966290301,-21.7616233405452,4.10080698662487));
#3842=CARTESIAN_POINT('Ctrl Pts',(122.306298229351,-21.8324040774235,4.08326415143286));
#3843=CARTESIAN_POINT('Ctrl Pts',(122.446843254816,-21.9032922910005,4.05694757586886));
#3844=CARTESIAN_POINT('Ctrl Pts',(122.587741303938,-21.9743585629357,4.02182848161486));
#3845=CARTESIAN_POINT('Ctrl Pts',(122.729205953093,-22.0457106170531,3.97784123246187));
#3846=CARTESIAN_POINT('Ctrl Pts',(122.871639900491,-22.1175515666021,3.92486349451686));
#3847=CARTESIAN_POINT('Ctrl Pts',(123.015703982648,-22.1902147248379,3.86263275821486));
#3848=CARTESIAN_POINT('Ctrl Pts',(123.162248644608,-22.2641290399217,3.79054945460586));
#3849=CARTESIAN_POINT('Ctrl Pts',(123.461784923169,-22.4152093902823,3.62408434226186));
#3850=CARTESIAN_POINT('Ctrl Pts',(123.614820930045,-22.4923978151633,3.52971577701287));
#3851=CARTESIAN_POINT('Ctrl Pts',(123.7713245321,-22.5713352285019,3.42275014722787));
#3852=CARTESIAN_POINT('Ctrl Pts',(123.93377666374,-22.6532729660056,3.30195339501486));
#3853=CARTESIAN_POINT('Ctrl Pts',(124.096115668976,-22.7351536447192,3.16153669053787));
#3854=CARTESIAN_POINT('Ctrl Pts',(124.264979669245,-22.8203254057048,3.00334998120687));
#3855=CARTESIAN_POINT('Ctrl Pts',(124.420127291622,-22.8985788889179,2.80814359878287));
#3856=CARTESIAN_POINT('Ctrl Pts',(124.531539310702,-22.9547729731803,2.58494452322487));
#3857=CARTESIAN_POINT('Ctrl Pts',(124.587432246275,-22.9829642972156,2.34725181074287));
#3858=CARTESIAN_POINT('Ctrl Pts',(124.587432246275,-22.9829642972156,2.10957397094687));
#3859=CARTESIAN_POINT('',(124.587432246275,-22.9829642972156,-3.89042602905314));
#3860=CARTESIAN_POINT('Ctrl Pts',(124.363576549076,-2.47854150067014,-4.89042602905313));
#3861=CARTESIAN_POINT('Ctrl Pts',(124.28002831305,-2.27637836964587,-4.89042602901313));
#3862=CARTESIAN_POINT('Ctrl Pts',(124.196559790011,-2.07441960582753,-4.85549877474313));
#3863=CARTESIAN_POINT('Ctrl Pts',(124.114670893173,-1.87650413092618,-4.78647670266313));
#3864=CARTESIAN_POINT('Ctrl Pts',(124.038600064024,-1.69313894210218,-4.67831332238313));
#3865=CARTESIAN_POINT('Ctrl Pts',(123.967046999173,-1.52163372466035,-4.53733649715313));
#3866=CARTESIAN_POINT('Ctrl Pts',(123.912080927378,-1.38667455624328,-4.33904484637313));
#3867=CARTESIAN_POINT('Ctrl Pts',(123.884980369855,-1.32047393682771,-4.11476293222313));
#3868=CARTESIAN_POINT('Ctrl Pts',(123.884980369855,-1.32047393682771,-3.89042602905313));
#3869=CARTESIAN_POINT('Ctrl Pts',(124.363576549076,-2.47854150067014,-4.89042602905313));
#3870=CARTESIAN_POINT('Ctrl Pts',(124.341341605687,-2.2698459003995,-4.89042602901313));
#3871=CARTESIAN_POINT('Ctrl Pts',(124.318900387033,-2.05921421512055,-4.84677220423313));
#3872=CARTESIAN_POINT('Ctrl Pts',(124.297706907829,-1.86029372380314,-4.75781893416313));
#3873=CARTESIAN_POINT('Ctrl Pts',(124.27900764702,-1.68478378919008,-4.62866698657313));
#3874=CARTESIAN_POINT('Ctrl Pts',(124.264549367889,-1.54907940764819,-4.46089036532313));
#3875=CARTESIAN_POINT('Ctrl Pts',(124.255202875364,-1.46135389226221,-4.28000156051313));
#3876=CARTESIAN_POINT('Ctrl Pts',(124.250334393886,-1.41565867071127,-4.08677467101313));
#3877=CARTESIAN_POINT('Ctrl Pts',(124.250334393886,-1.41565867071127,-3.89042602905313));
#3878=CARTESIAN_POINT('Ctrl Pts',(124.363576549076,-2.47854150067014,-4.89042602905313));
#3879=CARTESIAN_POINT('Ctrl Pts',(124.402654898322,-2.26331343115243,-4.89042602901313));
#3880=CARTESIAN_POINT('Ctrl Pts',(124.441698382764,-2.04830193623948,-4.85549877474313));
#3881=CARTESIAN_POINT('Ctrl Pts',(124.480049593922,-1.83757578401186,-4.78647670266313));
#3882=CARTESIAN_POINT('Ctrl Pts',(124.515778987698,-1.64229912401039,-4.67831332238313));
#3883=CARTESIAN_POINT('Ctrl Pts',(124.549590847275,-1.45956806794602,-4.53733649715313));
#3884=CARTESIAN_POINT('Ctrl Pts',(124.574888062136,-1.31605745123376,-4.33904484637313));
#3885=CARTESIAN_POINT('Ctrl Pts',(124.587432246275,-1.24563298337413,-4.11476293222313));
#3886=CARTESIAN_POINT('Ctrl Pts',(124.587432246275,-1.24563298337413,-3.89042602905313));
#3887=CARTESIAN_POINT('Origin',(124.13709223867,-0.352775840513815,-3.89042602905313));
#3888=CARTESIAN_POINT('Origin',(134.126523071773,-12.1142986402949,-4.89042602905313));
#3889=CARTESIAN_POINT('',(127.821762965315,0.385701359705354,-4.89042602905313));
#3890=CARTESIAN_POINT('Origin',(122.131240081248,-2.48448917344352,11.0640519656899));
#3891=CARTESIAN_POINT('',(124.587432246275,-1.24563298337413,2.10957397094687));
#3892=CARTESIAN_POINT('',(124.587432246275,-1.24563298337413,-3.89042602905313));
#3893=CARTESIAN_POINT('',(121.885460598632,-2.60845562760184,4.10957397094687));
#3894=CARTESIAN_POINT('Ctrl Pts',(124.587432246275,-1.24563298337413,2.10957397094687));
#3895=CARTESIAN_POINT('Ctrl Pts',(124.587432246275,-1.24563298337413,2.34725181074287));
#3896=CARTESIAN_POINT('Ctrl Pts',(124.531539310701,-1.27382430740874,2.58494452322487));
#3897=CARTESIAN_POINT('Ctrl Pts',(124.420127291622,-1.33001839167112,2.80814359878287));
#3898=CARTESIAN_POINT('Ctrl Pts',(124.264979669245,-1.40827187488501,3.00334998120587));
#3899=CARTESIAN_POINT('Ctrl Pts',(124.096115668976,-1.49344363587057,3.16153669053887));
#3900=CARTESIAN_POINT('Ctrl Pts',(123.93377666374,-1.57532431458412,3.30195339501387));
#3901=CARTESIAN_POINT('Ctrl Pts',(123.771324532099,-1.65726205208718,3.42275014722887));
#3902=CARTESIAN_POINT('Ctrl Pts',(123.614820930045,-1.73619946542642,3.52971577701287));
#3903=CARTESIAN_POINT('Ctrl Pts',(123.461784923169,-1.81338789030747,3.62408434226187));
#3904=CARTESIAN_POINT('Ctrl Pts',(123.162248644608,-1.96446824066803,3.79054945460587));
#3905=CARTESIAN_POINT('Ctrl Pts',(123.015703982648,-2.03838255575111,3.86263275821487));
#3906=CARTESIAN_POINT('Ctrl Pts',(122.871639900491,-2.11104571398766,3.92486349451687));
#3907=CARTESIAN_POINT('Ctrl Pts',(122.729205953093,-2.1828866635367,3.97784123246187));
#3908=CARTESIAN_POINT('Ctrl Pts',(122.587741303938,-2.25423871765409,4.02182848161487));
#3909=CARTESIAN_POINT('Ctrl Pts',(122.446843254815,-2.32530498958855,4.05694757586887));
#3910=CARTESIAN_POINT('Ctrl Pts',(122.306298229351,-2.39619320316626,4.08326415143287));
#3911=CARTESIAN_POINT('Ctrl Pts',(122.165966290301,-2.46697394004452,4.10080698662487));
#3912=CARTESIAN_POINT('Ctrl Pts',(122.025710270667,-2.53771638462631,4.10957397094687));
#3913=CARTESIAN_POINT('Ctrl Pts',(121.885460598632,-2.60845562760184,4.10957397094687));
#3914=CARTESIAN_POINT('',(124.250334393886,-1.41565867071127,4.10957397094687));
#3915=CARTESIAN_POINT('Origin',(130.326523071774,-5.53250557153319,-2.19042602905313));
#3916=CARTESIAN_POINT('',(129.027484966097,-6.28250557153257,-2.19042602905313));
#3917=CARTESIAN_POINT('Origin',(130.326523071774,-5.53250557153319,-2.19042602905313));
#3918=CARTESIAN_POINT('Origin',(130.326523071774,-18.6960917090565,-2.19042602905313));
#3919=CARTESIAN_POINT('',(131.625561177451,-19.4460917090559,-2.19042602905314));
#3920=CARTESIAN_POINT('Origin',(130.326523071774,-18.6960917090565,-2.19042602905313));
#3921=CARTESIAN_POINT('Origin',(141.726523071773,-12.1142986402949,-2.19042602905313));
#3922=CARTESIAN_POINT('',(141.726523071773,-10.6142986402949,-2.19042602905313));
#3923=CARTESIAN_POINT('Origin',(141.726523071773,-12.1142986402949,-2.19042602905313));
#3924=CARTESIAN_POINT('Origin',(134.126523071773,-12.1142986402949,11.6095739709469));
#3925=CARTESIAN_POINT('',(133.739040481278,-21.8065562329334,11.6095739709469));
#3926=CARTESIAN_POINT('Origin',(134.126523071773,-12.1142986402949,11.6095739709469));
#3927=CARTESIAN_POINT('',(142.714005662269,-16.6248576697211,11.6095739709469));
#3928=CARTESIAN_POINT('',(132.164345245282,-22.7157069513274,11.6095739709469));
#3929=CARTESIAN_POINT('',(142.714005662269,-7.60373961086794,11.6095739709469));
#3930=CARTESIAN_POINT('Origin',(134.126523071773,-12.1142986402949,11.6095739709469));
#3931=CARTESIAN_POINT('',(133.739040481278,-2.42204104765635,11.6095739709469));
#3932=CARTESIAN_POINT('',(144.288700898264,-8.51289032926262,11.6095739709469));
#3933=CARTESIAN_POINT('Origin',(134.126523071773,-12.1142986402949,11.6095739709469));
#3934=CARTESIAN_POINT('',(129.027484966097,-6.28250557153257,11.6095739709469));
#3935=CARTESIAN_POINT('Origin',(130.326523071774,-5.5325055715332,11.6095739709469));
#3936=CARTESIAN_POINT('',(131.625561177451,-19.4460917090559,11.6095739709469));
#3937=CARTESIAN_POINT('Origin',(130.326523071774,-18.6960917090565,11.6095739709469));
#3938=CARTESIAN_POINT('',(141.726523071773,-10.6142986402949,11.6095739709469));
#3939=CARTESIAN_POINT('Origin',(141.726523071773,-12.1142986402949,11.6095739709469));
#3940=CARTESIAN_POINT('Origin',(134.126523071773,-12.1142986402949,11.6095739709469));
#3941=CARTESIAN_POINT('',(134.126523071773,-2.41429864029488,19.1095739709469));
#3942=CARTESIAN_POINT('',(134.126523071773,-2.41429864029488,11.6095739709469));
#3943=CARTESIAN_POINT('',(142.714005662269,-7.60373961086864,19.1095739709469));
#3944=CARTESIAN_POINT('Origin',(134.126523071773,-12.1142986402949,19.1095739709469));
#3945=CARTESIAN_POINT('',(142.714005662269,-7.60373961086864,11.6095739709469));
#3946=CARTESIAN_POINT('',(142.714005662269,-16.6248576697211,19.1095739709469));
#3947=CARTESIAN_POINT('',(142.714005662269,-16.6248576697211,11.6095739709469));
#3948=CARTESIAN_POINT('',(133.739040481278,-21.8065562329334,19.1095739709469));
#3949=CARTESIAN_POINT('Origin',(134.126523071773,-12.1142986402949,19.1095739709469));
#3950=CARTESIAN_POINT('',(133.739040481278,-21.8065562329334,11.6095739709469));
#3951=CARTESIAN_POINT('Origin',(134.126523071773,-12.1142986402949,19.1095739709469));
#3952=CARTESIAN_POINT('',(133.739040481278,-2.42204104765635,19.1095739709469));
#3953=CARTESIAN_POINT('',(133.739040481278,-2.42204104765635,11.6095739709469));
#3954=CARTESIAN_POINT('Origin',(134.126523071773,-12.1142986402949,19.1095739709469));
#3955=CARTESIAN_POINT('Origin',(122.926523071773,-5.11429864029464,19.1095739709469));
#3956=CARTESIAN_POINT('Origin',(108.468294727181,-30.4413516699407,25.1095739709469));
#3957=CARTESIAN_POINT('Origin',(108.468294727181,-30.4413516699407,4.10957397094686));
#3958=CARTESIAN_POINT('Origin',(124.137092238671,-23.8758214400719,-3.89042602905314));
#3959=CARTESIAN_POINT('Origin',(124.13709223867,-23.8758214400701,2.10957397094686));
#3960=CARTESIAN_POINT('Origin',(86.3535959227904,-31.6526971983914,2.10957397094686));
#3961=CARTESIAN_POINT('',(121.435120591028,-22.5129987958456,3.10957397094686));
#3962=CARTESIAN_POINT('Ctrl Pts',(121.435120591028,-22.5129987958456,3.10957397094686));
#3963=CARTESIAN_POINT('Ctrl Pts',(121.516467693325,-22.5261188271617,3.10957397094686));
#3964=CARTESIAN_POINT('Ctrl Pts',(121.597829196566,-22.5392366495582,3.10835487569186));
#3965=CARTESIAN_POINT('Ctrl Pts',(121.680258825254,-22.5523369989686,3.10589016970486));
#3966=CARTESIAN_POINT('Ctrl Pts',(121.764961280629,-22.5653780507664,3.10216408078286));
#3967=CARTESIAN_POINT('Ctrl Pts',(121.853131927242,-22.5783490389311,3.09705423170686));
#3968=CARTESIAN_POINT('Ctrl Pts',(121.946090189394,-22.5912634469364,3.09034443071186));
#3969=CARTESIAN_POINT('Ctrl Pts',(122.045529303354,-22.6041522019674,3.08174889906686));
#3970=CARTESIAN_POINT('Ctrl Pts',(122.153705071266,-22.6171213040486,3.07082923414086));
#3971=CARTESIAN_POINT('Ctrl Pts',(122.273386262671,-22.6305383216836,3.05668540629986));
#3972=CARTESIAN_POINT('Ctrl Pts',(122.541392356437,-22.6602860495193,3.01791876971886));
#3973=CARTESIAN_POINT('Ctrl Pts',(122.689740437241,-22.6767630336007,2.99324501914886));
#3974=CARTESIAN_POINT('Ctrl Pts',(122.854565259695,-22.6945960536332,2.96153811485886));
#3975=CARTESIAN_POINT('Ctrl Pts',(123.041205032271,-22.7206294107219,2.91862406123686));
#3976=CARTESIAN_POINT('Ctrl Pts',(123.239395777276,-22.7442674446303,2.85982093151987));
#3977=CARTESIAN_POINT('Ctrl Pts',(123.471222031591,-22.7906704246829,2.78045863411686));
#3978=CARTESIAN_POINT('Ctrl Pts',(123.668058227447,-22.8461094116415,2.64771166695987));
#3979=CARTESIAN_POINT('Ctrl Pts',(123.813029284338,-22.8871644785166,2.48122442150086));
#3980=CARTESIAN_POINT('Ctrl Pts',(123.884980369855,-22.908123343762,2.29534539190386));
#3981=CARTESIAN_POINT('Ctrl Pts',(123.884980369855,-22.908123343762,2.10957397094687));
#3982=CARTESIAN_POINT('',(86.3535959227904,-31.6526971983914,3.10957397094686));
#3983=CARTESIAN_POINT('Ctrl Pts',(121.885460598632,-21.6201416529879,4.10957397094687));
#3984=CARTESIAN_POINT('Ctrl Pts',(122.025710270668,-21.6908808959627,4.10957397094687));
#3985=CARTESIAN_POINT('Ctrl Pts',(122.165966290301,-21.7616233405452,4.10080698662487));
#3986=CARTESIAN_POINT('Ctrl Pts',(122.306298229351,-21.8324040774235,4.08326415143286));
#3987=CARTESIAN_POINT('Ctrl Pts',(122.446843254816,-21.9032922910005,4.05694757586886));
#3988=CARTESIAN_POINT('Ctrl Pts',(122.587741303938,-21.9743585629357,4.02182848161486));
#3989=CARTESIAN_POINT('Ctrl Pts',(122.729205953093,-22.0457106170531,3.97784123246187));
#3990=CARTESIAN_POINT('Ctrl Pts',(122.871639900491,-22.1175515666021,3.92486349451686));
#3991=CARTESIAN_POINT('Ctrl Pts',(123.015703982648,-22.1902147248379,3.86263275821486));
#3992=CARTESIAN_POINT('Ctrl Pts',(123.162248644608,-22.2641290399217,3.79054945460586));
#3993=CARTESIAN_POINT('Ctrl Pts',(123.461784923169,-22.4152093902823,3.62408434226186));
#3994=CARTESIAN_POINT('Ctrl Pts',(123.614820930045,-22.4923978151633,3.52971577701287));
#3995=CARTESIAN_POINT('Ctrl Pts',(123.7713245321,-22.5713352285019,3.42275014722787));
#3996=CARTESIAN_POINT('Ctrl Pts',(123.93377666374,-22.6532729660056,3.30195339501486));
#3997=CARTESIAN_POINT('Ctrl Pts',(124.096115668976,-22.7351536447192,3.16153669053787));
#3998=CARTESIAN_POINT('Ctrl Pts',(124.264979669245,-22.8203254057048,3.00334998120687));
#3999=CARTESIAN_POINT('Ctrl Pts',(124.420127291622,-22.8985788889179,2.80814359878287));
#4000=CARTESIAN_POINT('Ctrl Pts',(124.531539310702,-22.9547729731803,2.58494452322487));
#4001=CARTESIAN_POINT('Ctrl Pts',(124.587432246275,-22.9829642972156,2.34725181074287));
#4002=CARTESIAN_POINT('Ctrl Pts',(124.587432246275,-22.9829642972156,2.10957397094687));
#4003=CARTESIAN_POINT('Ctrl Pts',(121.885460598632,-21.6201416529879,3.10957397094687));
#4004=CARTESIAN_POINT('Ctrl Pts',(121.954722447904,-21.6550760005232,3.13418684122386));
#4005=CARTESIAN_POINT('Ctrl Pts',(122.028028126225,-21.6920499778228,3.15634489963487));
#4006=CARTESIAN_POINT('Ctrl Pts',(122.105754725802,-21.7312537829609,3.17592822572087));
#4007=CARTESIAN_POINT('Ctrl Pts',(122.188672783765,-21.7730760600771,3.19277277507287));
#4008=CARTESIAN_POINT('Ctrl Pts',(122.27758559259,-21.8179219744803,3.20654877472087));
#4009=CARTESIAN_POINT('Ctrl Pts',(122.373437360569,-21.8662677667114,3.21675141301886));
#4010=CARTESIAN_POINT('Ctrl Pts',(122.477560756011,-21.9187856090898,3.22267184390286));
#4011=CARTESIAN_POINT('Ctrl Pts',(122.591792234509,-21.9764017745728,3.22323763168487));
#4012=CARTESIAN_POINT('Ctrl Pts',(122.718252856028,-22.0401860850998,3.21662879831286));
#4013=CARTESIAN_POINT('Ctrl Pts',(122.994196989106,-22.1793670100471,3.18313997882786));
#4014=CARTESIAN_POINT('Ctrl Pts',(123.142067228808,-22.2539499211026,3.15700209575486));
#4015=CARTESIAN_POINT('Ctrl Pts',(123.302979231412,-22.3351108470772,3.11882937573486));
#4016=CARTESIAN_POINT('Ctrl Pts',(123.480930455225,-22.424866029221,3.06283382960187));
#4017=CARTESIAN_POINT('Ctrl Pts',(123.664512755287,-22.5174614181545,2.98692455715287));
#4018=CARTESIAN_POINT('Ctrl Pts',(123.874065426505,-22.6231557638912,2.87829478844887));
#4019=CARTESIAN_POINT('Ctrl Pts',(124.055076072409,-22.7144540598221,2.71977133755387));
#4020=CARTESIAN_POINT('Ctrl Pts',(124.185895695612,-22.7804369671429,2.52735689205787));
#4021=CARTESIAN_POINT('Ctrl Pts',(124.250334393886,-22.8129386098778,2.31759913491786));
#4022=CARTESIAN_POINT('Ctrl Pts',(124.250334393886,-22.8129386098778,2.10957397094687));
#4023=CARTESIAN_POINT('Ctrl Pts',(121.435120591028,-22.5129987958456,3.10957397094686));
#4024=CARTESIAN_POINT('Ctrl Pts',(121.516467693325,-22.5261188271617,3.10957397094686));
#4025=CARTESIAN_POINT('Ctrl Pts',(121.597829196566,-22.5392366495582,3.10835487569186));
#4026=CARTESIAN_POINT('Ctrl Pts',(121.680258825254,-22.5523369989686,3.10589016970486));
#4027=CARTESIAN_POINT('Ctrl Pts',(121.764961280629,-22.5653780507664,3.10216408078286));
#4028=CARTESIAN_POINT('Ctrl Pts',(121.853131927242,-22.5783490389311,3.09705423170686));
#4029=CARTESIAN_POINT('Ctrl Pts',(121.946090189394,-22.5912634469364,3.09034443071186));
#4030=CARTESIAN_POINT('Ctrl Pts',(122.045529303354,-22.6041522019674,3.08174889906686));
#4031=CARTESIAN_POINT('Ctrl Pts',(122.153705071266,-22.6171213040486,3.07082923414086));
#4032=CARTESIAN_POINT('Ctrl Pts',(122.273386262671,-22.6305383216836,3.05668540629986));
#4033=CARTESIAN_POINT('Ctrl Pts',(122.541392356437,-22.6602860495193,3.01791876971886));
#4034=CARTESIAN_POINT('Ctrl Pts',(122.689740437241,-22.6767630336007,2.99324501914886));
#4035=CARTESIAN_POINT('Ctrl Pts',(122.854565259695,-22.6945960536332,2.96153811485886));
#4036=CARTESIAN_POINT('Ctrl Pts',(123.041205032271,-22.7206294107219,2.91862406123686));
#4037=CARTESIAN_POINT('Ctrl Pts',(123.239395777276,-22.7442674446303,2.85982093151987));
#4038=CARTESIAN_POINT('Ctrl Pts',(123.471222031591,-22.7906704246829,2.78045863411686));
#4039=CARTESIAN_POINT('Ctrl Pts',(123.668058227447,-22.8461094116415,2.64771166695987));
#4040=CARTESIAN_POINT('Ctrl Pts',(123.813029284338,-22.8871644785166,2.48122442150086));
#4041=CARTESIAN_POINT('Ctrl Pts',(123.884980369855,-22.908123343762,2.29534539190386));
#4042=CARTESIAN_POINT('Ctrl Pts',(123.884980369855,-22.908123343762,2.10957397094687));
#4043=CARTESIAN_POINT('Origin',(121.435120591028,-22.5129987958451,4.10957397094681));
#4044=CARTESIAN_POINT('Origin',(114.285952198965,-18.9070954620338,4.10957397094687));
#4045=CARTESIAN_POINT('',(114.285952198965,-18.9070954620338,3.10957397094687));
#4046=CARTESIAN_POINT('Origin',(114.285952198965,-18.9070954620338,4.10957397094687));
#4047=CARTESIAN_POINT('',(114.285952198965,-18.9070954620338,3.10957397094687));
#4048=CARTESIAN_POINT('Origin',(124.13709223867,-0.352775840517171,-3.89042602905313));
#4049=CARTESIAN_POINT('Origin',(124.13709223867,-0.352775840513824,2.10957397094687));
#4050=CARTESIAN_POINT('Ctrl Pts',(124.587432246275,-1.24563298337413,2.10957397094687));
#4051=CARTESIAN_POINT('Ctrl Pts',(124.587432246275,-1.24563298337413,2.34725181074287));
#4052=CARTESIAN_POINT('Ctrl Pts',(124.531539310701,-1.27382430740874,2.58494452322487));
#4053=CARTESIAN_POINT('Ctrl Pts',(124.420127291622,-1.33001839167112,2.80814359878287));
#4054=CARTESIAN_POINT('Ctrl Pts',(124.264979669245,-1.40827187488501,3.00334998120587));
#4055=CARTESIAN_POINT('Ctrl Pts',(124.096115668976,-1.49344363587057,3.16153669053887));
#4056=CARTESIAN_POINT('Ctrl Pts',(123.93377666374,-1.57532431458412,3.30195339501387));
#4057=CARTESIAN_POINT('Ctrl Pts',(123.771324532099,-1.65726205208718,3.42275014722887));
#4058=CARTESIAN_POINT('Ctrl Pts',(123.614820930045,-1.73619946542642,3.52971577701287));
#4059=CARTESIAN_POINT('Ctrl Pts',(123.461784923169,-1.81338789030747,3.62408434226187));
#4060=CARTESIAN_POINT('Ctrl Pts',(123.162248644608,-1.96446824066803,3.79054945460587));
#4061=CARTESIAN_POINT('Ctrl Pts',(123.015703982648,-2.03838255575111,3.86263275821487));
#4062=CARTESIAN_POINT('Ctrl Pts',(122.871639900491,-2.11104571398766,3.92486349451687));
#4063=CARTESIAN_POINT('Ctrl Pts',(122.729205953093,-2.1828866635367,3.97784123246187));
#4064=CARTESIAN_POINT('Ctrl Pts',(122.587741303938,-2.25423871765409,4.02182848161487));
#4065=CARTESIAN_POINT('Ctrl Pts',(122.446843254815,-2.32530498958855,4.05694757586887));
#4066=CARTESIAN_POINT('Ctrl Pts',(122.306298229351,-2.39619320316626,4.08326415143287));
#4067=CARTESIAN_POINT('Ctrl Pts',(122.165966290301,-2.46697394004452,4.10080698662487));
#4068=CARTESIAN_POINT('Ctrl Pts',(122.025710270667,-2.53771638462631,4.10957397094687));
#4069=CARTESIAN_POINT('Ctrl Pts',(121.885460598632,-2.60845562760184,4.10957397094687));
#4070=CARTESIAN_POINT('Ctrl Pts',(124.250334393886,-1.41565867071127,2.10957397094687));
#4071=CARTESIAN_POINT('Ctrl Pts',(124.250334393886,-1.41565867071127,2.31759913491787));
#4072=CARTESIAN_POINT('Ctrl Pts',(124.185895695611,-1.44816031344752,2.52735689205787));
#4073=CARTESIAN_POINT('Ctrl Pts',(124.05507607241,-1.5141432207684,2.71977133755487));
#4074=CARTESIAN_POINT('Ctrl Pts',(123.874065426505,-1.60544151669786,2.87829478844787));
#4075=CARTESIAN_POINT('Ctrl Pts',(123.664512755287,-1.7111358624367,2.98692455715387));
#4076=CARTESIAN_POINT('Ctrl Pts',(123.480930455225,-1.80373125136738,3.06283382960087));
#4077=CARTESIAN_POINT('Ctrl Pts',(123.302979231413,-1.89348643351329,3.11882937573487));
#4078=CARTESIAN_POINT('Ctrl Pts',(123.142067228808,-1.97464735948574,3.15700209575487));
#4079=CARTESIAN_POINT('Ctrl Pts',(122.994196989106,-2.04923027054269,3.18313997882787));
#4080=CARTESIAN_POINT('Ctrl Pts',(122.718252856028,-2.18841119548991,3.21662879831287));
#4081=CARTESIAN_POINT('Ctrl Pts',(122.591792234509,-2.25219550601698,3.22323763168487));
#4082=CARTESIAN_POINT('Ctrl Pts',(122.477560756011,-2.30981167149999,3.22267184390287));
#4083=CARTESIAN_POINT('Ctrl Pts',(122.373437360569,-2.36232951387831,3.21675141301887));
#4084=CARTESIAN_POINT('Ctrl Pts',(122.27758559259,-2.41067530610949,3.20654877472087));
#4085=CARTESIAN_POINT('Ctrl Pts',(122.188672783765,-2.45552122051196,3.19277277507287));
#4086=CARTESIAN_POINT('Ctrl Pts',(122.105754725802,-2.49734349762883,3.17592822572087));
#4087=CARTESIAN_POINT('Ctrl Pts',(122.028028126224,-2.53654730276698,3.15634489963487));
#4088=CARTESIAN_POINT('Ctrl Pts',(121.954722447904,-2.5735212800666,3.13418684122387));
#4089=CARTESIAN_POINT('Ctrl Pts',(121.885460598632,-2.60845562760184,3.10957397094687));
#4090=CARTESIAN_POINT('Ctrl Pts',(123.884980369855,-1.32047393682772,2.10957397094687));
#4091=CARTESIAN_POINT('Ctrl Pts',(123.884980369855,-1.32047393682772,2.29534539190387));
#4092=CARTESIAN_POINT('Ctrl Pts',(123.813029284338,-1.34143280207312,2.48122442150087));
#4093=CARTESIAN_POINT('Ctrl Pts',(123.668058227446,-1.382487868949,2.64771166695987));
#4094=CARTESIAN_POINT('Ctrl Pts',(123.471222031592,-1.43792685590613,2.78045863411587));
#4095=CARTESIAN_POINT('Ctrl Pts',(123.239395777275,-1.4843298359602,2.85982093152087));
#4096=CARTESIAN_POINT('Ctrl Pts',(123.041205032271,-1.50796786986641,2.91862406123587));
#4097=CARTESIAN_POINT('Ctrl Pts',(122.854565259694,-1.53400122695728,2.96153811485887));
#4098=CARTESIAN_POINT('Ctrl Pts',(122.689740437241,-1.55183424698905,2.99324501914887));
#4099=CARTESIAN_POINT('Ctrl Pts',(122.541392356437,-1.5683112310705,3.01791876971887));
#4100=CARTESIAN_POINT('Ctrl Pts',(122.273386262671,-1.59805895890618,3.05668540629987));
#4101=CARTESIAN_POINT('Ctrl Pts',(122.153705071266,-1.61147597654117,3.07082923414087));
#4102=CARTESIAN_POINT('Ctrl Pts',(122.045529303354,-1.62444507862235,3.08174889906687));
#4103=CARTESIAN_POINT('Ctrl Pts',(121.946090189394,-1.63733383365339,3.09034443071187));
#4104=CARTESIAN_POINT('Ctrl Pts',(121.853131927242,-1.65024824165861,3.09705423170687));
#4105=CARTESIAN_POINT('Ctrl Pts',(121.764961280628,-1.66321922982267,3.10216408078287));
#4106=CARTESIAN_POINT('Ctrl Pts',(121.680258825254,-1.67626028162114,3.10589016970487));
#4107=CARTESIAN_POINT('Ctrl Pts',(121.597829196566,-1.68936063103153,3.10835487569187));
#4108=CARTESIAN_POINT('Ctrl Pts',(121.516467693325,-1.70247845342807,3.10957397094687));
#4109=CARTESIAN_POINT('Ctrl Pts',(121.435120591028,-1.71559848474418,3.10957397094687));
#4110=CARTESIAN_POINT('Origin',(121.435120591028,-1.7155984847446,4.10957397094683));
#4111=CARTESIAN_POINT('Origin',(123.799994386281,-0.522801527855026,4.10957397094687));
#4112=CARTESIAN_POINT('',(123.799994386281,-0.522801527855026,3.10957397094687));
#4113=CARTESIAN_POINT('Origin',(130.326523071774,-5.53250557153319,-4.89042602905313));
#4114=CARTESIAN_POINT('',(129.027484966097,-6.28250557153257,-4.89042602905313));
#4115=CARTESIAN_POINT('Origin',(130.326523071774,-18.6960917090565,-4.89042602905314));
#4116=CARTESIAN_POINT('',(131.625561177451,-19.4460917090559,-4.89042602905314));
#4117=CARTESIAN_POINT('Origin',(141.726523071773,-12.1142986402949,-4.89042602905314));
#4118=CARTESIAN_POINT('',(141.726523071773,-10.6142986402949,-4.89042602905314));
#4119=CARTESIAN_POINT('Origin',(132.164345245282,-22.7157069513274,11.6095739709469));
#4120=CARTESIAN_POINT('',(132.164345245282,-22.7157069513274,19.1095739709469));
#4121=CARTESIAN_POINT('Origin',(144.288700898264,-8.51289032926262,11.6095739709469));
#4122=CARTESIAN_POINT('',(144.288700898264,-8.51289032926262,19.1095739709469));
#4123=CARTESIAN_POINT('Origin',(133.664345245282,-25.3137831626801,19.1095739709469));
#4124=CARTESIAN_POINT('Origin',(145.788700898265,-5.91481411790913,19.1095739709469));
#4125=CARTESIAN_POINT('Origin',(108.468294727181,-30.4413516699407,4.10957397094686));
#4126=CARTESIAN_POINT('Origin',(108.468294727181,-30.4413516699407,3.10957397094686));
#4127=CARTESIAN_POINT('Origin',(84.8257255263786,-12.1142986402942,3.10957397094687));
#4128=CARTESIAN_POINT('',(69.9156258435132,6.49609352457715,3.10957397094687));
#4129=CARTESIAN_POINT('',(66.3535959227869,7.42409991780516,3.10957397094687));
#4130=CARTESIAN_POINT('',(79.3336298529594,-2.92191048486764,3.10957397094687));
#4131=CARTESIAN_POINT('',(79.3336298529601,-2.92191048486976,3.10957397094687));
#4132=CARTESIAN_POINT('Origin',(88.4682947271815,6.21275438935163,3.10957397094687));
#4133=CARTESIAN_POINT('Origin',(88.4682947271815,6.21275438935163,4.10957397094687));
#4134=CARTESIAN_POINT('',(78.6265230717729,-3.62901726605419,4.10957397094687));
#4135=CARTESIAN_POINT('Origin',(79.3336298529594,-2.92191048486764,4.10957397094687));
#4136=CARTESIAN_POINT('Origin',(88.4682947271815,6.21275438935163,4.10957397094687));
#4137=CARTESIAN_POINT('Origin',(66.3535959227869,7.42409991780516,2.10957397094687));
#4138=CARTESIAN_POINT('Ctrl Pts',(69.9156258435132,6.49609352457715,3.10957397094687));
#4139=CARTESIAN_POINT('Ctrl Pts',(69.8288329705754,6.54814074345722,3.10957397094687));
#4140=CARTESIAN_POINT('Ctrl Pts',(69.7420438058144,6.60017552679964,3.10865597333987));
#4141=CARTESIAN_POINT('Ctrl Pts',(69.6526869775551,6.65328730590672,3.10676628639687));
#4142=CARTESIAN_POINT('Ctrl Pts',(69.5582871646612,6.70831021926319,3.10396781790587));
#4143=CARTESIAN_POINT('Ctrl Pts',(69.4556106172186,6.76672757207685,3.09997386498087));
#4144=CARTESIAN_POINT('Ctrl Pts',(69.3405022944835,6.83021485670968,3.09455758660987));
#4145=CARTESIAN_POINT('Ctrl Pts',(69.206353000498,6.90126005678569,3.08749284005887));
#4146=CARTESIAN_POINT('Ctrl Pts',(68.9555258463462,7.03031990820921,3.07127667327987));
#4147=CARTESIAN_POINT('Ctrl Pts',(68.8636465193767,7.07712521282312,3.06491784570187));
#4148=CARTESIAN_POINT('Ctrl Pts',(68.7617840911319,7.12846892948509,3.05739845993287));
#4149=CARTESIAN_POINT('Ctrl Pts',(68.6475986961142,7.18612020400278,3.04813800129587));
#4150=CARTESIAN_POINT('Ctrl Pts',(68.518681968666,7.25125282368536,3.03657034845787));
#4151=CARTESIAN_POINT('Ctrl Pts',(68.371296678464,7.32665329883925,3.02156448788887));
#4152=CARTESIAN_POINT('Ctrl Pts',(68.20207060035,7.41724032768164,3.00022681548787));
#4153=CARTESIAN_POINT('Ctrl Pts',(67.8327649135889,7.62953467280955,2.93264055769887));
#4154=CARTESIAN_POINT('Ctrl Pts',(67.6327557753486,7.7513076388466,2.88638293966787));
#4155=CARTESIAN_POINT('Ctrl Pts',(67.422907541562,7.88802185047004,2.82199735477687));
#4156=CARTESIAN_POINT('Ctrl Pts',(67.2194494880682,8.03844669545598,2.73060118538787));
#4157=CARTESIAN_POINT('Ctrl Pts',(67.0504037620501,8.17466608275612,2.60292248519587));
#4158=CARTESIAN_POINT('Ctrl Pts',(66.9288627785748,8.27376198013235,2.44798609676487));
#4159=CARTESIAN_POINT('Ctrl Pts',(66.8686027213031,8.32330668166203,2.27875882408587));
#4160=CARTESIAN_POINT('Ctrl Pts',(66.8686027213031,8.32330668166203,2.10957397094687));
#4161=CARTESIAN_POINT('Origin',(79.3336298529601,-2.92191048486976,4.10957397094687));
#4162=CARTESIAN_POINT('',(69.208519062326,5.7889867433913,4.10957397094687));
#4163=CARTESIAN_POINT('Origin',(69.9156258435123,6.49609352457766,4.10957397094661));
#4164=CARTESIAN_POINT('',(78.6265230717736,-3.62901726605631,4.10957397094687));
#4165=CARTESIAN_POINT('Ctrl Pts',(69.208519062326,5.7889867433913,4.10957397094687));
#4166=CARTESIAN_POINT('Ctrl Pts',(69.0696789705088,5.92782683520849,4.10957397094687));
#4167=CARTESIAN_POINT('Ctrl Pts',(68.9308400712187,6.06666573449859,4.09694838534387));
#4168=CARTESIAN_POINT('Ctrl Pts',(68.7914238213914,6.20608198432591,4.07165784842287));
#4169=CARTESIAN_POINT('Ctrl Pts',(68.650884113507,6.34662169221026,4.03387108606487));
#4170=CARTESIAN_POINT('Ctrl Pts',(68.5082730096037,6.48923279611353,3.98361226331487));
#4171=CARTESIAN_POINT('Ctrl Pts',(68.3620526640019,6.63545314171537,3.92102445365587));
#4172=CARTESIAN_POINT('Ctrl Pts',(68.2093166120965,6.78818919362081,3.84613912000487));
#4173=CARTESIAN_POINT('Ctrl Pts',(67.9607170978116,7.03678870790567,3.71249268612587));
#4174=CARTESIAN_POINT('Ctrl Pts',(67.8745929998531,7.12291280586412,3.66438261658487));
#4175=CARTESIAN_POINT('Ctrl Pts',(67.7844573592466,7.2130484464707,3.61249272298887));
#4176=CARTESIAN_POINT('Ctrl Pts',(67.6891388511764,7.30836695454086,3.55636313448887));
#4177=CARTESIAN_POINT('Ctrl Pts',(67.587561934415,7.40994387130225,3.49543395497387));
#4178=CARTESIAN_POINT('Ctrl Pts',(67.4780176303065,7.51948817541078,3.42868876942787));
#4179=CARTESIAN_POINT('Ctrl Pts',(67.3585805578345,7.63892524788275,3.35407080392687));
#4180=CARTESIAN_POINT('Ctrl Pts',(67.1035411639358,7.89396464178148,3.18181352872387));
#4181=CARTESIAN_POINT('Ctrl Pts',(66.9679198477647,8.02958595795254,3.08421050681887));
#4182=CARTESIAN_POINT('Ctrl Pts',(66.8262169103599,8.17128889535736,2.97136172348387));
#4183=CARTESIAN_POINT('Ctrl Pts',(66.6832886533923,8.31421715232501,2.83934049543987));
#4184=CARTESIAN_POINT('Ctrl Pts',(66.5536190837883,8.44388672192897,2.68016773798687));
#4185=CARTESIAN_POINT('Ctrl Pts',(66.4603253895484,8.5371804161689,2.49760474607287));
#4186=CARTESIAN_POINT('Ctrl Pts',(66.413607808932,8.58389799678532,2.30359683846787));
#4187=CARTESIAN_POINT('Ctrl Pts',(66.413607808932,8.58389799678532,2.10957397094687));
#4188=CARTESIAN_POINT('Ctrl Pts',(69.2085190623267,5.7889867433906,3.10957397094687));
#4189=CARTESIAN_POINT('Ctrl Pts',(69.1399414541907,5.85756435152657,3.13384470606687));
#4190=CARTESIAN_POINT('Ctrl Pts',(69.0672829177356,5.93022288798168,3.15597842563887));
#4191=CARTESIAN_POINT('Ctrl Pts',(68.9892403706893,6.00826543502797,3.17587612496187));
#4192=CARTESIAN_POINT('Ctrl Pts',(68.9042143169713,6.09329148874593,3.19356741503787));
#4193=CARTESIAN_POINT('Ctrl Pts',(68.8097083937459,6.18779741197136,3.20836105708287));
#4194=CARTESIAN_POINT('Ctrl Pts',(68.7024869638379,6.29501884187941,3.21951530927987));
#4195=CARTESIAN_POINT('Ctrl Pts',(68.5772327608229,6.42027304489438,3.22588300313687));
#4196=CARTESIAN_POINT('Ctrl Pts',(68.3464857016253,6.65102010409201,3.22064489042787));
#4197=CARTESIAN_POINT('Ctrl Pts',(68.264634622724,6.73287118299325,3.21660634632187));
#4198=CARTESIAN_POINT('Ctrl Pts',(68.175000678166,6.82250512755131,3.20977178012687));
#4199=CARTESIAN_POINT('Ctrl Pts',(68.0758566000391,6.92164920567818,3.19912212002587));
#4200=CARTESIAN_POINT('Ctrl Pts',(67.9657515429191,7.0317542627982,3.18373207235487));
#4201=CARTESIAN_POINT('Ctrl Pts',(67.8420170889457,7.15548871677159,3.16178389589087));
#4202=CARTESIAN_POINT('Ctrl Pts',(67.7017437458983,7.29576205981896,3.12950146599087));
#4203=CARTESIAN_POINT('Ctrl Pts',(67.4025976950401,7.59490811067715,3.03481584514687));
#4204=CARTESIAN_POINT('Ctrl Pts',(67.2441304056606,7.75337540005665,2.97334826268787));
#4205=CARTESIAN_POINT('Ctrl Pts',(67.0772280436051,7.92027776211216,2.89184980872587));
#4206=CARTESIAN_POINT('Ctrl Pts',(66.9088989518246,8.08860685389271,2.78259122540487));
#4207=CARTESIAN_POINT('Ctrl Pts',(66.7626428596564,8.23486294606094,2.64027554574687));
#4208=CARTESIAN_POINT('Ctrl Pts',(66.6577137773974,8.33979202831991,2.47171661997687));
#4209=CARTESIAN_POINT('Ctrl Pts',(66.6057077916023,8.391798014115,2.29026124885187));
#4210=CARTESIAN_POINT('Ctrl Pts',(66.6057077916023,8.391798014115,2.10957397094687));
#4211=CARTESIAN_POINT('Ctrl Pts',(69.9156258435132,6.49609352457715,3.10957397094687));
#4212=CARTESIAN_POINT('Ctrl Pts',(69.8288329705754,6.54814074345722,3.10957397094687));
#4213=CARTESIAN_POINT('Ctrl Pts',(69.7420438058144,6.60017552679964,3.10865597333987));
#4214=CARTESIAN_POINT('Ctrl Pts',(69.6526869775551,6.65328730590672,3.10676628639687));
#4215=CARTESIAN_POINT('Ctrl Pts',(69.5582871646612,6.70831021926319,3.10396781790587));
#4216=CARTESIAN_POINT('Ctrl Pts',(69.4556106172186,6.76672757207685,3.09997386498087));
#4217=CARTESIAN_POINT('Ctrl Pts',(69.3405022944835,6.83021485670968,3.09455758660987));
#4218=CARTESIAN_POINT('Ctrl Pts',(69.206353000498,6.90126005678569,3.08749284005887));
#4219=CARTESIAN_POINT('Ctrl Pts',(68.9555258463462,7.03031990820921,3.07127667327987));
#4220=CARTESIAN_POINT('Ctrl Pts',(68.8636465193767,7.07712521282312,3.06491784570187));
#4221=CARTESIAN_POINT('Ctrl Pts',(68.7617840911319,7.12846892948509,3.05739845993287));
#4222=CARTESIAN_POINT('Ctrl Pts',(68.6475986961142,7.18612020400278,3.04813800129587));
#4223=CARTESIAN_POINT('Ctrl Pts',(68.518681968666,7.25125282368536,3.03657034845787));
#4224=CARTESIAN_POINT('Ctrl Pts',(68.371296678464,7.32665329883925,3.02156448788887));
#4225=CARTESIAN_POINT('Ctrl Pts',(68.20207060035,7.41724032768164,3.00022681548787));
#4226=CARTESIAN_POINT('Ctrl Pts',(67.8327649135889,7.62953467280955,2.93264055769887));
#4227=CARTESIAN_POINT('Ctrl Pts',(67.6327557753486,7.7513076388466,2.88638293966787));
#4228=CARTESIAN_POINT('Ctrl Pts',(67.422907541562,7.88802185047004,2.82199735477687));
#4229=CARTESIAN_POINT('Ctrl Pts',(67.2194494880682,8.03844669545598,2.73060118538787));
#4230=CARTESIAN_POINT('Ctrl Pts',(67.0504037620501,8.17466608275612,2.60292248519587));
#4231=CARTESIAN_POINT('Ctrl Pts',(66.9288627785748,8.27376198013235,2.44798609676487));
#4232=CARTESIAN_POINT('Ctrl Pts',(66.8686027213031,8.32330668166203,2.27875882408587));
#4233=CARTESIAN_POINT('Ctrl Pts',(66.8686027213031,8.32330668166203,2.10957397094687));
#4234=CARTESIAN_POINT('',(66.413607808932,8.58389799678532,2.10957397094687));
#4235=CARTESIAN_POINT('Origin',(67.1207145901161,9.29100477796903,2.10957397094687));
#4236=CARTESIAN_POINT('Ctrl Pts',(69.208519062326,5.7889867433913,4.10957397094687));
#4237=CARTESIAN_POINT('Ctrl Pts',(69.0696789705088,5.92782683520849,4.10957397094687));
#4238=CARTESIAN_POINT('Ctrl Pts',(68.9308400712187,6.06666573449859,4.09694838534387));
#4239=CARTESIAN_POINT('Ctrl Pts',(68.7914238213914,6.20608198432591,4.07165784842287));
#4240=CARTESIAN_POINT('Ctrl Pts',(68.650884113507,6.34662169221026,4.03387108606487));
#4241=CARTESIAN_POINT('Ctrl Pts',(68.5082730096037,6.48923279611353,3.98361226331487));
#4242=CARTESIAN_POINT('Ctrl Pts',(68.3620526640019,6.63545314171537,3.92102445365587));
#4243=CARTESIAN_POINT('Ctrl Pts',(68.2093166120965,6.78818919362081,3.84613912000487));
#4244=CARTESIAN_POINT('Ctrl Pts',(67.9607170978116,7.03678870790567,3.71249268612587));
#4245=CARTESIAN_POINT('Ctrl Pts',(67.8745929998531,7.12291280586412,3.66438261658487));
#4246=CARTESIAN_POINT('Ctrl Pts',(67.7844573592466,7.2130484464707,3.61249272298887));
#4247=CARTESIAN_POINT('Ctrl Pts',(67.6891388511764,7.30836695454086,3.55636313448887));
#4248=CARTESIAN_POINT('Ctrl Pts',(67.587561934415,7.40994387130225,3.49543395497387));
#4249=CARTESIAN_POINT('Ctrl Pts',(67.4780176303065,7.51948817541078,3.42868876942787));
#4250=CARTESIAN_POINT('Ctrl Pts',(67.3585805578345,7.63892524788275,3.35407080392687));
#4251=CARTESIAN_POINT('Ctrl Pts',(67.1035411639358,7.89396464178148,3.18181352872387));
#4252=CARTESIAN_POINT('Ctrl Pts',(66.9679198477647,8.02958595795254,3.08421050681887));
#4253=CARTESIAN_POINT('Ctrl Pts',(66.8262169103599,8.17128889535736,2.97136172348387));
#4254=CARTESIAN_POINT('Ctrl Pts',(66.6832886533923,8.31421715232501,2.83934049543987));
#4255=CARTESIAN_POINT('Ctrl Pts',(66.5536190837883,8.44388672192897,2.68016773798687));
#4256=CARTESIAN_POINT('Ctrl Pts',(66.4603253895484,8.5371804161689,2.49760474607287));
#4257=CARTESIAN_POINT('Ctrl Pts',(66.413607808932,8.58389799678532,2.30359683846787));
#4258=CARTESIAN_POINT('Ctrl Pts',(66.413607808932,8.58389799678532,2.10957397094687));
#4259=CARTESIAN_POINT('Origin',(67.1207145901185,9.29100477797187,-3.89042602905313));
#4260=CARTESIAN_POINT('',(66.413607808932,8.58389799678532,-3.89042602905313));
#4261=CARTESIAN_POINT('Origin',(67.1207145901161,9.29100477796903,-3.89042602905313));
#4262=CARTESIAN_POINT('',(66.413607808932,8.58389799678532,-3.89042602905313));
#4263=CARTESIAN_POINT('Origin',(67.3128145727888,-33.3275020758913,4.10957397094686));
#4264=CARTESIAN_POINT('',(69.2085190623295,-30.0175840239775,4.10957397094686));
#4265=CARTESIAN_POINT('Origin',(69.9156258435159,-30.7246908051639,4.10957397094659));
#4266=CARTESIAN_POINT('',(79.3336298529601,-21.30668679572,3.10957397094686));
#4267=CARTESIAN_POINT('',(67.3128145727888,-33.3275020758913,3.10957397094686));
#4268=CARTESIAN_POINT('',(78.6265230717736,-20.5995800145335,4.10957397094687));
#4269=CARTESIAN_POINT('Origin',(79.3336298529601,-21.30668679572,4.10957397094687));
#4270=CARTESIAN_POINT('',(66.6057077916023,-32.6203952947048,4.10957397094686));
#4271=CARTESIAN_POINT('Ctrl Pts',(69.2085190623295,-30.0175840239775,4.10957397094686));
#4272=CARTESIAN_POINT('Ctrl Pts',(69.0696789705116,-30.1564241157954,4.10957397094686));
#4273=CARTESIAN_POINT('Ctrl Pts',(68.9308400712222,-30.2952630150848,4.09694838534386));
#4274=CARTESIAN_POINT('Ctrl Pts',(68.7914238213956,-30.4346792649114,4.07165784842286));
#4275=CARTESIAN_POINT('Ctrl Pts',(68.6508841135127,-30.5752189727944,4.03387108606486));
#4276=CARTESIAN_POINT('Ctrl Pts',(68.5082730096059,-30.7178300767012,3.98361226331486));
#4277=CARTESIAN_POINT('Ctrl Pts',(68.3620526640076,-30.8640504222995,3.92102445365586));
#4278=CARTESIAN_POINT('Ctrl Pts',(68.2093166121007,-31.0167864742063,3.84613912000486));
#4279=CARTESIAN_POINT('Ctrl Pts',(67.9607170978166,-31.2653859884905,3.71249268612586));
#4280=CARTESIAN_POINT('Ctrl Pts',(67.8745929998581,-31.3515100864489,3.66438261658486));
#4281=CARTESIAN_POINT('Ctrl Pts',(67.7844573592508,-31.4416457270562,3.61249272298886));
#4282=CARTESIAN_POINT('Ctrl Pts',(67.6891388511793,-31.5369642351278,3.55636313448886));
#4283=CARTESIAN_POINT('Ctrl Pts',(67.5875619344164,-31.6385411518906,3.49543395497386));
#4284=CARTESIAN_POINT('Ctrl Pts',(67.4780176303086,-31.7480854559984,3.42868876942786));
#4285=CARTESIAN_POINT('Ctrl Pts',(67.3585805578367,-31.8675225284704,3.35407080392686));
#4286=CARTESIAN_POINT('Ctrl Pts',(67.1035411639386,-32.1225619223684,3.18181352872386));
#4287=CARTESIAN_POINT('Ctrl Pts',(66.9679198477647,-32.2581832385423,3.08421050681886));
#4288=CARTESIAN_POINT('Ctrl Pts',(66.8262169103642,-32.3998861759429,2.97136172348386));
#4289=CARTESIAN_POINT('Ctrl Pts',(66.6832886533965,-32.5428144329105,2.83934049543986));
#4290=CARTESIAN_POINT('Ctrl Pts',(66.5536190837933,-32.6724840025138,2.68016773798686));
#4291=CARTESIAN_POINT('Ctrl Pts',(66.4603253895519,-32.7657776967551,2.49760474607286));
#4292=CARTESIAN_POINT('Ctrl Pts',(66.4136078089348,-32.8124952773722,2.30359683846786));
#4293=CARTESIAN_POINT('Ctrl Pts',(66.4136078089348,-32.8124952773722,2.10957397094686));
#4294=CARTESIAN_POINT('Ctrl Pts',(69.2085190623295,-30.0175840239775,3.10957397094686));
#4295=CARTESIAN_POINT('Ctrl Pts',(69.1399414541942,-30.0861616321128,3.13384470606686));
#4296=CARTESIAN_POINT('Ctrl Pts',(69.067282917737,-30.15882016857,3.15597842563886));
#4297=CARTESIAN_POINT('Ctrl Pts',(68.9892403706943,-30.2368627156128,3.17587612496186));
#4298=CARTESIAN_POINT('Ctrl Pts',(68.9042143169714,-30.3218887693357,3.19356741503786));
#4299=CARTESIAN_POINT('Ctrl Pts',(68.8097083937459,-30.4163946925611,3.20836105708286));
#4300=CARTESIAN_POINT('Ctrl Pts',(68.70248696384,-30.523616122467,3.21951530927986));
#4301=CARTESIAN_POINT('Ctrl Pts',(68.5772327608236,-30.6488703254834,3.22588300313686));
#4302=CARTESIAN_POINT('Ctrl Pts',(68.3464857016295,-30.8796173846775,3.22064489042786));
#4303=CARTESIAN_POINT('Ctrl Pts',(68.2646346227262,-30.9614684635809,3.21660634632186));
#4304=CARTESIAN_POINT('Ctrl Pts',(68.1750006781702,-31.0511024081368,3.20977178012686));
#4305=CARTESIAN_POINT('Ctrl Pts',(68.0758566000405,-31.1502464862665,3.19912212002586));
#4306=CARTESIAN_POINT('Ctrl Pts',(67.965751542924,-31.260351543383,3.18373207235486));
#4307=CARTESIAN_POINT('Ctrl Pts',(67.8420170889521,-31.384085997355,3.16178389589086));
#4308=CARTESIAN_POINT('Ctrl Pts',(67.7017437459026,-31.5243593404045,3.12950146599086));
#4309=CARTESIAN_POINT('Ctrl Pts',(67.4025976950401,-31.8235053912669,3.03481584514686));
#4310=CARTESIAN_POINT('Ctrl Pts',(67.2441304056627,-31.9819726806443,2.97334826268786));
#4311=CARTESIAN_POINT('Ctrl Pts',(67.077228043608,-32.1488750426991,2.89184980872586));
#4312=CARTESIAN_POINT('Ctrl Pts',(66.908898951826,-32.3172041344811,2.78259122540486));
#4313=CARTESIAN_POINT('Ctrl Pts',(66.7626428596606,-32.4634602266465,2.64027554574686));
#4314=CARTESIAN_POINT('Ctrl Pts',(66.6577137774002,-32.5683893089068,2.47171661997686));
#4315=CARTESIAN_POINT('Ctrl Pts',(66.6057077916023,-32.6203952947048,2.29026124885186));
#4316=CARTESIAN_POINT('Ctrl Pts',(66.6057077916023,-32.6203952947048,2.10957397094686));
#4317=CARTESIAN_POINT('Ctrl Pts',(69.9156258435161,-30.7246908051641,3.10957397094686));
#4318=CARTESIAN_POINT('Ctrl Pts',(69.8288329705818,-30.7767380240406,3.10957397094686));
#4319=CARTESIAN_POINT('Ctrl Pts',(69.7420438058173,-30.8287728073866,3.10865597333986));
#4320=CARTESIAN_POINT('Ctrl Pts',(69.6526869775544,-30.8818845864972,3.10676628639686));
#4321=CARTESIAN_POINT('Ctrl Pts',(69.5582871646641,-30.9369074998501,3.10396781790586));
#4322=CARTESIAN_POINT('Ctrl Pts',(69.4556106172207,-30.9953248526645,3.09997386498086));
#4323=CARTESIAN_POINT('Ctrl Pts',(69.3405022944856,-31.0588121372973,3.09455758660986));
#4324=CARTESIAN_POINT('Ctrl Pts',(69.2063530005023,-31.1298573373712,3.08749284005886));
#4325=CARTESIAN_POINT('Ctrl Pts',(68.9555258463483,-31.2589171887969,3.07127667327986));
#4326=CARTESIAN_POINT('Ctrl Pts',(68.8636465193781,-31.3057224934115,3.06491784570186));
#4327=CARTESIAN_POINT('Ctrl Pts',(68.7617840911355,-31.3570662100713,3.05739845993286));
#4328=CARTESIAN_POINT('Ctrl Pts',(68.6475986961142,-31.4147174845925,3.04813800129586));
#4329=CARTESIAN_POINT('Ctrl Pts',(68.5186819686667,-31.4798501042744,3.03657034845786));
#4330=CARTESIAN_POINT('Ctrl Pts',(68.3712966784675,-31.5552505794241,3.02156448788886));
#4331=CARTESIAN_POINT('Ctrl Pts',(68.2020706003542,-31.6458376082672,3.00022681548786));
#4332=CARTESIAN_POINT('Ctrl Pts',(67.832764913591,-31.8581319533972,2.93264055769886));
#4333=CARTESIAN_POINT('Ctrl Pts',(67.63275577535,-31.979904919435,2.88638293966786));
#4334=CARTESIAN_POINT('Ctrl Pts',(67.4229075415663,-32.1166191310556,2.82199735477686));
#4335=CARTESIAN_POINT('Ctrl Pts',(67.2194494880732,-32.2670439760408,2.73060118538786));
#4336=CARTESIAN_POINT('Ctrl Pts',(67.050403762053,-32.4032633633431,2.60292248519586));
#4337=CARTESIAN_POINT('Ctrl Pts',(66.9288627785776,-32.5023592607193,2.44798609676486));
#4338=CARTESIAN_POINT('Ctrl Pts',(66.8686027213095,-32.5519039622454,2.27875882408586));
#4339=CARTESIAN_POINT('Ctrl Pts',(66.8686027213095,-32.5519039622454,2.10957397094686));
#4340=CARTESIAN_POINT('',(66.4136078089348,-32.8124952773722,2.10957397094686));
#4341=CARTESIAN_POINT('Ctrl Pts',(69.2085190623295,-30.0175840239775,4.10957397094686));
#4342=CARTESIAN_POINT('Ctrl Pts',(69.0696789705116,-30.1564241157954,4.10957397094686));
#4343=CARTESIAN_POINT('Ctrl Pts',(68.9308400712222,-30.2952630150848,4.09694838534386));
#4344=CARTESIAN_POINT('Ctrl Pts',(68.7914238213956,-30.4346792649114,4.07165784842286));
#4345=CARTESIAN_POINT('Ctrl Pts',(68.6508841135127,-30.5752189727944,4.03387108606486));
#4346=CARTESIAN_POINT('Ctrl Pts',(68.5082730096059,-30.7178300767012,3.98361226331486));
#4347=CARTESIAN_POINT('Ctrl Pts',(68.3620526640076,-30.8640504222995,3.92102445365586));
#4348=CARTESIAN_POINT('Ctrl Pts',(68.2093166121007,-31.0167864742063,3.84613912000486));
#4349=CARTESIAN_POINT('Ctrl Pts',(67.9607170978166,-31.2653859884905,3.71249268612586));
#4350=CARTESIAN_POINT('Ctrl Pts',(67.8745929998581,-31.3515100864489,3.66438261658486));
#4351=CARTESIAN_POINT('Ctrl Pts',(67.7844573592508,-31.4416457270562,3.61249272298886));
#4352=CARTESIAN_POINT('Ctrl Pts',(67.6891388511793,-31.5369642351278,3.55636313448886));
#4353=CARTESIAN_POINT('Ctrl Pts',(67.5875619344164,-31.6385411518906,3.49543395497386));
#4354=CARTESIAN_POINT('Ctrl Pts',(67.4780176303086,-31.7480854559984,3.42868876942786));
#4355=CARTESIAN_POINT('Ctrl Pts',(67.3585805578367,-31.8675225284704,3.35407080392686));
#4356=CARTESIAN_POINT('Ctrl Pts',(67.1035411639386,-32.1225619223684,3.18181352872386));
#4357=CARTESIAN_POINT('Ctrl Pts',(66.9679198477647,-32.2581832385423,3.08421050681886));
#4358=CARTESIAN_POINT('Ctrl Pts',(66.8262169103642,-32.3998861759429,2.97136172348386));
#4359=CARTESIAN_POINT('Ctrl Pts',(66.6832886533965,-32.5428144329105,2.83934049543986));
#4360=CARTESIAN_POINT('Ctrl Pts',(66.5536190837933,-32.6724840025138,2.68016773798686));
#4361=CARTESIAN_POINT('Ctrl Pts',(66.4603253895519,-32.7657776967551,2.49760474607286));
#4362=CARTESIAN_POINT('Ctrl Pts',(66.4136078089348,-32.8124952773722,2.30359683846786));
#4363=CARTESIAN_POINT('Ctrl Pts',(66.4136078089348,-32.8124952773722,2.10957397094686));
#4364=CARTESIAN_POINT('Origin',(67.1207145901437,-33.5196020585895,2.10957397094686));
#4365=CARTESIAN_POINT('Origin',(67.1207145901213,-33.5196020585588,-3.89042602905314));
#4366=CARTESIAN_POINT('',(66.4136078089348,-32.8124952773722,-3.89042602905314));
#4367=CARTESIAN_POINT('Origin',(67.1207145901437,-33.5196020585895,-3.89042602905314));
#4368=CARTESIAN_POINT('',(66.4136078089348,-32.8124952773722,-3.89042602905314));
#4369=CARTESIAN_POINT('Origin',(88.4682947271815,6.21275438935162,25.1095739709469));
#4370=CARTESIAN_POINT('',(78.6265230717729,-3.6290172660556,24.1095739709469));
#4371=CARTESIAN_POINT('',(78.6265230717729,-3.6290172660556,25.1095739709469));
#4372=CARTESIAN_POINT('Origin',(88.4682947271815,6.21275438935162,24.1095739709469));
#4373=CARTESIAN_POINT('Ctrl Pts',(66.0907009880321,7.49259124143439,-4.89042602905313));
#4374=CARTESIAN_POINT('Ctrl Pts',(66.1585007565327,7.72172961350098,-4.89042603478313));
#4375=CARTESIAN_POINT('Ctrl Pts',(66.2263427858328,7.95102957877132,-4.83917792610313));
#4376=CARTESIAN_POINT('Ctrl Pts',(66.2902889716898,8.16719239482156,-4.73530751706313));
#4377=CARTESIAN_POINT('Ctrl Pts',(66.3473158740132,8.3608260533098,-4.58362175171313));
#4378=CARTESIAN_POINT('Ctrl Pts',(66.3917724319114,8.51034792717387,-4.37244083383313));
#4379=CARTESIAN_POINT('Ctrl Pts',(66.413607808932,8.58389799678532,-4.13138616558313));
#4380=CARTESIAN_POINT('Ctrl Pts',(66.413607808932,8.58389799678532,-3.89042602905313));
#4381=CARTESIAN_POINT('Ctrl Pts',(66.0907009880321,7.49259124143439,-4.89042602905313));
#4382=CARTESIAN_POINT('Ctrl Pts',(66.2062677064258,7.69437182987665,-4.89042603478313));
#4383=CARTESIAN_POINT('Ctrl Pts',(66.3226292159795,7.89754013123621,-4.83161158798313));
#4384=CARTESIAN_POINT('Ctrl Pts',(66.4299558421422,8.08493344034597,-4.71349546829313));
#4385=CARTESIAN_POINT('Ctrl Pts',(66.5171205767754,8.23712389526273,-4.54057182366313));
#4386=CARTESIAN_POINT('Ctrl Pts',(66.575698268726,8.33940110201945,-4.33693561727313));
#4387=CARTESIAN_POINT('Ctrl Pts',(66.6057077916023,8.391798014115,-4.11482448120313));
#4388=CARTESIAN_POINT('Ctrl Pts',(66.6057077916023,8.391798014115,-3.89042602905313));
#4389=CARTESIAN_POINT('Ctrl Pts',(66.0907009880321,7.49259124143439,-4.89042602905313));
#4390=CARTESIAN_POINT('Ctrl Pts',(66.2540346564525,7.66701404648637,-4.89042603478313));
#4391=CARTESIAN_POINT('Ctrl Pts',(66.4174863210237,7.84155506848929,-4.83917792610313));
#4392=CARTESIAN_POINT('Ctrl Pts',(66.5715780034994,8.00608844236781,-4.73530751706313));
#4393=CARTESIAN_POINT('Ctrl Pts',(66.7097386077437,8.1532540250389,-4.58362175171313));
#4394=CARTESIAN_POINT('Ctrl Pts',(66.8162117566346,8.26725685337797,-4.37244083383313));
#4395=CARTESIAN_POINT('Ctrl Pts',(66.8686027213031,8.32330668166203,-4.13138616558313));
#4396=CARTESIAN_POINT('Ctrl Pts',(66.8686027213031,8.32330668166203,-3.89042602905313));
#4397=CARTESIAN_POINT('Ctrl Pts',(66.090700993086,7.49259125025814,-4.89042602905313));
#4398=CARTESIAN_POINT('Ctrl Pts',(66.1585007565327,7.72172961350098,-4.89042603478313));
#4399=CARTESIAN_POINT('Ctrl Pts',(66.2263427858328,7.95102957877132,-4.83917792610313));
#4400=CARTESIAN_POINT('Ctrl Pts',(66.2902889716898,8.16719239482156,-4.73530751706313));
#4401=CARTESIAN_POINT('Ctrl Pts',(66.3473158740132,8.3608260533098,-4.58362175171313));
#4402=CARTESIAN_POINT('Ctrl Pts',(66.3917724319114,8.51034792717387,-4.37244083383313));
#4403=CARTESIAN_POINT('Ctrl Pts',(66.413607808932,8.58389799678532,-4.13138616558313));
#4404=CARTESIAN_POINT('Ctrl Pts',(66.413607808932,8.58389799678532,-3.89042602905313));
#4405=CARTESIAN_POINT('Origin',(70.5937900374944,4.40371576822287,11.4695739709469));
#4406=CARTESIAN_POINT('',(64.4843874480426,10.5131183576746,-3.89042602905313));
#4407=CARTESIAN_POINT('',(64.4843874480426,10.5131183576746,-3.89042602905313));
#4408=CARTESIAN_POINT('',(64.4843874480426,10.5131183576746,24.1095739709469));
#4409=CARTESIAN_POINT('',(64.4843874480426,10.5131183576746,-4.89042602905313));
#4410=CARTESIAN_POINT('',(64.4843874480426,10.5131183576746,24.1095739709469));
#4411=CARTESIAN_POINT('',(65.8278903322971,9.1696154734202,14.0595739709469));
#4412=CARTESIAN_POINT('',(65.8278903322971,9.1696154734202,14.1595739709469));
#4413=CARTESIAN_POINT('',(65.8278903322971,9.1696154734202,9.90957397094687));
#4414=CARTESIAN_POINT('',(68.7623834742213,6.23512233149603,9.90957397094687));
#4415=CARTESIAN_POINT('Origin',(68.7623834742212,6.23512233149603,14.0595739709469));
#4416=CARTESIAN_POINT('',(72.2272067020353,2.77029910368195,9.90957397094687));
#4417=CARTESIAN_POINT('',(65.8278903322971,9.1696154734202,9.90957397094687));
#4418=CARTESIAN_POINT('',(75.1616998439595,-0.164194038242224,14.0595739709469));
#4419=CARTESIAN_POINT('Origin',(72.2272067020353,2.77029910368195,14.0595739709469));
#4420=CARTESIAN_POINT('',(75.1616998439595,-0.164194038242224,14.1595739709469));
#4421=CARTESIAN_POINT('',(75.1616998439595,-0.164194038242226,9.90957397094687));
#4422=CARTESIAN_POINT('',(72.2272067020353,2.77029910368194,18.3095739709469));
#4423=CARTESIAN_POINT('Origin',(72.2272067020353,2.77029910368195,14.1595739709469));
#4424=CARTESIAN_POINT('',(68.7623834742212,6.23512233149603,18.3095739709469));
#4425=CARTESIAN_POINT('',(65.8278903322971,9.1696154734202,18.3095739709469));
#4426=CARTESIAN_POINT('Origin',(68.7623834742212,6.23512233149603,14.1595739709469));
#4427=CARTESIAN_POINT('Origin',(62.363067104483,8.391798014115,-4.89042602905313));
#4428=CARTESIAN_POINT('',(60.2417467609233,10.5131183576746,-3.89042602905313));
#4429=CARTESIAN_POINT('Origin',(62.363067104483,8.391798014115,-3.89042602905313));
#4430=CARTESIAN_POINT('',(60.2417467609234,10.5131183576746,24.1095739709469));
#4431=CARTESIAN_POINT('',(60.2417467609233,10.5131183576746,-4.89042602905313));
#4432=CARTESIAN_POINT('Origin',(62.363067104483,8.391798014115,24.1095739709469));
#4433=CARTESIAN_POINT('Ctrl Pts',(66.0907009930903,-31.7211885308436,-4.89042602905314));
#4434=CARTESIAN_POINT('Ctrl Pts',(66.1585007640945,-31.9503269196286,-4.89042602905314));
#4435=CARTESIAN_POINT('Ctrl Pts',(66.2263427917951,-32.1796268794938,-4.83917791651314));
#4436=CARTESIAN_POINT('Ctrl Pts',(66.2902889759069,-32.3957896897132,-4.73530750569314));
#4437=CARTESIAN_POINT('Ctrl Pts',(66.3473158765086,-32.5894233422936,-4.58362174001314));
#4438=CARTESIAN_POINT('Ctrl Pts',(66.3917724327203,-32.7389452104733,-4.37244082486314));
#4439=CARTESIAN_POINT('Ctrl Pts',(66.4136078089348,-32.8124952773722,-4.13138616110314));
#4440=CARTESIAN_POINT('Ctrl Pts',(66.4136078089348,-32.8124952773722,-3.89042602905314));
#4441=CARTESIAN_POINT('Ctrl Pts',(66.0907009930903,-31.7211885308436,-4.89042602905314));
#4442=CARTESIAN_POINT('Ctrl Pts',(66.2062677193786,-31.9229691330726,-4.89042602905314));
#4443=CARTESIAN_POINT('Ctrl Pts',(66.3226292257602,-32.1261374288856,-4.83161157807314));
#4444=CARTESIAN_POINT('Ctrl Pts',(66.4299558487876,-32.313530732528,-4.71349545424314));
#4445=CARTESIAN_POINT('Ctrl Pts',(66.5171205798174,-32.4657211811628,-4.54057181338314));
#4446=CARTESIAN_POINT('Ctrl Pts',(66.5756982699005,-32.5679983846605,-4.33693560874314));
#4447=CARTESIAN_POINT('Ctrl Pts',(66.6057077916023,-32.6203952947048,-4.11482447703314));
#4448=CARTESIAN_POINT('Ctrl Pts',(66.6057077916023,-32.6203952947048,-3.89042602905314));
#4449=CARTESIAN_POINT('Ctrl Pts',(66.0907009930903,-31.7211885308436,-4.89042602905314));
#4450=CARTESIAN_POINT('Ctrl Pts',(66.2540346746627,-31.8956113465166,-4.89042602905314));
#4451=CARTESIAN_POINT('Ctrl Pts',(66.4174863353844,-32.0701523644028,-4.83917791651314));
#4452=CARTESIAN_POINT('Ctrl Pts',(66.5715780137044,-32.2346857338314,-4.73530750569314));
#4453=CARTESIAN_POINT('Ctrl Pts',(66.7097386137259,-32.3818513120251,-4.58362174001314));
#4454=CARTESIAN_POINT('Ctrl Pts',(66.8162117585678,-32.4958541360353,-4.37244082486314));
#4455=CARTESIAN_POINT('Ctrl Pts',(66.8686027213095,-32.5519039622454,-4.13138616110314));
#4456=CARTESIAN_POINT('Ctrl Pts',(66.8686027213095,-32.5519039622454,-3.89042602905314));
#4457=CARTESIAN_POINT('',(66.0907009930903,-31.7211885308436,-4.89042602905314));
#4458=CARTESIAN_POINT('Ctrl Pts',(66.0907009930903,-31.7211885308436,-4.89042602905314));
#4459=CARTESIAN_POINT('Ctrl Pts',(66.2540346746627,-31.8956113465166,-4.89042602905314));
#4460=CARTESIAN_POINT('Ctrl Pts',(66.4174863353844,-32.0701523644028,-4.83917791651314));
#4461=CARTESIAN_POINT('Ctrl Pts',(66.5715780137044,-32.2346857338314,-4.73530750569314));
#4462=CARTESIAN_POINT('Ctrl Pts',(66.7097386137259,-32.3818513120251,-4.58362174001314));
#4463=CARTESIAN_POINT('Ctrl Pts',(66.8162117585678,-32.4958541360353,-4.37244082486314));
#4464=CARTESIAN_POINT('Ctrl Pts',(66.8686027213095,-32.5519039622454,-4.13138616110314));
#4465=CARTESIAN_POINT('Ctrl Pts',(66.8686027213095,-32.5519039622454,-3.89042602905314));
#4466=CARTESIAN_POINT('Ctrl Pts',(66.0907009930903,-31.7211885308436,-4.89042602905314));
#4467=CARTESIAN_POINT('Ctrl Pts',(66.1585007640945,-31.9503269196286,-4.89042602905314));
#4468=CARTESIAN_POINT('Ctrl Pts',(66.2263427917951,-32.1796268794938,-4.83917791651314));
#4469=CARTESIAN_POINT('Ctrl Pts',(66.2902889759069,-32.3957896897132,-4.73530750569314));
#4470=CARTESIAN_POINT('Ctrl Pts',(66.3473158765086,-32.5894233422936,-4.58362174001314));
#4471=CARTESIAN_POINT('Ctrl Pts',(66.3917724327203,-32.7389452104733,-4.37244082486314));
#4472=CARTESIAN_POINT('Ctrl Pts',(66.4136078089348,-32.8124952773722,-4.13138616110314));
#4473=CARTESIAN_POINT('Ctrl Pts',(66.4136078089348,-32.8124952773722,-3.89042602905314));
#4474=CARTESIAN_POINT('Origin',(61.5852496451778,4.92697478630091,18.3095739709469));
#4475=CARTESIAN_POINT('',(67.9845660149161,-1.47234158343734,18.3095739709469));
#4476=CARTESIAN_POINT('',(67.9845660149161,-1.47234158343734,18.3095739709469));
#4477=CARTESIAN_POINT('',(64.519742787102,1.99248164437674,18.3095739709469));
#4478=CARTESIAN_POINT('',(61.5852496451778,4.92697478630091,18.3095739709469));
#4479=CARTESIAN_POINT('',(64.519742787102,1.99248164437674,18.3095739709469));
#4480=CARTESIAN_POINT('Origin',(67.9845660149161,-1.47234158343734,14.1595739709469));
#4481=CARTESIAN_POINT('',(70.9190591568402,-4.40683472536151,14.1595739709469));
#4482=CARTESIAN_POINT('Origin',(67.9845660149161,-1.47234158343733,14.1595739709469));
#4483=CARTESIAN_POINT('',(70.9190591568402,-4.40683472536151,14.1595739709469));
#4484=CARTESIAN_POINT('Origin',(64.519742787102,1.99248164437674,14.1595739709469));
#4485=CARTESIAN_POINT('',(61.5852496451778,4.92697478630091,14.1595739709469));
#4486=CARTESIAN_POINT('Origin',(64.519742787102,1.99248164437675,14.1595739709469));
#4487=CARTESIAN_POINT('',(61.5852496451778,4.92697478630091,14.1595739709469));
#4488=CARTESIAN_POINT('Origin',(70.9190591568402,-4.40683472536151,9.90957397094687));
#4489=CARTESIAN_POINT('',(70.9190591568402,-4.40683472536151,14.0595739709469));
#4490=CARTESIAN_POINT('',(70.9190591568402,-4.40683472536151,9.90957397094687));
#4491=CARTESIAN_POINT('',(70.9190591568402,-4.40683472536151,14.0595739709469));
#4492=CARTESIAN_POINT('Origin',(61.5852496451778,4.92697478630092,9.90957397094687));
#4493=CARTESIAN_POINT('',(61.5852496451778,4.92697478630091,14.0595739709469));
#4494=CARTESIAN_POINT('',(61.5852496451778,4.92697478630092,9.90957397094687));
#4495=CARTESIAN_POINT('',(61.5852496451778,4.92697478630091,14.0595739709469));
#4496=CARTESIAN_POINT('Origin',(67.9845660149161,-1.47234158343734,14.0595739709469));
#4497=CARTESIAN_POINT('',(67.9845660149161,-1.47234158343734,9.90957397094687));
#4498=CARTESIAN_POINT('Origin',(67.9845660149161,-1.47234158343733,14.0595739709469));
#4499=CARTESIAN_POINT('',(67.9845660149161,-1.47234158343734,9.90957397094687));
#4500=CARTESIAN_POINT('Origin',(64.519742787102,1.99248164437674,14.0595739709469));
#4501=CARTESIAN_POINT('',(64.519742787102,1.99248164437674,9.90957397094687));
#4502=CARTESIAN_POINT('Origin',(64.519742787102,1.99248164437675,14.0595739709469));
#4503=CARTESIAN_POINT('',(64.519742787102,1.99248164437674,9.90957397094687));
#4504=CARTESIAN_POINT('Origin',(61.5852496451778,4.92697478630092,9.90957397094687));
#4505=CARTESIAN_POINT('',(61.5852496451778,4.92697478630092,9.90957397094687));
#4506=CARTESIAN_POINT('Origin',(60.2417467609233,10.5131183576746,-4.89042602905313));
#4507=CARTESIAN_POINT('',(58.1204264173637,8.39179801411501,-3.89042602905313));
#4508=CARTESIAN_POINT('',(58.1204264173637,8.39179801411501,-3.89042602905313));
#4509=CARTESIAN_POINT('',(58.1204264173637,8.39179801411501,24.1095739709469));
#4510=CARTESIAN_POINT('',(58.1204264173637,8.39179801411501,-4.89042602905313));
#4511=CARTESIAN_POINT('',(58.1204264173637,8.391798014115,24.1095739709469));
#4512=CARTESIAN_POINT('Origin',(70.5937900374944,-28.6323130488126,11.4695739709469));
#4513=CARTESIAN_POINT('',(64.4843874480426,-34.7417156382644,-3.89042602905314));
#4514=CARTESIAN_POINT('',(64.4843874480426,-34.7417156382644,-3.89042602905314));
#4515=CARTESIAN_POINT('',(78.6265230717736,-20.5995800145335,24.1095739709469));
#4516=CARTESIAN_POINT('',(78.6265230717736,-20.5995800145335,25.1095739709469));
#4517=CARTESIAN_POINT('',(64.4843874480426,-34.7417156382644,24.1095739709469));
#4518=CARTESIAN_POINT('',(78.6265230717736,-20.5995800145335,24.1095739709469));
#4519=CARTESIAN_POINT('',(64.4843874480426,-34.7417156382644,-4.89042602905314));
#4520=CARTESIAN_POINT('',(68.7623834742213,-30.4637196120858,9.90957397094687));
#4521=CARTESIAN_POINT('',(72.2272067020353,-26.9988963842717,9.90957397094687));
#4522=CARTESIAN_POINT('',(65.8278903322971,-33.39821275401,9.90957397094687));
#4523=CARTESIAN_POINT('',(65.8278903322971,-33.39821275401,14.0595739709469));
#4524=CARTESIAN_POINT('Origin',(68.7623834742213,-30.4637196120858,14.0595739709469));
#4525=CARTESIAN_POINT('',(65.8278903322971,-33.39821275401,14.1595739709469));
#4526=CARTESIAN_POINT('',(65.8278903322971,-33.39821275401,9.90957397094687));
#4527=CARTESIAN_POINT('',(68.7623834742213,-30.4637196120858,18.3095739709469));
#4528=CARTESIAN_POINT('Origin',(68.7623834742213,-30.4637196120858,14.1595739709469));
#4529=CARTESIAN_POINT('',(72.2272067020353,-26.9988963842717,18.3095739709469));
#4530=CARTESIAN_POINT('',(65.8278903322971,-33.39821275401,18.3095739709469));
#4531=CARTESIAN_POINT('',(75.1616998439595,-24.0644032423475,14.1595739709469));
#4532=CARTESIAN_POINT('Origin',(72.2272067020353,-26.9988963842717,14.1595739709469));
#4533=CARTESIAN_POINT('',(75.1616998439595,-24.0644032423475,14.0595739709469));
#4534=CARTESIAN_POINT('',(75.1616998439595,-24.0644032423475,9.90957397094686));
#4535=CARTESIAN_POINT('Origin',(72.2272067020353,-26.9988963842717,14.0595739709469));
#4536=CARTESIAN_POINT('Origin',(62.363067104483,-32.6203952947048,-4.89042602905314));
#4537=CARTESIAN_POINT('',(60.2417467609234,-34.7417156382644,-3.89042602905314));
#4538=CARTESIAN_POINT('',(60.2417467609234,-34.7417156382644,24.1095739709469));
#4539=CARTESIAN_POINT('',(60.2417467609234,-34.7417156382644,-4.89042602905314));
#4540=CARTESIAN_POINT('Origin',(62.363067104483,-32.6203952947048,-3.89042602905314));
#4541=CARTESIAN_POINT('Origin',(62.363067104483,-32.6203952947048,24.1095739709469));
#4542=CARTESIAN_POINT('Origin',(88.4682947271815,6.21275438935162,24.1095739709469));
#4543=CARTESIAN_POINT('',(77.9194162905863,-4.33612404724215,25.1095739709469));
#4544=CARTESIAN_POINT('Origin',(77.9194162905863,-4.33612404724215,24.1095739709469));
#4545=CARTESIAN_POINT('Origin',(88.4682947271815,6.21275438935162,25.1095739709469));
#4546=CARTESIAN_POINT('Origin',(63.7772806668561,9.80601157648809,24.1095739709469));
#4547=CARTESIAN_POINT('',(63.7772806668561,9.80601157648809,25.1095739709469));
#4548=CARTESIAN_POINT('Origin',(63.7772806668561,9.80601157648809,24.1095739709469));
#4549=CARTESIAN_POINT('',(63.7772806668561,9.80601157648809,25.1095739709469));
#4550=CARTESIAN_POINT('Origin',(62.363067104483,8.391798014115,24.1095739709469));
#4551=CARTESIAN_POINT('',(60.9488535421099,9.80601157648809,25.1095739709469));
#4552=CARTESIAN_POINT('Origin',(60.9488535421099,9.80601157648809,24.1095739709469));
#4553=CARTESIAN_POINT('Origin',(62.363067104483,8.391798014115,25.1095739709469));
#4554=CARTESIAN_POINT('Origin',(77.919416290587,-19.8924732333469,24.1095739709469));
#4555=CARTESIAN_POINT('',(77.919416290587,-19.8924732333469,25.1095739709469));
#4556=CARTESIAN_POINT('Origin',(77.919416290587,-19.8924732333469,24.1095739709469));
#4557=CARTESIAN_POINT('',(63.7772806668561,-34.0346088570779,25.1095739709469));
#4558=CARTESIAN_POINT('',(77.919416290587,-19.8924732333469,25.1095739709469));
#4559=CARTESIAN_POINT('Origin',(63.7772806668561,-34.0346088570779,24.1095739709469));
#4560=CARTESIAN_POINT('Origin',(58.8275331985503,7.68469123292846,24.1095739709469));
#4561=CARTESIAN_POINT('',(58.8275331985503,7.68469123292846,25.1095739709469));
#4562=CARTESIAN_POINT('Origin',(58.8275331985503,7.68469123292845,24.1095739709469));
#4563=CARTESIAN_POINT('',(58.8275331985503,7.68469123292846,25.1095739709469));
#4564=CARTESIAN_POINT('Origin',(62.363067104483,-32.6203952947048,24.1095739709469));
#4565=CARTESIAN_POINT('',(60.9488535421099,-34.0346088570779,25.1095739709469));
#4566=CARTESIAN_POINT('Origin',(62.363067104483,-32.6203952947048,25.1095739709469));
#4567=CARTESIAN_POINT('Origin',(60.9488535421099,-34.0346088570779,24.1095739709469));
#4568=CARTESIAN_POINT('Origin',(63.7772806668561,9.8060115764881,-3.89042602905313));
#4569=CARTESIAN_POINT('',(63.7772806668561,9.8060115764881,-4.89042602905313));
#4570=CARTESIAN_POINT('',(63.7772806668561,9.8060115764881,-4.89042602905313));
#4571=CARTESIAN_POINT('Origin',(63.7772806668561,9.8060115764881,-3.89042602905313));
#4572=CARTESIAN_POINT('Origin',(62.363067104483,8.391798014115,-3.89042602905313));
#4573=CARTESIAN_POINT('',(60.9488535421099,9.8060115764881,-4.89042602905313));
#4574=CARTESIAN_POINT('Origin',(60.9488535421099,9.8060115764881,-3.89042602905313));
#4575=CARTESIAN_POINT('Origin',(62.363067104483,8.391798014115,-4.89042602905313));
#4576=CARTESIAN_POINT('Origin',(63.7772806668561,-34.0346088570779,-3.89042602905314));
#4577=CARTESIAN_POINT('',(63.7772806668561,-34.0346088570779,-4.89042602905314));
#4578=CARTESIAN_POINT('Origin',(63.7772806668561,-34.0346088570779,-3.89042602905314));
#4579=CARTESIAN_POINT('',(63.7772806668561,-34.0346088570779,-4.89042602905314));
#4580=CARTESIAN_POINT('Origin',(58.8275331985503,7.68469123292846,-3.89042602905313));
#4581=CARTESIAN_POINT('',(58.8275331985503,7.68469123292846,-4.89042602905313));
#4582=CARTESIAN_POINT('Origin',(58.8275331985503,7.68469123292846,-3.89042602905313));
#4583=CARTESIAN_POINT('',(58.8275331985503,7.68469123292846,-4.89042602905313));
#4584=CARTESIAN_POINT('Origin',(62.363067104483,-32.6203952947048,-3.89042602905314));
#4585=CARTESIAN_POINT('',(60.9488535421099,-34.0346088570779,-4.89042602905314));
#4586=CARTESIAN_POINT('Origin',(60.9488535421099,-34.0346088570779,-3.89042602905314));
#4587=CARTESIAN_POINT('Origin',(62.363067104483,-32.6203952947048,-4.89042602905314));
#4588=CARTESIAN_POINT('Origin',(78.6265230717736,-12.1142986402949,-4.89042602905314));
#4589=CARTESIAN_POINT('',(77.9194162905871,-11.4071918591083,-4.89042602905313));
#4590=CARTESIAN_POINT('',(78.6265230717736,-12.1142986402949,-4.89042602905314));
#4591=CARTESIAN_POINT('',(77.9194162905871,-11.4071918591083,25.1095739709469));
#4592=CARTESIAN_POINT('',(77.9194162905871,-11.4071918591083,-4.89042602905313));
#4593=CARTESIAN_POINT('',(78.6265230717736,-12.1142986402949,25.1095739709469));
#4594=CARTESIAN_POINT('Origin',(70.9190591568402,-19.8217625552283,9.90957397094687));
#4595=CARTESIAN_POINT('',(70.9190591568402,-19.8217625552283,14.0595739709469));
#4596=CARTESIAN_POINT('',(70.9190591568402,-19.8217625552283,14.1595739709469));
#4597=CARTESIAN_POINT('',(70.9190591568402,-19.8217625552283,9.90957397094687));
#4598=CARTESIAN_POINT('',(70.9190591568402,-19.8217625552283,14.0595739709469));
#4599=CARTESIAN_POINT('',(70.9190591568402,-19.8217625552283,14.1595739709469));
#4600=CARTESIAN_POINT('Origin',(67.9845660149161,-22.7562556971524,14.1595739709469));
#4601=CARTESIAN_POINT('',(67.9845660149161,-22.7562556971524,18.3095739709469));
#4602=CARTESIAN_POINT('Origin',(67.9845660149161,-22.7562556971524,14.1595739709469));
#4603=CARTESIAN_POINT('',(67.9845660149161,-22.7562556971524,18.3095739709469));
#4604=CARTESIAN_POINT('Origin',(67.9845660149161,-22.7562556971524,14.0595739709469));
#4605=CARTESIAN_POINT('',(67.9845660149161,-22.7562556971524,9.90957397094687));
#4606=CARTESIAN_POINT('Origin',(67.9845660149161,-22.7562556971524,14.0595739709469));
#4607=CARTESIAN_POINT('',(67.9845660149161,-22.7562556971524,9.90957397094687));
#4608=CARTESIAN_POINT('Origin',(61.5852496451778,-29.1555720668907,18.3095739709469));
#4609=CARTESIAN_POINT('',(64.519742787102,-26.2210789249665,18.3095739709469));
#4610=CARTESIAN_POINT('',(64.519742787102,-26.2210789249665,18.3095739709469));
#4611=CARTESIAN_POINT('',(61.5852496451778,-29.1555720668907,18.3095739709469));
#4612=CARTESIAN_POINT('Origin',(61.5852496451778,-29.1555720668907,9.90957397094687));
#4613=CARTESIAN_POINT('',(64.519742787102,-26.2210789249665,9.90957397094687));
#4614=CARTESIAN_POINT('',(61.5852496451778,-29.1555720668907,9.90957397094687));
#4615=CARTESIAN_POINT('',(64.519742787102,-26.2210789249665,9.90957397094687));
#4616=CARTESIAN_POINT('Origin',(64.519742787102,-26.2210789249665,14.1595739709469));
#4617=CARTESIAN_POINT('',(61.5852496451778,-29.1555720668907,14.1595739709469));
#4618=CARTESIAN_POINT('Origin',(64.519742787102,-26.2210789249665,14.1595739709469));
#4619=CARTESIAN_POINT('',(61.5852496451778,-29.1555720668907,14.1595739709469));
#4620=CARTESIAN_POINT('Origin',(64.519742787102,-26.2210789249665,14.0595739709469));
#4621=CARTESIAN_POINT('',(61.5852496451778,-29.1555720668907,14.0595739709469));
#4622=CARTESIAN_POINT('Origin',(64.519742787102,-26.2210789249665,14.0595739709469));
#4623=CARTESIAN_POINT('',(61.5852496451778,-29.1555720668907,14.0595739709469));
#4624=CARTESIAN_POINT('Origin',(61.5852496451778,-29.1555720668907,9.90957397094687));
#4625=CARTESIAN_POINT('',(61.5852496451778,-29.1555720668907,9.90957397094687));
#4626=CARTESIAN_POINT('Origin',(60.9488535421099,-34.0346088570779,24.1095739709469));
#4627=CARTESIAN_POINT('',(58.8275331985503,-31.9132885135182,25.1095739709469));
#4628=CARTESIAN_POINT('',(60.9488535421099,-34.0346088570779,25.1095739709469));
#4629=CARTESIAN_POINT('',(58.1204264173637,-32.6203952947048,24.1095739709469));
#4630=CARTESIAN_POINT('Origin',(58.8275331985503,-31.9132885135182,24.1095739709469));
#4631=CARTESIAN_POINT('',(60.2417467609234,-34.7417156382644,24.1095739709469));
#4632=CARTESIAN_POINT('Origin',(58.1204264173637,-32.6203952947048,-4.89042602905314));
#4633=CARTESIAN_POINT('',(58.1204264173637,-32.6203952947048,-3.89042602905314));
#4634=CARTESIAN_POINT('',(58.1204264173637,-32.6203952947048,-4.89042602905314));
#4635=CARTESIAN_POINT('',(58.1204264173637,-32.6203952947048,-3.89042602905314));
#4636=CARTESIAN_POINT('Origin',(58.8275331985503,-31.9132885135182,-3.89042602905314));
#4637=CARTESIAN_POINT('',(58.8275331985503,-31.9132885135182,-4.89042602905314));
#4638=CARTESIAN_POINT('Origin',(58.8275331985503,-31.9132885135182,-3.89042602905314));
#4639=CARTESIAN_POINT('',(58.8275331985503,-31.9132885135182,-4.89042602905314));
#4640=CARTESIAN_POINT('Origin',(77.2123095094005,-12.1142986402949,-4.89042602905313));
#4641=CARTESIAN_POINT('',(77.919416290587,-12.8214054214814,-4.89042602905314));
#4642=CARTESIAN_POINT('Origin',(77.2123095094005,-12.1142986402949,-4.89042602905313));
#4643=CARTESIAN_POINT('',(77.919416290587,-12.8214054214814,25.1095739709469));
#4644=CARTESIAN_POINT('',(77.919416290587,-12.8214054214814,-4.89042602905314));
#4645=CARTESIAN_POINT('Origin',(77.2123095094005,-12.1142986402949,25.1095739709469));
#4646=CARTESIAN_POINT('Origin',(87.5889102896075,-12.1142986402949,-4.89042602905314));
#4647=CARTESIAN_POINT('',(66.3535959227904,-31.6526971983914,-4.89042602905314));
#4648=CARTESIAN_POINT('',(58.1204264173637,-32.6203952947048,-4.89042602905314));
#4649=CARTESIAN_POINT('Origin',(58.1204264173637,-32.6203952947048,-4.89042602905314));
#4650=CARTESIAN_POINT('',(58.1204264173637,-32.6203952947048,25.1095739709469));
#4651=CARTESIAN_POINT('Origin',(87.5889102896075,-12.1142986402949,25.1095739709469));
#4652=CARTESIAN_POINT('Origin',(88.4682947271808,-30.4413516699407,25.1095739709469));
#4653=CARTESIAN_POINT('Origin',(88.4682947271808,-30.4413516699407,24.1095739709469));
#4654=CARTESIAN_POINT('Origin',(88.4682947271808,-30.4413516699407,24.1095739709469));
#4655=CARTESIAN_POINT('Origin',(88.4682947271808,-30.4413516699407,25.1095739709469));
#4656=CARTESIAN_POINT('Origin',(88.4682947271808,-30.4413516699407,4.10957397094686));
#4657=CARTESIAN_POINT('Origin',(88.4682947271808,-30.4413516699407,4.10957397094686));
#4658=CARTESIAN_POINT('Origin',(88.4682947271808,-30.4413516699407,3.10957397094686));
#4659=CARTESIAN_POINT('Origin',(84.8257255263786,-12.1142986402942,3.10957397094687));
#4660=CARTESIAN_POINT('Origin',(66.3535959227904,-31.6526971983914,-3.89042602905314));
#4661=UNCERTAINTY_MEASURE_WITH_UNIT(LENGTH_MEASURE(0.01),#4665,
'DISTANCE_ACCURACY_VALUE',
'Maximum model space distance between geometric entities at asserted c
onnectivities');
#4662=UNCERTAINTY_MEASURE_WITH_UNIT(LENGTH_MEASURE(0.01),#4665,
'DISTANCE_ACCURACY_VALUE',
'Maximum model space distance between geometric entities at asserted c
onnectivities');
#4663=(
GEOMETRIC_REPRESENTATION_CONTEXT(3)
GLOBAL_UNCERTAINTY_ASSIGNED_CONTEXT((#4661))
GLOBAL_UNIT_ASSIGNED_CONTEXT((#4665,#4667,#4668))
REPRESENTATION_CONTEXT('','3D')
);
#4664=(
GEOMETRIC_REPRESENTATION_CONTEXT(3)
GLOBAL_UNCERTAINTY_ASSIGNED_CONTEXT((#4662))
GLOBAL_UNIT_ASSIGNED_CONTEXT((#4665,#4667,#4668))
REPRESENTATION_CONTEXT('','3D')
);
#4665=(
LENGTH_UNIT()
NAMED_UNIT(*)
SI_UNIT(.MILLI.,.METRE.)
);
#4666=(
LENGTH_UNIT()
NAMED_UNIT(*)
SI_UNIT($,.METRE.)
);
#4667=(
NAMED_UNIT(*)
PLANE_ANGLE_UNIT()
SI_UNIT($,.RADIAN.)
);
#4668=(
NAMED_UNIT(*)
SI_UNIT($,.STERADIAN.)
SOLID_ANGLE_UNIT()
);
#4669=SHAPE_DEFINITION_REPRESENTATION(#4670,#4671);
#4670=PRODUCT_DEFINITION_SHAPE('',$,#4673);
#4671=SHAPE_REPRESENTATION('',(#2224),#4663);
#4672=PRODUCT_DEFINITION_CONTEXT('part definition',#4677,'design');
#4673=PRODUCT_DEFINITION('Fillet002',
'Belt tensioner Corner Motor Bracket v3',#4674,#4672);
#4674=PRODUCT_DEFINITION_FORMATION('',$,#4679);
#4675=PRODUCT_RELATED_PRODUCT_CATEGORY(
'Belt tensioner Corner Motor Bracket v3',
'Belt tensioner Corner Motor Bracket v3',(#4679));
#4676=APPLICATION_PROTOCOL_DEFINITION('international standard',
'automotive_design',2009,#4677);
#4677=APPLICATION_CONTEXT(
'Core Data for Automotive Mechanical Design Process');
#4678=PRODUCT_CONTEXT('part definition',#4677,'mechanical');
#4679=PRODUCT('Fillet002','Belt tensioner Corner Motor Bracket v3',
'FreeCAD Model',(#4678));
#4680=PRESENTATION_STYLE_ASSIGNMENT((#4682));
#4681=PRESENTATION_STYLE_ASSIGNMENT((#4683));
#4682=SURFACE_STYLE_USAGE(.BOTH.,#4684);
#4683=SURFACE_STYLE_USAGE(.BOTH.,#4685);
#4684=SURFACE_SIDE_STYLE('',(#4686));
#4685=SURFACE_SIDE_STYLE('',(#4687));
#4686=SURFACE_STYLE_FILL_AREA(#4688);
#4687=SURFACE_STYLE_FILL_AREA(#4689);
#4688=FILL_AREA_STYLE('Stal \X2\2014\X0\ satynowa',(#4690));
#4689=FILL_AREA_STYLE('Opaque(114,121,128)',(#4691));
#4690=FILL_AREA_STYLE_COLOUR('Stal \X2\2014\X0\ satynowa',#4692);
#4691=FILL_AREA_STYLE_COLOUR('Opaque(114,121,128)',#4693);
#4692=COLOUR_RGB('Stal \X2\2014\X0\ satynowa',0.627450980392157,0.627450980392157,
0.627450980392157);
#4693=COLOUR_RGB('Opaque(114,121,128)',0.447058823529412,0.474509803921569,
0.501960784313725);
ENDSEC;
END-ISO-10303-21;
