ISO-10303-21;
HEADER;
FILE_DESCRIPTION(('FreeCAD Model'),'2;1');
FILE_NAME('Open CASCADE Shape Model','2026-09-27T20:40:55',(''),(''),
  'Open CASCADE STEP processor 7.8','FreeCAD','Unknown');
FILE_SCHEMA(('AUTOMOTIVE_DESIGN { 1 0 10303 214 1 1 1 1 }'));
ENDSEC;
DATA;
#1 = APPLICATION_PROTOCOL_DEFINITION('international standard',
  'automotive_design',2000,#2);
#2 = APPLICATION_CONTEXT(
  'core data for automotive mechanical design processes');
#3 = SHAPE_DEFINITION_REPRESENTATION(#4,#10);
#4 = PRODUCT_DEFINITION_SHAPE('','',#5);
#5 = PRODUCT_DEFINITION('design','',#6,#9);
#6 = PRODUCT_DEFINITION_FORMATION('','',#7);
#7 = PRODUCT('Fillet010','Fillet010','',(#8));
#8 = PRODUCT_CONTEXT('',#2,'mechanical');
#9 = PRODUCT_DEFINITION_CONTEXT('part definition',#2,'design');
#10 = ADVANCED_BREP_SHAPE_REPRESENTATION('',(#11,#15),#3153);
#11 = AXIS2_PLACEMENT_3D('',#12,#13,#14);
#12 = CARTESIAN_POINT('',(0.,0.,0.));
#13 = DIRECTION('',(0.,0.,1.));
#14 = DIRECTION('',(1.,0.,-0.));
#15 = MANIFOLD_SOLID_BREP('',#16);
#16 = CLOSED_SHELL('',(#17,#172,#257,#283,#539,#613,#698,#723,#748,#772,
    #796,#821,#861,#917,#935,#960,#985,#1072,#1105,#1131,#1164,#1296,
    #1434,#1452,#1461,#1612,#1629,#1655,#1680,#1706,#1770,#1787,#1812,
    #1837,#1860,#1872,#1892,#1912,#1982,#2216,#2233,#2276,#2288,#2314,
    #2387,#2404,#2474,#2491,#2725,#2742,#2785,#2797,#2814,#2831,#2845,
    #2870,#2895,#2920,#2945,#2970,#2988,#3005,#3022,#3031,#3043,#3068,
    #3093,#3102,#3114,#3126,#3135,#3144));
#17 = ADVANCED_FACE('',(#18,#145,#156),#167,.F.);
#18 = FACE_BOUND('',#19,.F.);
#19 = EDGE_LOOP('',(#20,#30,#39,#47,#56,#64,#73,#81,#90,#98,#106,#115,
    #124));
#20 = ORIENTED_EDGE('',*,*,#21,.T.);
#21 = EDGE_CURVE('',#22,#24,#26,.T.);
#22 = VERTEX_POINT('',#23);
#23 = CARTESIAN_POINT('',(-1.,3.464101615138,-3.88230925142E-15));
#24 = VERTEX_POINT('',#25);
#25 = CARTESIAN_POINT('',(-1.,7.5,4.006579864025E-15));
#26 = LINE('',#27,#28);
#27 = CARTESIAN_POINT('',(-1.,9.5,-2.650845688169E-15));
#28 = VECTOR('',#29,1.);
#29 = DIRECTION('',(-0.,1.,2.22044604925E-16));
#30 = ORIENTED_EDGE('',*,*,#31,.T.);
#31 = EDGE_CURVE('',#24,#32,#34,.T.);
#32 = VERTEX_POINT('',#33);
#33 = CARTESIAN_POINT('',(-3.,9.5,-1.029074699666E-14));
#34 = CIRCLE('',#35,2.);
#35 = AXIS2_PLACEMENT_3D('',#36,#37,#38);
#36 = CARTESIAN_POINT('',(-3.,7.5,4.006579864025E-15));
#37 = DIRECTION('',(0.,1.110223024625E-16,1.));
#38 = DIRECTION('',(0.,-1.,1.110223024625E-16));
#39 = ORIENTED_EDGE('',*,*,#40,.F.);
#40 = EDGE_CURVE('',#41,#32,#43,.T.);
#41 = VERTEX_POINT('',#42);
#42 = CARTESIAN_POINT('',(-7.,9.5,-2.053912595557E-15));
#43 = LINE('',#44,#45);
#44 = CARTESIAN_POINT('',(-7.,9.5,-9.769962616701E-15));
#45 = VECTOR('',#46,1.);
#46 = DIRECTION('',(1.,0.,0.));
#47 = ORIENTED_EDGE('',*,*,#48,.F.);
#48 = EDGE_CURVE('',#49,#41,#51,.T.);
#49 = VERTEX_POINT('',#50);
#50 = CARTESIAN_POINT('',(-11.26907484122,6.423024947076,
    -1.712299740561E-15));
#51 = CIRCLE('',#52,4.5);
#52 = AXIS2_PLACEMENT_3D('',#53,#54,#55);
#53 = CARTESIAN_POINT('',(-7.,5.,-1.554312234475E-15));
#54 = DIRECTION('',(0.,-1.110223024625E-16,-1.));
#55 = DIRECTION('',(1.,0.,0.));
#56 = ORIENTED_EDGE('',*,*,#57,.T.);
#57 = EDGE_CURVE('',#49,#58,#60,.T.);
#58 = VERTEX_POINT('',#59);
#59 = CARTESIAN_POINT('',(-17.26907484122,-11.57697505292,
    2.861017037641E-16));
#60 = LINE('',#61,#62);
#61 = CARTESIAN_POINT('',(-11.26907484122,6.423024947076,
    -1.712299740561E-15));
#62 = VECTOR('',#63,1.);
#63 = DIRECTION('',(-0.316227766017,-0.948683298051,1.053250040573E-16)
  );
#64 = ORIENTED_EDGE('',*,*,#65,.F.);
#65 = EDGE_CURVE('',#66,#58,#68,.T.);
#66 = VERTEX_POINT('',#67);
#67 = CARTESIAN_POINT('',(-13.,-17.5,9.436895709314E-16));
#68 = CIRCLE('',#69,4.5);
#69 = AXIS2_PLACEMENT_3D('',#70,#71,#72);
#70 = CARTESIAN_POINT('',(-13.,-13.,4.440892098501E-16));
#71 = DIRECTION('',(0.,-1.110223024625E-16,-1.));
#72 = DIRECTION('',(1.,0.,0.));
#73 = ORIENTED_EDGE('',*,*,#74,.F.);
#74 = EDGE_CURVE('',#75,#66,#77,.T.);
#75 = VERTEX_POINT('',#76);
#76 = CARTESIAN_POINT('',(-12.,-17.5,4.773959005888E-15));
#77 = LINE('',#78,#79);
#78 = CARTESIAN_POINT('',(43.,-17.5,4.440892098501E-15));
#79 = VECTOR('',#80,1.);
#80 = DIRECTION('',(-1.,-0.,0.));
#81 = ORIENTED_EDGE('',*,*,#82,.T.);
#82 = EDGE_CURVE('',#75,#83,#85,.T.);
#83 = VERTEX_POINT('',#84);
#84 = CARTESIAN_POINT('',(-11.,-16.5,-4.440892098501E-16));
#85 = CIRCLE('',#86,1.);
#86 = AXIS2_PLACEMENT_3D('',#87,#88,#89);
#87 = CARTESIAN_POINT('',(-12.,-16.5,0.));
#88 = DIRECTION('',(0.,1.110223024625E-16,1.));
#89 = DIRECTION('',(0.,1.,-1.110223024625E-16));
#90 = ORIENTED_EDGE('',*,*,#91,.F.);
#91 = EDGE_CURVE('',#92,#83,#94,.T.);
#92 = VERTEX_POINT('',#93);
#93 = CARTESIAN_POINT('',(-11.,-1.5,-2.6645352591E-15));
#94 = LINE('',#95,#96);
#95 = CARTESIAN_POINT('',(-11.,-1.5,-2.6645352591E-15));
#96 = VECTOR('',#97,1.);
#97 = DIRECTION('',(0.,-1.,1.110223024625E-16));
#98 = ORIENTED_EDGE('',*,*,#99,.T.);
#99 = EDGE_CURVE('',#92,#100,#102,.T.);
#100 = VERTEX_POINT('',#101);
#101 = CARTESIAN_POINT('',(-3.968626966597,-1.5,-1.7763568394E-15));
#102 = LINE('',#103,#104);
#103 = CARTESIAN_POINT('',(-11.,-1.5,-2.6645352591E-15));
#104 = VECTOR('',#105,1.);
#105 = DIRECTION('',(1.,0.,0.));
#106 = ORIENTED_EDGE('',*,*,#107,.F.);
#107 = EDGE_CURVE('',#108,#100,#110,.T.);
#108 = VERTEX_POINT('',#109);
#109 = CARTESIAN_POINT('',(-2.976470224948,-0.375,0.));
#110 = CIRCLE('',#111,1.);
#111 = AXIS2_PLACEMENT_3D('',#112,#113,#114);
#112 = CARTESIAN_POINT('',(-3.968626966597,-0.5,-1.7763568394E-15));
#113 = DIRECTION('',(0.,0.,-1.));
#114 = DIRECTION('',(0.,1.,0.));
#115 = ORIENTED_EDGE('',*,*,#116,.F.);
#116 = EDGE_CURVE('',#117,#108,#119,.T.);
#117 = VERTEX_POINT('',#118);
#118 = CARTESIAN_POINT('',(-1.5,2.598076211353,0.));
#119 = CIRCLE('',#120,3.);
#120 = AXIS2_PLACEMENT_3D('',#121,#122,#123);
#121 = CARTESIAN_POINT('',(0.,0.,0.));
#122 = DIRECTION('',(0.,0.,1.));
#123 = DIRECTION('',(1.,0.,0.));
#124 = ORIENTED_EDGE('',*,*,#125,.F.);
#125 = EDGE_CURVE('',#22,#117,#126,.T.);
#126 = B_SPLINE_CURVE_WITH_KNOTS('',5,(#127,#128,#129,#130,#131,#132,
    #133,#134,#135,#136,#137,#138,#139,#140,#141,#142,#143,#144),
  .UNSPECIFIED.,.F.,.F.,(6,4,4,4,6),(0.,0.249571064957,0.5,
    0.750428935043,1.),.UNSPECIFIED.);
#127 = CARTESIAN_POINT('',(-1.,3.464101615138,-2.313793259439E-15));
#128 = CARTESIAN_POINT('',(-1.,3.413968110125,-2.308227322282E-15));
#129 = CARTESIAN_POINT('',(-1.003141604665,3.363068985828,
    -2.30257638431E-15));
#130 = CARTESIAN_POINT('',(-1.009617419107,3.311766719573,
    -2.296880688588E-15));
#131 = CARTESIAN_POINT('',(-1.019539713205,3.260492346873,
    -2.291188089674E-15));
#132 = CARTESIAN_POINT('',(-1.046312352884,3.158719918503,
    -2.279889080349E-15));
#133 = CARTESIAN_POINT('',(-1.063186518986,3.108224342528,
    -2.27428294524E-15));
#134 = CARTESIAN_POINT('',(-1.083522069312,3.058658585696,
    -2.268780040793E-15));
#135 = CARTESIAN_POINT('',(-1.107195963119,3.010483568218,
    -2.263431539432E-15));
#136 = CARTESIAN_POINT('',(-1.160753229312,2.917719662057,
    -2.253132676984E-15));
#137 = CARTESIAN_POINT('',(-1.190637071372,2.873129959874,
    -2.248182225582E-15));
#138 = CARTESIAN_POINT('',(-1.223394500784,2.830735978277,
    -2.243475548134E-15));
#139 = CARTESIAN_POINT('',(-1.258687869306,2.790874733778,
    -2.239050060991E-15));
#140 = CARTESIAN_POINT('',(-1.33343905784,2.716802733504,
    -2.230826416973E-15));
#141 = CARTESIAN_POINT('',(-1.372882820112,2.682572588402,
    -2.22702610745E-15));
#142 = CARTESIAN_POINT('',(-1.414073978739,2.651313235456,
    -2.223555622112E-15));
#143 = CARTESIAN_POINT('',(-1.456583111078,2.62314296386,
    -2.220428093699E-15));
#144 = CARTESIAN_POINT('',(-1.5,2.598076211353,-2.21764512512E-15));
#145 = FACE_BOUND('',#146,.F.);
#146 = EDGE_LOOP('',(#147));
#147 = ORIENTED_EDGE('',*,*,#148,.T.);
#148 = EDGE_CURVE('',#149,#149,#151,.T.);
#149 = VERTEX_POINT('',#150);
#150 = CARTESIAN_POINT('',(-5.5,5.,-1.554312234475E-15));
#151 = CIRCLE('',#152,1.5);
#152 = AXIS2_PLACEMENT_3D('',#153,#154,#155);
#153 = CARTESIAN_POINT('',(-7.,5.,-1.554312234475E-15));
#154 = DIRECTION('',(0.,-1.110223024625E-16,-1.));
#155 = DIRECTION('',(1.,0.,0.));
#156 = FACE_BOUND('',#157,.F.);
#157 = EDGE_LOOP('',(#158));
#158 = ORIENTED_EDGE('',*,*,#159,.T.);
#159 = EDGE_CURVE('',#160,#160,#162,.T.);
#160 = VERTEX_POINT('',#161);
#161 = CARTESIAN_POINT('',(-11.5,-13.,4.440892098501E-16));
#162 = CIRCLE('',#163,1.5);
#163 = AXIS2_PLACEMENT_3D('',#164,#165,#166);
#164 = CARTESIAN_POINT('',(-13.,-13.,4.440892098501E-16));
#165 = DIRECTION('',(0.,-1.110223024625E-16,-1.));
#166 = DIRECTION('',(1.,0.,0.));
#167 = PLANE('',#168);
#168 = AXIS2_PLACEMENT_3D('',#169,#170,#171);
#169 = CARTESIAN_POINT('',(15.,-4.79811285857,-1.396503185129E-15));
#170 = DIRECTION('',(0.,1.110223024625E-16,1.));
#171 = DIRECTION('',(0.,-1.,1.110223024625E-16));
#172 = ADVANCED_FACE('',(#173),#252,.F.);
#173 = FACE_BOUND('',#174,.T.);
#174 = EDGE_LOOP('',(#175,#176,#185,#193));
#175 = ORIENTED_EDGE('',*,*,#21,.T.);
#176 = ORIENTED_EDGE('',*,*,#177,.F.);
#177 = EDGE_CURVE('',#178,#24,#180,.T.);
#178 = VERTEX_POINT('',#179);
#179 = CARTESIAN_POINT('',(1.,7.5,4.006579864025E-15));
#180 = CIRCLE('',#181,1.);
#181 = AXIS2_PLACEMENT_3D('',#182,#183,#184);
#182 = CARTESIAN_POINT('',(0.,7.5,4.006579864025E-15));
#183 = DIRECTION('',(0.,-1.,6.710223024625E-16));
#184 = DIRECTION('',(1.,2.367295029805E-45,3.527893217732E-30));
#185 = ORIENTED_EDGE('',*,*,#186,.T.);
#186 = EDGE_CURVE('',#178,#187,#189,.T.);
#187 = VERTEX_POINT('',#188);
#188 = CARTESIAN_POINT('',(1.,3.464101615142,1.324296586867E-15));
#189 = LINE('',#190,#191);
#190 = CARTESIAN_POINT('',(1.,9.5,2.419605899271E-15));
#191 = VECTOR('',#192,1.);
#192 = DIRECTION('',(0.,-1.,-2.22044604925E-16));
#193 = ORIENTED_EDGE('',*,*,#194,.T.);
#194 = EDGE_CURVE('',#187,#22,#195,.T.);
#195 = B_SPLINE_CURVE_WITH_KNOTS('',10,(#196,#197,#198,#199,#200,#201,
    #202,#203,#204,#205,#206,#207,#208,#209,#210,#211,#212,#213,#214,
    #215,#216,#217,#218,#219,#220,#221,#222,#223,#224,#225,#226,#227,
    #228,#229,#230,#231,#232,#233,#234,#235,#236,#237,#238,#239,#240,
    #241,#242,#243,#244,#245,#246,#247,#248,#249,#250,#251),
  .UNSPECIFIED.,.F.,.F.,(11,9,9,9,9,9,11),(-0.115541708925,
    -1.25575358495E-13,0.859775840249,1.582397106242,2.310637477478,
    3.164586546157,3.280121047041),.UNSPECIFIED.);
#196 = CARTESIAN_POINT('',(1.,3.464101615138,-0.16818384504));
#197 = CARTESIAN_POINT('',(1.,3.464101615138,-0.142791790594));
#198 = CARTESIAN_POINT('',(1.,3.464101615138,-0.119304996135));
#199 = CARTESIAN_POINT('',(1.,3.464101615138,-9.772346166334E-02));
#200 = CARTESIAN_POINT('',(1.,3.464101615138,-7.804718717862E-02));
#201 = CARTESIAN_POINT('',(1.,3.464101615138,-6.027617268102E-02));
#202 = CARTESIAN_POINT('',(1.,3.464101615138,-4.441041817056E-02));
#203 = CARTESIAN_POINT('',(1.,3.464101615138,-3.044992364724E-02));
#204 = CARTESIAN_POINT('',(1.,3.464101615138,-1.839468911106E-02));
#205 = CARTESIAN_POINT('',(1.,3.464101615138,-8.244714562004E-03));
#206 = CARTESIAN_POINT('',(1.,3.464101615138,6.135106063448E-02));
#207 = CARTESIAN_POINT('',(0.995819999515,3.469117494889,0.12263124965)
  );
#208 = CARTESIAN_POINT('',(0.987468069494,3.47915972305,0.184121768681)
  );
#209 = CARTESIAN_POINT('',(0.974789063767,3.494253534277,0.245999682878)
  );
#210 = CARTESIAN_POINT('',(0.95748329049,3.514462055106,0.308388630238)
  );
#211 = CARTESIAN_POINT('',(0.935105076311,3.539864100617,0.371371218308)
  );
#212 = CARTESIAN_POINT('',(0.907041223313,3.570486642027,0.434963108259)
  );
#213 = CARTESIAN_POINT('',(0.872469358679,3.606191945036,0.499048786332)
  );
#214 = CARTESIAN_POINT('',(0.830296177122,3.646519379094,0.563279022662)
  );
#215 = CARTESIAN_POINT('',(0.736025871863,3.727431354735,0.680427173695)
  );
#216 = CARTESIAN_POINT('',(0.686640897471,3.766924968314,0.733498800283)
  );
#217 = CARTESIAN_POINT('',(0.629614969077,3.808481344493,0.785735413954)
  );
#218 = CARTESIAN_POINT('',(0.566125214584,3.850405321562,0.835961252291)
  );
#219 = CARTESIAN_POINT('',(0.489505342213,3.893293996978,0.884380007105)
  );
#220 = CARTESIAN_POINT('',(0.409134778473,3.931159339605,0.926400999337)
  );
#221 = CARTESIAN_POINT('',(0.312653100597,3.965406134225,0.963049068967)
  );
#222 = CARTESIAN_POINT('',(0.211539726431,3.98829583267,0.987518011329)
  );
#223 = CARTESIAN_POINT('',(0.10574753586,4.00000021767,1.000000399826));
#224 = CARTESIAN_POINT('',(-0.1065774202,3.999999780614,0.99999959705));
#225 = CARTESIAN_POINT('',(-0.213288412445,3.988123423372,0.987328735168
    ));
#226 = CARTESIAN_POINT('',(-0.315429004223,3.964704766468,0.962371800696
    ));
#227 = CARTESIAN_POINT('',(-0.411524831105,3.930311360398,0.925293307584
    ));
#228 = CARTESIAN_POINT('',(-0.493277846125,3.891546987236,0.882724438434
    ));
#229 = CARTESIAN_POINT('',(-0.569423039135,3.848574665842,0.833659148976
    ));
#230 = CARTESIAN_POINT('',(-0.633425544475,3.805934564901,0.782800142148
    ));
#231 = CARTESIAN_POINT('',(-0.690204066909,3.764320184207,0.730185444846
    ));
#232 = CARTESIAN_POINT('',(-0.739564425233,3.724594385879,0.676607337337
    ));
#233 = CARTESIAN_POINT('',(-0.832829772103,3.644090166859,0.559401609624
    ));
#234 = CARTESIAN_POINT('',(-0.874311920254,3.604285553361,0.495618393254
    ));
#235 = CARTESIAN_POINT('',(-0.908348783063,3.569058835394,0.431987045011
    ));
#236 = CARTESIAN_POINT('',(-0.936000687869,3.538848190358,0.36884097743)
  );
#237 = CARTESIAN_POINT('',(-0.958063092776,3.513786465268,0.306295010004
    ));
#238 = CARTESIAN_POINT('',(-0.975130002104,3.493848652074,0.244336506188
    ));
#239 = CARTESIAN_POINT('',(-0.987635677657,3.47895807217,0.182883568657)
  );
#240 = CARTESIAN_POINT('',(-0.995874645742,3.469051269883,0.121810292803
    ));
#241 = CARTESIAN_POINT('',(-1.,3.464101615138,6.093907848115E-02));
#242 = CARTESIAN_POINT('',(-1.,3.464101615138,-8.244714204694E-03));
#243 = CARTESIAN_POINT('',(-1.,3.464101615138,-1.839468847592E-02));
#244 = CARTESIAN_POINT('',(-1.,3.464101615138,-3.044992281366E-02));
#245 = CARTESIAN_POINT('',(-1.,3.464101615138,-4.441041721792E-02));
#246 = CARTESIAN_POINT('',(-1.,3.464101615138,-6.027617168868E-02));
#247 = CARTESIAN_POINT('',(-1.,3.464101615138,-7.804718622597E-02));
#248 = CARTESIAN_POINT('',(-1.,3.464101615138,-9.772346082976E-02));
#249 = CARTESIAN_POINT('',(-1.,3.464101615138,-0.1193049955));
#250 = CARTESIAN_POINT('',(-1.,3.464101615138,-0.142791790237));
#251 = CARTESIAN_POINT('',(-1.,3.464101615137,-0.16818384504));
#252 = CYLINDRICAL_SURFACE('',#253,1.);
#253 = AXIS2_PLACEMENT_3D('',#254,#255,#256);
#254 = CARTESIAN_POINT('',(0.,9.5,2.6645352591E-15));
#255 = DIRECTION('',(-0.,1.,2.22044604925E-16));
#256 = DIRECTION('',(1.,0.,0.));
#257 = ADVANCED_FACE('',(#258),#278,.T.);
#258 = FACE_BOUND('',#259,.T.);
#259 = EDGE_LOOP('',(#260,#269,#270,#271));
#260 = ORIENTED_EDGE('',*,*,#261,.F.);
#261 = EDGE_CURVE('',#178,#262,#264,.T.);
#262 = VERTEX_POINT('',#263);
#263 = CARTESIAN_POINT('',(3.,9.5,2.6645352591E-15));
#264 = CIRCLE('',#265,2.);
#265 = AXIS2_PLACEMENT_3D('',#266,#267,#268);
#266 = CARTESIAN_POINT('',(3.,7.5,4.006579864025E-15));
#267 = DIRECTION('',(-0.,-1.110223024625E-16,-1.));
#268 = DIRECTION('',(0.,-1.,1.110223024625E-16));
#269 = ORIENTED_EDGE('',*,*,#177,.T.);
#270 = ORIENTED_EDGE('',*,*,#31,.T.);
#271 = ORIENTED_EDGE('',*,*,#272,.F.);
#272 = EDGE_CURVE('',#262,#32,#273,.T.);
#273 = CIRCLE('',#274,3.);
#274 = AXIS2_PLACEMENT_3D('',#275,#276,#277);
#275 = CARTESIAN_POINT('',(0.,9.5,2.6645352591E-15));
#276 = DIRECTION('',(0.,-1.,6.710223024625E-16));
#277 = DIRECTION('',(1.,2.367295029805E-45,3.527893217732E-30));
#278 = TOROIDAL_SURFACE('',#279,3.,2.);
#279 = AXIS2_PLACEMENT_3D('',#280,#281,#282);
#280 = CARTESIAN_POINT('',(0.,7.5,4.006579864025E-15));
#281 = DIRECTION('',(-0.,-1.,6.710223024625E-16));
#282 = DIRECTION('',(1.,2.367295029805E-45,3.527893217732E-30));
#283 = ADVANCED_FACE('',(#284),#370,.T.);
#284 = FACE_BOUND('',#285,.T.);
#285 = EDGE_LOOP('',(#286,#309,#368,#369));
#286 = ORIENTED_EDGE('',*,*,#287,.T.);
#287 = EDGE_CURVE('',#187,#288,#290,.T.);
#288 = VERTEX_POINT('',#289);
#289 = CARTESIAN_POINT('',(1.499999999999,2.598076211354,0.));
#290 = B_SPLINE_CURVE_WITH_KNOTS('',5,(#291,#292,#293,#294,#295,#296,
    #297,#298,#299,#300,#301,#302,#303,#304,#305,#306,#307,#308),
  .UNSPECIFIED.,.F.,.F.,(6,4,4,4,6),(0.,0.249571064957,0.5,
    0.750428935043,1.),.UNSPECIFIED.);
#291 = CARTESIAN_POINT('',(1.,3.464101615138,-2.313793259439E-15));
#292 = CARTESIAN_POINT('',(1.,3.413968110125,-2.308227322282E-15));
#293 = CARTESIAN_POINT('',(1.003141604665,3.363068985828,
    -2.30257638431E-15));
#294 = CARTESIAN_POINT('',(1.009617419107,3.311766719573,
    -2.296880688588E-15));
#295 = CARTESIAN_POINT('',(1.019539713205,3.260492346873,
    -2.291188089674E-15));
#296 = CARTESIAN_POINT('',(1.046312352884,3.158719918503,
    -2.279889080349E-15));
#297 = CARTESIAN_POINT('',(1.063186518986,3.108224342528,
    -2.27428294524E-15));
#298 = CARTESIAN_POINT('',(1.083522069312,3.058658585696,
    -2.268780040793E-15));
#299 = CARTESIAN_POINT('',(1.107195963119,3.010483568218,
    -2.263431539432E-15));
#300 = CARTESIAN_POINT('',(1.160753229312,2.917719662057,
    -2.253132676984E-15));
#301 = CARTESIAN_POINT('',(1.190637071372,2.873129959874,
    -2.248182225582E-15));
#302 = CARTESIAN_POINT('',(1.223394500784,2.830735978277,
    -2.243475548134E-15));
#303 = CARTESIAN_POINT('',(1.258687869306,2.790874733778,
    -2.239050060991E-15));
#304 = CARTESIAN_POINT('',(1.33343905784,2.716802733504,
    -2.230826416973E-15));
#305 = CARTESIAN_POINT('',(1.372882820112,2.682572588401,
    -2.22702610745E-15));
#306 = CARTESIAN_POINT('',(1.414073978739,2.651313235456,
    -2.223555622112E-15));
#307 = CARTESIAN_POINT('',(1.456583111078,2.62314296386,
    -2.220428093699E-15));
#308 = CARTESIAN_POINT('',(1.5,2.598076211353,-2.21764512512E-15));
#309 = ORIENTED_EDGE('',*,*,#310,.T.);
#310 = EDGE_CURVE('',#288,#117,#311,.T.);
#311 = B_SPLINE_CURVE_WITH_KNOTS('',10,(#312,#313,#314,#315,#316,#317,
    #318,#319,#320,#321,#322,#323,#324,#325,#326,#327,#328,#329,#330,
    #331,#332,#333,#334,#335,#336,#337,#338,#339,#340,#341,#342,#343,
    #344,#345,#346,#347,#348,#349,#350,#351,#352,#353,#354,#355,#356,
    #357,#358,#359,#360,#361,#362,#363,#364,#365,#366,#367),
  .UNSPECIFIED.,.F.,.F.,(11,9,9,9,9,9,11),(-0.115541708925,
    -1.25575358495E-13,0.859775840249,1.582397106242,2.310637477478,
    3.164586546157,3.280121047041),.UNSPECIFIED.);
#312 = CARTESIAN_POINT('',(1.5,2.598076211353,-0.16818384504));
#313 = CARTESIAN_POINT('',(1.5,2.598076211353,-0.151365460536));
#314 = CARTESIAN_POINT('',(1.5,2.598076211353,-0.134547076032));
#315 = CARTESIAN_POINT('',(1.5,2.598076211353,-0.117728691528));
#316 = CARTESIAN_POINT('',(1.5,2.598076211353,-0.100910307024));
#317 = CARTESIAN_POINT('',(1.5,2.598076211353,-8.409192252031E-02));
#318 = CARTESIAN_POINT('',(1.5,2.598076211353,-6.727353801629E-02));
#319 = CARTESIAN_POINT('',(1.5,2.598076211353,-5.045515351226E-02));
#320 = CARTESIAN_POINT('',(1.5,2.598076211353,-3.363676900823E-02));
#321 = CARTESIAN_POINT('',(1.5,2.598076211353,-1.681838450421E-02));
#322 = CARTESIAN_POINT('',(1.5,2.598076211353,0.12514996362));
#323 = CARTESIAN_POINT('',(1.493573514718,2.601778942897,0.25017182917)
  );
#324 = CARTESIAN_POINT('',(1.480727447585,2.609205594518,0.375370866389)
  );
#325 = CARTESIAN_POINT('',(1.461292226498,2.620331645313,0.500925494501)
  );
#326 = CARTESIAN_POINT('',(1.434912423661,2.635145770197,0.62699879908)
  );
#327 = CARTESIAN_POINT('',(1.401013801766,2.653666438128,0.753757882644)
  );
#328 = CARTESIAN_POINT('',(1.358746786596,2.675916203407,0.881301048997)
  );
#329 = CARTESIAN_POINT('',(1.306906365958,2.701853689949,1.009492821295)
  );
#330 = CARTESIAN_POINT('',(1.243828415031,2.73126326861,1.13770679385));
#331 = CARTESIAN_POINT('',(1.10291056307,2.790782725974,1.371023105223)
  );
#332 = CARTESIAN_POINT('',(1.029182242145,2.820007180702,1.476494756618)
  );
#333 = CARTESIAN_POINT('',(0.943535544726,2.851056592694,1.580301502455)
  );
#334 = CARTESIAN_POINT('',(0.849785845193,2.882620612736,1.678974338341)
  );
#335 = CARTESIAN_POINT('',(0.733180774368,2.915628174084,1.775555694143)
  );
#336 = CARTESIAN_POINT('',(0.614320477965,2.94505596263,1.856699122826)
  );
#337 = CARTESIAN_POINT('',(0.468941940874,2.972333756269,1.92857431068)
  );
#338 = CARTESIAN_POINT('',(0.317208047084,2.990639354792,1.975809370295)
  );
#339 = CARTESIAN_POINT('',(0.158608229028,2.999999954915,1.999999927708)
  );
#340 = CARTESIAN_POINT('',(-0.159839854962,3.000000045435,2.000000072818
    ));
#341 = CARTESIAN_POINT('',(-0.319977192797,2.990501329473,1.975452368474
    ));
#342 = CARTESIAN_POINT('',(-0.473283324056,2.971747629106,1.927048460036
    ));
#343 = CARTESIAN_POINT('',(-0.616874159733,2.944461846044,1.855166475343
    ));
#344 = CARTESIAN_POINT('',(-0.740453054648,2.914143728928,1.771406033318
    ));
#345 = CARTESIAN_POINT('',(-0.85333422406,2.881324771723,1.675250310895)
  );
#346 = CARTESIAN_POINT('',(-0.949892888111,2.849081693389,1.574088959025
    ));
#347 = CARTESIAN_POINT('',(-1.034359802338,2.81807639433,1.470021605989)
  );
#348 = CARTESIAN_POINT('',(-1.10819822106,2.788683815705,1.363430006236)
  );
#349 = CARTESIAN_POINT('',(-1.247625635512,2.72948968597,1.129952976325)
  );
#350 = CARTESIAN_POINT('',(-1.309674564666,2.700467383684,1.002614368129
    ));
#351 = CARTESIAN_POINT('',(-1.360716309758,2.674878767094,0.875327128671
    ));
#352 = CARTESIAN_POINT('',(-1.402366692062,2.652926817645,0.748676534001
    ));
#353 = CARTESIAN_POINT('',(-1.435791563126,2.634651841423,0.622787108814
    ));
#354 = CARTESIAN_POINT('',(-1.461812235636,2.6200339682,0.497564914487)
  );
#355 = CARTESIAN_POINT('',(-1.480985623086,2.609056440217,0.372851842035
    ));
#356 = CARTESIAN_POINT('',(-1.493659088175,2.601729690576,0.248491909964
    ));
#357 = CARTESIAN_POINT('',(-1.5,2.598076211353,0.124309567047));
#358 = CARTESIAN_POINT('',(-1.5,2.598076211353,-1.681838450399E-02));
#359 = CARTESIAN_POINT('',(-1.5,2.598076211353,-3.363676900801E-02));
#360 = CARTESIAN_POINT('',(-1.5,2.598076211353,-5.045515351204E-02));
#361 = CARTESIAN_POINT('',(-1.5,2.598076211353,-6.727353801606E-02));
#362 = CARTESIAN_POINT('',(-1.5,2.598076211353,-8.409192252009E-02));
#363 = CARTESIAN_POINT('',(-1.5,2.598076211353,-0.100910307024));
#364 = CARTESIAN_POINT('',(-1.5,2.598076211353,-0.117728691528));
#365 = CARTESIAN_POINT('',(-1.5,2.598076211353,-0.134547076032));
#366 = CARTESIAN_POINT('',(-1.5,2.598076211353,-0.151365460536));
#367 = CARTESIAN_POINT('',(-1.5,2.598076211353,-0.16818384504));
#368 = ORIENTED_EDGE('',*,*,#125,.F.);
#369 = ORIENTED_EDGE('',*,*,#194,.F.);
#370 = ( BOUNDED_SURFACE() B_SPLINE_SURFACE(2,10,(
    (#371,#372,#373,#374,#375,#376,#377,#378,#379,#380,#381,#382,#383
      ,#384,#385,#386,#387,#388,#389,#390,#391,#392,#393,#394,#395,#396
      ,#397,#398,#399,#400,#401,#402,#403,#404,#405,#406,#407,#408,#409
      ,#410,#411,#412,#413,#414,#415,#416,#417,#418,#419,#420,#421,#422
      ,#423,#424,#425,#426)
    ,(#427,#428,#429,#430,#431,#432,#433,#434,#435,#436,#437,#438,#439
      ,#440,#441,#442,#443,#444,#445,#446,#447,#448,#449,#450,#451,#452
      ,#453,#454,#455,#456,#457,#458,#459,#460,#461,#462,#463,#464,#465
      ,#466,#467,#468,#469,#470,#471,#472,#473,#474,#475,#476,#477,#478
      ,#479,#480,#481,#482)
    ,(#483,#484,#485,#486,#487,#488,#489,#490,#491,#492,#493,#494,#495
      ,#496,#497,#498,#499,#500,#501,#502,#503,#504,#505,#506,#507,#508
      ,#509,#510,#511,#512,#513,#514,#515,#516,#517,#518,#519,#520,#521
      ,#522,#523,#524,#525,#526,#527,#528,#529,#530,#531,#532,#533,#534
      ,#535,#536,#537,#538
)),.UNSPECIFIED.,.F.,.F.,.F.) B_SPLINE_SURFACE_WITH_KNOTS((3,3),(11,9,9,
    9,9,9,11),(0.,3.164586546157),(-0.115541708925,-1.25575358495E-13,
    0.859775840249,1.582397106242,2.310637477478,3.164586546157,
3.280121047041),.UNSPECIFIED.) GEOMETRIC_REPRESENTATION_ITEM() 
RATIONAL_B_SPLINE_SURFACE((
    (1.,1.,1.,1.,1.,1.,1.,1.,1.,1.,1.,1.,1.,1.,1.,1.,1.,1.,1.,1.,1.,1.
      ,1.,1.,1.,1.,1.,1.,1.,1.,1.,1.,1.,1.,1.,1.,1.,1.,1.,1.,1.,1.,1.,1.
      ,1.,1.,1.,1.,1.,1.,1.,1.,1.,1.,1.,1.)
    ,(0.866025403784,0.866025403784,0.866025403784,0.866025403784
      ,0.866025403784,0.866025403784,0.866025403784,0.866025403784
      ,0.866025403784,0.866025403784,0.866025403784,0.864721289466
      ,0.862101304781,0.858153941247,0.852840171693,0.846088143072
      ,0.837810328384,0.827943137658,0.816508988044,0.792935881461
      ,0.781213222418,0.768589391553,0.755675202637,0.741951671787
      ,0.729816546445,0.718503725545,0.710970006962,0.707106768613
      ,0.707106793866,0.711025306842,0.718758558269,0.730030086105
      ,0.742606925646,0.756179879935,0.769414438002,0.781993534073
      ,0.79377762234,0.817198235952,0.828470188661,0.838196016525
      ,0.846357669702,0.853017394196,0.8582596455,0.862153929387
      ,0.864738569782,0.866025403784,0.866025403784,0.866025403784
      ,0.866025403784,0.866025403784,0.866025403784,0.866025403784
      ,0.866025403784,0.866025403784,0.866025403784,0.866025403784)
    ,(1.,1.,1.,1.,1.,1.,1.,1.,1.,1.,1.,1.,1.,1.,1.,1.,1.,1.,1.,1.,1.,1.
      ,1.,1.,1.,1.,1.,1.,1.,1.,1.,1.,1.,1.,1.,1.,1.,1.,1.,1.,1.,1.,1.,1.
,1.,1.,1.,1.,1.,1.,1.,1.,1.,1.,1.,1.
  ))) REPRESENTATION_ITEM('') SURFACE() );
#371 = CARTESIAN_POINT('',(1.,3.464101615138,-0.16818384504));
#372 = CARTESIAN_POINT('',(1.,3.464101615138,-0.142791790594));
#373 = CARTESIAN_POINT('',(1.,3.464101615138,-0.119304996135));
#374 = CARTESIAN_POINT('',(1.,3.464101615138,-9.772346166334E-02));
#375 = CARTESIAN_POINT('',(1.,3.464101615138,-7.804718717862E-02));
#376 = CARTESIAN_POINT('',(1.,3.464101615138,-6.027617268102E-02));
#377 = CARTESIAN_POINT('',(1.,3.464101615138,-4.441041817056E-02));
#378 = CARTESIAN_POINT('',(1.,3.464101615138,-3.044992364724E-02));
#379 = CARTESIAN_POINT('',(1.,3.464101615138,-1.839468911106E-02));
#380 = CARTESIAN_POINT('',(1.,3.464101615138,-8.244714562004E-03));
#381 = CARTESIAN_POINT('',(1.,3.464101615138,6.135106063448E-02));
#382 = CARTESIAN_POINT('',(0.995819999515,3.469117494889,0.12263124965)
  );
#383 = CARTESIAN_POINT('',(0.987468069494,3.47915972305,0.184121768681)
  );
#384 = CARTESIAN_POINT('',(0.974789063767,3.494253534277,0.245999682878)
  );
#385 = CARTESIAN_POINT('',(0.95748329049,3.514462055106,0.308388630238)
  );
#386 = CARTESIAN_POINT('',(0.935105076311,3.539864100617,0.371371218308)
  );
#387 = CARTESIAN_POINT('',(0.907041223313,3.570486642027,0.434963108259)
  );
#388 = CARTESIAN_POINT('',(0.872469358679,3.606191945036,0.499048786332)
  );
#389 = CARTESIAN_POINT('',(0.830296177122,3.646519379094,0.563279022662)
  );
#390 = CARTESIAN_POINT('',(0.736025871863,3.727431354735,0.680427173695)
  );
#391 = CARTESIAN_POINT('',(0.686640897471,3.766924968314,0.733498800283)
  );
#392 = CARTESIAN_POINT('',(0.629614969077,3.808481344493,0.785735413954)
  );
#393 = CARTESIAN_POINT('',(0.566125214584,3.850405321562,0.835961252291)
  );
#394 = CARTESIAN_POINT('',(0.489505342213,3.893293996978,0.884380007105)
  );
#395 = CARTESIAN_POINT('',(0.409134778473,3.931159339605,0.926400999337)
  );
#396 = CARTESIAN_POINT('',(0.312653100597,3.965406134225,0.963049068967)
  );
#397 = CARTESIAN_POINT('',(0.211539726431,3.98829583267,0.987518011329)
  );
#398 = CARTESIAN_POINT('',(0.10574753586,4.00000021767,1.000000399826));
#399 = CARTESIAN_POINT('',(-0.1065774202,3.999999780614,0.99999959705));
#400 = CARTESIAN_POINT('',(-0.213288412445,3.988123423372,0.987328735168
    ));
#401 = CARTESIAN_POINT('',(-0.315429004223,3.964704766468,0.962371800696
    ));
#402 = CARTESIAN_POINT('',(-0.411524831105,3.930311360398,0.925293307584
    ));
#403 = CARTESIAN_POINT('',(-0.493277846125,3.891546987236,0.882724438434
    ));
#404 = CARTESIAN_POINT('',(-0.569423039135,3.848574665842,0.833659148976
    ));
#405 = CARTESIAN_POINT('',(-0.633425544475,3.805934564901,0.782800142148
    ));
#406 = CARTESIAN_POINT('',(-0.690204066909,3.764320184207,0.730185444846
    ));
#407 = CARTESIAN_POINT('',(-0.739564425233,3.724594385879,0.676607337337
    ));
#408 = CARTESIAN_POINT('',(-0.832829772103,3.644090166859,0.559401609624
    ));
#409 = CARTESIAN_POINT('',(-0.874311920254,3.604285553361,0.495618393254
    ));
#410 = CARTESIAN_POINT('',(-0.908348783063,3.569058835394,0.431987045011
    ));
#411 = CARTESIAN_POINT('',(-0.936000687869,3.538848190358,0.36884097743)
  );
#412 = CARTESIAN_POINT('',(-0.958063092776,3.513786465268,0.306295010004
    ));
#413 = CARTESIAN_POINT('',(-0.975130002104,3.493848652074,0.244336506188
    ));
#414 = CARTESIAN_POINT('',(-0.987635677657,3.47895807217,0.182883568657)
  );
#415 = CARTESIAN_POINT('',(-0.995874645742,3.469051269883,0.121810292803
    ));
#416 = CARTESIAN_POINT('',(-1.,3.464101615138,6.093907848115E-02));
#417 = CARTESIAN_POINT('',(-1.,3.464101615138,-8.244714204694E-03));
#418 = CARTESIAN_POINT('',(-1.,3.464101615138,-1.839468847592E-02));
#419 = CARTESIAN_POINT('',(-1.,3.464101615138,-3.044992281366E-02));
#420 = CARTESIAN_POINT('',(-1.,3.464101615138,-4.441041721792E-02));
#421 = CARTESIAN_POINT('',(-1.,3.464101615138,-6.027617168868E-02));
#422 = CARTESIAN_POINT('',(-1.,3.464101615138,-7.804718622597E-02));
#423 = CARTESIAN_POINT('',(-1.,3.464101615138,-9.772346082976E-02));
#424 = CARTESIAN_POINT('',(-1.,3.464101615138,-0.1193049955));
#425 = CARTESIAN_POINT('',(-1.,3.464101615138,-0.142791790237));
#426 = CARTESIAN_POINT('',(-1.,3.464101615137,-0.16818384504));
#427 = CARTESIAN_POINT('',(1.,2.886751345948,-0.16818384504));
#428 = CARTESIAN_POINT('',(1.,2.886751345948,-0.144962629345));
#429 = CARTESIAN_POINT('',(1.,2.886751345948,-0.123164265025));
#430 = CARTESIAN_POINT('',(1.,2.886751345948,-0.102788752082));
#431 = CARTESIAN_POINT('',(1.,2.886751345948,-8.383609051399E-02));
#432 = CARTESIAN_POINT('',(1.,2.886751345948,-6.630628032204E-02));
#433 = CARTESIAN_POINT('',(1.,2.886751345948,-5.019932150594E-02));
#434 = CARTESIAN_POINT('',(1.,2.886751345948,-3.55152140657E-02));
#435 = CARTESIAN_POINT('',(1.,2.886751345948,-2.225395800131E-02));
#436 = CARTESIAN_POINT('',(1.,2.886751345948,-1.041555331278E-02));
#437 = CARTESIAN_POINT('',(1.,2.886751345948,7.750483513147E-02));
#438 = CARTESIAN_POINT('',(0.99359957987,2.888799117233,0.155181290814)
  );
#439 = CARTESIAN_POINT('',(0.980781419805,2.892877359643,0.232654369071)
  );
#440 = CARTESIAN_POINT('',(0.961418278725,2.898955021544,0.309579982785)
  );
#441 = CARTESIAN_POINT('',(0.935331174146,2.906912800749,0.385525512205)
  );
#442 = CARTESIAN_POINT('',(0.902337819453,2.91649704022,0.459910183183)
  );
#443 = CARTESIAN_POINT('',(0.862295208196,2.927300191249,0.531990086553)
  );
#444 = CARTESIAN_POINT('',(0.815145462667,2.938765567218,0.600874724237)
  );
#445 = CARTESIAN_POINT('',(0.760980562408,2.950214573525,0.665565263103)
  );
#446 = CARTESIAN_POINT('',(0.647502231408,2.970142106778,0.77645779228)
  );
#447 = CARTESIAN_POINT('',(0.589523770173,2.978890332994,0.824315716821)
  );
#448 = CARTESIAN_POINT('',(0.526410063732,2.986567592593,0.867708698534)
  );
#449 = CARTESIAN_POINT('',(0.458637363316,2.993068187869,0.906067710831)
  );
#450 = CARTESIAN_POINT('',(0.385985543344,2.997048796503,0.938103829578)
  );
#451 = CARTESIAN_POINT('',(0.31217556501,2.999666625094,0.963291462285)
  );
#452 = CARTESIAN_POINT('',(0.234684233202,2.999927705622,0.981727618295)
  );
#453 = CARTESIAN_POINT('',(0.157829699962,3.000005113893,0.99380159152)
  );
#454 = CARTESIAN_POINT('',(7.931818457255E-02,3.000000141795,
    1.000000138609));
#455 = CARTESIAN_POINT('',(-7.993948910374E-02,2.999999857104,
    0.99999986031));
#456 = CARTESIAN_POINT('',(-0.159098713462,2.999997530994,0.993694270862
    ));
#457 = CARTESIAN_POINT('',(-0.236556913758,3.000016411374,0.981512568754
    ));
#458 = CARTESIAN_POINT('',(-0.314826602865,2.999415815422,0.962449816933
    ));
#459 = CARTESIAN_POINT('',(-0.388318156853,2.997268558918,0.937484391147
    ));
#460 = CARTESIAN_POINT('',(-0.462518778517,2.992625525343,0.904320911955
    ));
#461 = CARTESIAN_POINT('',(-0.530040030825,2.986313001344,0.865608945212
    ));
#462 = CARTESIAN_POINT('',(-0.593505385111,2.978378596129,0.821569242884
    ));
#463 = CARTESIAN_POINT('',(-0.651597767156,2.969520814286,0.77305745303)
  );
#464 = CARTESIAN_POINT('',(-0.764283321286,2.94951591629,0.661599755695)
  );
#465 = CARTESIAN_POINT('',(-0.817691709577,2.938145684013,0.5971363747)
  );
#466 = CARTESIAN_POINT('',(-0.864181980086,2.926789906147,0.528577803951
    ));
#467 = CARTESIAN_POINT('',(-0.903668945899,2.916109221007,0.456897253133
    ));
#468 = CARTESIAN_POINT('',(-0.936208609457,2.906644568102,0.382964564705
    ));
#469 = CARTESIAN_POINT('',(-0.961939486009,2.89879132002,0.307506494841)
  );
#470 = CARTESIAN_POINT('',(-0.98103958593,2.892795218679,0.231089939471)
  );
#471 = CARTESIAN_POINT('',(-0.993684760916,2.888771788337,0.154137056736
    ));
#472 = CARTESIAN_POINT('',(-1.,2.886751345948,7.698437803724E-02));
#473 = CARTESIAN_POINT('',(-1.,2.886751345948,-1.041555289254E-02));
#474 = CARTESIAN_POINT('',(-1.,2.886751345948,-2.225395725432E-02));
#475 = CARTESIAN_POINT('',(-1.,2.886751345948,-3.551521308531E-02));
#476 = CARTESIAN_POINT('',(-1.,2.886751345948,-5.019932038552E-02));
#477 = CARTESIAN_POINT('',(-1.,2.886751345948,-6.630627915494E-02));
#478 = CARTESIAN_POINT('',(-1.,2.886751345948,-8.383608939357E-02));
#479 = CARTESIAN_POINT('',(-1.,2.886751345948,-0.102788751101));
#480 = CARTESIAN_POINT('',(-1.,2.886751345948,-0.123164264278));
#481 = CARTESIAN_POINT('',(-1.,2.886751345948,-0.144962628925));
#482 = CARTESIAN_POINT('',(-1.,2.886751345948,-0.16818384504));
#483 = CARTESIAN_POINT('',(1.5,2.598076211353,-0.16818384504));
#484 = CARTESIAN_POINT('',(1.5,2.598076211353,-0.151365460536));
#485 = CARTESIAN_POINT('',(1.5,2.598076211353,-0.134547076032));
#486 = CARTESIAN_POINT('',(1.5,2.598076211353,-0.117728691528));
#487 = CARTESIAN_POINT('',(1.5,2.598076211353,-0.100910307024));
#488 = CARTESIAN_POINT('',(1.5,2.598076211353,-8.409192252031E-02));
#489 = CARTESIAN_POINT('',(1.5,2.598076211353,-6.727353801629E-02));
#490 = CARTESIAN_POINT('',(1.5,2.598076211353,-5.045515351226E-02));
#491 = CARTESIAN_POINT('',(1.5,2.598076211353,-3.363676900823E-02));
#492 = CARTESIAN_POINT('',(1.5,2.598076211353,-1.681838450421E-02));
#493 = CARTESIAN_POINT('',(1.5,2.598076211353,0.12514996362));
#494 = CARTESIAN_POINT('',(1.493573514718,2.601778942897,0.25017182917)
  );
#495 = CARTESIAN_POINT('',(1.480727447585,2.609205594518,0.375370866389)
  );
#496 = CARTESIAN_POINT('',(1.461292226498,2.620331645313,0.500925494501)
  );
#497 = CARTESIAN_POINT('',(1.434912423661,2.635145770197,0.62699879908)
  );
#498 = CARTESIAN_POINT('',(1.401013801766,2.653666438128,0.753757882644)
  );
#499 = CARTESIAN_POINT('',(1.358746786596,2.675916203407,0.881301048997)
  );
#500 = CARTESIAN_POINT('',(1.306906365958,2.701853689949,1.009492821295)
  );
#501 = CARTESIAN_POINT('',(1.243828415031,2.73126326861,1.13770679385));
#502 = CARTESIAN_POINT('',(1.10291056307,2.790782725974,1.371023105223)
  );
#503 = CARTESIAN_POINT('',(1.029182242145,2.820007180702,1.476494756618)
  );
#504 = CARTESIAN_POINT('',(0.943535544726,2.851056592694,1.580301502455)
  );
#505 = CARTESIAN_POINT('',(0.849785845193,2.882620612736,1.678974338341)
  );
#506 = CARTESIAN_POINT('',(0.733180774368,2.915628174084,1.775555694143)
  );
#507 = CARTESIAN_POINT('',(0.614320477965,2.94505596263,1.856699122826)
  );
#508 = CARTESIAN_POINT('',(0.468941940874,2.972333756269,1.92857431068)
  );
#509 = CARTESIAN_POINT('',(0.317208047084,2.990639354792,1.975809370295)
  );
#510 = CARTESIAN_POINT('',(0.158608229028,2.999999954915,1.999999927708)
  );
#511 = CARTESIAN_POINT('',(-0.159839854962,3.000000045435,2.000000072818
    ));
#512 = CARTESIAN_POINT('',(-0.319977192797,2.990501329473,1.975452368474
    ));
#513 = CARTESIAN_POINT('',(-0.473283324056,2.971747629106,1.927048460036
    ));
#514 = CARTESIAN_POINT('',(-0.616874159733,2.944461846044,1.855166475343
    ));
#515 = CARTESIAN_POINT('',(-0.740453054648,2.914143728928,1.771406033318
    ));
#516 = CARTESIAN_POINT('',(-0.85333422406,2.881324771723,1.675250310895)
  );
#517 = CARTESIAN_POINT('',(-0.949892888111,2.849081693389,1.574088959025
    ));
#518 = CARTESIAN_POINT('',(-1.034359802338,2.81807639433,1.470021605989)
  );
#519 = CARTESIAN_POINT('',(-1.10819822106,2.788683815705,1.363430006236)
  );
#520 = CARTESIAN_POINT('',(-1.247625635512,2.72948968597,1.129952976325)
  );
#521 = CARTESIAN_POINT('',(-1.309674564666,2.700467383684,1.002614368129
    ));
#522 = CARTESIAN_POINT('',(-1.360716309758,2.674878767094,0.875327128671
    ));
#523 = CARTESIAN_POINT('',(-1.402366692062,2.652926817645,0.748676534001
    ));
#524 = CARTESIAN_POINT('',(-1.435791563126,2.634651841423,0.622787108814
    ));
#525 = CARTESIAN_POINT('',(-1.461812235636,2.6200339682,0.497564914487)
  );
#526 = CARTESIAN_POINT('',(-1.480985623086,2.609056440217,0.372851842035
    ));
#527 = CARTESIAN_POINT('',(-1.493659088175,2.601729690576,0.248491909964
    ));
#528 = CARTESIAN_POINT('',(-1.5,2.598076211353,0.124309567047));
#529 = CARTESIAN_POINT('',(-1.5,2.598076211353,-1.681838450399E-02));
#530 = CARTESIAN_POINT('',(-1.5,2.598076211353,-3.363676900801E-02));
#531 = CARTESIAN_POINT('',(-1.5,2.598076211353,-5.045515351204E-02));
#532 = CARTESIAN_POINT('',(-1.5,2.598076211353,-6.727353801606E-02));
#533 = CARTESIAN_POINT('',(-1.5,2.598076211353,-8.409192252009E-02));
#534 = CARTESIAN_POINT('',(-1.5,2.598076211353,-0.100910307024));
#535 = CARTESIAN_POINT('',(-1.5,2.598076211353,-0.117728691528));
#536 = CARTESIAN_POINT('',(-1.5,2.598076211353,-0.134547076032));
#537 = CARTESIAN_POINT('',(-1.5,2.598076211353,-0.151365460536));
#538 = CARTESIAN_POINT('',(-1.5,2.598076211353,-0.16818384504));
#539 = ADVANCED_FACE('',(#540),#608,.T.);
#540 = FACE_BOUND('',#541,.T.);
#541 = EDGE_LOOP('',(#542,#543,#551,#559,#567,#575,#584,#592,#601,#607)
  );
#542 = ORIENTED_EDGE('',*,*,#40,.F.);
#543 = ORIENTED_EDGE('',*,*,#544,.F.);
#544 = EDGE_CURVE('',#545,#41,#547,.T.);
#545 = VERTEX_POINT('',#546);
#546 = CARTESIAN_POINT('',(-7.,9.5,5.4));
#547 = LINE('',#548,#549);
#548 = CARTESIAN_POINT('',(-7.,9.5,6.4));
#549 = VECTOR('',#550,1.);
#550 = DIRECTION('',(0.,-5.510223024625E-16,-1.));
#551 = ORIENTED_EDGE('',*,*,#552,.F.);
#552 = EDGE_CURVE('',#553,#545,#555,.T.);
#553 = VERTEX_POINT('',#554);
#554 = CARTESIAN_POINT('',(37.,9.5,5.4));
#555 = LINE('',#556,#557);
#556 = CARTESIAN_POINT('',(37.,9.5,5.4));
#557 = VECTOR('',#558,1.);
#558 = DIRECTION('',(-1.,0.,0.));
#559 = ORIENTED_EDGE('',*,*,#560,.T.);
#560 = EDGE_CURVE('',#553,#561,#563,.T.);
#561 = VERTEX_POINT('',#562);
#562 = CARTESIAN_POINT('',(37.,9.5,-2.053912595557E-15));
#563 = LINE('',#564,#565);
#564 = CARTESIAN_POINT('',(37.,9.5,6.4));
#565 = VECTOR('',#566,1.);
#566 = DIRECTION('',(0.,-5.510223024625E-16,-1.));
#567 = ORIENTED_EDGE('',*,*,#568,.F.);
#568 = EDGE_CURVE('',#569,#561,#571,.T.);
#569 = VERTEX_POINT('',#570);
#570 = CARTESIAN_POINT('',(33.,9.5,2.6645352591E-15));
#571 = LINE('',#572,#573);
#572 = CARTESIAN_POINT('',(-7.,9.5,-9.769962616701E-15));
#573 = VECTOR('',#574,1.);
#574 = DIRECTION('',(1.,0.,0.));
#575 = ORIENTED_EDGE('',*,*,#576,.T.);
#576 = EDGE_CURVE('',#569,#577,#579,.T.);
#577 = VERTEX_POINT('',#578);
#578 = CARTESIAN_POINT('',(27.,9.5,-1.029074699666E-14));
#579 = CIRCLE('',#580,3.);
#580 = AXIS2_PLACEMENT_3D('',#581,#582,#583);
#581 = CARTESIAN_POINT('',(30.,9.5,2.6645352591E-15));
#582 = DIRECTION('',(0.,-1.,6.710223024625E-16));
#583 = DIRECTION('',(1.,2.367295029805E-45,3.527893217732E-30));
#584 = ORIENTED_EDGE('',*,*,#585,.F.);
#585 = EDGE_CURVE('',#586,#577,#588,.T.);
#586 = VERTEX_POINT('',#587);
#587 = CARTESIAN_POINT('',(18.,9.5,2.6645352591E-15));
#588 = LINE('',#589,#590);
#589 = CARTESIAN_POINT('',(-7.,9.5,-9.769962616701E-15));
#590 = VECTOR('',#591,1.);
#591 = DIRECTION('',(1.,0.,0.));
#592 = ORIENTED_EDGE('',*,*,#593,.T.);
#593 = EDGE_CURVE('',#586,#594,#596,.T.);
#594 = VERTEX_POINT('',#595);
#595 = CARTESIAN_POINT('',(12.,9.5,-1.029074699666E-14));
#596 = CIRCLE('',#597,3.);
#597 = AXIS2_PLACEMENT_3D('',#598,#599,#600);
#598 = CARTESIAN_POINT('',(15.,9.5,2.6645352591E-15));
#599 = DIRECTION('',(0.,-1.,6.710223024625E-16));
#600 = DIRECTION('',(1.,2.367295029805E-45,3.527893217732E-30));
#601 = ORIENTED_EDGE('',*,*,#602,.F.);
#602 = EDGE_CURVE('',#262,#594,#603,.T.);
#603 = LINE('',#604,#605);
#604 = CARTESIAN_POINT('',(-7.,9.5,-9.769962616701E-15));
#605 = VECTOR('',#606,1.);
#606 = DIRECTION('',(1.,0.,0.));
#607 = ORIENTED_EDGE('',*,*,#272,.T.);
#608 = PLANE('',#609);
#609 = AXIS2_PLACEMENT_3D('',#610,#611,#612);
#610 = CARTESIAN_POINT('',(15.,9.5,3.2));
#611 = DIRECTION('',(0.,1.,-6.710223024625E-16));
#612 = DIRECTION('',(0.,6.710223024625E-16,1.));
#613 = ADVANCED_FACE('',(#614),#693,.F.);
#614 = FACE_BOUND('',#615,.T.);
#615 = EDGE_LOOP('',(#616,#625,#633,#640,#641,#650,#658,#667,#676,#685,
    #691,#692));
#616 = ORIENTED_EDGE('',*,*,#617,.F.);
#617 = EDGE_CURVE('',#618,#288,#620,.T.);
#618 = VERTEX_POINT('',#619);
#619 = CARTESIAN_POINT('',(3.,-7.347880794884E-16,0.));
#620 = CIRCLE('',#621,3.);
#621 = AXIS2_PLACEMENT_3D('',#622,#623,#624);
#622 = CARTESIAN_POINT('',(0.,0.,0.));
#623 = DIRECTION('',(0.,0.,1.));
#624 = DIRECTION('',(1.,0.,0.));
#625 = ORIENTED_EDGE('',*,*,#626,.T.);
#626 = EDGE_CURVE('',#618,#627,#629,.T.);
#627 = VERTEX_POINT('',#628);
#628 = CARTESIAN_POINT('',(3.,-7.347880794884E-16,4.));
#629 = LINE('',#630,#631);
#630 = CARTESIAN_POINT('',(3.,-7.347880794884E-16,0.));
#631 = VECTOR('',#632,1.);
#632 = DIRECTION('',(0.,0.,1.));
#633 = ORIENTED_EDGE('',*,*,#634,.T.);
#634 = EDGE_CURVE('',#627,#627,#635,.T.);
#635 = CIRCLE('',#636,3.);
#636 = AXIS2_PLACEMENT_3D('',#637,#638,#639);
#637 = CARTESIAN_POINT('',(0.,0.,4.));
#638 = DIRECTION('',(0.,0.,1.));
#639 = DIRECTION('',(1.,0.,0.));
#640 = ORIENTED_EDGE('',*,*,#626,.F.);
#641 = ORIENTED_EDGE('',*,*,#642,.F.);
#642 = EDGE_CURVE('',#643,#618,#645,.T.);
#643 = VERTEX_POINT('',#644);
#644 = CARTESIAN_POINT('',(2.976470224948,-0.375,0.));
#645 = CIRCLE('',#646,3.);
#646 = AXIS2_PLACEMENT_3D('',#647,#648,#649);
#647 = CARTESIAN_POINT('',(0.,0.,0.));
#648 = DIRECTION('',(0.,0.,1.));
#649 = DIRECTION('',(1.,0.,0.));
#650 = ORIENTED_EDGE('',*,*,#651,.F.);
#651 = EDGE_CURVE('',#652,#643,#654,.T.);
#652 = VERTEX_POINT('',#653);
#653 = CARTESIAN_POINT('',(2.976470224948,-0.375,2.9));
#654 = LINE('',#655,#656);
#655 = CARTESIAN_POINT('',(2.976470224948,-0.375,2.9));
#656 = VECTOR('',#657,1.);
#657 = DIRECTION('',(-0.,-0.,-1.));
#658 = ORIENTED_EDGE('',*,*,#659,.F.);
#659 = EDGE_CURVE('',#660,#652,#662,.T.);
#660 = VERTEX_POINT('',#661);
#661 = CARTESIAN_POINT('',(2.598076211353,-1.5,2.9));
#662 = CIRCLE('',#663,3.);
#663 = AXIS2_PLACEMENT_3D('',#664,#665,#666);
#664 = CARTESIAN_POINT('',(0.,0.,2.9));
#665 = DIRECTION('',(0.,-0.,1.));
#666 = DIRECTION('',(0.,1.,0.));
#667 = ORIENTED_EDGE('',*,*,#668,.T.);
#668 = EDGE_CURVE('',#660,#669,#671,.T.);
#669 = VERTEX_POINT('',#670);
#670 = CARTESIAN_POINT('',(-2.598076211353,-1.5,2.9));
#671 = CIRCLE('',#672,3.);
#672 = AXIS2_PLACEMENT_3D('',#673,#674,#675);
#673 = CARTESIAN_POINT('',(0.,0.,2.9));
#674 = DIRECTION('',(0.,0.,-1.));
#675 = DIRECTION('',(1.,0.,0.));
#676 = ORIENTED_EDGE('',*,*,#677,.T.);
#677 = EDGE_CURVE('',#669,#678,#680,.T.);
#678 = VERTEX_POINT('',#679);
#679 = CARTESIAN_POINT('',(-2.976470224948,-0.375,2.9));
#680 = CIRCLE('',#681,3.);
#681 = AXIS2_PLACEMENT_3D('',#682,#683,#684);
#682 = CARTESIAN_POINT('',(0.,0.,2.9));
#683 = DIRECTION('',(0.,0.,-1.));
#684 = DIRECTION('',(0.,1.,0.));
#685 = ORIENTED_EDGE('',*,*,#686,.T.);
#686 = EDGE_CURVE('',#678,#108,#687,.T.);
#687 = LINE('',#688,#689);
#688 = CARTESIAN_POINT('',(-2.976470224948,-0.375,2.9));
#689 = VECTOR('',#690,1.);
#690 = DIRECTION('',(-0.,-0.,-1.));
#691 = ORIENTED_EDGE('',*,*,#116,.F.);
#692 = ORIENTED_EDGE('',*,*,#310,.F.);
#693 = CYLINDRICAL_SURFACE('',#694,3.);
#694 = AXIS2_PLACEMENT_3D('',#695,#696,#697);
#695 = CARTESIAN_POINT('',(0.,0.,0.));
#696 = DIRECTION('',(-0.,-0.,-1.));
#697 = DIRECTION('',(1.,0.,0.));
#698 = ADVANCED_FACE('',(#699),#718,.T.);
#699 = FACE_BOUND('',#700,.F.);
#700 = EDGE_LOOP('',(#701,#709,#710,#711));
#701 = ORIENTED_EDGE('',*,*,#702,.T.);
#702 = EDGE_CURVE('',#703,#49,#705,.T.);
#703 = VERTEX_POINT('',#704);
#704 = CARTESIAN_POINT('',(-11.26907484122,6.423024947076,5.4));
#705 = LINE('',#706,#707);
#706 = CARTESIAN_POINT('',(-11.26907484122,6.423024947076,6.4));
#707 = VECTOR('',#708,1.);
#708 = DIRECTION('',(0.,-5.510223024625E-16,-1.));
#709 = ORIENTED_EDGE('',*,*,#48,.T.);
#710 = ORIENTED_EDGE('',*,*,#544,.F.);
#711 = ORIENTED_EDGE('',*,*,#712,.T.);
#712 = EDGE_CURVE('',#545,#703,#713,.T.);
#713 = CIRCLE('',#714,4.5);
#714 = AXIS2_PLACEMENT_3D('',#715,#716,#717);
#715 = CARTESIAN_POINT('',(-7.,5.,5.4));
#716 = DIRECTION('',(0.,1.110223024625E-16,1.));
#717 = DIRECTION('',(3.947459643112E-16,1.,-1.110223024625E-16));
#718 = CYLINDRICAL_SURFACE('',#719,4.5);
#719 = AXIS2_PLACEMENT_3D('',#720,#721,#722);
#720 = CARTESIAN_POINT('',(-7.,5.,6.4));
#721 = DIRECTION('',(0.,5.510223024625E-16,1.));
#722 = DIRECTION('',(1.,0.,0.));
#723 = ADVANCED_FACE('',(#724),#743,.T.);
#724 = FACE_BOUND('',#725,.T.);
#725 = EDGE_LOOP('',(#726,#735,#741,#742));
#726 = ORIENTED_EDGE('',*,*,#727,.T.);
#727 = EDGE_CURVE('',#678,#728,#730,.T.);
#728 = VERTEX_POINT('',#729);
#729 = CARTESIAN_POINT('',(-3.968626966597,-1.5,2.9));
#730 = CIRCLE('',#731,1.);
#731 = AXIS2_PLACEMENT_3D('',#732,#733,#734);
#732 = CARTESIAN_POINT('',(-3.968626966597,-0.5,2.9));
#733 = DIRECTION('',(0.,0.,-1.));
#734 = DIRECTION('',(0.,1.,0.));
#735 = ORIENTED_EDGE('',*,*,#736,.T.);
#736 = EDGE_CURVE('',#728,#100,#737,.T.);
#737 = LINE('',#738,#739);
#738 = CARTESIAN_POINT('',(-3.968626966597,-1.5,2.9));
#739 = VECTOR('',#740,1.);
#740 = DIRECTION('',(-0.,-0.,-1.));
#741 = ORIENTED_EDGE('',*,*,#107,.F.);
#742 = ORIENTED_EDGE('',*,*,#686,.F.);
#743 = CYLINDRICAL_SURFACE('',#744,1.);
#744 = AXIS2_PLACEMENT_3D('',#745,#746,#747);
#745 = CARTESIAN_POINT('',(-3.968626966597,-0.5,2.9));
#746 = DIRECTION('',(-0.,-0.,-1.));
#747 = DIRECTION('',(0.992156741649,0.125,0.));
#748 = ADVANCED_FACE('',(#749),#767,.T.);
#749 = FACE_BOUND('',#750,.T.);
#750 = EDGE_LOOP('',(#751,#752,#753,#761));
#751 = ORIENTED_EDGE('',*,*,#702,.T.);
#752 = ORIENTED_EDGE('',*,*,#57,.T.);
#753 = ORIENTED_EDGE('',*,*,#754,.F.);
#754 = EDGE_CURVE('',#755,#58,#757,.T.);
#755 = VERTEX_POINT('',#756);
#756 = CARTESIAN_POINT('',(-17.26907484122,-11.57697505292,5.4));
#757 = LINE('',#758,#759);
#758 = CARTESIAN_POINT('',(-17.26907484122,-11.57697505292,6.4));
#759 = VECTOR('',#760,1.);
#760 = DIRECTION('',(0.,-5.510223024625E-16,-1.));
#761 = ORIENTED_EDGE('',*,*,#762,.F.);
#762 = EDGE_CURVE('',#703,#755,#763,.T.);
#763 = LINE('',#764,#765);
#764 = CARTESIAN_POINT('',(-11.26907484122,6.423024947076,5.4));
#765 = VECTOR('',#766,1.);
#766 = DIRECTION('',(-0.316227766017,-0.948683298051,1.053250040573E-16)
  );
#767 = PLANE('',#768);
#768 = AXIS2_PLACEMENT_3D('',#769,#770,#771);
#769 = CARTESIAN_POINT('',(-11.26907484122,6.423024947076,6.4));
#770 = DIRECTION('',(-0.948683298051,0.316227766017,-1.751083346858E-16)
  );
#771 = DIRECTION('',(-0.316227766017,-0.948683298051,5.253250040573E-16)
  );
#772 = ADVANCED_FACE('',(#773),#791,.T.);
#773 = FACE_BOUND('',#774,.T.);
#774 = EDGE_LOOP('',(#775,#776,#777,#785));
#775 = ORIENTED_EDGE('',*,*,#99,.T.);
#776 = ORIENTED_EDGE('',*,*,#736,.F.);
#777 = ORIENTED_EDGE('',*,*,#778,.F.);
#778 = EDGE_CURVE('',#779,#728,#781,.T.);
#779 = VERTEX_POINT('',#780);
#780 = CARTESIAN_POINT('',(-11.,-1.5,2.9));
#781 = LINE('',#782,#783);
#782 = CARTESIAN_POINT('',(-11.,-1.5,2.9));
#783 = VECTOR('',#784,1.);
#784 = DIRECTION('',(1.,0.,0.));
#785 = ORIENTED_EDGE('',*,*,#786,.T.);
#786 = EDGE_CURVE('',#779,#92,#787,.T.);
#787 = LINE('',#788,#789);
#788 = CARTESIAN_POINT('',(-11.,-1.5,1.));
#789 = VECTOR('',#790,1.);
#790 = DIRECTION('',(0.,-2.210223024625E-16,-1.));
#791 = PLANE('',#792);
#792 = AXIS2_PLACEMENT_3D('',#793,#794,#795);
#793 = CARTESIAN_POINT('',(15.,-1.5,1.45));
#794 = DIRECTION('',(0.,-1.,-1.589776975375E-16));
#795 = DIRECTION('',(0.,1.589776975375E-16,-1.));
#796 = ADVANCED_FACE('',(#797),#816,.T.);
#797 = FACE_BOUND('',#798,.F.);
#798 = EDGE_LOOP('',(#799,#807,#808,#809));
#799 = ORIENTED_EDGE('',*,*,#800,.T.);
#800 = EDGE_CURVE('',#801,#66,#803,.T.);
#801 = VERTEX_POINT('',#802);
#802 = CARTESIAN_POINT('',(-13.,-17.5,5.4));
#803 = LINE('',#804,#805);
#804 = CARTESIAN_POINT('',(-13.,-17.5,6.4));
#805 = VECTOR('',#806,1.);
#806 = DIRECTION('',(0.,-5.510223024625E-16,-1.));
#807 = ORIENTED_EDGE('',*,*,#65,.T.);
#808 = ORIENTED_EDGE('',*,*,#754,.F.);
#809 = ORIENTED_EDGE('',*,*,#810,.T.);
#810 = EDGE_CURVE('',#755,#801,#811,.T.);
#811 = CIRCLE('',#812,4.5);
#812 = AXIS2_PLACEMENT_3D('',#813,#814,#815);
#813 = CARTESIAN_POINT('',(-13.,-13.,5.4));
#814 = DIRECTION('',(0.,1.110223024625E-16,1.));
#815 = DIRECTION('',(-0.948683298051,0.316227766017,-3.510833468577E-17)
  );
#816 = CYLINDRICAL_SURFACE('',#817,4.5);
#817 = AXIS2_PLACEMENT_3D('',#818,#819,#820);
#818 = CARTESIAN_POINT('',(-13.,-13.,6.4));
#819 = DIRECTION('',(0.,5.510223024625E-16,1.));
#820 = DIRECTION('',(1.,0.,0.));
#821 = ADVANCED_FACE('',(#822),#856,.T.);
#822 = FACE_BOUND('',#823,.T.);
#823 = EDGE_LOOP('',(#824,#834,#840,#841,#842,#850));
#824 = ORIENTED_EDGE('',*,*,#825,.T.);
#825 = EDGE_CURVE('',#826,#828,#830,.T.);
#826 = VERTEX_POINT('',#827);
#827 = CARTESIAN_POINT('',(-11.,-3.5,1.));
#828 = VERTEX_POINT('',#829);
#829 = CARTESIAN_POINT('',(-11.,-16.5,1.));
#830 = LINE('',#831,#832);
#831 = CARTESIAN_POINT('',(-11.,-1.5,1.));
#832 = VECTOR('',#833,1.);
#833 = DIRECTION('',(0.,-1.,1.110223024625E-16));
#834 = ORIENTED_EDGE('',*,*,#835,.T.);
#835 = EDGE_CURVE('',#828,#83,#836,.T.);
#836 = LINE('',#837,#838);
#837 = CARTESIAN_POINT('',(-11.,-16.5,1.));
#838 = VECTOR('',#839,1.);
#839 = DIRECTION('',(0.,-1.110223024625E-16,-1.));
#840 = ORIENTED_EDGE('',*,*,#91,.F.);
#841 = ORIENTED_EDGE('',*,*,#786,.F.);
#842 = ORIENTED_EDGE('',*,*,#843,.T.);
#843 = EDGE_CURVE('',#779,#844,#846,.T.);
#844 = VERTEX_POINT('',#845);
#845 = CARTESIAN_POINT('',(-11.,-3.5,2.9));
#846 = LINE('',#847,#848);
#847 = CARTESIAN_POINT('',(-11.,-1.5,2.9));
#848 = VECTOR('',#849,1.);
#849 = DIRECTION('',(0.,-1.,1.110223024625E-16));
#850 = ORIENTED_EDGE('',*,*,#851,.T.);
#851 = EDGE_CURVE('',#844,#826,#852,.T.);
#852 = LINE('',#853,#854);
#853 = CARTESIAN_POINT('',(-11.,-3.5,2.9));
#854 = VECTOR('',#855,1.);
#855 = DIRECTION('',(0.,-1.110223024625E-16,-1.));
#856 = PLANE('',#857);
#857 = AXIS2_PLACEMENT_3D('',#858,#859,#860);
#858 = CARTESIAN_POINT('',(-11.,-8.796296296296,0.746296296296));
#859 = DIRECTION('',(1.,0.,0.));
#860 = DIRECTION('',(0.,-1.110223024625E-16,-1.));
#861 = ADVANCED_FACE('',(#862),#912,.T.);
#862 = FACE_BOUND('',#863,.T.);
#863 = EDGE_LOOP('',(#864,#874,#880,#881,#882,#890,#898,#906));
#864 = ORIENTED_EDGE('',*,*,#865,.F.);
#865 = EDGE_CURVE('',#866,#868,#870,.T.);
#866 = VERTEX_POINT('',#867);
#867 = CARTESIAN_POINT('',(43.,-17.5,5.4));
#868 = VERTEX_POINT('',#869);
#869 = CARTESIAN_POINT('',(43.,-17.5,9.436895709314E-16));
#870 = LINE('',#871,#872);
#871 = CARTESIAN_POINT('',(43.,-17.5,6.4));
#872 = VECTOR('',#873,1.);
#873 = DIRECTION('',(0.,-5.510223024625E-16,-1.));
#874 = ORIENTED_EDGE('',*,*,#875,.F.);
#875 = EDGE_CURVE('',#801,#866,#876,.T.);
#876 = LINE('',#877,#878);
#877 = CARTESIAN_POINT('',(-13.,-17.5,5.4));
#878 = VECTOR('',#879,1.);
#879 = DIRECTION('',(1.,0.,0.));
#880 = ORIENTED_EDGE('',*,*,#800,.T.);
#881 = ORIENTED_EDGE('',*,*,#74,.F.);
#882 = ORIENTED_EDGE('',*,*,#883,.F.);
#883 = EDGE_CURVE('',#884,#75,#886,.T.);
#884 = VERTEX_POINT('',#885);
#885 = CARTESIAN_POINT('',(-12.,-17.5,2.));
#886 = LINE('',#887,#888);
#887 = CARTESIAN_POINT('',(-12.,-17.5,1.));
#888 = VECTOR('',#889,1.);
#889 = DIRECTION('',(0.,-1.110223024625E-16,-1.));
#890 = ORIENTED_EDGE('',*,*,#891,.T.);
#891 = EDGE_CURVE('',#884,#892,#894,.T.);
#892 = VERTEX_POINT('',#893);
#893 = CARTESIAN_POINT('',(42.,-17.5,2.));
#894 = LINE('',#895,#896);
#895 = CARTESIAN_POINT('',(-11.,-17.5,2.));
#896 = VECTOR('',#897,1.);
#897 = DIRECTION('',(1.,0.,0.));
#898 = ORIENTED_EDGE('',*,*,#899,.T.);
#899 = EDGE_CURVE('',#892,#900,#902,.T.);
#900 = VERTEX_POINT('',#901);
#901 = CARTESIAN_POINT('',(42.,-17.5,4.773959005888E-15));
#902 = LINE('',#903,#904);
#903 = CARTESIAN_POINT('',(42.,-17.5,1.));
#904 = VECTOR('',#905,1.);
#905 = DIRECTION('',(0.,-1.110223024625E-16,-1.));
#906 = ORIENTED_EDGE('',*,*,#907,.F.);
#907 = EDGE_CURVE('',#868,#900,#908,.T.);
#908 = LINE('',#909,#910);
#909 = CARTESIAN_POINT('',(43.,-17.5,4.440892098501E-15));
#910 = VECTOR('',#911,1.);
#911 = DIRECTION('',(-1.,-0.,0.));
#912 = PLANE('',#913);
#913 = AXIS2_PLACEMENT_3D('',#914,#915,#916);
#914 = CARTESIAN_POINT('',(15.,-17.5,3.2));
#915 = DIRECTION('',(0.,-1.,6.710223024625E-16));
#916 = DIRECTION('',(0.,-6.710223024625E-16,-1.));
#917 = ADVANCED_FACE('',(#918),#930,.T.);
#918 = FACE_BOUND('',#919,.F.);
#919 = EDGE_LOOP('',(#920,#927,#928,#929));
#920 = ORIENTED_EDGE('',*,*,#921,.T.);
#921 = EDGE_CURVE('',#884,#828,#922,.T.);
#922 = ELLIPSE('',#923,1.414213562373,1.);
#923 = AXIS2_PLACEMENT_3D('',#924,#925,#926);
#924 = CARTESIAN_POINT('',(-12.,-16.5,2.));
#925 = DIRECTION('',(0.707106781187,7.850462293419E-17,0.707106781187));
#926 = DIRECTION('',(0.707106781187,-7.850462293419E-17,-0.707106781187)
  );
#927 = ORIENTED_EDGE('',*,*,#835,.T.);
#928 = ORIENTED_EDGE('',*,*,#82,.F.);
#929 = ORIENTED_EDGE('',*,*,#883,.F.);
#930 = CYLINDRICAL_SURFACE('',#931,1.);
#931 = AXIS2_PLACEMENT_3D('',#932,#933,#934);
#932 = CARTESIAN_POINT('',(-12.,-16.5,1.));
#933 = DIRECTION('',(0.,-1.110223024625E-16,-1.));
#934 = DIRECTION('',(0.,-1.,1.110223024625E-16));
#935 = ADVANCED_FACE('',(#936),#955,.F.);
#936 = FACE_BOUND('',#937,.T.);
#937 = EDGE_LOOP('',(#938,#947,#953,#954));
#938 = ORIENTED_EDGE('',*,*,#939,.T.);
#939 = EDGE_CURVE('',#940,#940,#942,.T.);
#940 = VERTEX_POINT('',#941);
#941 = CARTESIAN_POINT('',(-5.5,5.,3.7));
#942 = CIRCLE('',#943,1.5);
#943 = AXIS2_PLACEMENT_3D('',#944,#945,#946);
#944 = CARTESIAN_POINT('',(-7.,5.,3.7));
#945 = DIRECTION('',(-0.,5.510223024625E-16,1.));
#946 = DIRECTION('',(1.,0.,0.));
#947 = ORIENTED_EDGE('',*,*,#948,.T.);
#948 = EDGE_CURVE('',#940,#149,#949,.T.);
#949 = LINE('',#950,#951);
#950 = CARTESIAN_POINT('',(-5.5,5.,6.4));
#951 = VECTOR('',#952,1.);
#952 = DIRECTION('',(0.,-5.510223024625E-16,-1.));
#953 = ORIENTED_EDGE('',*,*,#148,.T.);
#954 = ORIENTED_EDGE('',*,*,#948,.F.);
#955 = CYLINDRICAL_SURFACE('',#956,1.5);
#956 = AXIS2_PLACEMENT_3D('',#957,#958,#959);
#957 = CARTESIAN_POINT('',(-7.,5.,6.4));
#958 = DIRECTION('',(0.,5.510223024625E-16,1.));
#959 = DIRECTION('',(1.,0.,0.));
#960 = ADVANCED_FACE('',(#961),#980,.F.);
#961 = FACE_BOUND('',#962,.T.);
#962 = EDGE_LOOP('',(#963,#972,#978,#979));
#963 = ORIENTED_EDGE('',*,*,#964,.T.);
#964 = EDGE_CURVE('',#965,#965,#967,.T.);
#965 = VERTEX_POINT('',#966);
#966 = CARTESIAN_POINT('',(-11.5,-13.,3.7));
#967 = CIRCLE('',#968,1.5);
#968 = AXIS2_PLACEMENT_3D('',#969,#970,#971);
#969 = CARTESIAN_POINT('',(-13.,-13.,3.7));
#970 = DIRECTION('',(-0.,3.910223024625E-16,1.));
#971 = DIRECTION('',(1.,0.,0.));
#972 = ORIENTED_EDGE('',*,*,#973,.T.);
#973 = EDGE_CURVE('',#965,#160,#974,.T.);
#974 = LINE('',#975,#976);
#975 = CARTESIAN_POINT('',(-11.5,-13.,6.4));
#976 = VECTOR('',#977,1.);
#977 = DIRECTION('',(0.,-5.510223024625E-16,-1.));
#978 = ORIENTED_EDGE('',*,*,#159,.T.);
#979 = ORIENTED_EDGE('',*,*,#973,.F.);
#980 = CYLINDRICAL_SURFACE('',#981,1.5);
#981 = AXIS2_PLACEMENT_3D('',#982,#983,#984);
#982 = CARTESIAN_POINT('',(-13.,-13.,6.4));
#983 = DIRECTION('',(0.,5.510223024625E-16,1.));
#984 = DIRECTION('',(1.,0.,0.));
#985 = ADVANCED_FACE('',(#986),#1067,.F.);
#986 = FACE_BOUND('',#987,.F.);
#987 = EDGE_LOOP('',(#988,#989,#990,#991,#992,#1001,#1009,#1018,#1027,
    #1050,#1058,#1065,#1066));
#988 = ORIENTED_EDGE('',*,*,#186,.T.);
#989 = ORIENTED_EDGE('',*,*,#287,.T.);
#990 = ORIENTED_EDGE('',*,*,#617,.F.);
#991 = ORIENTED_EDGE('',*,*,#642,.F.);
#992 = ORIENTED_EDGE('',*,*,#993,.T.);
#993 = EDGE_CURVE('',#643,#994,#996,.T.);
#994 = VERTEX_POINT('',#995);
#995 = CARTESIAN_POINT('',(3.968626966597,-1.5,-1.7763568394E-15));
#996 = CIRCLE('',#997,1.);
#997 = AXIS2_PLACEMENT_3D('',#998,#999,#1000);
#998 = CARTESIAN_POINT('',(3.968626966597,-0.5,-1.7763568394E-15));
#999 = DIRECTION('',(0.,-0.,1.));
#1000 = DIRECTION('',(0.,1.,0.));
#1001 = ORIENTED_EDGE('',*,*,#1002,.T.);
#1002 = EDGE_CURVE('',#994,#1003,#1005,.T.);
#1003 = VERTEX_POINT('',#1004);
#1004 = CARTESIAN_POINT('',(11.031373033403,-1.5,-1.7763568394E-15));
#1005 = LINE('',#1006,#1007);
#1006 = CARTESIAN_POINT('',(-11.,-1.5,-2.6645352591E-15));
#1007 = VECTOR('',#1008,1.);
#1008 = DIRECTION('',(1.,0.,0.));
#1009 = ORIENTED_EDGE('',*,*,#1010,.T.);
#1010 = EDGE_CURVE('',#1003,#1011,#1013,.T.);
#1011 = VERTEX_POINT('',#1012);
#1012 = CARTESIAN_POINT('',(12.023529775052,-0.375,-1.7763568394E-15));
#1013 = CIRCLE('',#1014,1.);
#1014 = AXIS2_PLACEMENT_3D('',#1015,#1016,#1017);
#1015 = CARTESIAN_POINT('',(11.031373033403,-0.5,-1.7763568394E-15));
#1016 = DIRECTION('',(0.,4.930380657631E-32,1.));
#1017 = DIRECTION('',(0.,1.,-4.930380657631E-32));
#1018 = ORIENTED_EDGE('',*,*,#1019,.F.);
#1019 = EDGE_CURVE('',#1020,#1011,#1022,.T.);
#1020 = VERTEX_POINT('',#1021);
#1021 = CARTESIAN_POINT('',(13.5,2.598076211353,-1.7763568394E-15));
#1022 = CIRCLE('',#1023,3.);
#1023 = AXIS2_PLACEMENT_3D('',#1024,#1025,#1026);
#1024 = CARTESIAN_POINT('',(15.,-1.7763568394E-15,-1.7763568394E-15));
#1025 = DIRECTION('',(-0.,4.930380657631E-32,1.));
#1026 = DIRECTION('',(1.,0.,0.));
#1027 = ORIENTED_EDGE('',*,*,#1028,.F.);
#1028 = EDGE_CURVE('',#1029,#1020,#1031,.T.);
#1029 = VERTEX_POINT('',#1030);
#1030 = CARTESIAN_POINT('',(14.,3.464101615138,-3.88230925142E-15));
#1031 = B_SPLINE_CURVE_WITH_KNOTS('',5,(#1032,#1033,#1034,#1035,#1036,
    #1037,#1038,#1039,#1040,#1041,#1042,#1043,#1044,#1045,#1046,#1047,
    #1048,#1049),.UNSPECIFIED.,.F.,.F.,(6,4,4,4,6),(0.,0.249571064957,
    0.5,0.750428935043,1.),.UNSPECIFIED.);
#1032 = CARTESIAN_POINT('',(14.,3.464101615138,-2.313793259439E-15));
#1033 = CARTESIAN_POINT('',(14.,3.413968110125,-2.308227322282E-15));
#1034 = CARTESIAN_POINT('',(13.996858395335,3.363068985828,
    -2.30257638431E-15));
#1035 = CARTESIAN_POINT('',(13.990382580893,3.311766719573,
    -2.296880688588E-15));
#1036 = CARTESIAN_POINT('',(13.980460286795,3.260492346873,
    -2.291188089674E-15));
#1037 = CARTESIAN_POINT('',(13.953687647116,3.158719918503,
    -2.279889080349E-15));
#1038 = CARTESIAN_POINT('',(13.936813481014,3.108224342528,
    -2.27428294524E-15));
#1039 = CARTESIAN_POINT('',(13.916477930688,3.058658585696,
    -2.268780040793E-15));
#1040 = CARTESIAN_POINT('',(13.892804036881,3.010483568218,
    -2.263431539432E-15));
#1041 = CARTESIAN_POINT('',(13.839246770688,2.917719662057,
    -2.253132676984E-15));
#1042 = CARTESIAN_POINT('',(13.809362928628,2.873129959874,
    -2.248182225582E-15));
#1043 = CARTESIAN_POINT('',(13.776605499216,2.830735978277,
    -2.243475548134E-15));
#1044 = CARTESIAN_POINT('',(13.741312130694,2.790874733778,
    -2.239050060991E-15));
#1045 = CARTESIAN_POINT('',(13.66656094216,2.716802733504,
    -2.230826416973E-15));
#1046 = CARTESIAN_POINT('',(13.627117179888,2.682572588402,
    -2.22702610745E-15));
#1047 = CARTESIAN_POINT('',(13.585926021261,2.651313235456,
    -2.223555622112E-15));
#1048 = CARTESIAN_POINT('',(13.543416888922,2.62314296386,
    -2.220428093699E-15));
#1049 = CARTESIAN_POINT('',(13.5,2.598076211353,-2.21764512512E-15));
#1050 = ORIENTED_EDGE('',*,*,#1051,.T.);
#1051 = EDGE_CURVE('',#1029,#1052,#1054,.T.);
#1052 = VERTEX_POINT('',#1053);
#1053 = CARTESIAN_POINT('',(14.,7.5,4.006579864025E-15));
#1054 = LINE('',#1055,#1056);
#1055 = CARTESIAN_POINT('',(14.,9.5,-2.650845688169E-15));
#1056 = VECTOR('',#1057,1.);
#1057 = DIRECTION('',(-0.,1.,2.22044604925E-16));
#1058 = ORIENTED_EDGE('',*,*,#1059,.F.);
#1059 = EDGE_CURVE('',#594,#1052,#1060,.T.);
#1060 = CIRCLE('',#1061,2.);
#1061 = AXIS2_PLACEMENT_3D('',#1062,#1063,#1064);
#1062 = CARTESIAN_POINT('',(12.,7.5,4.006579864025E-15));
#1063 = DIRECTION('',(-0.,-1.110223024625E-16,-1.));
#1064 = DIRECTION('',(0.,-1.,1.110223024625E-16));
#1065 = ORIENTED_EDGE('',*,*,#602,.F.);
#1066 = ORIENTED_EDGE('',*,*,#261,.F.);
#1067 = PLANE('',#1068);
#1068 = AXIS2_PLACEMENT_3D('',#1069,#1070,#1071);
#1069 = CARTESIAN_POINT('',(15.,-4.79811285857,-1.396503185129E-15));
#1070 = DIRECTION('',(0.,1.110223024625E-16,1.));
#1071 = DIRECTION('',(0.,-1.,1.110223024625E-16));
#1072 = ADVANCED_FACE('',(#1073),#1100,.T.);
#1073 = FACE_BOUND('',#1074,.F.);
#1074 = EDGE_LOOP('',(#1075,#1084,#1092,#1099));
#1075 = ORIENTED_EDGE('',*,*,#1076,.T.);
#1076 = EDGE_CURVE('',#553,#1077,#1079,.T.);
#1077 = VERTEX_POINT('',#1078);
#1078 = CARTESIAN_POINT('',(37.,8.5,6.4));
#1079 = CIRCLE('',#1080,1.);
#1080 = AXIS2_PLACEMENT_3D('',#1081,#1082,#1083);
#1081 = CARTESIAN_POINT('',(37.,8.5,5.4));
#1082 = DIRECTION('',(1.,-5.551115123126E-17,6.162975822039E-33));
#1083 = DIRECTION('',(5.551115123126E-17,1.,-1.110223024625E-16));
#1084 = ORIENTED_EDGE('',*,*,#1085,.T.);
#1085 = EDGE_CURVE('',#1077,#1086,#1088,.T.);
#1086 = VERTEX_POINT('',#1087);
#1087 = CARTESIAN_POINT('',(-7.,8.5,6.4));
#1088 = LINE('',#1089,#1090);
#1089 = CARTESIAN_POINT('',(37.,8.5,6.4));
#1090 = VECTOR('',#1091,1.);
#1091 = DIRECTION('',(-1.,0.,0.));
#1092 = ORIENTED_EDGE('',*,*,#1093,.F.);
#1093 = EDGE_CURVE('',#545,#1086,#1094,.T.);
#1094 = CIRCLE('',#1095,1.);
#1095 = AXIS2_PLACEMENT_3D('',#1096,#1097,#1098);
#1096 = CARTESIAN_POINT('',(-7.,8.5,5.4));
#1097 = DIRECTION('',(1.,-0.,0.));
#1098 = DIRECTION('',(0.,1.,-6.710223024625E-16));
#1099 = ORIENTED_EDGE('',*,*,#552,.F.);
#1100 = CYLINDRICAL_SURFACE('',#1101,1.);
#1101 = AXIS2_PLACEMENT_3D('',#1102,#1103,#1104);
#1102 = CARTESIAN_POINT('',(37.,8.5,5.4));
#1103 = DIRECTION('',(-1.,0.,0.));
#1104 = DIRECTION('',(0.,1.,-6.710223024625E-16));
#1105 = ADVANCED_FACE('',(#1106),#1126,.T.);
#1106 = FACE_BOUND('',#1107,.F.);
#1107 = EDGE_LOOP('',(#1108,#1117,#1118,#1119));
#1108 = ORIENTED_EDGE('',*,*,#1109,.F.);
#1109 = EDGE_CURVE('',#586,#1110,#1112,.T.);
#1110 = VERTEX_POINT('',#1111);
#1111 = CARTESIAN_POINT('',(16.,7.5,4.006579864025E-15));
#1112 = CIRCLE('',#1113,2.);
#1113 = AXIS2_PLACEMENT_3D('',#1114,#1115,#1116);
#1114 = CARTESIAN_POINT('',(18.,7.5,4.006579864025E-15));
#1115 = DIRECTION('',(0.,1.110223024625E-16,1.));
#1116 = DIRECTION('',(0.,-1.,1.110223024625E-16));
#1117 = ORIENTED_EDGE('',*,*,#593,.T.);
#1118 = ORIENTED_EDGE('',*,*,#1059,.T.);
#1119 = ORIENTED_EDGE('',*,*,#1120,.F.);
#1120 = EDGE_CURVE('',#1110,#1052,#1121,.T.);
#1121 = CIRCLE('',#1122,1.);
#1122 = AXIS2_PLACEMENT_3D('',#1123,#1124,#1125);
#1123 = CARTESIAN_POINT('',(15.,7.5,4.006579864025E-15));
#1124 = DIRECTION('',(0.,-1.,6.710223024625E-16));
#1125 = DIRECTION('',(1.,2.367295029805E-45,3.527893217732E-30));
#1126 = TOROIDAL_SURFACE('',#1127,3.,2.);
#1127 = AXIS2_PLACEMENT_3D('',#1128,#1129,#1130);
#1128 = CARTESIAN_POINT('',(15.,7.5,4.006579864025E-15));
#1129 = DIRECTION('',(0.,1.,-6.710223024625E-16));
#1130 = DIRECTION('',(1.,2.367295029805E-45,3.527893217732E-30));
#1131 = ADVANCED_FACE('',(#1132),#1159,.T.);
#1132 = FACE_BOUND('',#1133,.F.);
#1133 = EDGE_LOOP('',(#1134,#1135,#1144,#1152));
#1134 = ORIENTED_EDGE('',*,*,#560,.T.);
#1135 = ORIENTED_EDGE('',*,*,#1136,.T.);
#1136 = EDGE_CURVE('',#561,#1137,#1139,.T.);
#1137 = VERTEX_POINT('',#1138);
#1138 = CARTESIAN_POINT('',(41.269074841227,6.423024947076,
    -1.712299740561E-15));
#1139 = CIRCLE('',#1140,4.5);
#1140 = AXIS2_PLACEMENT_3D('',#1141,#1142,#1143);
#1141 = CARTESIAN_POINT('',(37.,5.,-1.554312234475E-15));
#1142 = DIRECTION('',(0.,-1.110223024625E-16,-1.));
#1143 = DIRECTION('',(1.,0.,0.));
#1144 = ORIENTED_EDGE('',*,*,#1145,.F.);
#1145 = EDGE_CURVE('',#1146,#1137,#1148,.T.);
#1146 = VERTEX_POINT('',#1147);
#1147 = CARTESIAN_POINT('',(41.269074841227,6.423024947076,5.4));
#1148 = LINE('',#1149,#1150);
#1149 = CARTESIAN_POINT('',(41.269074841227,6.423024947076,6.4));
#1150 = VECTOR('',#1151,1.);
#1151 = DIRECTION('',(0.,-5.510223024625E-16,-1.));
#1152 = ORIENTED_EDGE('',*,*,#1153,.T.);
#1153 = EDGE_CURVE('',#1146,#553,#1154,.T.);
#1154 = CIRCLE('',#1155,4.5);
#1155 = AXIS2_PLACEMENT_3D('',#1156,#1157,#1158);
#1156 = CARTESIAN_POINT('',(37.,5.,5.4));
#1157 = DIRECTION('',(0.,1.110223024625E-16,1.));
#1158 = DIRECTION('',(0.948683298051,0.316227766017,-3.510833468577E-17)
  );
#1159 = CYLINDRICAL_SURFACE('',#1160,4.5);
#1160 = AXIS2_PLACEMENT_3D('',#1161,#1162,#1163);
#1161 = CARTESIAN_POINT('',(37.,5.,6.4));
#1162 = DIRECTION('',(0.,5.510223024625E-16,1.));
#1163 = DIRECTION('',(1.,0.,0.));
#1164 = ADVANCED_FACE('',(#1165),#1291,.F.);
#1165 = FACE_BOUND('',#1166,.F.);
#1166 = EDGE_LOOP('',(#1167,#1175,#1198,#1207,#1216,#1225,#1233,#1242,
    #1251,#1274,#1282,#1289,#1290));
#1167 = ORIENTED_EDGE('',*,*,#1168,.T.);
#1168 = EDGE_CURVE('',#1110,#1169,#1171,.T.);
#1169 = VERTEX_POINT('',#1170);
#1170 = CARTESIAN_POINT('',(16.,3.464101615142,1.324296586867E-15));
#1171 = LINE('',#1172,#1173);
#1172 = CARTESIAN_POINT('',(16.,9.5,2.419605899271E-15));
#1173 = VECTOR('',#1174,1.);
#1174 = DIRECTION('',(0.,-1.,-2.22044604925E-16));
#1175 = ORIENTED_EDGE('',*,*,#1176,.T.);
#1176 = EDGE_CURVE('',#1169,#1177,#1179,.T.);
#1177 = VERTEX_POINT('',#1178);
#1178 = CARTESIAN_POINT('',(16.499999999999,2.598076211354,
    -1.7763568394E-15));
#1179 = B_SPLINE_CURVE_WITH_KNOTS('',5,(#1180,#1181,#1182,#1183,#1184,
    #1185,#1186,#1187,#1188,#1189,#1190,#1191,#1192,#1193,#1194,#1195,
    #1196,#1197),.UNSPECIFIED.,.F.,.F.,(6,4,4,4,6),(0.,0.249571064957,
    0.5,0.750428935043,1.),.UNSPECIFIED.);
#1180 = CARTESIAN_POINT('',(16.,3.464101615138,-2.313793259439E-15));
#1181 = CARTESIAN_POINT('',(16.,3.413968110125,-2.308227322282E-15));
#1182 = CARTESIAN_POINT('',(16.003141604665,3.363068985828,
    -2.30257638431E-15));
#1183 = CARTESIAN_POINT('',(16.009617419107,3.311766719573,
    -2.296880688588E-15));
#1184 = CARTESIAN_POINT('',(16.019539713205,3.260492346873,
    -2.291188089674E-15));
#1185 = CARTESIAN_POINT('',(16.046312352884,3.158719918503,
    -2.279889080349E-15));
#1186 = CARTESIAN_POINT('',(16.063186518986,3.108224342528,
    -2.27428294524E-15));
#1187 = CARTESIAN_POINT('',(16.083522069312,3.058658585696,
    -2.268780040793E-15));
#1188 = CARTESIAN_POINT('',(16.107195963119,3.010483568218,
    -2.263431539432E-15));
#1189 = CARTESIAN_POINT('',(16.160753229312,2.917719662057,
    -2.253132676984E-15));
#1190 = CARTESIAN_POINT('',(16.190637071372,2.873129959874,
    -2.248182225582E-15));
#1191 = CARTESIAN_POINT('',(16.223394500784,2.830735978277,
    -2.243475548134E-15));
#1192 = CARTESIAN_POINT('',(16.258687869306,2.790874733778,
    -2.239050060991E-15));
#1193 = CARTESIAN_POINT('',(16.33343905784,2.716802733504,
    -2.230826416973E-15));
#1194 = CARTESIAN_POINT('',(16.372882820112,2.682572588402,
    -2.22702610745E-15));
#1195 = CARTESIAN_POINT('',(16.414073978739,2.651313235456,
    -2.223555622112E-15));
#1196 = CARTESIAN_POINT('',(16.456583111078,2.62314296386,
    -2.220428093699E-15));
#1197 = CARTESIAN_POINT('',(16.5,2.598076211353,-2.21764512512E-15));
#1198 = ORIENTED_EDGE('',*,*,#1199,.F.);
#1199 = EDGE_CURVE('',#1200,#1177,#1202,.T.);
#1200 = VERTEX_POINT('',#1201);
#1201 = CARTESIAN_POINT('',(18.,-2.511144918889E-15,-1.7763568394E-15));
#1202 = CIRCLE('',#1203,3.);
#1203 = AXIS2_PLACEMENT_3D('',#1204,#1205,#1206);
#1204 = CARTESIAN_POINT('',(15.,-1.7763568394E-15,-1.7763568394E-15));
#1205 = DIRECTION('',(-0.,4.930380657631E-32,1.));
#1206 = DIRECTION('',(1.,0.,0.));
#1207 = ORIENTED_EDGE('',*,*,#1208,.F.);
#1208 = EDGE_CURVE('',#1209,#1200,#1211,.T.);
#1209 = VERTEX_POINT('',#1210);
#1210 = CARTESIAN_POINT('',(17.976470224948,-0.375,-1.7763568394E-15));
#1211 = CIRCLE('',#1212,3.);
#1212 = AXIS2_PLACEMENT_3D('',#1213,#1214,#1215);
#1213 = CARTESIAN_POINT('',(15.,-1.7763568394E-15,-1.7763568394E-15));
#1214 = DIRECTION('',(-0.,4.930380657631E-32,1.));
#1215 = DIRECTION('',(1.,0.,0.));
#1216 = ORIENTED_EDGE('',*,*,#1217,.F.);
#1217 = EDGE_CURVE('',#1218,#1209,#1220,.T.);
#1218 = VERTEX_POINT('',#1219);
#1219 = CARTESIAN_POINT('',(18.968626966597,-1.5,-1.7763568394E-15));
#1220 = CIRCLE('',#1221,1.);
#1221 = AXIS2_PLACEMENT_3D('',#1222,#1223,#1224);
#1222 = CARTESIAN_POINT('',(18.968626966597,-0.5,-1.7763568394E-15));
#1223 = DIRECTION('',(0.,-4.930380657631E-32,-1.));
#1224 = DIRECTION('',(0.,1.,-4.930380657631E-32));
#1225 = ORIENTED_EDGE('',*,*,#1226,.T.);
#1226 = EDGE_CURVE('',#1218,#1227,#1229,.T.);
#1227 = VERTEX_POINT('',#1228);
#1228 = CARTESIAN_POINT('',(26.031373033403,-1.5,-1.7763568394E-15));
#1229 = LINE('',#1230,#1231);
#1230 = CARTESIAN_POINT('',(-11.,-1.5,-2.6645352591E-15));
#1231 = VECTOR('',#1232,1.);
#1232 = DIRECTION('',(1.,0.,0.));
#1233 = ORIENTED_EDGE('',*,*,#1234,.F.);
#1234 = EDGE_CURVE('',#1235,#1227,#1237,.T.);
#1235 = VERTEX_POINT('',#1236);
#1236 = CARTESIAN_POINT('',(27.023529775052,-0.375,-1.7763568394E-15));
#1237 = CIRCLE('',#1238,1.);
#1238 = AXIS2_PLACEMENT_3D('',#1239,#1240,#1241);
#1239 = CARTESIAN_POINT('',(26.031373033403,-0.5,-1.7763568394E-15));
#1240 = DIRECTION('',(0.,-4.930380657631E-32,-1.));
#1241 = DIRECTION('',(0.,1.,-4.930380657631E-32));
#1242 = ORIENTED_EDGE('',*,*,#1243,.F.);
#1243 = EDGE_CURVE('',#1244,#1235,#1246,.T.);
#1244 = VERTEX_POINT('',#1245);
#1245 = CARTESIAN_POINT('',(28.5,2.598076211353,-1.7763568394E-15));
#1246 = CIRCLE('',#1247,3.);
#1247 = AXIS2_PLACEMENT_3D('',#1248,#1249,#1250);
#1248 = CARTESIAN_POINT('',(30.,-1.7763568394E-15,-1.7763568394E-15));
#1249 = DIRECTION('',(-0.,4.930380657631E-32,1.));
#1250 = DIRECTION('',(1.,0.,0.));
#1251 = ORIENTED_EDGE('',*,*,#1252,.T.);
#1252 = EDGE_CURVE('',#1244,#1253,#1255,.T.);
#1253 = VERTEX_POINT('',#1254);
#1254 = CARTESIAN_POINT('',(29.,3.464101615138,-3.88230925142E-15));
#1255 = B_SPLINE_CURVE_WITH_KNOTS('',5,(#1256,#1257,#1258,#1259,#1260,
    #1261,#1262,#1263,#1264,#1265,#1266,#1267,#1268,#1269,#1270,#1271,
    #1272,#1273),.UNSPECIFIED.,.F.,.F.,(6,4,4,4,6),(0.,0.249571064957,
    0.5,0.750428935043,1.),.UNSPECIFIED.);
#1256 = CARTESIAN_POINT('',(28.5,2.598076211353,-2.21764512512E-15));
#1257 = CARTESIAN_POINT('',(28.543416888922,2.62314296386,
    -2.220428093699E-15));
#1258 = CARTESIAN_POINT('',(28.585926021261,2.651313235456,
    -2.223555622112E-15));
#1259 = CARTESIAN_POINT('',(28.627117179888,2.682572588402,
    -2.22702610745E-15));
#1260 = CARTESIAN_POINT('',(28.66656094216,2.716802733504,
    -2.230826416973E-15));
#1261 = CARTESIAN_POINT('',(28.741312130694,2.790874733778,
    -2.239050060991E-15));
#1262 = CARTESIAN_POINT('',(28.776605499216,2.830735978277,
    -2.243475548134E-15));
#1263 = CARTESIAN_POINT('',(28.809362928628,2.873129959874,
    -2.248182225582E-15));
#1264 = CARTESIAN_POINT('',(28.839246770688,2.917719662057,
    -2.253132676984E-15));
#1265 = CARTESIAN_POINT('',(28.892804036881,3.010483568218,
    -2.263431539432E-15));
#1266 = CARTESIAN_POINT('',(28.916477930688,3.058658585696,
    -2.268780040793E-15));
#1267 = CARTESIAN_POINT('',(28.936813481014,3.108224342528,
    -2.27428294524E-15));
#1268 = CARTESIAN_POINT('',(28.953687647116,3.158719918503,
    -2.279889080349E-15));
#1269 = CARTESIAN_POINT('',(28.980460286795,3.260492346873,
    -2.291188089674E-15));
#1270 = CARTESIAN_POINT('',(28.990382580893,3.311766719573,
    -2.296880688588E-15));
#1271 = CARTESIAN_POINT('',(28.996858395335,3.363068985828,
    -2.30257638431E-15));
#1272 = CARTESIAN_POINT('',(29.,3.413968110125,-2.308227322282E-15));
#1273 = CARTESIAN_POINT('',(29.,3.464101615138,-2.313793259439E-15));
#1274 = ORIENTED_EDGE('',*,*,#1275,.T.);
#1275 = EDGE_CURVE('',#1253,#1276,#1278,.T.);
#1276 = VERTEX_POINT('',#1277);
#1277 = CARTESIAN_POINT('',(29.,7.5,4.006579864025E-15));
#1278 = LINE('',#1279,#1280);
#1279 = CARTESIAN_POINT('',(29.,9.5,-2.650845688169E-15));
#1280 = VECTOR('',#1281,1.);
#1281 = DIRECTION('',(-0.,1.,2.22044604925E-16));
#1282 = ORIENTED_EDGE('',*,*,#1283,.F.);
#1283 = EDGE_CURVE('',#577,#1276,#1284,.T.);
#1284 = CIRCLE('',#1285,2.);
#1285 = AXIS2_PLACEMENT_3D('',#1286,#1287,#1288);
#1286 = CARTESIAN_POINT('',(27.,7.5,4.006579864025E-15));
#1287 = DIRECTION('',(-0.,-1.110223024625E-16,-1.));
#1288 = DIRECTION('',(0.,-1.,1.110223024625E-16));
#1289 = ORIENTED_EDGE('',*,*,#585,.F.);
#1290 = ORIENTED_EDGE('',*,*,#1109,.T.);
#1291 = PLANE('',#1292);
#1292 = AXIS2_PLACEMENT_3D('',#1293,#1294,#1295);
#1293 = CARTESIAN_POINT('',(15.,-4.79811285857,-1.396503185129E-15));
#1294 = DIRECTION('',(0.,1.110223024625E-16,1.));
#1295 = DIRECTION('',(0.,-1.,1.110223024625E-16));
#1296 = ADVANCED_FACE('',(#1297,#1407,#1418),#1429,.F.);
#1297 = FACE_BOUND('',#1298,.F.);
#1298 = EDGE_LOOP('',(#1299,#1309,#1332,#1341,#1350,#1359,#1367,#1375,
    #1382,#1383,#1392,#1398,#1399,#1400));
#1299 = ORIENTED_EDGE('',*,*,#1300,.T.);
#1300 = EDGE_CURVE('',#1301,#1303,#1305,.T.);
#1301 = VERTEX_POINT('',#1302);
#1302 = CARTESIAN_POINT('',(31.,7.5,4.006579864025E-15));
#1303 = VERTEX_POINT('',#1304);
#1304 = CARTESIAN_POINT('',(31.,3.464101615142,1.324296586867E-15));
#1305 = LINE('',#1306,#1307);
#1306 = CARTESIAN_POINT('',(31.,9.5,2.419605899271E-15));
#1307 = VECTOR('',#1308,1.);
#1308 = DIRECTION('',(0.,-1.,-2.22044604925E-16));
#1309 = ORIENTED_EDGE('',*,*,#1310,.F.);
#1310 = EDGE_CURVE('',#1311,#1303,#1313,.T.);
#1311 = VERTEX_POINT('',#1312);
#1312 = CARTESIAN_POINT('',(31.499999999999,2.598076211354,
    -1.7763568394E-15));
#1313 = B_SPLINE_CURVE_WITH_KNOTS('',5,(#1314,#1315,#1316,#1317,#1318,
    #1319,#1320,#1321,#1322,#1323,#1324,#1325,#1326,#1327,#1328,#1329,
    #1330,#1331),.UNSPECIFIED.,.F.,.F.,(6,4,4,4,6),(0.,0.249571064957,
    0.5,0.750428935043,1.),.UNSPECIFIED.);
#1314 = CARTESIAN_POINT('',(31.5,2.598076211353,-2.21764512512E-15));
#1315 = CARTESIAN_POINT('',(31.456583111078,2.62314296386,
    -2.220428093699E-15));
#1316 = CARTESIAN_POINT('',(31.414073978739,2.651313235456,
    -2.223555622112E-15));
#1317 = CARTESIAN_POINT('',(31.372882820112,2.682572588402,
    -2.22702610745E-15));
#1318 = CARTESIAN_POINT('',(31.33343905784,2.716802733504,
    -2.230826416973E-15));
#1319 = CARTESIAN_POINT('',(31.258687869306,2.790874733778,
    -2.239050060991E-15));
#1320 = CARTESIAN_POINT('',(31.223394500784,2.830735978277,
    -2.243475548134E-15));
#1321 = CARTESIAN_POINT('',(31.190637071372,2.873129959875,
    -2.248182225582E-15));
#1322 = CARTESIAN_POINT('',(31.160753229312,2.917719662057,
    -2.253132676984E-15));
#1323 = CARTESIAN_POINT('',(31.107195963119,3.010483568218,
    -2.263431539432E-15));
#1324 = CARTESIAN_POINT('',(31.083522069312,3.058658585696,
    -2.268780040793E-15));
#1325 = CARTESIAN_POINT('',(31.063186518986,3.108224342528,
    -2.27428294524E-15));
#1326 = CARTESIAN_POINT('',(31.046312352884,3.158719918503,
    -2.279889080349E-15));
#1327 = CARTESIAN_POINT('',(31.019539713205,3.260492346873,
    -2.291188089674E-15));
#1328 = CARTESIAN_POINT('',(31.009617419107,3.311766719573,
    -2.296880688588E-15));
#1329 = CARTESIAN_POINT('',(31.003141604665,3.363068985828,
    -2.30257638431E-15));
#1330 = CARTESIAN_POINT('',(31.,3.413968110125,-2.308227322282E-15));
#1331 = CARTESIAN_POINT('',(31.,3.464101615138,-2.313793259439E-15));
#1332 = ORIENTED_EDGE('',*,*,#1333,.F.);
#1333 = EDGE_CURVE('',#1334,#1311,#1336,.T.);
#1334 = VERTEX_POINT('',#1335);
#1335 = CARTESIAN_POINT('',(33.,-2.511144918889E-15,-1.7763568394E-15));
#1336 = CIRCLE('',#1337,3.);
#1337 = AXIS2_PLACEMENT_3D('',#1338,#1339,#1340);
#1338 = CARTESIAN_POINT('',(30.,-1.7763568394E-15,-1.7763568394E-15));
#1339 = DIRECTION('',(-0.,4.930380657631E-32,1.));
#1340 = DIRECTION('',(1.,0.,0.));
#1341 = ORIENTED_EDGE('',*,*,#1342,.F.);
#1342 = EDGE_CURVE('',#1343,#1334,#1345,.T.);
#1343 = VERTEX_POINT('',#1344);
#1344 = CARTESIAN_POINT('',(32.976470224948,-0.375,-1.7763568394E-15));
#1345 = CIRCLE('',#1346,3.);
#1346 = AXIS2_PLACEMENT_3D('',#1347,#1348,#1349);
#1347 = CARTESIAN_POINT('',(30.,-1.7763568394E-15,-1.7763568394E-15));
#1348 = DIRECTION('',(-0.,4.930380657631E-32,1.));
#1349 = DIRECTION('',(1.,0.,0.));
#1350 = ORIENTED_EDGE('',*,*,#1351,.T.);
#1351 = EDGE_CURVE('',#1343,#1352,#1354,.T.);
#1352 = VERTEX_POINT('',#1353);
#1353 = CARTESIAN_POINT('',(33.968626966597,-1.5,-1.7763568394E-15));
#1354 = CIRCLE('',#1355,1.);
#1355 = AXIS2_PLACEMENT_3D('',#1356,#1357,#1358);
#1356 = CARTESIAN_POINT('',(33.968626966597,-0.5,-1.7763568394E-15));
#1357 = DIRECTION('',(0.,4.930380657631E-32,1.));
#1358 = DIRECTION('',(0.,1.,-4.930380657631E-32));
#1359 = ORIENTED_EDGE('',*,*,#1360,.T.);
#1360 = EDGE_CURVE('',#1352,#1361,#1363,.T.);
#1361 = VERTEX_POINT('',#1362);
#1362 = CARTESIAN_POINT('',(41.,-1.5,-2.6645352591E-15));
#1363 = LINE('',#1364,#1365);
#1364 = CARTESIAN_POINT('',(-11.,-1.5,-2.6645352591E-15));
#1365 = VECTOR('',#1366,1.);
#1366 = DIRECTION('',(1.,0.,0.));
#1367 = ORIENTED_EDGE('',*,*,#1368,.T.);
#1368 = EDGE_CURVE('',#1361,#1369,#1371,.T.);
#1369 = VERTEX_POINT('',#1370);
#1370 = CARTESIAN_POINT('',(41.,-16.5,-4.440892098501E-16));
#1371 = LINE('',#1372,#1373);
#1372 = CARTESIAN_POINT('',(41.,-1.5,-2.6645352591E-15));
#1373 = VECTOR('',#1374,1.);
#1374 = DIRECTION('',(0.,-1.,1.110223024625E-16));
#1375 = ORIENTED_EDGE('',*,*,#1376,.F.);
#1376 = EDGE_CURVE('',#900,#1369,#1377,.T.);
#1377 = CIRCLE('',#1378,1.);
#1378 = AXIS2_PLACEMENT_3D('',#1379,#1380,#1381);
#1379 = CARTESIAN_POINT('',(42.,-16.5,0.));
#1380 = DIRECTION('',(0.,-1.110223024625E-16,-1.));
#1381 = DIRECTION('',(0.,1.,-1.110223024625E-16));
#1382 = ORIENTED_EDGE('',*,*,#907,.F.);
#1383 = ORIENTED_EDGE('',*,*,#1384,.F.);
#1384 = EDGE_CURVE('',#1385,#868,#1387,.T.);
#1385 = VERTEX_POINT('',#1386);
#1386 = CARTESIAN_POINT('',(47.269074841227,-11.57697505292,
    2.861017037641E-16));
#1387 = CIRCLE('',#1388,4.5);
#1388 = AXIS2_PLACEMENT_3D('',#1389,#1390,#1391);
#1389 = CARTESIAN_POINT('',(43.,-13.,4.440892098501E-16));
#1390 = DIRECTION('',(0.,-1.110223024625E-16,-1.));
#1391 = DIRECTION('',(1.,0.,0.));
#1392 = ORIENTED_EDGE('',*,*,#1393,.F.);
#1393 = EDGE_CURVE('',#1137,#1385,#1394,.T.);
#1394 = LINE('',#1395,#1396);
#1395 = CARTESIAN_POINT('',(41.269074841227,6.423024947076,
    -1.712299740561E-15));
#1396 = VECTOR('',#1397,1.);
#1397 = DIRECTION('',(0.316227766017,-0.948683298051,1.053250040573E-16)
  );
#1398 = ORIENTED_EDGE('',*,*,#1136,.F.);
#1399 = ORIENTED_EDGE('',*,*,#568,.F.);
#1400 = ORIENTED_EDGE('',*,*,#1401,.T.);
#1401 = EDGE_CURVE('',#569,#1301,#1402,.T.);
#1402 = CIRCLE('',#1403,2.);
#1403 = AXIS2_PLACEMENT_3D('',#1404,#1405,#1406);
#1404 = CARTESIAN_POINT('',(33.,7.5,4.006579864025E-15));
#1405 = DIRECTION('',(0.,1.110223024625E-16,1.));
#1406 = DIRECTION('',(0.,-1.,1.110223024625E-16));
#1407 = FACE_BOUND('',#1408,.F.);
#1408 = EDGE_LOOP('',(#1409));
#1409 = ORIENTED_EDGE('',*,*,#1410,.T.);
#1410 = EDGE_CURVE('',#1411,#1411,#1413,.T.);
#1411 = VERTEX_POINT('',#1412);
#1412 = CARTESIAN_POINT('',(38.5,5.,-1.554312234475E-15));
#1413 = CIRCLE('',#1414,1.5);
#1414 = AXIS2_PLACEMENT_3D('',#1415,#1416,#1417);
#1415 = CARTESIAN_POINT('',(37.,5.,-1.554312234475E-15));
#1416 = DIRECTION('',(0.,-1.110223024625E-16,-1.));
#1417 = DIRECTION('',(1.,0.,0.));
#1418 = FACE_BOUND('',#1419,.F.);
#1419 = EDGE_LOOP('',(#1420));
#1420 = ORIENTED_EDGE('',*,*,#1421,.T.);
#1421 = EDGE_CURVE('',#1422,#1422,#1424,.T.);
#1422 = VERTEX_POINT('',#1423);
#1423 = CARTESIAN_POINT('',(44.5,-13.,4.440892098501E-16));
#1424 = CIRCLE('',#1425,1.5);
#1425 = AXIS2_PLACEMENT_3D('',#1426,#1427,#1428);
#1426 = CARTESIAN_POINT('',(43.,-13.,4.440892098501E-16));
#1427 = DIRECTION('',(0.,-1.110223024625E-16,-1.));
#1428 = DIRECTION('',(1.,0.,0.));
#1429 = PLANE('',#1430);
#1430 = AXIS2_PLACEMENT_3D('',#1431,#1432,#1433);
#1431 = CARTESIAN_POINT('',(15.,-4.79811285857,-1.396503185129E-15));
#1432 = DIRECTION('',(0.,1.110223024625E-16,1.));
#1433 = DIRECTION('',(0.,-1.,1.110223024625E-16));
#1434 = ADVANCED_FACE('',(#1435),#1447,.T.);
#1435 = FACE_BOUND('',#1436,.F.);
#1436 = EDGE_LOOP('',(#1437,#1438,#1439,#1440));
#1437 = ORIENTED_EDGE('',*,*,#1401,.F.);
#1438 = ORIENTED_EDGE('',*,*,#576,.T.);
#1439 = ORIENTED_EDGE('',*,*,#1283,.T.);
#1440 = ORIENTED_EDGE('',*,*,#1441,.F.);
#1441 = EDGE_CURVE('',#1301,#1276,#1442,.T.);
#1442 = CIRCLE('',#1443,1.);
#1443 = AXIS2_PLACEMENT_3D('',#1444,#1445,#1446);
#1444 = CARTESIAN_POINT('',(30.,7.5,4.006579864025E-15));
#1445 = DIRECTION('',(0.,-1.,6.710223024625E-16));
#1446 = DIRECTION('',(1.,2.367295029805E-45,3.527893217732E-30));
#1447 = TOROIDAL_SURFACE('',#1448,3.,2.);
#1448 = AXIS2_PLACEMENT_3D('',#1449,#1450,#1451);
#1449 = CARTESIAN_POINT('',(30.,7.5,4.006579864025E-15));
#1450 = DIRECTION('',(0.,1.,-6.710223024625E-16));
#1451 = DIRECTION('',(1.,2.367295029805E-45,3.527893217732E-30));
#1452 = ADVANCED_FACE('',(#1453),#1456,.F.);
#1453 = FACE_BOUND('',#1454,.T.);
#1454 = EDGE_LOOP('',(#1455));
#1455 = ORIENTED_EDGE('',*,*,#634,.F.);
#1456 = PLANE('',#1457);
#1457 = AXIS2_PLACEMENT_3D('',#1458,#1459,#1460);
#1458 = CARTESIAN_POINT('',(0.,0.,4.));
#1459 = DIRECTION('',(0.,0.,1.));
#1460 = DIRECTION('',(1.,0.,0.));
#1461 = ADVANCED_FACE('',(#1462),#1607,.T.);
#1462 = FACE_BOUND('',#1463,.T.);
#1463 = EDGE_LOOP('',(#1464,#1474,#1482,#1488,#1489,#1490,#1491,#1492,
    #1493,#1494,#1503,#1511,#1520,#1529,#1538,#1547,#1556,#1564,#1573,
    #1582,#1591,#1600));
#1464 = ORIENTED_EDGE('',*,*,#1465,.T.);
#1465 = EDGE_CURVE('',#1466,#1468,#1470,.T.);
#1466 = VERTEX_POINT('',#1467);
#1467 = CARTESIAN_POINT('',(33.968626966597,-1.5,2.9));
#1468 = VERTEX_POINT('',#1469);
#1469 = CARTESIAN_POINT('',(41.,-1.5,2.9));
#1470 = LINE('',#1471,#1472);
#1471 = CARTESIAN_POINT('',(-11.,-1.5,2.9));
#1472 = VECTOR('',#1473,1.);
#1473 = DIRECTION('',(1.,0.,0.));
#1474 = ORIENTED_EDGE('',*,*,#1475,.T.);
#1475 = EDGE_CURVE('',#1468,#1476,#1478,.T.);
#1476 = VERTEX_POINT('',#1477);
#1477 = CARTESIAN_POINT('',(41.,-3.5,2.9));
#1478 = LINE('',#1479,#1480);
#1479 = CARTESIAN_POINT('',(41.,-1.5,2.9));
#1480 = VECTOR('',#1481,1.);
#1481 = DIRECTION('',(0.,-1.,1.110223024625E-16));
#1482 = ORIENTED_EDGE('',*,*,#1483,.F.);
#1483 = EDGE_CURVE('',#844,#1476,#1484,.T.);
#1484 = LINE('',#1485,#1486);
#1485 = CARTESIAN_POINT('',(-11.,-3.5,2.9));
#1486 = VECTOR('',#1487,1.);
#1487 = DIRECTION('',(1.,0.,0.));
#1488 = ORIENTED_EDGE('',*,*,#843,.F.);
#1489 = ORIENTED_EDGE('',*,*,#778,.T.);
#1490 = ORIENTED_EDGE('',*,*,#727,.F.);
#1491 = ORIENTED_EDGE('',*,*,#677,.F.);
#1492 = ORIENTED_EDGE('',*,*,#668,.F.);
#1493 = ORIENTED_EDGE('',*,*,#659,.T.);
#1494 = ORIENTED_EDGE('',*,*,#1495,.T.);
#1495 = EDGE_CURVE('',#652,#1496,#1498,.T.);
#1496 = VERTEX_POINT('',#1497);
#1497 = CARTESIAN_POINT('',(3.968626966597,-1.5,2.9));
#1498 = CIRCLE('',#1499,1.);
#1499 = AXIS2_PLACEMENT_3D('',#1500,#1501,#1502);
#1500 = CARTESIAN_POINT('',(3.968626966597,-0.5,2.9));
#1501 = DIRECTION('',(0.,-0.,1.));
#1502 = DIRECTION('',(0.,1.,0.));
#1503 = ORIENTED_EDGE('',*,*,#1504,.T.);
#1504 = EDGE_CURVE('',#1496,#1505,#1507,.T.);
#1505 = VERTEX_POINT('',#1506);
#1506 = CARTESIAN_POINT('',(11.031373033403,-1.5,2.9));
#1507 = LINE('',#1508,#1509);
#1508 = CARTESIAN_POINT('',(-11.,-1.5,2.9));
#1509 = VECTOR('',#1510,1.);
#1510 = DIRECTION('',(1.,0.,0.));
#1511 = ORIENTED_EDGE('',*,*,#1512,.T.);
#1512 = EDGE_CURVE('',#1505,#1513,#1515,.T.);
#1513 = VERTEX_POINT('',#1514);
#1514 = CARTESIAN_POINT('',(12.023529775052,-0.375,2.9));
#1515 = CIRCLE('',#1516,1.);
#1516 = AXIS2_PLACEMENT_3D('',#1517,#1518,#1519);
#1517 = CARTESIAN_POINT('',(11.031373033403,-0.5,2.9));
#1518 = DIRECTION('',(0.,4.930380657631E-32,1.));
#1519 = DIRECTION('',(0.,1.,-4.930380657631E-32));
#1520 = ORIENTED_EDGE('',*,*,#1521,.F.);
#1521 = EDGE_CURVE('',#1522,#1513,#1524,.T.);
#1522 = VERTEX_POINT('',#1523);
#1523 = CARTESIAN_POINT('',(12.401923788647,-1.5,2.9));
#1524 = CIRCLE('',#1525,3.);
#1525 = AXIS2_PLACEMENT_3D('',#1526,#1527,#1528);
#1526 = CARTESIAN_POINT('',(15.,-1.7763568394E-15,2.9));
#1527 = DIRECTION('',(0.,-4.930380657631E-32,-1.));
#1528 = DIRECTION('',(0.,1.,-4.930380657631E-32));
#1529 = ORIENTED_EDGE('',*,*,#1530,.F.);
#1530 = EDGE_CURVE('',#1531,#1522,#1533,.T.);
#1531 = VERTEX_POINT('',#1532);
#1532 = CARTESIAN_POINT('',(17.598076211353,-1.5,2.9));
#1533 = CIRCLE('',#1534,3.);
#1534 = AXIS2_PLACEMENT_3D('',#1535,#1536,#1537);
#1535 = CARTESIAN_POINT('',(15.,-1.7763568394E-15,2.9));
#1536 = DIRECTION('',(0.,-4.930380657631E-32,-1.));
#1537 = DIRECTION('',(1.,0.,0.));
#1538 = ORIENTED_EDGE('',*,*,#1539,.T.);
#1539 = EDGE_CURVE('',#1531,#1540,#1542,.T.);
#1540 = VERTEX_POINT('',#1541);
#1541 = CARTESIAN_POINT('',(17.976470224948,-0.375,2.9));
#1542 = CIRCLE('',#1543,3.);
#1543 = AXIS2_PLACEMENT_3D('',#1544,#1545,#1546);
#1544 = CARTESIAN_POINT('',(15.,-1.7763568394E-15,2.9));
#1545 = DIRECTION('',(0.,4.930380657631E-32,1.));
#1546 = DIRECTION('',(0.,1.,-4.930380657631E-32));
#1547 = ORIENTED_EDGE('',*,*,#1548,.F.);
#1548 = EDGE_CURVE('',#1549,#1540,#1551,.T.);
#1549 = VERTEX_POINT('',#1550);
#1550 = CARTESIAN_POINT('',(18.968626966597,-1.5,2.9));
#1551 = CIRCLE('',#1552,1.);
#1552 = AXIS2_PLACEMENT_3D('',#1553,#1554,#1555);
#1553 = CARTESIAN_POINT('',(18.968626966597,-0.5,2.9));
#1554 = DIRECTION('',(0.,-4.930380657631E-32,-1.));
#1555 = DIRECTION('',(0.,1.,-4.930380657631E-32));
#1556 = ORIENTED_EDGE('',*,*,#1557,.T.);
#1557 = EDGE_CURVE('',#1549,#1558,#1560,.T.);
#1558 = VERTEX_POINT('',#1559);
#1559 = CARTESIAN_POINT('',(26.031373033403,-1.5,2.9));
#1560 = LINE('',#1561,#1562);
#1561 = CARTESIAN_POINT('',(-11.,-1.5,2.9));
#1562 = VECTOR('',#1563,1.);
#1563 = DIRECTION('',(1.,0.,0.));
#1564 = ORIENTED_EDGE('',*,*,#1565,.F.);
#1565 = EDGE_CURVE('',#1566,#1558,#1568,.T.);
#1566 = VERTEX_POINT('',#1567);
#1567 = CARTESIAN_POINT('',(27.023529775052,-0.375,2.9));
#1568 = CIRCLE('',#1569,1.);
#1569 = AXIS2_PLACEMENT_3D('',#1570,#1571,#1572);
#1570 = CARTESIAN_POINT('',(26.031373033403,-0.5,2.9));
#1571 = DIRECTION('',(0.,-4.930380657631E-32,-1.));
#1572 = DIRECTION('',(0.,1.,-4.930380657631E-32));
#1573 = ORIENTED_EDGE('',*,*,#1574,.F.);
#1574 = EDGE_CURVE('',#1575,#1566,#1577,.T.);
#1575 = VERTEX_POINT('',#1576);
#1576 = CARTESIAN_POINT('',(27.401923788647,-1.5,2.9));
#1577 = CIRCLE('',#1578,3.);
#1578 = AXIS2_PLACEMENT_3D('',#1579,#1580,#1581);
#1579 = CARTESIAN_POINT('',(30.,-1.7763568394E-15,2.9));
#1580 = DIRECTION('',(0.,-4.930380657631E-32,-1.));
#1581 = DIRECTION('',(0.,1.,-4.930380657631E-32));
#1582 = ORIENTED_EDGE('',*,*,#1583,.F.);
#1583 = EDGE_CURVE('',#1584,#1575,#1586,.T.);
#1584 = VERTEX_POINT('',#1585);
#1585 = CARTESIAN_POINT('',(32.598076211353,-1.5,2.9));
#1586 = CIRCLE('',#1587,3.);
#1587 = AXIS2_PLACEMENT_3D('',#1588,#1589,#1590);
#1588 = CARTESIAN_POINT('',(30.,-1.7763568394E-15,2.9));
#1589 = DIRECTION('',(0.,-4.930380657631E-32,-1.));
#1590 = DIRECTION('',(1.,0.,0.));
#1591 = ORIENTED_EDGE('',*,*,#1592,.T.);
#1592 = EDGE_CURVE('',#1584,#1593,#1595,.T.);
#1593 = VERTEX_POINT('',#1594);
#1594 = CARTESIAN_POINT('',(32.976470224948,-0.375,2.9));
#1595 = CIRCLE('',#1596,3.);
#1596 = AXIS2_PLACEMENT_3D('',#1597,#1598,#1599);
#1597 = CARTESIAN_POINT('',(30.,-1.7763568394E-15,2.9));
#1598 = DIRECTION('',(0.,4.930380657631E-32,1.));
#1599 = DIRECTION('',(0.,1.,-4.930380657631E-32));
#1600 = ORIENTED_EDGE('',*,*,#1601,.T.);
#1601 = EDGE_CURVE('',#1593,#1466,#1602,.T.);
#1602 = CIRCLE('',#1603,1.);
#1603 = AXIS2_PLACEMENT_3D('',#1604,#1605,#1606);
#1604 = CARTESIAN_POINT('',(33.968626966597,-0.5,2.9));
#1605 = DIRECTION('',(0.,4.930380657631E-32,1.));
#1606 = DIRECTION('',(0.,1.,-4.930380657631E-32));
#1607 = PLANE('',#1608);
#1608 = AXIS2_PLACEMENT_3D('',#1609,#1610,#1611);
#1609 = CARTESIAN_POINT('',(-11.,-1.5,2.9));
#1610 = DIRECTION('',(0.,-1.110223024625E-16,-1.));
#1611 = DIRECTION('',(1.,0.,0.));
#1612 = ADVANCED_FACE('',(#1613),#1624,.T.);
#1613 = FACE_BOUND('',#1614,.F.);
#1614 = EDGE_LOOP('',(#1615,#1616,#1622,#1623));
#1615 = ORIENTED_EDGE('',*,*,#1495,.T.);
#1616 = ORIENTED_EDGE('',*,*,#1617,.T.);
#1617 = EDGE_CURVE('',#1496,#994,#1618,.T.);
#1618 = LINE('',#1619,#1620);
#1619 = CARTESIAN_POINT('',(3.968626966597,-1.5,2.9));
#1620 = VECTOR('',#1621,1.);
#1621 = DIRECTION('',(-0.,-0.,-1.));
#1622 = ORIENTED_EDGE('',*,*,#993,.F.);
#1623 = ORIENTED_EDGE('',*,*,#651,.F.);
#1624 = CYLINDRICAL_SURFACE('',#1625,1.);
#1625 = AXIS2_PLACEMENT_3D('',#1626,#1627,#1628);
#1626 = CARTESIAN_POINT('',(3.968626966597,-0.5,2.9));
#1627 = DIRECTION('',(-0.,-0.,-1.));
#1628 = DIRECTION('',(-0.992156741649,0.125,0.));
#1629 = ADVANCED_FACE('',(#1630),#1650,.T.);
#1630 = FACE_BOUND('',#1631,.T.);
#1631 = EDGE_LOOP('',(#1632,#1633,#1634,#1643));
#1632 = ORIENTED_EDGE('',*,*,#1093,.F.);
#1633 = ORIENTED_EDGE('',*,*,#712,.T.);
#1634 = ORIENTED_EDGE('',*,*,#1635,.T.);
#1635 = EDGE_CURVE('',#703,#1636,#1638,.T.);
#1636 = VERTEX_POINT('',#1637);
#1637 = CARTESIAN_POINT('',(-10.32039154317,6.106797181059,6.4));
#1638 = CIRCLE('',#1639,1.);
#1639 = AXIS2_PLACEMENT_3D('',#1640,#1641,#1642);
#1640 = CARTESIAN_POINT('',(-10.32039154317,6.106797181059,5.4));
#1641 = DIRECTION('',(0.316227766017,0.948683298051,-1.053250040573E-16)
  );
#1642 = DIRECTION('',(-0.948683298051,0.316227766017,-3.510833468577E-17
    ));
#1643 = ORIENTED_EDGE('',*,*,#1644,.F.);
#1644 = EDGE_CURVE('',#1086,#1636,#1645,.T.);
#1645 = CIRCLE('',#1646,3.5);
#1646 = AXIS2_PLACEMENT_3D('',#1647,#1648,#1649);
#1647 = CARTESIAN_POINT('',(-7.,5.,6.4));
#1648 = DIRECTION('',(0.,1.110223024625E-16,1.));
#1649 = DIRECTION('',(3.947459643112E-16,1.,-1.110223024625E-16));
#1650 = TOROIDAL_SURFACE('',#1651,3.5,1.);
#1651 = AXIS2_PLACEMENT_3D('',#1652,#1653,#1654);
#1652 = CARTESIAN_POINT('',(-7.,5.,5.4));
#1653 = DIRECTION('',(0.,1.110223024625E-16,1.));
#1654 = DIRECTION('',(3.947459643112E-16,1.,-1.110223024625E-16));
#1655 = ADVANCED_FACE('',(#1656),#1675,.T.);
#1656 = FACE_BOUND('',#1657,.F.);
#1657 = EDGE_LOOP('',(#1658,#1659,#1667,#1674));
#1658 = ORIENTED_EDGE('',*,*,#1635,.T.);
#1659 = ORIENTED_EDGE('',*,*,#1660,.T.);
#1660 = EDGE_CURVE('',#1636,#1661,#1663,.T.);
#1661 = VERTEX_POINT('',#1662);
#1662 = CARTESIAN_POINT('',(-16.32039154317,-11.89320281894,6.4));
#1663 = LINE('',#1664,#1665);
#1664 = CARTESIAN_POINT('',(-10.32039154317,6.106797181059,6.4));
#1665 = VECTOR('',#1666,1.);
#1666 = DIRECTION('',(-0.316227766017,-0.948683298051,1.053250040573E-16
    ));
#1667 = ORIENTED_EDGE('',*,*,#1668,.F.);
#1668 = EDGE_CURVE('',#755,#1661,#1669,.T.);
#1669 = CIRCLE('',#1670,1.);
#1670 = AXIS2_PLACEMENT_3D('',#1671,#1672,#1673);
#1671 = CARTESIAN_POINT('',(-16.32039154317,-11.89320281894,5.4));
#1672 = DIRECTION('',(0.316227766017,0.948683298051,-1.053250040573E-16)
  );
#1673 = DIRECTION('',(-0.948683298051,0.316227766017,-1.751083346858E-16
    ));
#1674 = ORIENTED_EDGE('',*,*,#762,.F.);
#1675 = CYLINDRICAL_SURFACE('',#1676,1.);
#1676 = AXIS2_PLACEMENT_3D('',#1677,#1678,#1679);
#1677 = CARTESIAN_POINT('',(-10.32039154317,6.106797181059,5.4));
#1678 = DIRECTION('',(-0.316227766017,-0.948683298051,1.053250040573E-16
    ));
#1679 = DIRECTION('',(-0.948683298051,0.316227766017,-1.751083346858E-16
    ));
#1680 = ADVANCED_FACE('',(#1681),#1701,.T.);
#1681 = FACE_BOUND('',#1682,.T.);
#1682 = EDGE_LOOP('',(#1683,#1684,#1685,#1694));
#1683 = ORIENTED_EDGE('',*,*,#1668,.F.);
#1684 = ORIENTED_EDGE('',*,*,#810,.T.);
#1685 = ORIENTED_EDGE('',*,*,#1686,.T.);
#1686 = EDGE_CURVE('',#801,#1687,#1689,.T.);
#1687 = VERTEX_POINT('',#1688);
#1688 = CARTESIAN_POINT('',(-13.,-16.5,6.4));
#1689 = CIRCLE('',#1690,1.);
#1690 = AXIS2_PLACEMENT_3D('',#1691,#1692,#1693);
#1691 = CARTESIAN_POINT('',(-13.,-16.5,5.4));
#1692 = DIRECTION('',(-1.,0.,0.));
#1693 = DIRECTION('',(0.,-1.,6.710223024625E-16));
#1694 = ORIENTED_EDGE('',*,*,#1695,.F.);
#1695 = EDGE_CURVE('',#1661,#1687,#1696,.T.);
#1696 = CIRCLE('',#1697,3.5);
#1697 = AXIS2_PLACEMENT_3D('',#1698,#1699,#1700);
#1698 = CARTESIAN_POINT('',(-13.,-13.,6.4));
#1699 = DIRECTION('',(0.,1.110223024625E-16,1.));
#1700 = DIRECTION('',(-0.948683298051,0.316227766017,-3.510833468577E-17
    ));
#1701 = TOROIDAL_SURFACE('',#1702,3.5,1.);
#1702 = AXIS2_PLACEMENT_3D('',#1703,#1704,#1705);
#1703 = CARTESIAN_POINT('',(-13.,-13.,5.4));
#1704 = DIRECTION('',(0.,1.110223024625E-16,1.));
#1705 = DIRECTION('',(-0.948683298051,0.316227766017,-3.510833468577E-17
    ));
#1706 = ADVANCED_FACE('',(#1707,#1732,#1743,#1754),#1765,.T.);
#1707 = FACE_BOUND('',#1708,.T.);
#1708 = EDGE_LOOP('',(#1709,#1710,#1718,#1726));
#1709 = ORIENTED_EDGE('',*,*,#825,.F.);
#1710 = ORIENTED_EDGE('',*,*,#1711,.F.);
#1711 = EDGE_CURVE('',#1712,#826,#1714,.T.);
#1712 = VERTEX_POINT('',#1713);
#1713 = CARTESIAN_POINT('',(41.,-3.5,1.));
#1714 = LINE('',#1715,#1716);
#1715 = CARTESIAN_POINT('',(-11.,-3.5,1.));
#1716 = VECTOR('',#1717,1.);
#1717 = DIRECTION('',(-1.,0.,-0.));
#1718 = ORIENTED_EDGE('',*,*,#1719,.T.);
#1719 = EDGE_CURVE('',#1712,#1720,#1722,.T.);
#1720 = VERTEX_POINT('',#1721);
#1721 = CARTESIAN_POINT('',(41.,-16.5,1.));
#1722 = LINE('',#1723,#1724);
#1723 = CARTESIAN_POINT('',(41.,-1.5,1.));
#1724 = VECTOR('',#1725,1.);
#1725 = DIRECTION('',(0.,-1.,1.110223024625E-16));
#1726 = ORIENTED_EDGE('',*,*,#1727,.F.);
#1727 = EDGE_CURVE('',#828,#1720,#1728,.T.);
#1728 = LINE('',#1729,#1730);
#1729 = CARTESIAN_POINT('',(-11.,-16.5,1.));
#1730 = VECTOR('',#1731,1.);
#1731 = DIRECTION('',(1.,0.,0.));
#1732 = FACE_BOUND('',#1733,.T.);
#1733 = EDGE_LOOP('',(#1734));
#1734 = ORIENTED_EDGE('',*,*,#1735,.F.);
#1735 = EDGE_CURVE('',#1736,#1736,#1738,.T.);
#1736 = VERTEX_POINT('',#1737);
#1737 = CARTESIAN_POINT('',(4.,-9.,1.));
#1738 = CIRCLE('',#1739,4.);
#1739 = AXIS2_PLACEMENT_3D('',#1740,#1741,#1742);
#1740 = CARTESIAN_POINT('',(0.,-9.,1.));
#1741 = DIRECTION('',(0.,0.,-1.));
#1742 = DIRECTION('',(1.,0.,0.));
#1743 = FACE_BOUND('',#1744,.T.);
#1744 = EDGE_LOOP('',(#1745));
#1745 = ORIENTED_EDGE('',*,*,#1746,.F.);
#1746 = EDGE_CURVE('',#1747,#1747,#1749,.T.);
#1747 = VERTEX_POINT('',#1748);
#1748 = CARTESIAN_POINT('',(19.,-9.,1.));
#1749 = CIRCLE('',#1750,4.);
#1750 = AXIS2_PLACEMENT_3D('',#1751,#1752,#1753);
#1751 = CARTESIAN_POINT('',(15.,-9.,1.));
#1752 = DIRECTION('',(0.,1.110223024625E-16,-1.));
#1753 = DIRECTION('',(1.,0.,0.));
#1754 = FACE_BOUND('',#1755,.T.);
#1755 = EDGE_LOOP('',(#1756));
#1756 = ORIENTED_EDGE('',*,*,#1757,.F.);
#1757 = EDGE_CURVE('',#1758,#1758,#1760,.T.);
#1758 = VERTEX_POINT('',#1759);
#1759 = CARTESIAN_POINT('',(34.,-9.,1.));
#1760 = CIRCLE('',#1761,4.);
#1761 = AXIS2_PLACEMENT_3D('',#1762,#1763,#1764);
#1762 = CARTESIAN_POINT('',(30.,-9.,1.));
#1763 = DIRECTION('',(0.,1.110223024625E-16,-1.));
#1764 = DIRECTION('',(1.,0.,0.));
#1765 = PLANE('',#1766);
#1766 = AXIS2_PLACEMENT_3D('',#1767,#1768,#1769);
#1767 = CARTESIAN_POINT('',(-11.,-1.5,1.));
#1768 = DIRECTION('',(0.,-1.110223024625E-16,-1.));
#1769 = DIRECTION('',(1.,0.,0.));
#1770 = ADVANCED_FACE('',(#1771),#1782,.F.);
#1771 = FACE_BOUND('',#1772,.F.);
#1772 = EDGE_LOOP('',(#1773,#1779,#1780,#1781));
#1773 = ORIENTED_EDGE('',*,*,#1774,.F.);
#1774 = EDGE_CURVE('',#1476,#1712,#1775,.T.);
#1775 = LINE('',#1776,#1777);
#1776 = CARTESIAN_POINT('',(41.,-3.5,2.9));
#1777 = VECTOR('',#1778,1.);
#1778 = DIRECTION('',(0.,-1.110223024625E-16,-1.));
#1779 = ORIENTED_EDGE('',*,*,#1483,.F.);
#1780 = ORIENTED_EDGE('',*,*,#851,.T.);
#1781 = ORIENTED_EDGE('',*,*,#1711,.F.);
#1782 = PLANE('',#1783);
#1783 = AXIS2_PLACEMENT_3D('',#1784,#1785,#1786);
#1784 = CARTESIAN_POINT('',(-11.,-3.5,2.9));
#1785 = DIRECTION('',(0.,-1.,1.110223024625E-16));
#1786 = DIRECTION('',(0.,-1.110223024625E-16,-1.));
#1787 = ADVANCED_FACE('',(#1788),#1807,.T.);
#1788 = FACE_BOUND('',#1789,.F.);
#1789 = EDGE_LOOP('',(#1790,#1798,#1799,#1800));
#1790 = ORIENTED_EDGE('',*,*,#1791,.T.);
#1791 = EDGE_CURVE('',#1792,#1385,#1794,.T.);
#1792 = VERTEX_POINT('',#1793);
#1793 = CARTESIAN_POINT('',(47.269074841227,-11.57697505292,5.4));
#1794 = LINE('',#1795,#1796);
#1795 = CARTESIAN_POINT('',(47.269074841227,-11.57697505292,6.4));
#1796 = VECTOR('',#1797,1.);
#1797 = DIRECTION('',(0.,-5.510223024625E-16,-1.));
#1798 = ORIENTED_EDGE('',*,*,#1384,.T.);
#1799 = ORIENTED_EDGE('',*,*,#865,.F.);
#1800 = ORIENTED_EDGE('',*,*,#1801,.T.);
#1801 = EDGE_CURVE('',#866,#1792,#1802,.T.);
#1802 = CIRCLE('',#1803,4.5);
#1803 = AXIS2_PLACEMENT_3D('',#1804,#1805,#1806);
#1804 = CARTESIAN_POINT('',(43.,-13.,5.4));
#1805 = DIRECTION('',(-0.,1.110223024625E-16,1.));
#1806 = DIRECTION('',(0.,-1.,1.110223024625E-16));
#1807 = CYLINDRICAL_SURFACE('',#1808,4.5);
#1808 = AXIS2_PLACEMENT_3D('',#1809,#1810,#1811);
#1809 = CARTESIAN_POINT('',(43.,-13.,6.4));
#1810 = DIRECTION('',(0.,5.510223024625E-16,1.));
#1811 = DIRECTION('',(1.,0.,0.));
#1812 = ADVANCED_FACE('',(#1813),#1832,.T.);
#1813 = FACE_BOUND('',#1814,.F.);
#1814 = EDGE_LOOP('',(#1815,#1816,#1824,#1831));
#1815 = ORIENTED_EDGE('',*,*,#1686,.T.);
#1816 = ORIENTED_EDGE('',*,*,#1817,.T.);
#1817 = EDGE_CURVE('',#1687,#1818,#1820,.T.);
#1818 = VERTEX_POINT('',#1819);
#1819 = CARTESIAN_POINT('',(43.,-16.5,6.4));
#1820 = LINE('',#1821,#1822);
#1821 = CARTESIAN_POINT('',(-13.,-16.5,6.4));
#1822 = VECTOR('',#1823,1.);
#1823 = DIRECTION('',(1.,0.,0.));
#1824 = ORIENTED_EDGE('',*,*,#1825,.F.);
#1825 = EDGE_CURVE('',#866,#1818,#1826,.T.);
#1826 = CIRCLE('',#1827,1.);
#1827 = AXIS2_PLACEMENT_3D('',#1828,#1829,#1830);
#1828 = CARTESIAN_POINT('',(43.,-16.5,5.4));
#1829 = DIRECTION('',(-1.,0.,0.));
#1830 = DIRECTION('',(0.,-1.,6.710223024625E-16));
#1831 = ORIENTED_EDGE('',*,*,#875,.F.);
#1832 = CYLINDRICAL_SURFACE('',#1833,1.);
#1833 = AXIS2_PLACEMENT_3D('',#1834,#1835,#1836);
#1834 = CARTESIAN_POINT('',(-13.,-16.5,5.4));
#1835 = DIRECTION('',(1.,0.,0.));
#1836 = DIRECTION('',(0.,-1.,6.710223024625E-16));
#1837 = ADVANCED_FACE('',(#1838),#1855,.T.);
#1838 = FACE_BOUND('',#1839,.T.);
#1839 = EDGE_LOOP('',(#1840,#1847,#1853,#1854));
#1840 = ORIENTED_EDGE('',*,*,#1841,.T.);
#1841 = EDGE_CURVE('',#892,#1720,#1842,.T.);
#1842 = ELLIPSE('',#1843,1.414213562373,1.);
#1843 = AXIS2_PLACEMENT_3D('',#1844,#1845,#1846);
#1844 = CARTESIAN_POINT('',(42.,-16.5,2.));
#1845 = DIRECTION('',(0.707106781187,-7.850462293419E-17,-0.707106781187
    ));
#1846 = DIRECTION('',(0.707106781187,7.850462293419E-17,0.707106781187)
  );
#1847 = ORIENTED_EDGE('',*,*,#1848,.T.);
#1848 = EDGE_CURVE('',#1720,#1369,#1849,.T.);
#1849 = LINE('',#1850,#1851);
#1850 = CARTESIAN_POINT('',(41.,-16.5,1.));
#1851 = VECTOR('',#1852,1.);
#1852 = DIRECTION('',(0.,-1.110223024625E-16,-1.));
#1853 = ORIENTED_EDGE('',*,*,#1376,.F.);
#1854 = ORIENTED_EDGE('',*,*,#899,.F.);
#1855 = CYLINDRICAL_SURFACE('',#1856,1.);
#1856 = AXIS2_PLACEMENT_3D('',#1857,#1858,#1859);
#1857 = CARTESIAN_POINT('',(42.,-16.5,1.));
#1858 = DIRECTION('',(0.,-1.110223024625E-16,-1.));
#1859 = DIRECTION('',(0.,-1.,1.110223024625E-16));
#1860 = ADVANCED_FACE('',(#1861),#1867,.T.);
#1861 = FACE_BOUND('',#1862,.T.);
#1862 = EDGE_LOOP('',(#1863,#1864,#1865,#1866));
#1863 = ORIENTED_EDGE('',*,*,#921,.T.);
#1864 = ORIENTED_EDGE('',*,*,#1727,.T.);
#1865 = ORIENTED_EDGE('',*,*,#1841,.F.);
#1866 = ORIENTED_EDGE('',*,*,#891,.F.);
#1867 = CYLINDRICAL_SURFACE('',#1868,1.);
#1868 = AXIS2_PLACEMENT_3D('',#1869,#1870,#1871);
#1869 = CARTESIAN_POINT('',(-11.,-16.5,2.));
#1870 = DIRECTION('',(1.,0.,0.));
#1871 = DIRECTION('',(0.,-1.,6.710223024625E-16));
#1872 = ADVANCED_FACE('',(#1873,#1884),#1887,.F.);
#1873 = FACE_BOUND('',#1874,.F.);
#1874 = EDGE_LOOP('',(#1875));
#1875 = ORIENTED_EDGE('',*,*,#1876,.T.);
#1876 = EDGE_CURVE('',#1877,#1877,#1879,.T.);
#1877 = VERTEX_POINT('',#1878);
#1878 = CARTESIAN_POINT('',(-7.,2.3,3.7));
#1879 = CIRCLE('',#1880,2.7);
#1880 = AXIS2_PLACEMENT_3D('',#1881,#1882,#1883);
#1881 = CARTESIAN_POINT('',(-7.,5.,3.7));
#1882 = DIRECTION('',(-0.,-1.110223024625E-16,-1.));
#1883 = DIRECTION('',(0.,-1.,1.110223024625E-16));
#1884 = FACE_BOUND('',#1885,.F.);
#1885 = EDGE_LOOP('',(#1886));
#1886 = ORIENTED_EDGE('',*,*,#939,.T.);
#1887 = PLANE('',#1888);
#1888 = AXIS2_PLACEMENT_3D('',#1889,#1890,#1891);
#1889 = CARTESIAN_POINT('',(-7.,5.,3.7));
#1890 = DIRECTION('',(0.,-1.110223024625E-16,-1.));
#1891 = DIRECTION('',(0.,-1.,1.110223024625E-16));
#1892 = ADVANCED_FACE('',(#1893,#1904),#1907,.F.);
#1893 = FACE_BOUND('',#1894,.F.);
#1894 = EDGE_LOOP('',(#1895));
#1895 = ORIENTED_EDGE('',*,*,#1896,.T.);
#1896 = EDGE_CURVE('',#1897,#1897,#1899,.T.);
#1897 = VERTEX_POINT('',#1898);
#1898 = CARTESIAN_POINT('',(-13.,-15.7,3.7));
#1899 = CIRCLE('',#1900,2.7);
#1900 = AXIS2_PLACEMENT_3D('',#1901,#1902,#1903);
#1901 = CARTESIAN_POINT('',(-13.,-13.,3.7));
#1902 = DIRECTION('',(-0.,-1.110223024625E-16,-1.));
#1903 = DIRECTION('',(0.,-1.,1.110223024625E-16));
#1904 = FACE_BOUND('',#1905,.F.);
#1905 = EDGE_LOOP('',(#1906));
#1906 = ORIENTED_EDGE('',*,*,#964,.T.);
#1907 = PLANE('',#1908);
#1908 = AXIS2_PLACEMENT_3D('',#1909,#1910,#1911);
#1909 = CARTESIAN_POINT('',(-13.,-13.,3.7));
#1910 = DIRECTION('',(0.,-1.110223024625E-16,-1.));
#1911 = DIRECTION('',(0.,-1.,1.110223024625E-16));
#1912 = ADVANCED_FACE('',(#1913),#1977,.F.);
#1913 = FACE_BOUND('',#1914,.T.);
#1914 = EDGE_LOOP('',(#1915,#1916,#1917,#1918));
#1915 = ORIENTED_EDGE('',*,*,#1051,.T.);
#1916 = ORIENTED_EDGE('',*,*,#1120,.F.);
#1917 = ORIENTED_EDGE('',*,*,#1168,.T.);
#1918 = ORIENTED_EDGE('',*,*,#1919,.T.);
#1919 = EDGE_CURVE('',#1169,#1029,#1920,.T.);
#1920 = B_SPLINE_CURVE_WITH_KNOTS('',10,(#1921,#1922,#1923,#1924,#1925,
    #1926,#1927,#1928,#1929,#1930,#1931,#1932,#1933,#1934,#1935,#1936,
    #1937,#1938,#1939,#1940,#1941,#1942,#1943,#1944,#1945,#1946,#1947,
    #1948,#1949,#1950,#1951,#1952,#1953,#1954,#1955,#1956,#1957,#1958,
    #1959,#1960,#1961,#1962,#1963,#1964,#1965,#1966,#1967,#1968,#1969,
    #1970,#1971,#1972,#1973,#1974,#1975,#1976),.UNSPECIFIED.,.F.,.F.,(11
    ,9,9,9,9,9,11),(-0.115541748681,-1.242120293004E-13,0.85977584201,
    1.582397109483,2.310637482211,3.164586546157,3.280121084975),
  .UNSPECIFIED.);
#1921 = CARTESIAN_POINT('',(16.,3.464101615138,-0.168183902565));
#1922 = CARTESIAN_POINT('',(16.,3.464101615138,-0.142791839434));
#1923 = CARTESIAN_POINT('',(16.,3.464101615138,-0.119305036942));
#1924 = CARTESIAN_POINT('',(16.,3.464101615138,-9.772349508808E-02));
#1925 = CARTESIAN_POINT('',(16.,3.464101615138,-7.804721387337E-02));
#1926 = CARTESIAN_POINT('',(16.,3.464101615138,-6.027619329748E-02));
#1927 = CARTESIAN_POINT('',(16.,3.464101615138,-4.441043336038E-02));
#1928 = CARTESIAN_POINT('',(16.,3.464101615138,-3.04499340621E-02));
#1929 = CARTESIAN_POINT('',(16.,3.464101615138,-1.839469540262E-02));
#1930 = CARTESIAN_POINT('',(16.,3.464101615138,-8.244717381953E-03));
#1931 = CARTESIAN_POINT('',(16.000000000001,3.464101615138,
    6.135106063457E-02));
#1932 = CARTESIAN_POINT('',(15.995819999513,3.469117494889,0.12263124965
    ));
#1933 = CARTESIAN_POINT('',(15.987468069499,3.47915972305,0.184121768681
    ));
#1934 = CARTESIAN_POINT('',(15.97478906376,3.494253534277,0.245999682878
    ));
#1935 = CARTESIAN_POINT('',(15.957483290498,3.514462055106,
    0.308388630239));
#1936 = CARTESIAN_POINT('',(15.935105076305,3.539864100617,
    0.371371218308));
#1937 = CARTESIAN_POINT('',(15.907041223317,3.570486642027,
    0.434963108259));
#1938 = CARTESIAN_POINT('',(15.872469358678,3.606191945036,
    0.499048786332));
#1939 = CARTESIAN_POINT('',(15.830296177122,3.646519379094,
    0.563279022662));
#1940 = CARTESIAN_POINT('',(15.736025871863,3.727431354735,
    0.680427173695));
#1941 = CARTESIAN_POINT('',(15.686640897472,3.766924968314,
    0.733498800283));
#1942 = CARTESIAN_POINT('',(15.629614969076,3.808481344492,
    0.785735413954));
#1943 = CARTESIAN_POINT('',(15.566125214585,3.850405321564,
    0.835961252292));
#1944 = CARTESIAN_POINT('',(15.489505342213,3.893293996976,
    0.884380007105));
#1945 = CARTESIAN_POINT('',(15.409134778473,3.931159339606,
    0.926400999337));
#1946 = CARTESIAN_POINT('',(15.312653100597,3.965406134224,
    0.963049068966));
#1947 = CARTESIAN_POINT('',(15.211539726431,3.98829583267,0.987518011329
    ));
#1948 = CARTESIAN_POINT('',(15.105747535859,4.00000021767,1.000000399826
    ));
#1949 = CARTESIAN_POINT('',(14.893422579801,3.999999780614,0.99999959705
    ));
#1950 = CARTESIAN_POINT('',(14.786711587559,3.988123423373,
    0.987328735178));
#1951 = CARTESIAN_POINT('',(14.684570995747,3.964704766465,
    0.962371800637));
#1952 = CARTESIAN_POINT('',(14.588475168989,3.930311360413,
    0.925293307753));
#1953 = CARTESIAN_POINT('',(14.506722153688,3.891546987204,
    0.882724438125));
#1954 = CARTESIAN_POINT('',(14.430576961123,3.84857466589,0.833659149366
    ));
#1955 = CARTESIAN_POINT('',(14.366574455275,3.805934564855,
    0.782800141805));
#1956 = CARTESIAN_POINT('',(14.309795933248,3.764320184224,
    0.730185445036));
#1957 = CARTESIAN_POINT('',(14.260435574741,3.724594385907,
    0.676607337319));
#1958 = CARTESIAN_POINT('',(14.167170228128,3.644090167007,
    0.559401609896));
#1959 = CARTESIAN_POINT('',(14.125688080277,3.604285553653,
    0.495618393899));
#1960 = CARTESIAN_POINT('',(14.09165121744,3.569058835743,0.431987046004
    ));
#1961 = CARTESIAN_POINT('',(14.063999312344,3.538848190664,
    0.368840978406));
#1962 = CARTESIAN_POINT('',(14.041936907207,3.513786465456,
    0.306295010461));
#1963 = CARTESIAN_POINT('',(14.024869997764,3.493848652111,0.24433650589
    ));
#1964 = CARTESIAN_POINT('',(14.012364322301,3.478958072104,
    0.182883567947));
#1965 = CARTESIAN_POINT('',(14.00412535429,3.469051269809,0.12181029251)
  );
#1966 = CARTESIAN_POINT('',(14.000000000001,3.464101615138,
    6.093907912891E-02));
#1967 = CARTESIAN_POINT('',(14.,3.464101615138,-8.244717045082E-03));
#1968 = CARTESIAN_POINT('',(14.,3.464101615138,-1.839469480383E-02));
#1969 = CARTESIAN_POINT('',(14.,3.464101615138,-3.044993327621E-02));
#1970 = CARTESIAN_POINT('',(13.999999999999,3.464101615138,
    -4.441043246224E-02));
#1971 = CARTESIAN_POINT('',(13.999999999999,3.464101615138,
    -6.027619236191E-02));
#1972 = CARTESIAN_POINT('',(13.999999999999,3.464101615138,
    -7.804721297523E-02));
#1973 = CARTESIAN_POINT('',(13.999999999999,3.464101615137,
    -9.772349430219E-02));
#1974 = CARTESIAN_POINT('',(13.999999999999,3.464101615137,
    -0.119305036343));
#1975 = CARTESIAN_POINT('',(13.999999999998,3.464101615137,
    -0.142791839097));
#1976 = CARTESIAN_POINT('',(13.999999999998,3.464101615137,
    -0.168183902565));
#1977 = CYLINDRICAL_SURFACE('',#1978,1.);
#1978 = AXIS2_PLACEMENT_3D('',#1979,#1980,#1981);
#1979 = CARTESIAN_POINT('',(15.,9.5,2.6645352591E-15));
#1980 = DIRECTION('',(-0.,1.,2.22044604925E-16));
#1981 = DIRECTION('',(1.,0.,0.));
#1982 = ADVANCED_FACE('',(#1983),#2047,.T.);
#1983 = FACE_BOUND('',#1984,.T.);
#1984 = EDGE_LOOP('',(#1985,#1986,#2045,#2046));
#1985 = ORIENTED_EDGE('',*,*,#1176,.T.);
#1986 = ORIENTED_EDGE('',*,*,#1987,.T.);
#1987 = EDGE_CURVE('',#1177,#1020,#1988,.T.);
#1988 = B_SPLINE_CURVE_WITH_KNOTS('',10,(#1989,#1990,#1991,#1992,#1993,
    #1994,#1995,#1996,#1997,#1998,#1999,#2000,#2001,#2002,#2003,#2004,
    #2005,#2006,#2007,#2008,#2009,#2010,#2011,#2012,#2013,#2014,#2015,
    #2016,#2017,#2018,#2019,#2020,#2021,#2022,#2023,#2024,#2025,#2026,
    #2027,#2028,#2029,#2030,#2031,#2032,#2033,#2034,#2035,#2036,#2037,
    #2038,#2039,#2040,#2041,#2042,#2043,#2044),.UNSPECIFIED.,.F.,.F.,(11
    ,9,9,9,9,9,11),(-0.115541748681,-1.242120293004E-13,0.85977584201,
    1.582397109483,2.310637482211,3.164586546157,3.280121084975),
  .UNSPECIFIED.);
#1989 = CARTESIAN_POINT('',(16.5,2.598076211353,-0.168183902565));
#1990 = CARTESIAN_POINT('',(16.5,2.598076211353,-0.151365512309));
#1991 = CARTESIAN_POINT('',(16.5,2.598076211353,-0.134547122052));
#1992 = CARTESIAN_POINT('',(16.5,2.598076211353,-0.117728731796));
#1993 = CARTESIAN_POINT('',(16.5,2.598076211353,-0.100910341539));
#1994 = CARTESIAN_POINT('',(16.5,2.598076211353,-8.409195128265E-02));
#1995 = CARTESIAN_POINT('',(16.5,2.598076211353,-6.727356102616E-02));
#1996 = CARTESIAN_POINT('',(16.5,2.598076211353,-5.045517076967E-02));
#1997 = CARTESIAN_POINT('',(16.5,2.598076211353,-3.363678051317E-02));
#1998 = CARTESIAN_POINT('',(16.5,2.598076211353,-1.681839025668E-02));
#1999 = CARTESIAN_POINT('',(16.500000000001,2.598076211353,
    0.125149963621));
#2000 = CARTESIAN_POINT('',(16.493573514715,2.601778942897,
    0.250171829169));
#2001 = CARTESIAN_POINT('',(16.48072744759,2.609205594518,0.375370866389
    ));
#2002 = CARTESIAN_POINT('',(16.461292226491,2.620331645313,
    0.500925494501));
#2003 = CARTESIAN_POINT('',(16.434912423669,2.635145770198,
    0.626998799081));
#2004 = CARTESIAN_POINT('',(16.40101380176,2.653666438128,0.753757882644
    ));
#2005 = CARTESIAN_POINT('',(16.3587467866,2.675916203407,0.881301048997)
  );
#2006 = CARTESIAN_POINT('',(16.306906365957,2.701853689949,
    1.009492821294));
#2007 = CARTESIAN_POINT('',(16.243828415031,2.73126326861,1.13770679385)
  );
#2008 = CARTESIAN_POINT('',(16.10291056307,2.790782725974,1.371023105223
    ));
#2009 = CARTESIAN_POINT('',(16.029182242145,2.820007180703,
    1.476494756619));
#2010 = CARTESIAN_POINT('',(15.943535544728,2.851056592692,1.58030150245
    ));
#2011 = CARTESIAN_POINT('',(15.849785845189,2.882620612739,
    1.678974338349));
#2012 = CARTESIAN_POINT('',(15.733180774372,2.915628174081,
    1.775555694136));
#2013 = CARTESIAN_POINT('',(15.614320477963,2.945055962631,
    1.856699122831));
#2014 = CARTESIAN_POINT('',(15.468941940875,2.972333756268,
    1.928574310678));
#2015 = CARTESIAN_POINT('',(15.317208047084,2.990639354793,
    1.975809370295));
#2016 = CARTESIAN_POINT('',(15.158608229027,2.999999954915,
    1.999999927708));
#2017 = CARTESIAN_POINT('',(14.840160145038,3.000000045435,
    2.000000072818));
#2018 = CARTESIAN_POINT('',(14.680022807192,2.990501329468,
    1.975452368448));
#2019 = CARTESIAN_POINT('',(14.526716675999,2.971747629134,1.92704846018
    ));
#2020 = CARTESIAN_POINT('',(14.383125840105,2.944461845963,
    1.855166474934));
#2021 = CARTESIAN_POINT('',(14.259546945658,2.914143729079,
    1.771406034057));
#2022 = CARTESIAN_POINT('',(14.146665775528,2.881324771523,
    1.675250309959));
#2023 = CARTESIAN_POINT('',(14.050107112304,2.849081693583,
    1.574088959894));
#2024 = CARTESIAN_POINT('',(13.965640197343,2.818076394185,
    1.470021605376));
#2025 = CARTESIAN_POINT('',(13.891801779135,2.78868381579,1.363430006581
    ));
#2026 = CARTESIAN_POINT('',(13.752374364616,2.729489686021,
    1.129952976512));
#2027 = CARTESIAN_POINT('',(13.690325435149,2.700467383587,
    1.002614366944));
#2028 = CARTESIAN_POINT('',(13.639283690285,2.674878767121,
    0.875327128719));
#2029 = CARTESIAN_POINT('',(13.597633308457,2.652926817928,
    0.748676536385));
#2030 = CARTESIAN_POINT('',(13.564208437644,2.634651841821,
    0.622787112048));
#2031 = CARTESIAN_POINT('',(13.53818776481,2.620033968438,0.497564916157
    ));
#2032 = CARTESIAN_POINT('',(13.519014376816,2.609056440168,
    0.372851841265));
#2033 = CARTESIAN_POINT('',(13.506340911465,2.601729690395,
    0.248491908674));
#2034 = CARTESIAN_POINT('',(13.500000000001,2.598076211353,
    0.124309568061));
#2035 = CARTESIAN_POINT('',(13.5,2.598076211353,-1.681839025646E-02));
#2036 = CARTESIAN_POINT('',(13.5,2.598076211353,-3.363678051295E-02));
#2037 = CARTESIAN_POINT('',(13.5,2.598076211353,-5.045517076944E-02));
#2038 = CARTESIAN_POINT('',(13.5,2.598076211353,-6.727356102594E-02));
#2039 = CARTESIAN_POINT('',(13.5,2.598076211353,-8.409195128243E-02));
#2040 = CARTESIAN_POINT('',(13.499999999999,2.598076211353,
    -0.100910341539));
#2041 = CARTESIAN_POINT('',(13.499999999999,2.598076211353,
    -0.117728731795));
#2042 = CARTESIAN_POINT('',(13.499999999999,2.598076211353,
    -0.134547122052));
#2043 = CARTESIAN_POINT('',(13.499999999999,2.598076211353,
    -0.151365512308));
#2044 = CARTESIAN_POINT('',(13.499999999999,2.598076211353,
    -0.168183902565));
#2045 = ORIENTED_EDGE('',*,*,#1028,.F.);
#2046 = ORIENTED_EDGE('',*,*,#1919,.F.);
#2047 = ( BOUNDED_SURFACE() B_SPLINE_SURFACE(2,10,(
    (#2048,#2049,#2050,#2051,#2052,#2053,#2054,#2055,#2056,#2057,#2058
      ,#2059,#2060,#2061,#2062,#2063,#2064,#2065,#2066,#2067,#2068,#2069
      ,#2070,#2071,#2072,#2073,#2074,#2075,#2076,#2077,#2078,#2079,#2080
      ,#2081,#2082,#2083,#2084,#2085,#2086,#2087,#2088,#2089,#2090,#2091
      ,#2092,#2093,#2094,#2095,#2096,#2097,#2098,#2099,#2100,#2101,#2102
      ,#2103)
    ,(#2104,#2105,#2106,#2107,#2108,#2109,#2110,#2111,#2112,#2113,#2114
      ,#2115,#2116,#2117,#2118,#2119,#2120,#2121,#2122,#2123,#2124,#2125
      ,#2126,#2127,#2128,#2129,#2130,#2131,#2132,#2133,#2134,#2135,#2136
      ,#2137,#2138,#2139,#2140,#2141,#2142,#2143,#2144,#2145,#2146,#2147
      ,#2148,#2149,#2150,#2151,#2152,#2153,#2154,#2155,#2156,#2157,#2158
      ,#2159)
    ,(#2160,#2161,#2162,#2163,#2164,#2165,#2166,#2167,#2168,#2169,#2170
      ,#2171,#2172,#2173,#2174,#2175,#2176,#2177,#2178,#2179,#2180,#2181
      ,#2182,#2183,#2184,#2185,#2186,#2187,#2188,#2189,#2190,#2191,#2192
      ,#2193,#2194,#2195,#2196,#2197,#2198,#2199,#2200,#2201,#2202,#2203
      ,#2204,#2205,#2206,#2207,#2208,#2209,#2210,#2211,#2212,#2213,#2214
,#2215
    )),.UNSPECIFIED.,.F.,.F.,.F.) B_SPLINE_SURFACE_WITH_KNOTS((3,3),(11,
    9,9,9,9,9,11),(0.,3.164586546157),(-0.115541748681,
    -1.242120293004E-13,0.85977584201,1.582397109483,2.310637482211,
    3.164586546157,3.280121084975),.UNSPECIFIED.) 
GEOMETRIC_REPRESENTATION_ITEM() RATIONAL_B_SPLINE_SURFACE((
    (1.,1.,1.,1.,1.,1.,1.,1.,1.,1.,1.,1.,1.,1.,1.,1.,1.,1.,1.,1.,1.,1.
      ,1.,1.,1.,1.,1.,1.,1.,1.,1.,1.,1.,1.,1.,1.,1.,1.,1.,1.,1.,1.,1.,1.
      ,1.,1.,1.,1.,1.,1.,1.,1.,1.,1.,1.,1.)
    ,(0.866025403784,0.866025403784,0.866025403784,0.866025403784
      ,0.866025403784,0.866025403784,0.866025403784,0.866025403784
      ,0.866025403784,0.866025403784,0.866025403784,0.864721289466
      ,0.862101304781,0.858153941247,0.852840171693,0.846088143072
      ,0.837810328384,0.827943137658,0.816508988044,0.792935881461
      ,0.781213222418,0.768589391554,0.755675202636,0.741951671788
      ,0.729816546444,0.718503725545,0.710970006962,0.707106768613
      ,0.707106793866,0.711025306844,0.718758558259,0.730030086136
      ,0.742606925591,0.756179880002,0.769414437941,0.781993534116
      ,0.793777622314,0.817198235927,0.828470188676,0.838196016502
      ,0.846357669601,0.853017394065,0.858259645424,0.862153929406
      ,0.864738569842,0.866025403784,0.866025403784,0.866025403784
      ,0.866025403784,0.866025403784,0.866025403784,0.866025403784
      ,0.866025403784,0.866025403784,0.866025403784,0.866025403784)
    ,(1.,1.,1.,1.,1.,1.,1.,1.,1.,1.,1.,1.,1.,1.,1.,1.,1.,1.,1.,1.,1.,1.
      ,1.,1.,1.,1.,1.,1.,1.,1.,1.,1.,1.,1.,1.,1.,1.,1.,1.,1.,1.,1.,1.,1.
,1.,1.,1.,1.,1.,1.,1.,1.,1.,1.,1.,1.
  ))) REPRESENTATION_ITEM('') SURFACE() );
#2048 = CARTESIAN_POINT('',(16.,3.464101615138,-0.168183902565));
#2049 = CARTESIAN_POINT('',(16.,3.464101615138,-0.142791839434));
#2050 = CARTESIAN_POINT('',(16.,3.464101615138,-0.119305036942));
#2051 = CARTESIAN_POINT('',(16.,3.464101615138,-9.772349508808E-02));
#2052 = CARTESIAN_POINT('',(16.,3.464101615138,-7.804721387337E-02));
#2053 = CARTESIAN_POINT('',(16.,3.464101615138,-6.027619329748E-02));
#2054 = CARTESIAN_POINT('',(16.,3.464101615138,-4.441043336038E-02));
#2055 = CARTESIAN_POINT('',(16.,3.464101615138,-3.04499340621E-02));
#2056 = CARTESIAN_POINT('',(16.,3.464101615138,-1.839469540262E-02));
#2057 = CARTESIAN_POINT('',(16.,3.464101615138,-8.244717381953E-03));
#2058 = CARTESIAN_POINT('',(16.000000000001,3.464101615138,
    6.135106063457E-02));
#2059 = CARTESIAN_POINT('',(15.995819999513,3.469117494889,0.12263124965
    ));
#2060 = CARTESIAN_POINT('',(15.987468069499,3.47915972305,0.184121768681
    ));
#2061 = CARTESIAN_POINT('',(15.97478906376,3.494253534277,0.245999682878
    ));
#2062 = CARTESIAN_POINT('',(15.957483290498,3.514462055106,
    0.308388630239));
#2063 = CARTESIAN_POINT('',(15.935105076305,3.539864100617,
    0.371371218308));
#2064 = CARTESIAN_POINT('',(15.907041223317,3.570486642027,
    0.434963108259));
#2065 = CARTESIAN_POINT('',(15.872469358678,3.606191945036,
    0.499048786332));
#2066 = CARTESIAN_POINT('',(15.830296177122,3.646519379094,
    0.563279022662));
#2067 = CARTESIAN_POINT('',(15.736025871863,3.727431354735,
    0.680427173695));
#2068 = CARTESIAN_POINT('',(15.686640897472,3.766924968314,
    0.733498800283));
#2069 = CARTESIAN_POINT('',(15.629614969076,3.808481344492,
    0.785735413954));
#2070 = CARTESIAN_POINT('',(15.566125214585,3.850405321564,
    0.835961252292));
#2071 = CARTESIAN_POINT('',(15.489505342213,3.893293996976,
    0.884380007105));
#2072 = CARTESIAN_POINT('',(15.409134778473,3.931159339606,
    0.926400999337));
#2073 = CARTESIAN_POINT('',(15.312653100597,3.965406134224,
    0.963049068966));
#2074 = CARTESIAN_POINT('',(15.211539726431,3.98829583267,0.987518011329
    ));
#2075 = CARTESIAN_POINT('',(15.105747535859,4.00000021767,1.000000399826
    ));
#2076 = CARTESIAN_POINT('',(14.893422579801,3.999999780614,0.99999959705
    ));
#2077 = CARTESIAN_POINT('',(14.786711587559,3.988123423373,
    0.987328735178));
#2078 = CARTESIAN_POINT('',(14.684570995747,3.964704766465,
    0.962371800637));
#2079 = CARTESIAN_POINT('',(14.588475168989,3.930311360413,
    0.925293307753));
#2080 = CARTESIAN_POINT('',(14.506722153688,3.891546987204,
    0.882724438125));
#2081 = CARTESIAN_POINT('',(14.430576961123,3.84857466589,0.833659149366
    ));
#2082 = CARTESIAN_POINT('',(14.366574455275,3.805934564855,
    0.782800141805));
#2083 = CARTESIAN_POINT('',(14.309795933248,3.764320184224,
    0.730185445036));
#2084 = CARTESIAN_POINT('',(14.260435574741,3.724594385907,
    0.676607337319));
#2085 = CARTESIAN_POINT('',(14.167170228128,3.644090167007,
    0.559401609896));
#2086 = CARTESIAN_POINT('',(14.125688080277,3.604285553653,
    0.495618393899));
#2087 = CARTESIAN_POINT('',(14.09165121744,3.569058835743,0.431987046004
    ));
#2088 = CARTESIAN_POINT('',(14.063999312344,3.538848190664,
    0.368840978406));
#2089 = CARTESIAN_POINT('',(14.041936907207,3.513786465456,
    0.306295010461));
#2090 = CARTESIAN_POINT('',(14.024869997764,3.493848652111,0.24433650589
    ));
#2091 = CARTESIAN_POINT('',(14.012364322301,3.478958072104,
    0.182883567947));
#2092 = CARTESIAN_POINT('',(14.00412535429,3.469051269809,0.12181029251)
  );
#2093 = CARTESIAN_POINT('',(14.000000000001,3.464101615138,
    6.093907912891E-02));
#2094 = CARTESIAN_POINT('',(14.,3.464101615138,-8.244717045082E-03));
#2095 = CARTESIAN_POINT('',(14.,3.464101615138,-1.839469480383E-02));
#2096 = CARTESIAN_POINT('',(14.,3.464101615138,-3.044993327621E-02));
#2097 = CARTESIAN_POINT('',(13.999999999999,3.464101615138,
    -4.441043246224E-02));
#2098 = CARTESIAN_POINT('',(13.999999999999,3.464101615138,
    -6.027619236191E-02));
#2099 = CARTESIAN_POINT('',(13.999999999999,3.464101615138,
    -7.804721297523E-02));
#2100 = CARTESIAN_POINT('',(13.999999999999,3.464101615137,
    -9.772349430219E-02));
#2101 = CARTESIAN_POINT('',(13.999999999999,3.464101615137,
    -0.119305036343));
#2102 = CARTESIAN_POINT('',(13.999999999998,3.464101615137,
    -0.142791839097));
#2103 = CARTESIAN_POINT('',(13.999999999998,3.464101615137,
    -0.168183902565));
#2104 = CARTESIAN_POINT('',(16.,2.886751345948,-0.168183902565));
#2105 = CARTESIAN_POINT('',(16.,2.886751345948,-0.144962678927));
#2106 = CARTESIAN_POINT('',(16.,2.886751345948,-0.123164307152));
#2107 = CARTESIAN_POINT('',(16.,2.886751345948,-0.102788787239));
#2108 = CARTESIAN_POINT('',(16.,2.886751345948,-8.383611918872E-02));
#2109 = CARTESIAN_POINT('',(16.,2.886751345948,-6.630630300096E-02));
#2110 = CARTESIAN_POINT('',(16.,2.886751345948,-5.019933867573E-02));
#2111 = CARTESIAN_POINT('',(16.,2.886751345948,-3.551522621303E-02));
#2112 = CARTESIAN_POINT('',(16.,2.886751345948,-2.225396561286E-02));
#2113 = CARTESIAN_POINT('',(16.,2.886751345948,-1.041555687522E-02));
#2114 = CARTESIAN_POINT('',(16.,2.886751345948,7.750483513155E-02));
#2115 = CARTESIAN_POINT('',(15.99359957987,2.888799117233,0.155181290814
    ));
#2116 = CARTESIAN_POINT('',(15.980781419805,2.892877359643,
    0.232654369071));
#2117 = CARTESIAN_POINT('',(15.961418278725,2.898955021544,
    0.309579982785));
#2118 = CARTESIAN_POINT('',(15.935331174146,2.906912800749,
    0.385525512205));
#2119 = CARTESIAN_POINT('',(15.902337819453,2.916497040219,
    0.459910183183));
#2120 = CARTESIAN_POINT('',(15.862295208196,2.927300191249,
    0.531990086553));
#2121 = CARTESIAN_POINT('',(15.815145462667,2.938765567219,
    0.600874724237));
#2122 = CARTESIAN_POINT('',(15.760980562408,2.950214573525,
    0.665565263103));
#2123 = CARTESIAN_POINT('',(15.647502231408,2.970142106778,0.77645779228
    ));
#2124 = CARTESIAN_POINT('',(15.589523770173,2.978890332994,
    0.824315716821));
#2125 = CARTESIAN_POINT('',(15.526410063732,2.986567592594,
    0.867708698534));
#2126 = CARTESIAN_POINT('',(15.458637363317,2.993068187867,0.90606771083
    ));
#2127 = CARTESIAN_POINT('',(15.385985543343,2.997048796505,
    0.938103829579));
#2128 = CARTESIAN_POINT('',(15.312175565011,2.999666625093,
    0.963291462284));
#2129 = CARTESIAN_POINT('',(15.234684233202,2.999927705623,
    0.981727618295));
#2130 = CARTESIAN_POINT('',(15.157829699962,3.000005113892,0.99380159152
    ));
#2131 = CARTESIAN_POINT('',(15.079318184573,3.000000141795,
    1.000000138609));
#2132 = CARTESIAN_POINT('',(14.920060510896,2.999999857104,0.99999986031
    ));
#2133 = CARTESIAN_POINT('',(14.840901286544,2.999997531,0.993694270869)
  );
#2134 = CARTESIAN_POINT('',(14.763443086206,3.000016411339,
    0.981512568715));
#2135 = CARTESIAN_POINT('',(14.685173397239,2.999415815518,
    0.962449817037));
#2136 = CARTESIAN_POINT('',(14.611681842962,2.997268558749,
    0.937484390978));
#2137 = CARTESIAN_POINT('',(14.537481221706,2.992625525548,
    0.904320912135));
#2138 = CARTESIAN_POINT('',(14.469959968997,2.986313001168,
    0.865608945095));
#2139 = CARTESIAN_POINT('',(14.406494614962,2.97837859623,0.821569242901
    ));
#2140 = CARTESIAN_POINT('',(14.348402232874,2.96952081426,0.773057453088
    ));
#2141 = CARTESIAN_POINT('',(14.235716678939,2.94951591636,0.661599755891
    ));
#2142 = CARTESIAN_POINT('',(14.182308290923,2.938145684297,0.59713637497
    ));
#2143 = CARTESIAN_POINT('',(14.135818020455,2.92678990641,0.528577804752
    ));
#2144 = CARTESIAN_POINT('',(14.096331054476,2.916109221082,
    0.456897254331));
#2145 = CARTESIAN_POINT('',(14.063791390686,2.906644568011,0.38296456562
    ));
#2146 = CARTESIAN_POINT('',(14.038060513964,2.898791319906,
    0.307506494889));
#2147 = CARTESIAN_POINT('',(14.018960413996,2.892795218659,
    0.231089938801));
#2148 = CARTESIAN_POINT('',(14.006315239047,2.888771788391,
    0.154137056319));
#2149 = CARTESIAN_POINT('',(14.,2.886751345948,7.698437870842E-02));
#2150 = CARTESIAN_POINT('',(14.,2.886751345948,-1.04155564609E-02));
#2151 = CARTESIAN_POINT('',(14.,2.886751345948,-2.22539648764E-02));
#2152 = CARTESIAN_POINT('',(14.,2.886751345948,-3.551522524646E-02));
#2153 = CARTESIAN_POINT('',(14.,2.886751345948,-5.01993375711E-02));
#2154 = CARTESIAN_POINT('',(14.,2.886751345948,-6.630630185031E-02));
#2155 = CARTESIAN_POINT('',(14.,2.886751345948,-8.383611808409E-02));
#2156 = CARTESIAN_POINT('',(14.,2.886751345948,-0.102788786272));
#2157 = CARTESIAN_POINT('',(14.,2.886751345948,-0.123164306415));
#2158 = CARTESIAN_POINT('',(14.,2.886751345948,-0.144962678513));
#2159 = CARTESIAN_POINT('',(14.,2.886751345948,-0.168183902565));
#2160 = CARTESIAN_POINT('',(16.5,2.598076211353,-0.168183902565));
#2161 = CARTESIAN_POINT('',(16.5,2.598076211353,-0.151365512309));
#2162 = CARTESIAN_POINT('',(16.5,2.598076211353,-0.134547122052));
#2163 = CARTESIAN_POINT('',(16.5,2.598076211353,-0.117728731796));
#2164 = CARTESIAN_POINT('',(16.5,2.598076211353,-0.100910341539));
#2165 = CARTESIAN_POINT('',(16.5,2.598076211353,-8.409195128265E-02));
#2166 = CARTESIAN_POINT('',(16.5,2.598076211353,-6.727356102616E-02));
#2167 = CARTESIAN_POINT('',(16.5,2.598076211353,-5.045517076967E-02));
#2168 = CARTESIAN_POINT('',(16.5,2.598076211353,-3.363678051317E-02));
#2169 = CARTESIAN_POINT('',(16.5,2.598076211353,-1.681839025668E-02));
#2170 = CARTESIAN_POINT('',(16.500000000001,2.598076211353,
    0.125149963621));
#2171 = CARTESIAN_POINT('',(16.493573514715,2.601778942897,
    0.250171829169));
#2172 = CARTESIAN_POINT('',(16.48072744759,2.609205594518,0.375370866389
    ));
#2173 = CARTESIAN_POINT('',(16.461292226491,2.620331645313,
    0.500925494501));
#2174 = CARTESIAN_POINT('',(16.434912423669,2.635145770198,
    0.626998799081));
#2175 = CARTESIAN_POINT('',(16.40101380176,2.653666438128,0.753757882644
    ));
#2176 = CARTESIAN_POINT('',(16.3587467866,2.675916203407,0.881301048997)
  );
#2177 = CARTESIAN_POINT('',(16.306906365957,2.701853689949,
    1.009492821294));
#2178 = CARTESIAN_POINT('',(16.243828415031,2.73126326861,1.13770679385)
  );
#2179 = CARTESIAN_POINT('',(16.10291056307,2.790782725974,1.371023105223
    ));
#2180 = CARTESIAN_POINT('',(16.029182242145,2.820007180703,
    1.476494756619));
#2181 = CARTESIAN_POINT('',(15.943535544728,2.851056592692,1.58030150245
    ));
#2182 = CARTESIAN_POINT('',(15.849785845189,2.882620612739,
    1.678974338349));
#2183 = CARTESIAN_POINT('',(15.733180774372,2.915628174081,
    1.775555694136));
#2184 = CARTESIAN_POINT('',(15.614320477963,2.945055962631,
    1.856699122831));
#2185 = CARTESIAN_POINT('',(15.468941940875,2.972333756268,
    1.928574310678));
#2186 = CARTESIAN_POINT('',(15.317208047084,2.990639354793,
    1.975809370295));
#2187 = CARTESIAN_POINT('',(15.158608229027,2.999999954915,
    1.999999927708));
#2188 = CARTESIAN_POINT('',(14.840160145038,3.000000045435,
    2.000000072818));
#2189 = CARTESIAN_POINT('',(14.680022807192,2.990501329468,
    1.975452368448));
#2190 = CARTESIAN_POINT('',(14.526716675999,2.971747629134,1.92704846018
    ));
#2191 = CARTESIAN_POINT('',(14.383125840105,2.944461845963,
    1.855166474934));
#2192 = CARTESIAN_POINT('',(14.259546945658,2.914143729079,
    1.771406034057));
#2193 = CARTESIAN_POINT('',(14.146665775528,2.881324771523,
    1.675250309959));
#2194 = CARTESIAN_POINT('',(14.050107112304,2.849081693583,
    1.574088959894));
#2195 = CARTESIAN_POINT('',(13.965640197343,2.818076394185,
    1.470021605376));
#2196 = CARTESIAN_POINT('',(13.891801779135,2.78868381579,1.363430006581
    ));
#2197 = CARTESIAN_POINT('',(13.752374364616,2.729489686021,
    1.129952976512));
#2198 = CARTESIAN_POINT('',(13.690325435149,2.700467383587,
    1.002614366944));
#2199 = CARTESIAN_POINT('',(13.639283690285,2.674878767121,
    0.875327128719));
#2200 = CARTESIAN_POINT('',(13.597633308457,2.652926817928,
    0.748676536385));
#2201 = CARTESIAN_POINT('',(13.564208437644,2.634651841821,
    0.622787112048));
#2202 = CARTESIAN_POINT('',(13.53818776481,2.620033968438,0.497564916157
    ));
#2203 = CARTESIAN_POINT('',(13.519014376816,2.609056440168,
    0.372851841265));
#2204 = CARTESIAN_POINT('',(13.506340911465,2.601729690395,
    0.248491908674));
#2205 = CARTESIAN_POINT('',(13.500000000001,2.598076211353,
    0.124309568061));
#2206 = CARTESIAN_POINT('',(13.5,2.598076211353,-1.681839025646E-02));
#2207 = CARTESIAN_POINT('',(13.5,2.598076211353,-3.363678051295E-02));
#2208 = CARTESIAN_POINT('',(13.5,2.598076211353,-5.045517076944E-02));
#2209 = CARTESIAN_POINT('',(13.5,2.598076211353,-6.727356102594E-02));
#2210 = CARTESIAN_POINT('',(13.5,2.598076211353,-8.409195128243E-02));
#2211 = CARTESIAN_POINT('',(13.499999999999,2.598076211353,
    -0.100910341539));
#2212 = CARTESIAN_POINT('',(13.499999999999,2.598076211353,
    -0.117728731795));
#2213 = CARTESIAN_POINT('',(13.499999999999,2.598076211353,
    -0.134547122052));
#2214 = CARTESIAN_POINT('',(13.499999999999,2.598076211353,
    -0.151365512308));
#2215 = CARTESIAN_POINT('',(13.499999999999,2.598076211353,
    -0.168183902565));
#2216 = ADVANCED_FACE('',(#2217),#2228,.T.);
#2217 = FACE_BOUND('',#2218,.T.);
#2218 = EDGE_LOOP('',(#2219,#2220,#2226,#2227));
#2219 = ORIENTED_EDGE('',*,*,#1002,.T.);
#2220 = ORIENTED_EDGE('',*,*,#2221,.F.);
#2221 = EDGE_CURVE('',#1505,#1003,#2222,.T.);
#2222 = LINE('',#2223,#2224);
#2223 = CARTESIAN_POINT('',(11.031373033403,-1.5,2.9));
#2224 = VECTOR('',#2225,1.);
#2225 = DIRECTION('',(-0.,-4.930380657631E-32,-1.));
#2226 = ORIENTED_EDGE('',*,*,#1504,.F.);
#2227 = ORIENTED_EDGE('',*,*,#1617,.T.);
#2228 = PLANE('',#2229);
#2229 = AXIS2_PLACEMENT_3D('',#2230,#2231,#2232);
#2230 = CARTESIAN_POINT('',(15.,-1.5,1.45));
#2231 = DIRECTION('',(0.,-1.,-1.589776975375E-16));
#2232 = DIRECTION('',(0.,1.589776975375E-16,-1.));
#2233 = ADVANCED_FACE('',(#2234),#2271,.F.);
#2234 = FACE_BOUND('',#2235,.T.);
#2235 = EDGE_LOOP('',(#2236,#2237,#2245,#2252,#2253,#2254,#2260,#2261,
    #2262,#2263,#2269,#2270));
#2236 = ORIENTED_EDGE('',*,*,#1199,.F.);
#2237 = ORIENTED_EDGE('',*,*,#2238,.T.);
#2238 = EDGE_CURVE('',#1200,#2239,#2241,.T.);
#2239 = VERTEX_POINT('',#2240);
#2240 = CARTESIAN_POINT('',(18.,-2.511144918889E-15,4.));
#2241 = LINE('',#2242,#2243);
#2242 = CARTESIAN_POINT('',(18.,-2.511144918889E-15,-1.7763568394E-15));
#2243 = VECTOR('',#2244,1.);
#2244 = DIRECTION('',(0.,4.930380657631E-32,1.));
#2245 = ORIENTED_EDGE('',*,*,#2246,.T.);
#2246 = EDGE_CURVE('',#2239,#2239,#2247,.T.);
#2247 = CIRCLE('',#2248,3.);
#2248 = AXIS2_PLACEMENT_3D('',#2249,#2250,#2251);
#2249 = CARTESIAN_POINT('',(15.,-1.7763568394E-15,4.));
#2250 = DIRECTION('',(-0.,4.930380657631E-32,1.));
#2251 = DIRECTION('',(1.,0.,0.));
#2252 = ORIENTED_EDGE('',*,*,#2238,.F.);
#2253 = ORIENTED_EDGE('',*,*,#1208,.F.);
#2254 = ORIENTED_EDGE('',*,*,#2255,.F.);
#2255 = EDGE_CURVE('',#1540,#1209,#2256,.T.);
#2256 = LINE('',#2257,#2258);
#2257 = CARTESIAN_POINT('',(17.976470224948,-0.375,2.9));
#2258 = VECTOR('',#2259,1.);
#2259 = DIRECTION('',(-0.,-4.930380657631E-32,-1.));
#2260 = ORIENTED_EDGE('',*,*,#1539,.F.);
#2261 = ORIENTED_EDGE('',*,*,#1530,.T.);
#2262 = ORIENTED_EDGE('',*,*,#1521,.T.);
#2263 = ORIENTED_EDGE('',*,*,#2264,.T.);
#2264 = EDGE_CURVE('',#1513,#1011,#2265,.T.);
#2265 = LINE('',#2266,#2267);
#2266 = CARTESIAN_POINT('',(12.023529775052,-0.375,2.9));
#2267 = VECTOR('',#2268,1.);
#2268 = DIRECTION('',(-0.,-4.930380657631E-32,-1.));
#2269 = ORIENTED_EDGE('',*,*,#1019,.F.);
#2270 = ORIENTED_EDGE('',*,*,#1987,.F.);
#2271 = CYLINDRICAL_SURFACE('',#2272,3.);
#2272 = AXIS2_PLACEMENT_3D('',#2273,#2274,#2275);
#2273 = CARTESIAN_POINT('',(15.,-1.7763568394E-15,-1.7763568394E-15));
#2274 = DIRECTION('',(-0.,-4.930380657631E-32,-1.));
#2275 = DIRECTION('',(1.,0.,0.));
#2276 = ADVANCED_FACE('',(#2277),#2283,.T.);
#2277 = FACE_BOUND('',#2278,.F.);
#2278 = EDGE_LOOP('',(#2279,#2280,#2281,#2282));
#2279 = ORIENTED_EDGE('',*,*,#1512,.T.);
#2280 = ORIENTED_EDGE('',*,*,#2264,.T.);
#2281 = ORIENTED_EDGE('',*,*,#1010,.F.);
#2282 = ORIENTED_EDGE('',*,*,#2221,.F.);
#2283 = CYLINDRICAL_SURFACE('',#2284,1.);
#2284 = AXIS2_PLACEMENT_3D('',#2285,#2286,#2287);
#2285 = CARTESIAN_POINT('',(11.031373033403,-0.5,2.9));
#2286 = DIRECTION('',(-0.,-4.930380657631E-32,-1.));
#2287 = DIRECTION('',(0.,-1.,4.930380657631E-32));
#2288 = ADVANCED_FACE('',(#2289),#2309,.T.);
#2289 = FACE_BOUND('',#2290,.T.);
#2290 = EDGE_LOOP('',(#2291,#2300,#2301,#2302));
#2291 = ORIENTED_EDGE('',*,*,#2292,.F.);
#2292 = EDGE_CURVE('',#1146,#2293,#2295,.T.);
#2293 = VERTEX_POINT('',#2294);
#2294 = CARTESIAN_POINT('',(40.320391543177,6.106797181059,6.4));
#2295 = CIRCLE('',#2296,1.);
#2296 = AXIS2_PLACEMENT_3D('',#2297,#2298,#2299);
#2297 = CARTESIAN_POINT('',(40.320391543177,6.106797181059,5.4));
#2298 = DIRECTION('',(0.316227766017,-0.948683298051,1.053250040573E-16)
  );
#2299 = DIRECTION('',(0.948683298051,0.316227766017,-1.751083346858E-16)
  );
#2300 = ORIENTED_EDGE('',*,*,#1153,.T.);
#2301 = ORIENTED_EDGE('',*,*,#1076,.T.);
#2302 = ORIENTED_EDGE('',*,*,#2303,.F.);
#2303 = EDGE_CURVE('',#2293,#1077,#2304,.T.);
#2304 = CIRCLE('',#2305,3.5);
#2305 = AXIS2_PLACEMENT_3D('',#2306,#2307,#2308);
#2306 = CARTESIAN_POINT('',(37.,5.,6.4));
#2307 = DIRECTION('',(0.,1.110223024625E-16,1.));
#2308 = DIRECTION('',(0.948683298051,0.316227766017,-3.510833468577E-17)
  );
#2309 = TOROIDAL_SURFACE('',#2310,3.5,1.);
#2310 = AXIS2_PLACEMENT_3D('',#2311,#2312,#2313);
#2311 = CARTESIAN_POINT('',(37.,5.,5.4));
#2312 = DIRECTION('',(0.,1.110223024625E-16,1.));
#2313 = DIRECTION('',(0.948683298051,0.316227766017,-3.510833468577E-17)
  );
#2314 = ADVANCED_FACE('',(#2315,#2338,#2349,#2360,#2371),#2382,.T.);
#2315 = FACE_BOUND('',#2316,.T.);
#2316 = EDGE_LOOP('',(#2317,#2318,#2327,#2333,#2334,#2335,#2336,#2337));
#2317 = ORIENTED_EDGE('',*,*,#1817,.T.);
#2318 = ORIENTED_EDGE('',*,*,#2319,.T.);
#2319 = EDGE_CURVE('',#1818,#2320,#2322,.T.);
#2320 = VERTEX_POINT('',#2321);
#2321 = CARTESIAN_POINT('',(46.320391543177,-11.89320281894,6.4));
#2322 = CIRCLE('',#2323,3.5);
#2323 = AXIS2_PLACEMENT_3D('',#2324,#2325,#2326);
#2324 = CARTESIAN_POINT('',(43.,-13.,6.4));
#2325 = DIRECTION('',(-0.,1.110223024625E-16,1.));
#2326 = DIRECTION('',(0.,-1.,1.110223024625E-16));
#2327 = ORIENTED_EDGE('',*,*,#2328,.T.);
#2328 = EDGE_CURVE('',#2320,#2293,#2329,.T.);
#2329 = LINE('',#2330,#2331);
#2330 = CARTESIAN_POINT('',(46.320391543177,-11.89320281894,6.4));
#2331 = VECTOR('',#2332,1.);
#2332 = DIRECTION('',(-0.316227766017,0.948683298051,-1.053250040573E-16
    ));
#2333 = ORIENTED_EDGE('',*,*,#2303,.T.);
#2334 = ORIENTED_EDGE('',*,*,#1085,.T.);
#2335 = ORIENTED_EDGE('',*,*,#1644,.T.);
#2336 = ORIENTED_EDGE('',*,*,#1660,.T.);
#2337 = ORIENTED_EDGE('',*,*,#1695,.T.);
#2338 = FACE_BOUND('',#2339,.T.);
#2339 = EDGE_LOOP('',(#2340));
#2340 = ORIENTED_EDGE('',*,*,#2341,.T.);
#2341 = EDGE_CURVE('',#2342,#2342,#2344,.T.);
#2342 = VERTEX_POINT('',#2343);
#2343 = CARTESIAN_POINT('',(-7.,2.3,6.4));
#2344 = CIRCLE('',#2345,2.7);
#2345 = AXIS2_PLACEMENT_3D('',#2346,#2347,#2348);
#2346 = CARTESIAN_POINT('',(-7.,5.,6.4));
#2347 = DIRECTION('',(-0.,-1.110223024625E-16,-1.));
#2348 = DIRECTION('',(0.,-1.,1.110223024625E-16));
#2349 = FACE_BOUND('',#2350,.T.);
#2350 = EDGE_LOOP('',(#2351));
#2351 = ORIENTED_EDGE('',*,*,#2352,.T.);
#2352 = EDGE_CURVE('',#2353,#2353,#2355,.T.);
#2353 = VERTEX_POINT('',#2354);
#2354 = CARTESIAN_POINT('',(-13.,-15.7,6.4));
#2355 = CIRCLE('',#2356,2.7);
#2356 = AXIS2_PLACEMENT_3D('',#2357,#2358,#2359);
#2357 = CARTESIAN_POINT('',(-13.,-13.,6.4));
#2358 = DIRECTION('',(-0.,-1.110223024625E-16,-1.));
#2359 = DIRECTION('',(0.,-1.,1.110223024625E-16));
#2360 = FACE_BOUND('',#2361,.T.);
#2361 = EDGE_LOOP('',(#2362));
#2362 = ORIENTED_EDGE('',*,*,#2363,.T.);
#2363 = EDGE_CURVE('',#2364,#2364,#2366,.T.);
#2364 = VERTEX_POINT('',#2365);
#2365 = CARTESIAN_POINT('',(37.,2.3,6.4));
#2366 = CIRCLE('',#2367,2.7);
#2367 = AXIS2_PLACEMENT_3D('',#2368,#2369,#2370);
#2368 = CARTESIAN_POINT('',(37.,5.,6.4));
#2369 = DIRECTION('',(-0.,-1.110223024625E-16,-1.));
#2370 = DIRECTION('',(0.,-1.,1.110223024625E-16));
#2371 = FACE_BOUND('',#2372,.T.);
#2372 = EDGE_LOOP('',(#2373));
#2373 = ORIENTED_EDGE('',*,*,#2374,.T.);
#2374 = EDGE_CURVE('',#2375,#2375,#2377,.T.);
#2375 = VERTEX_POINT('',#2376);
#2376 = CARTESIAN_POINT('',(43.,-15.7,6.4));
#2377 = CIRCLE('',#2378,2.7);
#2378 = AXIS2_PLACEMENT_3D('',#2379,#2380,#2381);
#2379 = CARTESIAN_POINT('',(43.,-13.,6.4));
#2380 = DIRECTION('',(-0.,-1.110223024625E-16,-1.));
#2381 = DIRECTION('',(0.,-1.,1.110223024625E-16));
#2382 = PLANE('',#2383);
#2383 = AXIS2_PLACEMENT_3D('',#2384,#2385,#2386);
#2384 = CARTESIAN_POINT('',(15.,-4.79811285857,6.4));
#2385 = DIRECTION('',(0.,1.110223024625E-16,1.));
#2386 = DIRECTION('',(0.,-1.,1.110223024625E-16));
#2387 = ADVANCED_FACE('',(#2388),#2399,.F.);
#2388 = FACE_BOUND('',#2389,.F.);
#2389 = EDGE_LOOP('',(#2390,#2391,#2392,#2393));
#2390 = ORIENTED_EDGE('',*,*,#1145,.T.);
#2391 = ORIENTED_EDGE('',*,*,#1393,.T.);
#2392 = ORIENTED_EDGE('',*,*,#1791,.F.);
#2393 = ORIENTED_EDGE('',*,*,#2394,.T.);
#2394 = EDGE_CURVE('',#1792,#1146,#2395,.T.);
#2395 = LINE('',#2396,#2397);
#2396 = CARTESIAN_POINT('',(47.269074841227,-11.57697505292,5.4));
#2397 = VECTOR('',#2398,1.);
#2398 = DIRECTION('',(-0.316227766017,0.948683298051,-1.053250040573E-16
    ));
#2399 = PLANE('',#2400);
#2400 = AXIS2_PLACEMENT_3D('',#2401,#2402,#2403);
#2401 = CARTESIAN_POINT('',(41.269074841227,6.423024947076,6.4));
#2402 = DIRECTION('',(-0.948683298051,-0.316227766017,1.751083346858E-16
    ));
#2403 = DIRECTION('',(0.316227766017,-0.948683298051,5.253250040573E-16)
  );
#2404 = ADVANCED_FACE('',(#2405),#2469,.F.);
#2405 = FACE_BOUND('',#2406,.T.);
#2406 = EDGE_LOOP('',(#2407,#2408,#2409,#2410));
#2407 = ORIENTED_EDGE('',*,*,#1275,.T.);
#2408 = ORIENTED_EDGE('',*,*,#1441,.F.);
#2409 = ORIENTED_EDGE('',*,*,#1300,.T.);
#2410 = ORIENTED_EDGE('',*,*,#2411,.T.);
#2411 = EDGE_CURVE('',#1303,#1253,#2412,.T.);
#2412 = B_SPLINE_CURVE_WITH_KNOTS('',10,(#2413,#2414,#2415,#2416,#2417,
    #2418,#2419,#2420,#2421,#2422,#2423,#2424,#2425,#2426,#2427,#2428,
    #2429,#2430,#2431,#2432,#2433,#2434,#2435,#2436,#2437,#2438,#2439,
    #2440,#2441,#2442,#2443,#2444,#2445,#2446,#2447,#2448,#2449,#2450,
    #2451,#2452,#2453,#2454,#2455,#2456,#2457,#2458,#2459,#2460,#2461,
    #2462,#2463,#2464,#2465,#2466,#2467,#2468),.UNSPECIFIED.,.F.,.F.,(11
    ,9,9,9,9,9,11),(-0.115541748664,-1.263548248781E-13,0.859775842011,
    1.582397109484,2.310637482212,3.164586546157,3.280121084958),
  .UNSPECIFIED.);
#2413 = CARTESIAN_POINT('',(31.,3.464101615138,-0.16818390254));
#2414 = CARTESIAN_POINT('',(31.,3.464101615138,-0.142791839413));
#2415 = CARTESIAN_POINT('',(30.999999999999,3.464101615138,
    -0.119305036924));
#2416 = CARTESIAN_POINT('',(30.999999999999,3.464101615138,
    -9.772349507371E-02));
#2417 = CARTESIAN_POINT('',(30.999999999999,3.464101615138,
    -7.804721386193E-02));
#2418 = CARTESIAN_POINT('',(30.999999999999,3.464101615138,
    -6.027619328867E-02));
#2419 = CARTESIAN_POINT('',(30.999999999999,3.464101615138,
    -4.441043335392E-02));
#2420 = CARTESIAN_POINT('',(30.999999999999,3.464101615138,
    -3.044993405769E-02));
#2421 = CARTESIAN_POINT('',(30.999999999999,3.464101615138,
    -1.839469539997E-02));
#2422 = CARTESIAN_POINT('',(31.,3.464101615138,-8.244717380774E-03));
#2423 = CARTESIAN_POINT('',(31.000000000003,3.464101615138,
    6.135106063464E-02));
#2424 = CARTESIAN_POINT('',(30.995819999504,3.469117494888,0.12263124965
    ));
#2425 = CARTESIAN_POINT('',(30.987468069519,3.479159723052,
    0.184121768681));
#2426 = CARTESIAN_POINT('',(30.97478906373,3.494253534275,0.245999682877
    ));
#2427 = CARTESIAN_POINT('',(30.957483290531,3.514462055109,
    0.308388630239));
#2428 = CARTESIAN_POINT('',(30.935105076279,3.539864100615,
    0.371371218308));
#2429 = CARTESIAN_POINT('',(30.907041223332,3.570486642028,
    0.434963108259));
#2430 = CARTESIAN_POINT('',(30.872469358672,3.606191945035,
    0.499048786332));
#2431 = CARTESIAN_POINT('',(30.830296177123,3.646519379094,
    0.563279022662));
#2432 = CARTESIAN_POINT('',(30.736025871863,3.727431354735,
    0.680427173695));
#2433 = CARTESIAN_POINT('',(30.686640897473,3.766924968314,
    0.733498800283));
#2434 = CARTESIAN_POINT('',(30.629614969075,3.808481344492,
    0.785735413954));
#2435 = CARTESIAN_POINT('',(30.566125214586,3.850405321565,
    0.835961252292));
#2436 = CARTESIAN_POINT('',(30.489505342211,3.893293996975,
    0.884380007105));
#2437 = CARTESIAN_POINT('',(30.409134778474,3.931159339607,
    0.926400999337));
#2438 = CARTESIAN_POINT('',(30.312653100597,3.965406134224,
    0.963049068967));
#2439 = CARTESIAN_POINT('',(30.211539726431,3.98829583267,0.987518011329
    ));
#2440 = CARTESIAN_POINT('',(30.10574753586,4.00000021767,1.000000399826)
  );
#2441 = CARTESIAN_POINT('',(29.8934225798,3.999999780614,0.99999959705)
  );
#2442 = CARTESIAN_POINT('',(29.786711587562,3.988123423373,
    0.987328735178));
#2443 = CARTESIAN_POINT('',(29.684570995742,3.964704766464,
    0.962371800637));
#2444 = CARTESIAN_POINT('',(29.588475168996,3.930311360414,
    0.925293307754));
#2445 = CARTESIAN_POINT('',(29.506722153682,3.891546987203,
    0.882724438124));
#2446 = CARTESIAN_POINT('',(29.430576961127,3.848574665891,
    0.833659149367));
#2447 = CARTESIAN_POINT('',(29.366574455273,3.805934564855,
    0.782800141805));
#2448 = CARTESIAN_POINT('',(29.309795933249,3.764320184224,
    0.730185445036));
#2449 = CARTESIAN_POINT('',(29.260435574741,3.724594385907,
    0.676607337319));
#2450 = CARTESIAN_POINT('',(29.167170228127,3.644090167007,
    0.559401609896));
#2451 = CARTESIAN_POINT('',(29.125688080279,3.604285553654,
    0.495618393899));
#2452 = CARTESIAN_POINT('',(29.091651217436,3.569058835742,
    0.431987046003));
#2453 = CARTESIAN_POINT('',(29.063999312348,3.538848190666,
    0.368840978406));
#2454 = CARTESIAN_POINT('',(29.041936907204,3.513786465454,
    0.306295010461));
#2455 = CARTESIAN_POINT('',(29.024869997765,3.493848652113,0.24433650589
    ));
#2456 = CARTESIAN_POINT('',(29.012364322301,3.478958072103,
    0.182883567947));
#2457 = CARTESIAN_POINT('',(29.00412535429,3.469051269809,0.12181029251)
  );
#2458 = CARTESIAN_POINT('',(29.000000000001,3.464101615138,
    6.093907912851E-02));
#2459 = CARTESIAN_POINT('',(29.,3.464101615138,-8.244717043811E-03));
#2460 = CARTESIAN_POINT('',(29.,3.464101615138,-1.839469480101E-02));
#2461 = CARTESIAN_POINT('',(29.,3.464101615138,-3.044993327159E-02));
#2462 = CARTESIAN_POINT('',(29.,3.464101615138,-4.441043245553E-02));
#2463 = CARTESIAN_POINT('',(28.999999999999,3.464101615138,
    -6.027619235285E-02));
#2464 = CARTESIAN_POINT('',(28.999999999999,3.464101615138,
    -7.804721296355E-02));
#2465 = CARTESIAN_POINT('',(28.999999999999,3.464101615138,
    -9.772349428761E-02));
#2466 = CARTESIAN_POINT('',(28.999999999999,3.464101615138,
    -0.119305036325));
#2467 = CARTESIAN_POINT('',(28.999999999998,3.464101615138,
    -0.142791839076));
#2468 = CARTESIAN_POINT('',(28.999999999998,3.464101615138,
    -0.16818390254));
#2469 = CYLINDRICAL_SURFACE('',#2470,1.);
#2470 = AXIS2_PLACEMENT_3D('',#2471,#2472,#2473);
#2471 = CARTESIAN_POINT('',(30.,9.5,2.6645352591E-15));
#2472 = DIRECTION('',(-0.,1.,2.22044604925E-16));
#2473 = DIRECTION('',(1.,0.,0.));
#2474 = ADVANCED_FACE('',(#2475),#2486,.T.);
#2475 = FACE_BOUND('',#2476,.T.);
#2476 = EDGE_LOOP('',(#2477,#2478,#2479,#2480));
#2477 = ORIENTED_EDGE('',*,*,#1548,.T.);
#2478 = ORIENTED_EDGE('',*,*,#2255,.T.);
#2479 = ORIENTED_EDGE('',*,*,#1217,.F.);
#2480 = ORIENTED_EDGE('',*,*,#2481,.F.);
#2481 = EDGE_CURVE('',#1549,#1218,#2482,.T.);
#2482 = LINE('',#2483,#2484);
#2483 = CARTESIAN_POINT('',(18.968626966597,-1.5,2.9));
#2484 = VECTOR('',#2485,1.);
#2485 = DIRECTION('',(-0.,-4.930380657631E-32,-1.));
#2486 = CYLINDRICAL_SURFACE('',#2487,1.);
#2487 = AXIS2_PLACEMENT_3D('',#2488,#2489,#2490);
#2488 = CARTESIAN_POINT('',(18.968626966597,-0.5,2.9));
#2489 = DIRECTION('',(-0.,-4.930380657631E-32,-1.));
#2490 = DIRECTION('',(0.,-1.,4.930380657631E-32));
#2491 = ADVANCED_FACE('',(#2492),#2556,.F.);
#2492 = FACE_BOUND('',#2493,.F.);
#2493 = EDGE_LOOP('',(#2494,#2495,#2496,#2497));
#2494 = ORIENTED_EDGE('',*,*,#1310,.T.);
#2495 = ORIENTED_EDGE('',*,*,#2411,.T.);
#2496 = ORIENTED_EDGE('',*,*,#1252,.F.);
#2497 = ORIENTED_EDGE('',*,*,#2498,.F.);
#2498 = EDGE_CURVE('',#1311,#1244,#2499,.T.);
#2499 = B_SPLINE_CURVE_WITH_KNOTS('',10,(#2500,#2501,#2502,#2503,#2504,
    #2505,#2506,#2507,#2508,#2509,#2510,#2511,#2512,#2513,#2514,#2515,
    #2516,#2517,#2518,#2519,#2520,#2521,#2522,#2523,#2524,#2525,#2526,
    #2527,#2528,#2529,#2530,#2531,#2532,#2533,#2534,#2535,#2536,#2537,
    #2538,#2539,#2540,#2541,#2542,#2543,#2544,#2545,#2546,#2547,#2548,
    #2549,#2550,#2551,#2552,#2553,#2554,#2555),.UNSPECIFIED.,.F.,.F.,(11
    ,9,9,9,9,9,11),(-0.115541748664,-1.263548248781E-13,0.859775842011,
    1.582397109484,2.310637482212,3.164586546157,3.280121084958),
  .UNSPECIFIED.);
#2500 = CARTESIAN_POINT('',(31.5,2.598076211353,-0.16818390254));
#2501 = CARTESIAN_POINT('',(31.5,2.598076211353,-0.151365512286));
#2502 = CARTESIAN_POINT('',(31.499999999999,2.598076211353,
    -0.134547122032));
#2503 = CARTESIAN_POINT('',(31.499999999999,2.598076211353,
    -0.117728731778));
#2504 = CARTESIAN_POINT('',(31.499999999999,2.598076211353,
    -0.100910341524));
#2505 = CARTESIAN_POINT('',(31.499999999999,2.598076211353,
    -8.409195127021E-02));
#2506 = CARTESIAN_POINT('',(31.499999999999,2.598076211353,
    -6.727356101621E-02));
#2507 = CARTESIAN_POINT('',(31.499999999999,2.598076211353,
    -5.04551707622E-02));
#2508 = CARTESIAN_POINT('',(31.499999999999,2.598076211353,
    -3.363678050819E-02));
#2509 = CARTESIAN_POINT('',(31.5,2.598076211353,-1.681839025419E-02));
#2510 = CARTESIAN_POINT('',(31.500000000003,2.598076211354,0.12514996362
    ));
#2511 = CARTESIAN_POINT('',(31.493573514706,2.601778942897,0.25017182917
    ));
#2512 = CARTESIAN_POINT('',(31.48072744761,2.609205594519,0.375370866389
    ));
#2513 = CARTESIAN_POINT('',(31.46129222646,2.620331645311,0.500925494501
    ));
#2514 = CARTESIAN_POINT('',(31.434912423703,2.6351457702,0.62699879908)
  );
#2515 = CARTESIAN_POINT('',(31.401013801733,2.653666438126,
    0.753757882643));
#2516 = CARTESIAN_POINT('',(31.358746786615,2.675916203408,
    0.881301048998));
#2517 = CARTESIAN_POINT('',(31.306906365951,2.701853689949,
    1.009492821295));
#2518 = CARTESIAN_POINT('',(31.243828415032,2.73126326861,1.13770679385)
  );
#2519 = CARTESIAN_POINT('',(31.102910563069,2.790782725974,
    1.371023105223));
#2520 = CARTESIAN_POINT('',(31.029182242146,2.820007180703,
    1.476494756619));
#2521 = CARTESIAN_POINT('',(30.943535544728,2.851056592692,1.58030150245
    ));
#2522 = CARTESIAN_POINT('',(30.849785845185,2.88262061274,1.678974338351
    ));
#2523 = CARTESIAN_POINT('',(30.733180774377,2.91562817408,1.775555694133
    ));
#2524 = CARTESIAN_POINT('',(30.614320477959,2.945055962632,
    1.856699122834));
#2525 = CARTESIAN_POINT('',(30.468941940876,2.972333756268,
    1.928574310677));
#2526 = CARTESIAN_POINT('',(30.317208047084,2.990639354793,
    1.975809370295));
#2527 = CARTESIAN_POINT('',(30.158608229028,2.999999954915,
    1.999999927708));
#2528 = CARTESIAN_POINT('',(29.840160145037,3.000000045435,
    2.000000072818));
#2529 = CARTESIAN_POINT('',(29.680022807195,2.990501329469,
    1.975452368448));
#2530 = CARTESIAN_POINT('',(29.526716675994,2.971747629133,1.92704846018
    ));
#2531 = CARTESIAN_POINT('',(29.383125840113,2.944461845964,
    1.855166474935));
#2532 = CARTESIAN_POINT('',(29.259546945651,2.914143729078,
    1.771406034056));
#2533 = CARTESIAN_POINT('',(29.146665775532,2.881324771524,1.67525030996
    ));
#2534 = CARTESIAN_POINT('',(29.050107112302,2.849081693583,
    1.574088959894));
#2535 = CARTESIAN_POINT('',(28.965640197343,2.818076394185,
    1.470021605377));
#2536 = CARTESIAN_POINT('',(28.891801779135,2.78868381579,1.36343000658)
  );
#2537 = CARTESIAN_POINT('',(28.752374364616,2.729489686021,
    1.129952976512));
#2538 = CARTESIAN_POINT('',(28.690325435151,2.700467383588,
    1.002614366945));
#2539 = CARTESIAN_POINT('',(28.639283690281,2.67487876712,0.875327128719
    ));
#2540 = CARTESIAN_POINT('',(28.597633308461,2.65292681793,0.748676536385
    ));
#2541 = CARTESIAN_POINT('',(28.564208437641,2.634651841819,
    0.622787112047));
#2542 = CARTESIAN_POINT('',(28.538187764812,2.620033968439,
    0.497564916158));
#2543 = CARTESIAN_POINT('',(28.519014376816,2.609056440167,
    0.372851841265));
#2544 = CARTESIAN_POINT('',(28.506340911465,2.601729690395,
    0.248491908674));
#2545 = CARTESIAN_POINT('',(28.500000000001,2.598076211353,
    0.124309568061));
#2546 = CARTESIAN_POINT('',(28.5,2.598076211353,-1.681839025397E-02));
#2547 = CARTESIAN_POINT('',(28.5,2.598076211353,-3.363678050798E-02));
#2548 = CARTESIAN_POINT('',(28.5,2.598076211353,-5.045517076198E-02));
#2549 = CARTESIAN_POINT('',(28.5,2.598076211353,-6.727356101599E-02));
#2550 = CARTESIAN_POINT('',(28.5,2.598076211353,-8.409195126999E-02));
#2551 = CARTESIAN_POINT('',(28.499999999999,2.598076211353,
    -0.100910341524));
#2552 = CARTESIAN_POINT('',(28.499999999999,2.598076211353,
    -0.117728731778));
#2553 = CARTESIAN_POINT('',(28.499999999999,2.598076211353,
    -0.134547122032));
#2554 = CARTESIAN_POINT('',(28.499999999999,2.598076211353,
    -0.151365512286));
#2555 = CARTESIAN_POINT('',(28.499999999999,2.598076211353,
    -0.16818390254));
#2556 = ( BOUNDED_SURFACE() B_SPLINE_SURFACE(2,10,(
    (#2557,#2558,#2559,#2560,#2561,#2562,#2563,#2564,#2565,#2566,#2567
      ,#2568,#2569,#2570,#2571,#2572,#2573,#2574,#2575,#2576,#2577,#2578
      ,#2579,#2580,#2581,#2582,#2583,#2584,#2585,#2586,#2587,#2588,#2589
      ,#2590,#2591,#2592,#2593,#2594,#2595,#2596,#2597,#2598,#2599,#2600
      ,#2601,#2602,#2603,#2604,#2605,#2606,#2607,#2608,#2609,#2610,#2611
      ,#2612)
    ,(#2613,#2614,#2615,#2616,#2617,#2618,#2619,#2620,#2621,#2622,#2623
      ,#2624,#2625,#2626,#2627,#2628,#2629,#2630,#2631,#2632,#2633,#2634
      ,#2635,#2636,#2637,#2638,#2639,#2640,#2641,#2642,#2643,#2644,#2645
      ,#2646,#2647,#2648,#2649,#2650,#2651,#2652,#2653,#2654,#2655,#2656
      ,#2657,#2658,#2659,#2660,#2661,#2662,#2663,#2664,#2665,#2666,#2667
      ,#2668)
    ,(#2669,#2670,#2671,#2672,#2673,#2674,#2675,#2676,#2677,#2678,#2679
      ,#2680,#2681,#2682,#2683,#2684,#2685,#2686,#2687,#2688,#2689,#2690
      ,#2691,#2692,#2693,#2694,#2695,#2696,#2697,#2698,#2699,#2700,#2701
      ,#2702,#2703,#2704,#2705,#2706,#2707,#2708,#2709,#2710,#2711,#2712
      ,#2713,#2714,#2715,#2716,#2717,#2718,#2719,#2720,#2721,#2722,#2723
,#2724
    )),.UNSPECIFIED.,.F.,.F.,.F.) B_SPLINE_SURFACE_WITH_KNOTS((3,3),(11,
    9,9,9,9,9,11),(0.,3.164586546157),(-0.115541748664,
    -1.263548248781E-13,0.859775842011,1.582397109484,2.310637482212,
    3.164586546157,3.280121084958),.UNSPECIFIED.) 
GEOMETRIC_REPRESENTATION_ITEM() RATIONAL_B_SPLINE_SURFACE((
    (1.,1.,1.,1.,1.,1.,1.,1.,1.,1.,1.,1.,1.,1.,1.,1.,1.,1.,1.,1.,1.,1.
      ,1.,1.,1.,1.,1.,1.,1.,1.,1.,1.,1.,1.,1.,1.,1.,1.,1.,1.,1.,1.,1.,1.
      ,1.,1.,1.,1.,1.,1.,1.,1.,1.,1.,1.,1.)
    ,(0.866025403784,0.866025403784,0.866025403784,0.866025403784
      ,0.866025403784,0.866025403784,0.866025403784,0.866025403784
      ,0.866025403784,0.866025403784,0.866025403785,0.864721289466
      ,0.862101304782,0.858153941246,0.852840171694,0.846088143072
      ,0.837810328384,0.827943137658,0.816508988044,0.792935881461
      ,0.781213222418,0.768589391554,0.755675202636,0.741951671788
      ,0.729816546444,0.718503725545,0.710970006962,0.707106768613
      ,0.707106793866,0.711025306844,0.718758558258,0.730030086136
      ,0.742606925591,0.756179880002,0.769414437941,0.781993534116
      ,0.793777622314,0.817198235927,0.828470188676,0.838196016501
      ,0.846357669601,0.853017394065,0.858259645424,0.862153929406
      ,0.864738569842,0.866025403784,0.866025403784,0.866025403784
      ,0.866025403784,0.866025403784,0.866025403784,0.866025403784
      ,0.866025403784,0.866025403784,0.866025403784,0.866025403784)
    ,(1.,1.,1.,1.,1.,1.,1.,1.,1.,1.,1.,1.,1.,1.,1.,1.,1.,1.,1.,1.,1.,1.
      ,1.,1.,1.,1.,1.,1.,1.,1.,1.,1.,1.,1.,1.,1.,1.,1.,1.,1.,1.,1.,1.,1.
,1.,1.,1.,1.,1.,1.,1.,1.,1.,1.,1.,1.
  ))) REPRESENTATION_ITEM('') SURFACE() );
#2557 = CARTESIAN_POINT('',(31.5,2.598076211353,-0.16818390254));
#2558 = CARTESIAN_POINT('',(31.5,2.598076211353,-0.151365512286));
#2559 = CARTESIAN_POINT('',(31.499999999999,2.598076211353,
    -0.134547122032));
#2560 = CARTESIAN_POINT('',(31.499999999999,2.598076211353,
    -0.117728731778));
#2561 = CARTESIAN_POINT('',(31.499999999999,2.598076211353,
    -0.100910341524));
#2562 = CARTESIAN_POINT('',(31.499999999999,2.598076211353,
    -8.409195127021E-02));
#2563 = CARTESIAN_POINT('',(31.499999999999,2.598076211353,
    -6.727356101621E-02));
#2564 = CARTESIAN_POINT('',(31.499999999999,2.598076211353,
    -5.04551707622E-02));
#2565 = CARTESIAN_POINT('',(31.499999999999,2.598076211353,
    -3.363678050819E-02));
#2566 = CARTESIAN_POINT('',(31.5,2.598076211353,-1.681839025419E-02));
#2567 = CARTESIAN_POINT('',(31.500000000003,2.598076211354,0.12514996362
    ));
#2568 = CARTESIAN_POINT('',(31.493573514706,2.601778942897,0.25017182917
    ));
#2569 = CARTESIAN_POINT('',(31.48072744761,2.609205594519,0.375370866389
    ));
#2570 = CARTESIAN_POINT('',(31.46129222646,2.620331645311,0.500925494501
    ));
#2571 = CARTESIAN_POINT('',(31.434912423703,2.6351457702,0.62699879908)
  );
#2572 = CARTESIAN_POINT('',(31.401013801733,2.653666438126,
    0.753757882643));
#2573 = CARTESIAN_POINT('',(31.358746786615,2.675916203408,
    0.881301048998));
#2574 = CARTESIAN_POINT('',(31.306906365951,2.701853689949,
    1.009492821295));
#2575 = CARTESIAN_POINT('',(31.243828415032,2.73126326861,1.13770679385)
  );
#2576 = CARTESIAN_POINT('',(31.102910563069,2.790782725974,
    1.371023105223));
#2577 = CARTESIAN_POINT('',(31.029182242146,2.820007180703,
    1.476494756619));
#2578 = CARTESIAN_POINT('',(30.943535544728,2.851056592692,1.58030150245
    ));
#2579 = CARTESIAN_POINT('',(30.849785845185,2.88262061274,1.678974338351
    ));
#2580 = CARTESIAN_POINT('',(30.733180774377,2.91562817408,1.775555694133
    ));
#2581 = CARTESIAN_POINT('',(30.614320477959,2.945055962632,
    1.856699122834));
#2582 = CARTESIAN_POINT('',(30.468941940876,2.972333756268,
    1.928574310677));
#2583 = CARTESIAN_POINT('',(30.317208047084,2.990639354793,
    1.975809370295));
#2584 = CARTESIAN_POINT('',(30.158608229028,2.999999954915,
    1.999999927708));
#2585 = CARTESIAN_POINT('',(29.840160145037,3.000000045435,
    2.000000072818));
#2586 = CARTESIAN_POINT('',(29.680022807195,2.990501329469,
    1.975452368448));
#2587 = CARTESIAN_POINT('',(29.526716675994,2.971747629133,1.92704846018
    ));
#2588 = CARTESIAN_POINT('',(29.383125840113,2.944461845964,
    1.855166474935));
#2589 = CARTESIAN_POINT('',(29.259546945651,2.914143729078,
    1.771406034056));
#2590 = CARTESIAN_POINT('',(29.146665775532,2.881324771524,1.67525030996
    ));
#2591 = CARTESIAN_POINT('',(29.050107112302,2.849081693583,
    1.574088959894));
#2592 = CARTESIAN_POINT('',(28.965640197343,2.818076394185,
    1.470021605377));
#2593 = CARTESIAN_POINT('',(28.891801779135,2.78868381579,1.36343000658)
  );
#2594 = CARTESIAN_POINT('',(28.752374364616,2.729489686021,
    1.129952976512));
#2595 = CARTESIAN_POINT('',(28.690325435151,2.700467383588,
    1.002614366945));
#2596 = CARTESIAN_POINT('',(28.639283690281,2.67487876712,0.875327128719
    ));
#2597 = CARTESIAN_POINT('',(28.597633308461,2.65292681793,0.748676536385
    ));
#2598 = CARTESIAN_POINT('',(28.564208437641,2.634651841819,
    0.622787112047));
#2599 = CARTESIAN_POINT('',(28.538187764812,2.620033968439,
    0.497564916158));
#2600 = CARTESIAN_POINT('',(28.519014376816,2.609056440167,
    0.372851841265));
#2601 = CARTESIAN_POINT('',(28.506340911465,2.601729690395,
    0.248491908674));
#2602 = CARTESIAN_POINT('',(28.500000000001,2.598076211353,
    0.124309568061));
#2603 = CARTESIAN_POINT('',(28.5,2.598076211353,-1.681839025397E-02));
#2604 = CARTESIAN_POINT('',(28.5,2.598076211353,-3.363678050798E-02));
#2605 = CARTESIAN_POINT('',(28.5,2.598076211353,-5.045517076198E-02));
#2606 = CARTESIAN_POINT('',(28.5,2.598076211353,-6.727356101599E-02));
#2607 = CARTESIAN_POINT('',(28.5,2.598076211353,-8.409195126999E-02));
#2608 = CARTESIAN_POINT('',(28.499999999999,2.598076211353,
    -0.100910341524));
#2609 = CARTESIAN_POINT('',(28.499999999999,2.598076211353,
    -0.117728731778));
#2610 = CARTESIAN_POINT('',(28.499999999999,2.598076211353,
    -0.134547122032));
#2611 = CARTESIAN_POINT('',(28.499999999999,2.598076211353,
    -0.151365512286));
#2612 = CARTESIAN_POINT('',(28.499999999999,2.598076211353,
    -0.16818390254));
#2613 = CARTESIAN_POINT('',(31.,2.886751345948,-0.16818390254));
#2614 = CARTESIAN_POINT('',(31.,2.886751345948,-0.144962678906));
#2615 = CARTESIAN_POINT('',(31.,2.886751345948,-0.123164307134));
#2616 = CARTESIAN_POINT('',(31.,2.886751345948,-0.102788787224));
#2617 = CARTESIAN_POINT('',(31.,2.886751345948,-8.383611917644E-02));
#2618 = CARTESIAN_POINT('',(31.,2.886751345948,-6.630630299128E-02));
#2619 = CARTESIAN_POINT('',(31.,2.886751345948,-5.019933866843E-02));
#2620 = CARTESIAN_POINT('',(31.,2.886751345948,-3.551522620789E-02));
#2621 = CARTESIAN_POINT('',(31.,2.886751345948,-2.225396560965E-02));
#2622 = CARTESIAN_POINT('',(31.,2.886751345948,-1.041555687373E-02));
#2623 = CARTESIAN_POINT('',(31.,2.886751345948,7.75048351316E-02));
#2624 = CARTESIAN_POINT('',(30.99359957987,2.888799117233,0.155181290814
    ));
#2625 = CARTESIAN_POINT('',(30.980781419805,2.892877359643,
    0.232654369071));
#2626 = CARTESIAN_POINT('',(30.961418278725,2.898955021544,
    0.309579982785));
#2627 = CARTESIAN_POINT('',(30.935331174146,2.906912800749,
    0.385525512205));
#2628 = CARTESIAN_POINT('',(30.902337819453,2.916497040219,
    0.459910183183));
#2629 = CARTESIAN_POINT('',(30.862295208196,2.927300191249,
    0.531990086553));
#2630 = CARTESIAN_POINT('',(30.815145462667,2.938765567218,
    0.600874724237));
#2631 = CARTESIAN_POINT('',(30.760980562408,2.950214573525,
    0.665565263103));
#2632 = CARTESIAN_POINT('',(30.647502231408,2.970142106778,0.77645779228
    ));
#2633 = CARTESIAN_POINT('',(30.589523770173,2.978890332994,
    0.824315716821));
#2634 = CARTESIAN_POINT('',(30.526410063732,2.986567592594,
    0.867708698534));
#2635 = CARTESIAN_POINT('',(30.458637363316,2.993068187867,
    0.906067710831));
#2636 = CARTESIAN_POINT('',(30.385985543345,2.997048796505,
    0.938103829578));
#2637 = CARTESIAN_POINT('',(30.31217556501,2.999666625093,0.963291462285
    ));
#2638 = CARTESIAN_POINT('',(30.234684233202,2.999927705623,
    0.981727618295));
#2639 = CARTESIAN_POINT('',(30.157829699962,3.000005113892,0.99380159152
    ));
#2640 = CARTESIAN_POINT('',(30.079318184573,3.000000141795,
    1.000000138609));
#2641 = CARTESIAN_POINT('',(29.920060510896,2.999999857104,0.99999986031
    ));
#2642 = CARTESIAN_POINT('',(29.840901286544,2.999997531,0.993694270869)
  );
#2643 = CARTESIAN_POINT('',(29.763443086206,3.000016411339,
    0.981512568715));
#2644 = CARTESIAN_POINT('',(29.685173397239,2.999415815518,
    0.962449817037));
#2645 = CARTESIAN_POINT('',(29.611681842961,2.997268558749,
    0.937484390977));
#2646 = CARTESIAN_POINT('',(29.537481221707,2.992625525549,
    0.904320912135));
#2647 = CARTESIAN_POINT('',(29.469959968997,2.986313001168,
    0.865608945095));
#2648 = CARTESIAN_POINT('',(29.406494614962,2.97837859623,0.821569242901
    ));
#2649 = CARTESIAN_POINT('',(29.348402232874,2.96952081426,0.773057453088
    ));
#2650 = CARTESIAN_POINT('',(29.235716678939,2.94951591636,0.661599755891
    ));
#2651 = CARTESIAN_POINT('',(29.182308290924,2.938145684297,
    0.597136374971));
#2652 = CARTESIAN_POINT('',(29.135818020455,2.92678990641,0.528577804752
    ));
#2653 = CARTESIAN_POINT('',(29.096331054476,2.916109221082,
    0.456897254332));
#2654 = CARTESIAN_POINT('',(29.063791390686,2.906644568011,0.38296456562
    ));
#2655 = CARTESIAN_POINT('',(29.038060513964,2.898791319906,
    0.307506494889));
#2656 = CARTESIAN_POINT('',(29.018960413996,2.892795218659,
    0.231089938801));
#2657 = CARTESIAN_POINT('',(29.006315239047,2.888771788391,
    0.154137056319));
#2658 = CARTESIAN_POINT('',(29.,2.886751345948,7.698437870813E-02));
#2659 = CARTESIAN_POINT('',(29.,2.886751345948,-1.041555645932E-02));
#2660 = CARTESIAN_POINT('',(29.,2.886751345948,-2.225396487304E-02));
#2661 = CARTESIAN_POINT('',(29.,2.886751345948,-3.551522524112E-02));
#2662 = CARTESIAN_POINT('',(29.,2.886751345948,-5.019933756357E-02));
#2663 = CARTESIAN_POINT('',(29.,2.886751345948,-6.630630184039E-02));
#2664 = CARTESIAN_POINT('',(29.,2.886751345948,-8.383611807159E-02));
#2665 = CARTESIAN_POINT('',(29.,2.886751345948,-0.102788786257));
#2666 = CARTESIAN_POINT('',(29.,2.886751345948,-0.123164306397));
#2667 = CARTESIAN_POINT('',(29.,2.886751345948,-0.144962678491));
#2668 = CARTESIAN_POINT('',(29.,2.886751345948,-0.16818390254));
#2669 = CARTESIAN_POINT('',(31.,3.464101615138,-0.16818390254));
#2670 = CARTESIAN_POINT('',(31.,3.464101615138,-0.142791839413));
#2671 = CARTESIAN_POINT('',(30.999999999999,3.464101615138,
    -0.119305036924));
#2672 = CARTESIAN_POINT('',(30.999999999999,3.464101615138,
    -9.772349507371E-02));
#2673 = CARTESIAN_POINT('',(30.999999999999,3.464101615138,
    -7.804721386193E-02));
#2674 = CARTESIAN_POINT('',(30.999999999999,3.464101615138,
    -6.027619328867E-02));
#2675 = CARTESIAN_POINT('',(30.999999999999,3.464101615138,
    -4.441043335392E-02));
#2676 = CARTESIAN_POINT('',(30.999999999999,3.464101615138,
    -3.044993405769E-02));
#2677 = CARTESIAN_POINT('',(30.999999999999,3.464101615138,
    -1.839469539997E-02));
#2678 = CARTESIAN_POINT('',(31.,3.464101615138,-8.244717380774E-03));
#2679 = CARTESIAN_POINT('',(31.000000000003,3.464101615138,
    6.135106063464E-02));
#2680 = CARTESIAN_POINT('',(30.995819999504,3.469117494888,0.12263124965
    ));
#2681 = CARTESIAN_POINT('',(30.987468069519,3.479159723052,
    0.184121768681));
#2682 = CARTESIAN_POINT('',(30.97478906373,3.494253534275,0.245999682877
    ));
#2683 = CARTESIAN_POINT('',(30.957483290531,3.514462055109,
    0.308388630239));
#2684 = CARTESIAN_POINT('',(30.935105076279,3.539864100615,
    0.371371218308));
#2685 = CARTESIAN_POINT('',(30.907041223332,3.570486642028,
    0.434963108259));
#2686 = CARTESIAN_POINT('',(30.872469358672,3.606191945035,
    0.499048786332));
#2687 = CARTESIAN_POINT('',(30.830296177123,3.646519379094,
    0.563279022662));
#2688 = CARTESIAN_POINT('',(30.736025871863,3.727431354735,
    0.680427173695));
#2689 = CARTESIAN_POINT('',(30.686640897473,3.766924968314,
    0.733498800283));
#2690 = CARTESIAN_POINT('',(30.629614969075,3.808481344492,
    0.785735413954));
#2691 = CARTESIAN_POINT('',(30.566125214586,3.850405321565,
    0.835961252292));
#2692 = CARTESIAN_POINT('',(30.489505342211,3.893293996975,
    0.884380007105));
#2693 = CARTESIAN_POINT('',(30.409134778474,3.931159339607,
    0.926400999337));
#2694 = CARTESIAN_POINT('',(30.312653100597,3.965406134224,
    0.963049068967));
#2695 = CARTESIAN_POINT('',(30.211539726431,3.98829583267,0.987518011329
    ));
#2696 = CARTESIAN_POINT('',(30.10574753586,4.00000021767,1.000000399826)
  );
#2697 = CARTESIAN_POINT('',(29.8934225798,3.999999780614,0.99999959705)
  );
#2698 = CARTESIAN_POINT('',(29.786711587562,3.988123423373,
    0.987328735178));
#2699 = CARTESIAN_POINT('',(29.684570995742,3.964704766464,
    0.962371800637));
#2700 = CARTESIAN_POINT('',(29.588475168996,3.930311360414,
    0.925293307754));
#2701 = CARTESIAN_POINT('',(29.506722153682,3.891546987203,
    0.882724438124));
#2702 = CARTESIAN_POINT('',(29.430576961127,3.848574665891,
    0.833659149367));
#2703 = CARTESIAN_POINT('',(29.366574455273,3.805934564855,
    0.782800141805));
#2704 = CARTESIAN_POINT('',(29.309795933249,3.764320184224,
    0.730185445036));
#2705 = CARTESIAN_POINT('',(29.260435574741,3.724594385907,
    0.676607337319));
#2706 = CARTESIAN_POINT('',(29.167170228127,3.644090167007,
    0.559401609896));
#2707 = CARTESIAN_POINT('',(29.125688080279,3.604285553654,
    0.495618393899));
#2708 = CARTESIAN_POINT('',(29.091651217436,3.569058835742,
    0.431987046003));
#2709 = CARTESIAN_POINT('',(29.063999312348,3.538848190666,
    0.368840978406));
#2710 = CARTESIAN_POINT('',(29.041936907204,3.513786465454,
    0.306295010461));
#2711 = CARTESIAN_POINT('',(29.024869997765,3.493848652113,0.24433650589
    ));
#2712 = CARTESIAN_POINT('',(29.012364322301,3.478958072103,
    0.182883567947));
#2713 = CARTESIAN_POINT('',(29.00412535429,3.469051269809,0.12181029251)
  );
#2714 = CARTESIAN_POINT('',(29.000000000001,3.464101615138,
    6.093907912851E-02));
#2715 = CARTESIAN_POINT('',(29.,3.464101615138,-8.244717043811E-03));
#2716 = CARTESIAN_POINT('',(29.,3.464101615138,-1.839469480101E-02));
#2717 = CARTESIAN_POINT('',(29.,3.464101615138,-3.044993327159E-02));
#2718 = CARTESIAN_POINT('',(29.,3.464101615138,-4.441043245553E-02));
#2719 = CARTESIAN_POINT('',(28.999999999999,3.464101615138,
    -6.027619235285E-02));
#2720 = CARTESIAN_POINT('',(28.999999999999,3.464101615138,
    -7.804721296355E-02));
#2721 = CARTESIAN_POINT('',(28.999999999999,3.464101615138,
    -9.772349428761E-02));
#2722 = CARTESIAN_POINT('',(28.999999999999,3.464101615138,
    -0.119305036325));
#2723 = CARTESIAN_POINT('',(28.999999999998,3.464101615138,
    -0.142791839076));
#2724 = CARTESIAN_POINT('',(28.999999999998,3.464101615138,
    -0.16818390254));
#2725 = ADVANCED_FACE('',(#2726),#2737,.T.);
#2726 = FACE_BOUND('',#2727,.T.);
#2727 = EDGE_LOOP('',(#2728,#2729,#2735,#2736));
#2728 = ORIENTED_EDGE('',*,*,#1226,.T.);
#2729 = ORIENTED_EDGE('',*,*,#2730,.F.);
#2730 = EDGE_CURVE('',#1558,#1227,#2731,.T.);
#2731 = LINE('',#2732,#2733);
#2732 = CARTESIAN_POINT('',(26.031373033403,-1.5,2.9));
#2733 = VECTOR('',#2734,1.);
#2734 = DIRECTION('',(-0.,-4.930380657631E-32,-1.));
#2735 = ORIENTED_EDGE('',*,*,#1557,.F.);
#2736 = ORIENTED_EDGE('',*,*,#2481,.T.);
#2737 = PLANE('',#2738);
#2738 = AXIS2_PLACEMENT_3D('',#2739,#2740,#2741);
#2739 = CARTESIAN_POINT('',(15.,-1.5,1.45));
#2740 = DIRECTION('',(0.,-1.,-1.589776975375E-16));
#2741 = DIRECTION('',(0.,1.589776975375E-16,-1.));
#2742 = ADVANCED_FACE('',(#2743),#2780,.F.);
#2743 = FACE_BOUND('',#2744,.T.);
#2744 = EDGE_LOOP('',(#2745,#2746,#2754,#2761,#2762,#2763,#2769,#2770,
    #2771,#2772,#2778,#2779));
#2745 = ORIENTED_EDGE('',*,*,#1333,.F.);
#2746 = ORIENTED_EDGE('',*,*,#2747,.T.);
#2747 = EDGE_CURVE('',#1334,#2748,#2750,.T.);
#2748 = VERTEX_POINT('',#2749);
#2749 = CARTESIAN_POINT('',(33.,-2.511144918889E-15,4.));
#2750 = LINE('',#2751,#2752);
#2751 = CARTESIAN_POINT('',(33.,-2.511144918889E-15,-1.7763568394E-15));
#2752 = VECTOR('',#2753,1.);
#2753 = DIRECTION('',(0.,4.930380657631E-32,1.));
#2754 = ORIENTED_EDGE('',*,*,#2755,.T.);
#2755 = EDGE_CURVE('',#2748,#2748,#2756,.T.);
#2756 = CIRCLE('',#2757,3.);
#2757 = AXIS2_PLACEMENT_3D('',#2758,#2759,#2760);
#2758 = CARTESIAN_POINT('',(30.,-1.7763568394E-15,4.));
#2759 = DIRECTION('',(-0.,4.930380657631E-32,1.));
#2760 = DIRECTION('',(1.,0.,0.));
#2761 = ORIENTED_EDGE('',*,*,#2747,.F.);
#2762 = ORIENTED_EDGE('',*,*,#1342,.F.);
#2763 = ORIENTED_EDGE('',*,*,#2764,.F.);
#2764 = EDGE_CURVE('',#1593,#1343,#2765,.T.);
#2765 = LINE('',#2766,#2767);
#2766 = CARTESIAN_POINT('',(32.976470224948,-0.375,2.9));
#2767 = VECTOR('',#2768,1.);
#2768 = DIRECTION('',(-0.,-4.930380657631E-32,-1.));
#2769 = ORIENTED_EDGE('',*,*,#1592,.F.);
#2770 = ORIENTED_EDGE('',*,*,#1583,.T.);
#2771 = ORIENTED_EDGE('',*,*,#1574,.T.);
#2772 = ORIENTED_EDGE('',*,*,#2773,.T.);
#2773 = EDGE_CURVE('',#1566,#1235,#2774,.T.);
#2774 = LINE('',#2775,#2776);
#2775 = CARTESIAN_POINT('',(27.023529775052,-0.375,2.9));
#2776 = VECTOR('',#2777,1.);
#2777 = DIRECTION('',(-0.,-4.930380657631E-32,-1.));
#2778 = ORIENTED_EDGE('',*,*,#1243,.F.);
#2779 = ORIENTED_EDGE('',*,*,#2498,.F.);
#2780 = CYLINDRICAL_SURFACE('',#2781,3.);
#2781 = AXIS2_PLACEMENT_3D('',#2782,#2783,#2784);
#2782 = CARTESIAN_POINT('',(30.,-1.7763568394E-15,-1.7763568394E-15));
#2783 = DIRECTION('',(-0.,-4.930380657631E-32,-1.));
#2784 = DIRECTION('',(1.,0.,0.));
#2785 = ADVANCED_FACE('',(#2786),#2792,.T.);
#2786 = FACE_BOUND('',#2787,.T.);
#2787 = EDGE_LOOP('',(#2788,#2789,#2790,#2791));
#2788 = ORIENTED_EDGE('',*,*,#1565,.T.);
#2789 = ORIENTED_EDGE('',*,*,#2730,.T.);
#2790 = ORIENTED_EDGE('',*,*,#1234,.F.);
#2791 = ORIENTED_EDGE('',*,*,#2773,.F.);
#2792 = CYLINDRICAL_SURFACE('',#2793,1.);
#2793 = AXIS2_PLACEMENT_3D('',#2794,#2795,#2796);
#2794 = CARTESIAN_POINT('',(26.031373033403,-0.5,2.9));
#2795 = DIRECTION('',(-0.,-4.930380657631E-32,-1.));
#2796 = DIRECTION('',(0.992156741649,0.125,-6.162975822039E-33));
#2797 = ADVANCED_FACE('',(#2798),#2809,.T.);
#2798 = FACE_BOUND('',#2799,.F.);
#2799 = EDGE_LOOP('',(#2800,#2801,#2807,#2808));
#2800 = ORIENTED_EDGE('',*,*,#1601,.T.);
#2801 = ORIENTED_EDGE('',*,*,#2802,.T.);
#2802 = EDGE_CURVE('',#1466,#1352,#2803,.T.);
#2803 = LINE('',#2804,#2805);
#2804 = CARTESIAN_POINT('',(33.968626966597,-1.5,2.9));
#2805 = VECTOR('',#2806,1.);
#2806 = DIRECTION('',(-0.,-4.930380657631E-32,-1.));
#2807 = ORIENTED_EDGE('',*,*,#1351,.F.);
#2808 = ORIENTED_EDGE('',*,*,#2764,.F.);
#2809 = CYLINDRICAL_SURFACE('',#2810,1.);
#2810 = AXIS2_PLACEMENT_3D('',#2811,#2812,#2813);
#2811 = CARTESIAN_POINT('',(33.968626966597,-0.5,2.9));
#2812 = DIRECTION('',(-0.,-4.930380657631E-32,-1.));
#2813 = DIRECTION('',(-0.992156741649,0.125,-6.162975822039E-33));
#2814 = ADVANCED_FACE('',(#2815),#2826,.T.);
#2815 = FACE_BOUND('',#2816,.T.);
#2816 = EDGE_LOOP('',(#2817,#2818,#2824,#2825));
#2817 = ORIENTED_EDGE('',*,*,#1360,.T.);
#2818 = ORIENTED_EDGE('',*,*,#2819,.F.);
#2819 = EDGE_CURVE('',#1468,#1361,#2820,.T.);
#2820 = LINE('',#2821,#2822);
#2821 = CARTESIAN_POINT('',(41.,-1.5,2.9));
#2822 = VECTOR('',#2823,1.);
#2823 = DIRECTION('',(0.,-1.110223024625E-16,-1.));
#2824 = ORIENTED_EDGE('',*,*,#1465,.F.);
#2825 = ORIENTED_EDGE('',*,*,#2802,.T.);
#2826 = PLANE('',#2827);
#2827 = AXIS2_PLACEMENT_3D('',#2828,#2829,#2830);
#2828 = CARTESIAN_POINT('',(15.,-1.5,1.45));
#2829 = DIRECTION('',(0.,-1.,-1.589776975375E-16));
#2830 = DIRECTION('',(0.,1.589776975375E-16,-1.));
#2831 = ADVANCED_FACE('',(#2832),#2840,.T.);
#2832 = FACE_BOUND('',#2833,.T.);
#2833 = EDGE_LOOP('',(#2834,#2835,#2836,#2837,#2838,#2839));
#2834 = ORIENTED_EDGE('',*,*,#1368,.T.);
#2835 = ORIENTED_EDGE('',*,*,#1848,.F.);
#2836 = ORIENTED_EDGE('',*,*,#1719,.F.);
#2837 = ORIENTED_EDGE('',*,*,#1774,.F.);
#2838 = ORIENTED_EDGE('',*,*,#1475,.F.);
#2839 = ORIENTED_EDGE('',*,*,#2819,.T.);
#2840 = PLANE('',#2841);
#2841 = AXIS2_PLACEMENT_3D('',#2842,#2843,#2844);
#2842 = CARTESIAN_POINT('',(41.,-8.796296296296,0.746296296296));
#2843 = DIRECTION('',(-1.,0.,0.));
#2844 = DIRECTION('',(0.,1.110223024625E-16,1.));
#2845 = ADVANCED_FACE('',(#2846),#2865,.F.);
#2846 = FACE_BOUND('',#2847,.T.);
#2847 = EDGE_LOOP('',(#2848,#2857,#2863,#2864));
#2848 = ORIENTED_EDGE('',*,*,#2849,.T.);
#2849 = EDGE_CURVE('',#2850,#2850,#2852,.T.);
#2850 = VERTEX_POINT('',#2851);
#2851 = CARTESIAN_POINT('',(38.5,5.,3.7));
#2852 = CIRCLE('',#2853,1.5);
#2853 = AXIS2_PLACEMENT_3D('',#2854,#2855,#2856);
#2854 = CARTESIAN_POINT('',(37.,5.,3.7));
#2855 = DIRECTION('',(-0.,5.010223024625E-16,1.));
#2856 = DIRECTION('',(1.,0.,0.));
#2857 = ORIENTED_EDGE('',*,*,#2858,.T.);
#2858 = EDGE_CURVE('',#2850,#1411,#2859,.T.);
#2859 = LINE('',#2860,#2861);
#2860 = CARTESIAN_POINT('',(38.5,5.,6.4));
#2861 = VECTOR('',#2862,1.);
#2862 = DIRECTION('',(0.,-5.510223024625E-16,-1.));
#2863 = ORIENTED_EDGE('',*,*,#1410,.T.);
#2864 = ORIENTED_EDGE('',*,*,#2858,.F.);
#2865 = CYLINDRICAL_SURFACE('',#2866,1.5);
#2866 = AXIS2_PLACEMENT_3D('',#2867,#2868,#2869);
#2867 = CARTESIAN_POINT('',(37.,5.,6.4));
#2868 = DIRECTION('',(0.,5.510223024625E-16,1.));
#2869 = DIRECTION('',(1.,0.,0.));
#2870 = ADVANCED_FACE('',(#2871),#2890,.F.);
#2871 = FACE_BOUND('',#2872,.T.);
#2872 = EDGE_LOOP('',(#2873,#2882,#2888,#2889));
#2873 = ORIENTED_EDGE('',*,*,#2874,.T.);
#2874 = EDGE_CURVE('',#2875,#2875,#2877,.T.);
#2875 = VERTEX_POINT('',#2876);
#2876 = CARTESIAN_POINT('',(44.5,-13.,3.7));
#2877 = CIRCLE('',#2878,1.5);
#2878 = AXIS2_PLACEMENT_3D('',#2879,#2880,#2881);
#2879 = CARTESIAN_POINT('',(43.,-13.,3.7));
#2880 = DIRECTION('',(-0.,4.410223024625E-16,1.));
#2881 = DIRECTION('',(1.,0.,0.));
#2882 = ORIENTED_EDGE('',*,*,#2883,.T.);
#2883 = EDGE_CURVE('',#2875,#1422,#2884,.T.);
#2884 = LINE('',#2885,#2886);
#2885 = CARTESIAN_POINT('',(44.5,-13.,6.4));
#2886 = VECTOR('',#2887,1.);
#2887 = DIRECTION('',(0.,-5.510223024625E-16,-1.));
#2888 = ORIENTED_EDGE('',*,*,#1421,.T.);
#2889 = ORIENTED_EDGE('',*,*,#2883,.F.);
#2890 = CYLINDRICAL_SURFACE('',#2891,1.5);
#2891 = AXIS2_PLACEMENT_3D('',#2892,#2893,#2894);
#2892 = CARTESIAN_POINT('',(43.,-13.,6.4));
#2893 = DIRECTION('',(0.,5.510223024625E-16,1.));
#2894 = DIRECTION('',(1.,0.,0.));
#2895 = ADVANCED_FACE('',(#2896),#2915,.F.);
#2896 = FACE_BOUND('',#2897,.T.);
#2897 = EDGE_LOOP('',(#2898,#2906,#2907,#2908));
#2898 = ORIENTED_EDGE('',*,*,#2899,.T.);
#2899 = EDGE_CURVE('',#2900,#1736,#2902,.T.);
#2900 = VERTEX_POINT('',#2901);
#2901 = CARTESIAN_POINT('',(4.,-9.,3.5));
#2902 = LINE('',#2903,#2904);
#2903 = CARTESIAN_POINT('',(4.,-9.,3.5));
#2904 = VECTOR('',#2905,1.);
#2905 = DIRECTION('',(0.,0.,-1.));
#2906 = ORIENTED_EDGE('',*,*,#1735,.T.);
#2907 = ORIENTED_EDGE('',*,*,#2899,.F.);
#2908 = ORIENTED_EDGE('',*,*,#2909,.F.);
#2909 = EDGE_CURVE('',#2900,#2900,#2910,.T.);
#2910 = CIRCLE('',#2911,4.);
#2911 = AXIS2_PLACEMENT_3D('',#2912,#2913,#2914);
#2912 = CARTESIAN_POINT('',(0.,-9.,3.5));
#2913 = DIRECTION('',(0.,0.,-1.));
#2914 = DIRECTION('',(1.,0.,0.));
#2915 = CYLINDRICAL_SURFACE('',#2916,4.);
#2916 = AXIS2_PLACEMENT_3D('',#2917,#2918,#2919);
#2917 = CARTESIAN_POINT('',(0.,-9.,3.5));
#2918 = DIRECTION('',(-0.,0.,1.));
#2919 = DIRECTION('',(1.,0.,0.));
#2920 = ADVANCED_FACE('',(#2921),#2940,.F.);
#2921 = FACE_BOUND('',#2922,.T.);
#2922 = EDGE_LOOP('',(#2923,#2931,#2932,#2933));
#2923 = ORIENTED_EDGE('',*,*,#2924,.T.);
#2924 = EDGE_CURVE('',#2925,#1747,#2927,.T.);
#2925 = VERTEX_POINT('',#2926);
#2926 = CARTESIAN_POINT('',(19.,-9.,3.5));
#2927 = LINE('',#2928,#2929);
#2928 = CARTESIAN_POINT('',(19.,-9.,3.5));
#2929 = VECTOR('',#2930,1.);
#2930 = DIRECTION('',(0.,1.110223024625E-16,-1.));
#2931 = ORIENTED_EDGE('',*,*,#1746,.T.);
#2932 = ORIENTED_EDGE('',*,*,#2924,.F.);
#2933 = ORIENTED_EDGE('',*,*,#2934,.F.);
#2934 = EDGE_CURVE('',#2925,#2925,#2935,.T.);
#2935 = CIRCLE('',#2936,4.);
#2936 = AXIS2_PLACEMENT_3D('',#2937,#2938,#2939);
#2937 = CARTESIAN_POINT('',(15.,-9.,3.5));
#2938 = DIRECTION('',(0.,1.110223024625E-16,-1.));
#2939 = DIRECTION('',(1.,0.,0.));
#2940 = CYLINDRICAL_SURFACE('',#2941,4.);
#2941 = AXIS2_PLACEMENT_3D('',#2942,#2943,#2944);
#2942 = CARTESIAN_POINT('',(15.,-9.,3.5));
#2943 = DIRECTION('',(-0.,-1.110223024625E-16,1.));
#2944 = DIRECTION('',(1.,0.,0.));
#2945 = ADVANCED_FACE('',(#2946),#2965,.F.);
#2946 = FACE_BOUND('',#2947,.T.);
#2947 = EDGE_LOOP('',(#2948,#2956,#2957,#2958));
#2948 = ORIENTED_EDGE('',*,*,#2949,.T.);
#2949 = EDGE_CURVE('',#2950,#1758,#2952,.T.);
#2950 = VERTEX_POINT('',#2951);
#2951 = CARTESIAN_POINT('',(34.,-9.,3.5));
#2952 = LINE('',#2953,#2954);
#2953 = CARTESIAN_POINT('',(34.,-9.,3.5));
#2954 = VECTOR('',#2955,1.);
#2955 = DIRECTION('',(0.,1.110223024625E-16,-1.));
#2956 = ORIENTED_EDGE('',*,*,#1757,.T.);
#2957 = ORIENTED_EDGE('',*,*,#2949,.F.);
#2958 = ORIENTED_EDGE('',*,*,#2959,.F.);
#2959 = EDGE_CURVE('',#2950,#2950,#2960,.T.);
#2960 = CIRCLE('',#2961,4.);
#2961 = AXIS2_PLACEMENT_3D('',#2962,#2963,#2964);
#2962 = CARTESIAN_POINT('',(30.,-9.,3.5));
#2963 = DIRECTION('',(0.,1.110223024625E-16,-1.));
#2964 = DIRECTION('',(1.,0.,0.));
#2965 = CYLINDRICAL_SURFACE('',#2966,4.);
#2966 = AXIS2_PLACEMENT_3D('',#2967,#2968,#2969);
#2967 = CARTESIAN_POINT('',(30.,-9.,3.5));
#2968 = DIRECTION('',(-0.,-1.110223024625E-16,1.));
#2969 = DIRECTION('',(1.,0.,0.));
#2970 = ADVANCED_FACE('',(#2971),#2983,.T.);
#2971 = FACE_BOUND('',#2972,.T.);
#2972 = EDGE_LOOP('',(#2973,#2974,#2975,#2982));
#2973 = ORIENTED_EDGE('',*,*,#1825,.F.);
#2974 = ORIENTED_EDGE('',*,*,#1801,.T.);
#2975 = ORIENTED_EDGE('',*,*,#2976,.T.);
#2976 = EDGE_CURVE('',#1792,#2320,#2977,.T.);
#2977 = CIRCLE('',#2978,1.);
#2978 = AXIS2_PLACEMENT_3D('',#2979,#2980,#2981);
#2979 = CARTESIAN_POINT('',(46.320391543177,-11.89320281894,5.4));
#2980 = DIRECTION('',(0.316227766017,-0.948683298051,1.053250040573E-16)
  );
#2981 = DIRECTION('',(0.948683298051,0.316227766017,-3.510833468577E-17)
  );
#2982 = ORIENTED_EDGE('',*,*,#2319,.F.);
#2983 = TOROIDAL_SURFACE('',#2984,3.5,1.);
#2984 = AXIS2_PLACEMENT_3D('',#2985,#2986,#2987);
#2985 = CARTESIAN_POINT('',(43.,-13.,5.4));
#2986 = DIRECTION('',(0.,1.110223024625E-16,1.));
#2987 = DIRECTION('',(0.,-1.,1.110223024625E-16));
#2988 = ADVANCED_FACE('',(#2989),#3000,.F.);
#2989 = FACE_BOUND('',#2990,.T.);
#2990 = EDGE_LOOP('',(#2991,#2997,#2998,#2999));
#2991 = ORIENTED_EDGE('',*,*,#2992,.T.);
#2992 = EDGE_CURVE('',#2342,#1877,#2993,.T.);
#2993 = LINE('',#2994,#2995);
#2994 = CARTESIAN_POINT('',(-7.,2.3,6.4));
#2995 = VECTOR('',#2996,1.);
#2996 = DIRECTION('',(0.,-1.110223024625E-16,-1.));
#2997 = ORIENTED_EDGE('',*,*,#1876,.T.);
#2998 = ORIENTED_EDGE('',*,*,#2992,.F.);
#2999 = ORIENTED_EDGE('',*,*,#2341,.F.);
#3000 = CYLINDRICAL_SURFACE('',#3001,2.7);
#3001 = AXIS2_PLACEMENT_3D('',#3002,#3003,#3004);
#3002 = CARTESIAN_POINT('',(-7.,5.,6.4));
#3003 = DIRECTION('',(0.,1.110223024625E-16,1.));
#3004 = DIRECTION('',(0.,-1.,1.110223024625E-16));
#3005 = ADVANCED_FACE('',(#3006),#3017,.F.);
#3006 = FACE_BOUND('',#3007,.T.);
#3007 = EDGE_LOOP('',(#3008,#3014,#3015,#3016));
#3008 = ORIENTED_EDGE('',*,*,#3009,.T.);
#3009 = EDGE_CURVE('',#2353,#1897,#3010,.T.);
#3010 = LINE('',#3011,#3012);
#3011 = CARTESIAN_POINT('',(-13.,-15.7,6.4));
#3012 = VECTOR('',#3013,1.);
#3013 = DIRECTION('',(0.,-1.110223024625E-16,-1.));
#3014 = ORIENTED_EDGE('',*,*,#1896,.T.);
#3015 = ORIENTED_EDGE('',*,*,#3009,.F.);
#3016 = ORIENTED_EDGE('',*,*,#2352,.F.);
#3017 = CYLINDRICAL_SURFACE('',#3018,2.7);
#3018 = AXIS2_PLACEMENT_3D('',#3019,#3020,#3021);
#3019 = CARTESIAN_POINT('',(-13.,-13.,6.4));
#3020 = DIRECTION('',(0.,1.110223024625E-16,1.));
#3021 = DIRECTION('',(0.,-1.,1.110223024625E-16));
#3022 = ADVANCED_FACE('',(#3023),#3026,.F.);
#3023 = FACE_BOUND('',#3024,.T.);
#3024 = EDGE_LOOP('',(#3025));
#3025 = ORIENTED_EDGE('',*,*,#2246,.F.);
#3026 = PLANE('',#3027);
#3027 = AXIS2_PLACEMENT_3D('',#3028,#3029,#3030);
#3028 = CARTESIAN_POINT('',(15.,-1.7763568394E-15,4.));
#3029 = DIRECTION('',(0.,4.930380657631E-32,1.));
#3030 = DIRECTION('',(1.,0.,0.));
#3031 = ADVANCED_FACE('',(#3032),#3038,.T.);
#3032 = FACE_BOUND('',#3033,.F.);
#3033 = EDGE_LOOP('',(#3034,#3035,#3036,#3037));
#3034 = ORIENTED_EDGE('',*,*,#2976,.T.);
#3035 = ORIENTED_EDGE('',*,*,#2328,.T.);
#3036 = ORIENTED_EDGE('',*,*,#2292,.F.);
#3037 = ORIENTED_EDGE('',*,*,#2394,.F.);
#3038 = CYLINDRICAL_SURFACE('',#3039,1.);
#3039 = AXIS2_PLACEMENT_3D('',#3040,#3041,#3042);
#3040 = CARTESIAN_POINT('',(46.320391543177,-11.89320281894,5.4));
#3041 = DIRECTION('',(-0.316227766017,0.948683298051,-1.053250040573E-16
    ));
#3042 = DIRECTION('',(0.948683298051,0.316227766017,-1.751083346858E-16)
  );
#3043 = ADVANCED_FACE('',(#3044),#3063,.F.);
#3044 = FACE_BOUND('',#3045,.T.);
#3045 = EDGE_LOOP('',(#3046,#3054,#3061,#3062));
#3046 = ORIENTED_EDGE('',*,*,#3047,.T.);
#3047 = EDGE_CURVE('',#2364,#3048,#3050,.T.);
#3048 = VERTEX_POINT('',#3049);
#3049 = CARTESIAN_POINT('',(37.,2.3,3.7));
#3050 = LINE('',#3051,#3052);
#3051 = CARTESIAN_POINT('',(37.,2.3,6.4));
#3052 = VECTOR('',#3053,1.);
#3053 = DIRECTION('',(0.,-1.110223024625E-16,-1.));
#3054 = ORIENTED_EDGE('',*,*,#3055,.T.);
#3055 = EDGE_CURVE('',#3048,#3048,#3056,.T.);
#3056 = CIRCLE('',#3057,2.7);
#3057 = AXIS2_PLACEMENT_3D('',#3058,#3059,#3060);
#3058 = CARTESIAN_POINT('',(37.,5.,3.7));
#3059 = DIRECTION('',(-0.,-1.110223024625E-16,-1.));
#3060 = DIRECTION('',(0.,-1.,1.110223024625E-16));
#3061 = ORIENTED_EDGE('',*,*,#3047,.F.);
#3062 = ORIENTED_EDGE('',*,*,#2363,.F.);
#3063 = CYLINDRICAL_SURFACE('',#3064,2.7);
#3064 = AXIS2_PLACEMENT_3D('',#3065,#3066,#3067);
#3065 = CARTESIAN_POINT('',(37.,5.,6.4));
#3066 = DIRECTION('',(0.,1.110223024625E-16,1.));
#3067 = DIRECTION('',(0.,-1.,1.110223024625E-16));
#3068 = ADVANCED_FACE('',(#3069),#3088,.F.);
#3069 = FACE_BOUND('',#3070,.T.);
#3070 = EDGE_LOOP('',(#3071,#3079,#3086,#3087));
#3071 = ORIENTED_EDGE('',*,*,#3072,.T.);
#3072 = EDGE_CURVE('',#2375,#3073,#3075,.T.);
#3073 = VERTEX_POINT('',#3074);
#3074 = CARTESIAN_POINT('',(43.,-15.7,3.7));
#3075 = LINE('',#3076,#3077);
#3076 = CARTESIAN_POINT('',(43.,-15.7,6.4));
#3077 = VECTOR('',#3078,1.);
#3078 = DIRECTION('',(0.,-1.110223024625E-16,-1.));
#3079 = ORIENTED_EDGE('',*,*,#3080,.T.);
#3080 = EDGE_CURVE('',#3073,#3073,#3081,.T.);
#3081 = CIRCLE('',#3082,2.7);
#3082 = AXIS2_PLACEMENT_3D('',#3083,#3084,#3085);
#3083 = CARTESIAN_POINT('',(43.,-13.,3.7));
#3084 = DIRECTION('',(-0.,-1.110223024625E-16,-1.));
#3085 = DIRECTION('',(0.,-1.,1.110223024625E-16));
#3086 = ORIENTED_EDGE('',*,*,#3072,.F.);
#3087 = ORIENTED_EDGE('',*,*,#2374,.F.);
#3088 = CYLINDRICAL_SURFACE('',#3089,2.7);
#3089 = AXIS2_PLACEMENT_3D('',#3090,#3091,#3092);
#3090 = CARTESIAN_POINT('',(43.,-13.,6.4));
#3091 = DIRECTION('',(0.,1.110223024625E-16,1.));
#3092 = DIRECTION('',(0.,-1.,1.110223024625E-16));
#3093 = ADVANCED_FACE('',(#3094),#3097,.F.);
#3094 = FACE_BOUND('',#3095,.T.);
#3095 = EDGE_LOOP('',(#3096));
#3096 = ORIENTED_EDGE('',*,*,#2755,.F.);
#3097 = PLANE('',#3098);
#3098 = AXIS2_PLACEMENT_3D('',#3099,#3100,#3101);
#3099 = CARTESIAN_POINT('',(30.,-1.7763568394E-15,4.));
#3100 = DIRECTION('',(0.,4.930380657631E-32,1.));
#3101 = DIRECTION('',(1.,0.,0.));
#3102 = ADVANCED_FACE('',(#3103,#3106),#3109,.F.);
#3103 = FACE_BOUND('',#3104,.F.);
#3104 = EDGE_LOOP('',(#3105));
#3105 = ORIENTED_EDGE('',*,*,#3055,.T.);
#3106 = FACE_BOUND('',#3107,.F.);
#3107 = EDGE_LOOP('',(#3108));
#3108 = ORIENTED_EDGE('',*,*,#2849,.T.);
#3109 = PLANE('',#3110);
#3110 = AXIS2_PLACEMENT_3D('',#3111,#3112,#3113);
#3111 = CARTESIAN_POINT('',(37.,5.,3.7));
#3112 = DIRECTION('',(0.,-1.110223024625E-16,-1.));
#3113 = DIRECTION('',(0.,-1.,1.110223024625E-16));
#3114 = ADVANCED_FACE('',(#3115,#3118),#3121,.F.);
#3115 = FACE_BOUND('',#3116,.F.);
#3116 = EDGE_LOOP('',(#3117));
#3117 = ORIENTED_EDGE('',*,*,#3080,.T.);
#3118 = FACE_BOUND('',#3119,.F.);
#3119 = EDGE_LOOP('',(#3120));
#3120 = ORIENTED_EDGE('',*,*,#2874,.T.);
#3121 = PLANE('',#3122);
#3122 = AXIS2_PLACEMENT_3D('',#3123,#3124,#3125);
#3123 = CARTESIAN_POINT('',(43.,-13.,3.7));
#3124 = DIRECTION('',(0.,-1.110223024625E-16,-1.));
#3125 = DIRECTION('',(0.,-1.,1.110223024625E-16));
#3126 = ADVANCED_FACE('',(#3127),#3130,.T.);
#3127 = FACE_BOUND('',#3128,.F.);
#3128 = EDGE_LOOP('',(#3129));
#3129 = ORIENTED_EDGE('',*,*,#2909,.F.);
#3130 = PLANE('',#3131);
#3131 = AXIS2_PLACEMENT_3D('',#3132,#3133,#3134);
#3132 = CARTESIAN_POINT('',(0.,-9.,3.5));
#3133 = DIRECTION('',(0.,0.,-1.));
#3134 = DIRECTION('',(1.,0.,0.));
#3135 = ADVANCED_FACE('',(#3136),#3139,.T.);
#3136 = FACE_BOUND('',#3137,.F.);
#3137 = EDGE_LOOP('',(#3138));
#3138 = ORIENTED_EDGE('',*,*,#2934,.F.);
#3139 = PLANE('',#3140);
#3140 = AXIS2_PLACEMENT_3D('',#3141,#3142,#3143);
#3141 = CARTESIAN_POINT('',(15.,-9.,3.5));
#3142 = DIRECTION('',(0.,1.110223024625E-16,-1.));
#3143 = DIRECTION('',(1.,0.,0.));
#3144 = ADVANCED_FACE('',(#3145),#3148,.T.);
#3145 = FACE_BOUND('',#3146,.F.);
#3146 = EDGE_LOOP('',(#3147));
#3147 = ORIENTED_EDGE('',*,*,#2959,.F.);
#3148 = PLANE('',#3149);
#3149 = AXIS2_PLACEMENT_3D('',#3150,#3151,#3152);
#3150 = CARTESIAN_POINT('',(30.,-9.,3.5));
#3151 = DIRECTION('',(0.,1.110223024625E-16,-1.));
#3152 = DIRECTION('',(1.,0.,0.));
#3153 = ( GEOMETRIC_REPRESENTATION_CONTEXT(3) 
GLOBAL_UNCERTAINTY_ASSIGNED_CONTEXT((#3157)) 
GLOBAL_UNIT_ASSIGNED_CONTEXT((#3154,#3155,#3156)) REPRESENTATION_CONTEXT
('Context #1','3D Context with UNIT and UNCERTAINTY') );
#3154 = ( LENGTH_UNIT() NAMED_UNIT(*) SI_UNIT(.MILLI.,.METRE.) );
#3155 = ( NAMED_UNIT(*) PLANE_ANGLE_UNIT() SI_UNIT($,.RADIAN.) );
#3156 = ( NAMED_UNIT(*) SI_UNIT($,.STERADIAN.) SOLID_ANGLE_UNIT() );
#3157 = UNCERTAINTY_MEASURE_WITH_UNIT(LENGTH_MEASURE(1.E-05),#3154,
  'distance_accuracy_value','confusion accuracy');
#3158 = PRODUCT_RELATED_PRODUCT_CATEGORY('part',$,(#7));
#3159 = MECHANICAL_DESIGN_GEOMETRIC_PRESENTATION_REPRESENTATION('',(
    #3160),#3153);
#3160 = STYLED_ITEM('color',(#3161),#15);
#3161 = PRESENTATION_STYLE_ASSIGNMENT((#3162,#3168));
#3162 = SURFACE_STYLE_USAGE(.BOTH.,#3163);
#3163 = SURFACE_SIDE_STYLE('',(#3164));
#3164 = SURFACE_STYLE_FILL_AREA(#3165);
#3165 = FILL_AREA_STYLE('',(#3166));
#3166 = FILL_AREA_STYLE_COLOUR('',#3167);
#3167 = COLOUR_RGB('',0.447058818107,0.474509808674,0.501960817233);
#3168 = CURVE_STYLE('',#3169,POSITIVE_LENGTH_MEASURE(0.1),#3170);
#3169 = DRAUGHTING_PRE_DEFINED_CURVE_FONT('continuous');
#3170 = COLOUR_RGB('',9.803921802644E-02,9.803921802644E-02,
  9.803921802644E-02);
ENDSEC;
END-ISO-10303-21;
