ISO-10303-21;
HEADER;
FILE_DESCRIPTION(('FreeCAD Model'),'2;1');
FILE_NAME('Open CASCADE Shape Model','2026-09-28T18:43:47',(''),(''),
  'Open CASCADE STEP processor 7.8','FreeCAD','Unknown');
FILE_SCHEMA(('AUTOMOTIVE_DESIGN { 1 0 10303 214 1 1 1 1 }'));
ENDSEC;
DATA;
#1 = APPLICATION_PROTOCOL_DEFINITION('international standard',
  'automotive_design',2000,#2);
#2 = APPLICATION_CONTEXT(
  'core data for automotive mechanical design processes');
#3 = SHAPE_DEFINITION_REPRESENTATION(#4,#10);
#4 = PRODUCT_DEFINITION_SHAPE('','',#5);
#5 = PRODUCT_DEFINITION('design','',#6,#9);
#6 = PRODUCT_DEFINITION_FORMATION('','',#7);
#7 = PRODUCT('Fillet011','Fillet011','',(#8));
#8 = PRODUCT_CONTEXT('',#2,'mechanical');
#9 = PRODUCT_DEFINITION_CONTEXT('part definition',#2,'design');
#10 = ADVANCED_BREP_SHAPE_REPRESENTATION('',(#11,#15),#3919);
#11 = AXIS2_PLACEMENT_3D('',#12,#13,#14);
#12 = CARTESIAN_POINT('',(0.,0.,0.));
#13 = DIRECTION('',(0.,0.,1.));
#14 = DIRECTION('',(1.,0.,-0.));
#15 = MANIFOLD_SOLID_BREP('',#16);
#16 = CLOSED_SHELL('',(#17,#172,#269,#295,#599,#673,#758,#783,#808,#832,
    #856,#881,#905,#961,#979,#1004,#1029,#1116,#1149,#1175,#1208,#1340,
    #1478,#1496,#1521,#1697,#1706,#1732,#1757,#1783,#1808,#1833,#1856,
    #1868,#1927,#1986,#2068,#2350,#2367,#2410,#2422,#2659,#2677,#2694,
    #2776,#2793,#3075,#3092,#3135,#3147,#3164,#3181,#3193,#3218,#3243,
    #3268,#3293,#3318,#3336,#3358,#3375,#3392,#3409,#3426,#3438,#3460,
    #3477,#3494,#3511,#3528,#3540,#3549,#3561,#3592,#3616,#3640,#3664,
    #3688,#3705,#3736,#3760,#3784,#3808,#3832,#3849,#3858,#3875,#3892,
    #3901,#3910));
#17 = ADVANCED_FACE('',(#18,#145,#156),#167,.T.);
#18 = FACE_BOUND('',#19,.T.);
#19 = EDGE_LOOP('',(#20,#30,#39,#47,#56,#64,#73,#81,#90,#98,#106,#115,
    #124));
#20 = ORIENTED_EDGE('',*,*,#21,.T.);
#21 = EDGE_CURVE('',#22,#24,#26,.T.);
#22 = VERTEX_POINT('',#23);
#23 = CARTESIAN_POINT('',(-1.,-3.464101615142,4.377924091159E-15));
#24 = VERTEX_POINT('',#25);
#25 = CARTESIAN_POINT('',(-1.,-7.5,-2.741265763159E-15));
#26 = LINE('',#27,#28);
#27 = CARTESIAN_POINT('',(-1.,-9.5,3.816579864025E-15));
#28 = VECTOR('',#29,1.);
#29 = DIRECTION('',(-0.,-1.,-1.110223024625E-16));
#30 = ORIENTED_EDGE('',*,*,#31,.T.);
#31 = EDGE_CURVE('',#24,#32,#34,.T.);
#32 = VERTEX_POINT('',#33);
#33 = CARTESIAN_POINT('',(-3.,-9.5,-1.755172820526E-15));
#34 = CIRCLE('',#35,2.);
#35 = AXIS2_PLACEMENT_3D('',#36,#37,#38);
#36 = CARTESIAN_POINT('',(-3.,-7.5,-2.45226762955E-15));
#37 = DIRECTION('',(0.,-2.22044604925E-16,-1.));
#38 = DIRECTION('',(0.,1.,-2.22044604925E-16));
#39 = ORIENTED_EDGE('',*,*,#40,.T.);
#40 = EDGE_CURVE('',#32,#41,#43,.T.);
#41 = VERTEX_POINT('',#42);
#42 = CARTESIAN_POINT('',(-7.,-9.5,3.219646771413E-15));
#43 = LINE('',#44,#45);
#44 = CARTESIAN_POINT('',(37.,-9.5,1.143964677141E-14));
#45 = VECTOR('',#46,1.);
#46 = DIRECTION('',(-1.,0.,0.));
#47 = ORIENTED_EDGE('',*,*,#48,.F.);
#48 = EDGE_CURVE('',#49,#41,#51,.T.);
#49 = VERTEX_POINT('',#50);
#50 = CARTESIAN_POINT('',(-11.26907484122,-6.423024947076,
    2.536421061422E-15));
#51 = CIRCLE('',#52,4.5);
#52 = AXIS2_PLACEMENT_3D('',#53,#54,#55);
#53 = CARTESIAN_POINT('',(-7.,-5.,2.22044604925E-15));
#54 = DIRECTION('',(-0.,2.22044604925E-16,1.));
#55 = DIRECTION('',(1.,0.,0.));
#56 = ORIENTED_EDGE('',*,*,#57,.T.);
#57 = EDGE_CURVE('',#49,#58,#60,.T.);
#58 = VERTEX_POINT('',#59);
#59 = CARTESIAN_POINT('',(-17.26907484122,11.576975052924,
    -1.460381827228E-15));
#60 = LINE('',#61,#62);
#61 = CARTESIAN_POINT('',(-11.26907484122,-6.423024947076,
    2.536421061422E-15));
#62 = VECTOR('',#63,1.);
#63 = DIRECTION('',(-0.316227766017,0.948683298051,-2.106500081146E-16)
  );
#64 = ORIENTED_EDGE('',*,*,#65,.F.);
#65 = EDGE_CURVE('',#66,#58,#68,.T.);
#66 = VERTEX_POINT('',#67);
#67 = CARTESIAN_POINT('',(-13.,17.5,-2.775557561563E-15));
#68 = CIRCLE('',#69,4.5);
#69 = AXIS2_PLACEMENT_3D('',#70,#71,#72);
#70 = CARTESIAN_POINT('',(-13.,13.,-1.7763568394E-15));
#71 = DIRECTION('',(-0.,2.22044604925E-16,1.));
#72 = DIRECTION('',(1.,0.,0.));
#73 = ORIENTED_EDGE('',*,*,#74,.T.);
#74 = EDGE_CURVE('',#66,#75,#77,.T.);
#75 = VERTEX_POINT('',#76);
#76 = CARTESIAN_POINT('',(-12.,17.5,-6.101338147751E-15));
#77 = LINE('',#78,#79);
#78 = CARTESIAN_POINT('',(-13.,17.5,-6.545557561563E-15));
#79 = VECTOR('',#80,1.);
#80 = DIRECTION('',(1.,0.,0.));
#81 = ORIENTED_EDGE('',*,*,#82,.T.);
#82 = EDGE_CURVE('',#75,#83,#85,.T.);
#83 = VERTEX_POINT('',#84);
#84 = CARTESIAN_POINT('',(-11.,16.5,-6.661338147751E-16));
#85 = CIRCLE('',#86,1.);
#86 = AXIS2_PLACEMENT_3D('',#87,#88,#89);
#87 = CARTESIAN_POINT('',(-12.,16.5,-1.623512956638E-15));
#88 = DIRECTION('',(-0.,-2.22044604925E-16,-1.));
#89 = DIRECTION('',(0.,-1.,2.22044604925E-16));
#90 = ORIENTED_EDGE('',*,*,#91,.F.);
#91 = EDGE_CURVE('',#92,#83,#94,.T.);
#92 = VERTEX_POINT('',#93);
#93 = CARTESIAN_POINT('',(-11.,1.5,2.6645352591E-15));
#94 = LINE('',#95,#96);
#95 = CARTESIAN_POINT('',(-11.,1.5,2.6645352591E-15));
#96 = VECTOR('',#97,1.);
#97 = DIRECTION('',(0.,1.,-2.22044604925E-16));
#98 = ORIENTED_EDGE('',*,*,#99,.T.);
#99 = EDGE_CURVE('',#92,#100,#102,.T.);
#100 = VERTEX_POINT('',#101);
#101 = CARTESIAN_POINT('',(-3.968626966597,1.5,2.6645352591E-15));
#102 = LINE('',#103,#104);
#103 = CARTESIAN_POINT('',(-11.,1.5,2.6645352591E-15));
#104 = VECTOR('',#105,1.);
#105 = DIRECTION('',(1.,0.,0.));
#106 = ORIENTED_EDGE('',*,*,#107,.F.);
#107 = EDGE_CURVE('',#108,#100,#110,.T.);
#108 = VERTEX_POINT('',#109);
#109 = CARTESIAN_POINT('',(-2.976470224948,0.375,0.));
#110 = CIRCLE('',#111,1.);
#111 = AXIS2_PLACEMENT_3D('',#112,#113,#114);
#112 = CARTESIAN_POINT('',(-3.968626966597,0.5,1.998401444325E-15));
#113 = DIRECTION('',(0.,-0.,1.));
#114 = DIRECTION('',(0.,1.,0.));
#115 = ORIENTED_EDGE('',*,*,#116,.T.);
#116 = EDGE_CURVE('',#108,#117,#119,.T.);
#117 = VERTEX_POINT('',#118);
#118 = CARTESIAN_POINT('',(-1.499999999999,-2.598076211354,0.));
#119 = CIRCLE('',#120,3.);
#120 = AXIS2_PLACEMENT_3D('',#121,#122,#123);
#121 = CARTESIAN_POINT('',(0.,0.,0.));
#122 = DIRECTION('',(0.,0.,1.));
#123 = DIRECTION('',(1.,0.,0.));
#124 = ORIENTED_EDGE('',*,*,#125,.F.);
#125 = EDGE_CURVE('',#22,#117,#126,.T.);
#126 = B_SPLINE_CURVE_WITH_KNOTS('',5,(#127,#128,#129,#130,#131,#132,
    #133,#134,#135,#136,#137,#138,#139,#140,#141,#142,#143,#144),
  .UNSPECIFIED.,.F.,.F.,(6,4,4,4,6),(0.,0.249571064957,0.5,
    0.750428935043,1.),.UNSPECIFIED.);
#127 = CARTESIAN_POINT('',(-1.,-3.464101615138,2.809408099179E-15));
#128 = CARTESIAN_POINT('',(-1.,-3.413968110125,2.798276224864E-15));
#129 = CARTESIAN_POINT('',(-1.003141604665,-3.363068985828,
    2.786974348919E-15));
#130 = CARTESIAN_POINT('',(-1.009617419107,-3.311766719573,
    2.775582957477E-15));
#131 = CARTESIAN_POINT('',(-1.019539713205,-3.260492346873,
    2.764197759648E-15));
#132 = CARTESIAN_POINT('',(-1.046312352884,-3.158719918503,
    2.741599740998E-15));
#133 = CARTESIAN_POINT('',(-1.063186518986,-3.108224342528,
    2.73038747078E-15));
#134 = CARTESIAN_POINT('',(-1.083522069312,-3.058658585696,
    2.719381661887E-15));
#135 = CARTESIAN_POINT('',(-1.107195963119,-3.010483568218,
    2.708684659163E-15));
#136 = CARTESIAN_POINT('',(-1.160753229312,-2.917719662057,
    2.688086934269E-15));
#137 = CARTESIAN_POINT('',(-1.190637071372,-2.873129959874,
    2.678186031464E-15));
#138 = CARTESIAN_POINT('',(-1.223394500784,-2.830735978277,
    2.668772676569E-15));
#139 = CARTESIAN_POINT('',(-1.258687869306,-2.790874733778,
    2.659921702282E-15));
#140 = CARTESIAN_POINT('',(-1.33343905784,-2.716802733504,
    2.643474414245E-15));
#141 = CARTESIAN_POINT('',(-1.372882820112,-2.682572588402,
    2.635873795199E-15));
#142 = CARTESIAN_POINT('',(-1.414073978739,-2.651313235456,
    2.628932824525E-15));
#143 = CARTESIAN_POINT('',(-1.456583111078,-2.62314296386,
    2.622677767697E-15));
#144 = CARTESIAN_POINT('',(-1.5,-2.598076211353,2.61711183054E-15));
#145 = FACE_BOUND('',#146,.T.);
#146 = EDGE_LOOP('',(#147));
#147 = ORIENTED_EDGE('',*,*,#148,.T.);
#148 = EDGE_CURVE('',#149,#149,#151,.T.);
#149 = VERTEX_POINT('',#150);
#150 = CARTESIAN_POINT('',(-5.5,-5.,2.22044604925E-15));
#151 = CIRCLE('',#152,1.5);
#152 = AXIS2_PLACEMENT_3D('',#153,#154,#155);
#153 = CARTESIAN_POINT('',(-7.,-5.,2.22044604925E-15));
#154 = DIRECTION('',(-0.,2.22044604925E-16,1.));
#155 = DIRECTION('',(1.,0.,0.));
#156 = FACE_BOUND('',#157,.T.);
#157 = EDGE_LOOP('',(#158));
#158 = ORIENTED_EDGE('',*,*,#159,.T.);
#159 = EDGE_CURVE('',#160,#160,#162,.T.);
#160 = VERTEX_POINT('',#161);
#161 = CARTESIAN_POINT('',(-11.5,13.,-1.7763568394E-15));
#162 = CIRCLE('',#163,1.5);
#163 = AXIS2_PLACEMENT_3D('',#164,#165,#166);
#164 = CARTESIAN_POINT('',(-13.,13.,-1.7763568394E-15));
#165 = DIRECTION('',(-0.,2.22044604925E-16,1.));
#166 = DIRECTION('',(1.,0.,0.));
#167 = PLANE('',#168);
#168 = AXIS2_PLACEMENT_3D('',#169,#170,#171);
#169 = CARTESIAN_POINT('',(15.,4.79811285857,9.748279505584E-16));
#170 = DIRECTION('',(0.,-2.22044604925E-16,-1.));
#171 = DIRECTION('',(0.,1.,-2.22044604925E-16));
#172 = ADVANCED_FACE('',(#173),#264,.F.);
#173 = FACE_BOUND('',#174,.T.);
#174 = EDGE_LOOP('',(#175,#185,#192,#193));
#175 = ORIENTED_EDGE('',*,*,#176,.F.);
#176 = EDGE_CURVE('',#177,#179,#181,.T.);
#177 = VERTEX_POINT('',#178);
#178 = CARTESIAN_POINT('',(1.,-7.5,-2.163269495942E-15));
#179 = VERTEX_POINT('',#180);
#180 = CARTESIAN_POINT('',(1.,-3.464101615138,-1.396631774473E-16));
#181 = LINE('',#182,#183);
#182 = CARTESIAN_POINT('',(1.,-9.5,-8.097825135644E-16));
#183 = VECTOR('',#184,1.);
#184 = DIRECTION('',(0.,1.,1.110223024625E-16));
#185 = ORIENTED_EDGE('',*,*,#186,.F.);
#186 = EDGE_CURVE('',#24,#177,#187,.T.);
#187 = CIRCLE('',#188,1.);
#188 = AXIS2_PLACEMENT_3D('',#189,#190,#191);
#189 = CARTESIAN_POINT('',(0.,-7.5,-2.45226762955E-15));
#190 = DIRECTION('',(0.,1.,-7.82044604925E-16));
#191 = DIRECTION('',(-1.,-2.260094312219E-31,-2.889981336085E-16));
#192 = ORIENTED_EDGE('',*,*,#21,.F.);
#193 = ORIENTED_EDGE('',*,*,#194,.T.);
#194 = EDGE_CURVE('',#22,#179,#195,.T.);
#195 = B_SPLINE_CURVE_WITH_KNOTS('',12,(#196,#197,#198,#199,#200,#201,
    #202,#203,#204,#205,#206,#207,#208,#209,#210,#211,#212,#213,#214,
    #215,#216,#217,#218,#219,#220,#221,#222,#223,#224,#225,#226,#227,
    #228,#229,#230,#231,#232,#233,#234,#235,#236,#237,#238,#239,#240,
    #241,#242,#243,#244,#245,#246,#247,#248,#249,#250,#251,#252,#253,
    #254,#255,#256,#257,#258,#259,#260,#261,#262,#263),.UNSPECIFIED.,.F.
  ,.F.,(13,11,11,11,11,11,13),(-0.115534992907,-1.216920145414E-13,
    0.859725847579,1.582203083215,2.310585579729,3.164586546306,
    3.280128125569),.UNSPECIFIED.);
#196 = CARTESIAN_POINT('',(-1.,-3.464101615138,-0.168183923629));
#197 = CARTESIAN_POINT('',(-1.,-3.464101615138,-0.147023868369));
#198 = CARTESIAN_POINT('',(-1.,-3.464101615138,-0.127162854617));
#199 = CARTESIAN_POINT('',(-1.,-3.464101615138,-0.108600882373));
#200 = CARTESIAN_POINT('',(-1.,-3.464101615138,-9.13379516352E-02));
#201 = CARTESIAN_POINT('',(-1.,-3.464101615138,-7.537406240515E-02));
#202 = CARTESIAN_POINT('',(-1.,-3.464101615138,-6.070921468244E-02));
#203 = CARTESIAN_POINT('',(-1.,-3.464101615138,-4.734340846705E-02));
#204 = CARTESIAN_POINT('',(-1.,-3.464101615138,-3.5276643759E-02));
#205 = CARTESIAN_POINT('',(-1.,-3.464101615138,-2.450892055827E-02));
#206 = CARTESIAN_POINT('',(-1.,-3.464101615138,-1.504023886488E-02));
#207 = CARTESIAN_POINT('',(-1.,-3.464101615138,-6.870598678818E-03));
#208 = CARTESIAN_POINT('',(-1.,-3.464101615138,5.112590673901E-02));
#209 = CARTESIAN_POINT('',(-0.997149946685,-3.467521494809,0.10220344942
    ));
#210 = CARTESIAN_POINT('',(-0.991454383536,-3.474367053256,
    0.153386093698));
#211 = CARTESIAN_POINT('',(-0.982848403573,-3.484650266264,
    0.204783071883));
#212 = CARTESIAN_POINT('',(-0.971203768505,-3.498396682302,0.25647550563
    ));
#213 = CARTESIAN_POINT('',(-0.956330385717,-3.515642512977,
    0.308523844231));
#214 = CARTESIAN_POINT('',(-0.937973143238,-3.536421418322,
    0.360966618547));
#215 = CARTESIAN_POINT('',(-0.915804102502,-3.560740986421,
    0.413810510525));
#216 = CARTESIAN_POINT('',(-0.889410049109,-3.588548907926,0.46701173836
    ));
#217 = CARTESIAN_POINT('',(-0.858275401394,-3.619688844926,
    0.520448757248));
#218 = CARTESIAN_POINT('',(-0.821760476953,-3.653845994628,0.57388627577
    ));
#219 = CARTESIAN_POINT('',(-0.743204146157,-3.721269988743,0.67150678399
    ));
#220 = CARTESIAN_POINT('',(-0.702968076403,-3.753815339401,
    0.715815587798));
#221 = CARTESIAN_POINT('',(-0.657939597803,-3.787716708947,
    0.759516032629));
#222 = CARTESIAN_POINT('',(-0.60768436231,-3.822549397682,0.802316942924
    ));
#223 = CARTESIAN_POINT('',(-0.551505064134,-3.857655578675,
    0.843701138142));
#224 = CARTESIAN_POINT('',(-0.488912414863,-3.892059365269,
    0.882867558333));
#225 = CARTESIAN_POINT('',(-0.419758923319,-3.924418789628,
    0.918703352227));
#226 = CARTESIAN_POINT('',(-0.344120626677,-3.953054957477,
    0.949792024932));
#227 = CARTESIAN_POINT('',(-0.262442476808,-3.976140122385,
    0.974548915082));
#228 = CARTESIAN_POINT('',(-0.176174965797,-3.992080849343,
    0.991551562278));
#229 = CARTESIAN_POINT('',(-8.8122775419E-02,-3.999999802047,
    0.99999993316));
#230 = CARTESIAN_POINT('',(8.88415351157E-02,-4.000000199582,
    1.000000067385));
#231 = CARTESIAN_POINT('',(0.177666536383,-3.991905981723,0.991379068676
    ));
#232 = CARTESIAN_POINT('',(0.264239809812,-3.975977091078,0.974278986476
    ));
#233 = CARTESIAN_POINT('',(0.347048054139,-3.951662863081,0.948589316789
    ));
#234 = CARTESIAN_POINT('',(0.421450882243,-3.924892997807,0.918700806597
    ));
#235 = CARTESIAN_POINT('',(0.495080700672,-3.887973911327,0.878994901134
    ));
#236 = CARTESIAN_POINT('',(0.552009471661,-3.858053278535,0.843562665807
    ));
#237 = CARTESIAN_POINT('',(0.612926183827,-3.819057434298,0.798553403943
    ));
#238 = CARTESIAN_POINT('',(0.660946995046,-3.785654078638,0.756847581254
    ));
#239 = CARTESIAN_POINT('',(0.706636576056,-3.751047421024,0.712262999612
    ));
#240 = CARTESIAN_POINT('',(0.746713938537,-3.718423323825,0.667622381357
    ));
#241 = CARTESIAN_POINT('',(0.824437153752,-3.651333417608,0.569948803661
    ));
#242 = CARTESIAN_POINT('',(0.860339398738,-3.617601864084,0.516865125129
    ));
#243 = CARTESIAN_POINT('',(0.890954141455,-3.58689727662,0.463868971706)
  );
#244 = CARTESIAN_POINT('',(0.916929041418,-3.559490638413,0.411113406904
    ));
#245 = CARTESIAN_POINT('',(0.938781688888,-3.535502874688,0.358647568889
    ));
#246 = CARTESIAN_POINT('',(0.956907137687,-3.51498156386,0.306509070391)
  );
#247 = CARTESIAN_POINT('',(0.971602338155,-3.497938842919,0.254740438928
    ));
#248 = CARTESIAN_POINT('',(0.983096020937,-3.484364526812,0.203361725408
    ));
#249 = CARTESIAN_POINT('',(0.991572582933,-3.474228464346,0.152331409389
    ));
#250 = CARTESIAN_POINT('',(0.997178526046,-3.467486150174,0.101527729045
    ));
#251 = CARTESIAN_POINT('',(1.,-3.464101615138,5.07825641288E-02));
#252 = CARTESIAN_POINT('',(1.,-3.464101615138,-6.870598381085E-03));
#253 = CARTESIAN_POINT('',(1.,-3.464101615138,-1.504023832364E-02));
#254 = CARTESIAN_POINT('',(1.,-3.464101615138,-2.450891982763E-02));
#255 = CARTESIAN_POINT('',(1.,-3.464101615137,-3.527664289307E-02));
#256 = CARTESIAN_POINT('',(1.,-3.464101615137,-4.734340751996E-02));
#257 = CARTESIAN_POINT('',(1.,-3.464101615137,-6.070921370828E-02));
#258 = CARTESIAN_POINT('',(1.,-3.464101615137,-7.537406145806E-02));
#259 = CARTESIAN_POINT('',(1.,-3.464101615137,-9.133795076928E-02));
#260 = CARTESIAN_POINT('',(1.,-3.464101615137,-0.108600881642));
#261 = CARTESIAN_POINT('',(1.,-3.464101615137,-0.127162854076));
#262 = CARTESIAN_POINT('',(1.,-3.464101615137,-0.147023868072));
#263 = CARTESIAN_POINT('',(1.,-3.464101615136,-0.168183923629));
#264 = CYLINDRICAL_SURFACE('',#265,1.);
#265 = AXIS2_PLACEMENT_3D('',#266,#267,#268);
#266 = CARTESIAN_POINT('',(0.,-9.5,-1.054711873394E-15));
#267 = DIRECTION('',(-0.,-1.,-1.110223024625E-16));
#268 = DIRECTION('',(1.,0.,0.));
#269 = ADVANCED_FACE('',(#270),#290,.T.);
#270 = FACE_BOUND('',#271,.T.);
#271 = EDGE_LOOP('',(#272,#273,#274,#283));
#272 = ORIENTED_EDGE('',*,*,#31,.F.);
#273 = ORIENTED_EDGE('',*,*,#186,.T.);
#274 = ORIENTED_EDGE('',*,*,#275,.T.);
#275 = EDGE_CURVE('',#177,#276,#278,.T.);
#276 = VERTEX_POINT('',#277);
#277 = CARTESIAN_POINT('',(3.,-9.5,1.233661868682E-14));
#278 = CIRCLE('',#279,2.);
#279 = AXIS2_PLACEMENT_3D('',#280,#281,#282);
#280 = CARTESIAN_POINT('',(3.,-7.5,-2.45226762955E-15));
#281 = DIRECTION('',(0.,2.22044604925E-16,1.));
#282 = DIRECTION('',(0.,1.,-2.22044604925E-16));
#283 = ORIENTED_EDGE('',*,*,#284,.F.);
#284 = EDGE_CURVE('',#32,#276,#285,.T.);
#285 = CIRCLE('',#286,3.);
#286 = AXIS2_PLACEMENT_3D('',#287,#288,#289);
#287 = CARTESIAN_POINT('',(0.,-9.5,-8.881784197001E-16));
#288 = DIRECTION('',(0.,1.,-7.82044604925E-16));
#289 = DIRECTION('',(-1.,-2.260094312219E-31,-2.889981336085E-16));
#290 = TOROIDAL_SURFACE('',#291,3.,2.);
#291 = AXIS2_PLACEMENT_3D('',#292,#293,#294);
#292 = CARTESIAN_POINT('',(0.,-7.5,-2.45226762955E-15));
#293 = DIRECTION('',(-0.,1.,-7.82044604925E-16));
#294 = DIRECTION('',(-1.,-2.260094312219E-31,-2.889981336085E-16));
#295 = ADVANCED_FACE('',(#296),#394,.T.);
#296 = FACE_BOUND('',#297,.T.);
#297 = EDGE_LOOP('',(#298,#299,#372,#393));
#298 = ORIENTED_EDGE('',*,*,#125,.T.);
#299 = ORIENTED_EDGE('',*,*,#300,.T.);
#300 = EDGE_CURVE('',#117,#301,#303,.T.);
#301 = VERTEX_POINT('',#302);
#302 = CARTESIAN_POINT('',(1.5,-2.598076211353,0.));
#303 = B_SPLINE_CURVE_WITH_KNOTS('',12,(#304,#305,#306,#307,#308,#309,
    #310,#311,#312,#313,#314,#315,#316,#317,#318,#319,#320,#321,#322,
    #323,#324,#325,#326,#327,#328,#329,#330,#331,#332,#333,#334,#335,
    #336,#337,#338,#339,#340,#341,#342,#343,#344,#345,#346,#347,#348,
    #349,#350,#351,#352,#353,#354,#355,#356,#357,#358,#359,#360,#361,
    #362,#363,#364,#365,#366,#367,#368,#369,#370,#371),.UNSPECIFIED.,.F.
  ,.F.,(13,11,11,11,11,11,13),(-0.115534992907,-1.216920145414E-13,
    0.859725847579,1.582203083215,2.310585579729,3.164586546306,
    3.280128125569),.UNSPECIFIED.);
#304 = CARTESIAN_POINT('',(-1.5,-2.598076211353,-0.168183923629));
#305 = CARTESIAN_POINT('',(-1.5,-2.598076211353,-0.15416859666));
#306 = CARTESIAN_POINT('',(-1.5,-2.598076211353,-0.140153269691));
#307 = CARTESIAN_POINT('',(-1.5,-2.598076211353,-0.126137942722));
#308 = CARTESIAN_POINT('',(-1.5,-2.598076211353,-0.112122615753));
#309 = CARTESIAN_POINT('',(-1.5,-2.598076211353,-9.810728878354E-02));
#310 = CARTESIAN_POINT('',(-1.5,-2.598076211353,-8.409196181449E-02));
#311 = CARTESIAN_POINT('',(-1.5,-2.598076211353,-7.007663484544E-02));
#312 = CARTESIAN_POINT('',(-1.5,-2.598076211353,-5.606130787639E-02));
#313 = CARTESIAN_POINT('',(-1.5,-2.598076211353,-4.204598090733E-02));
#314 = CARTESIAN_POINT('',(-1.5,-2.598076211353,-2.803065393828E-02));
#315 = CARTESIAN_POINT('',(-1.5,-2.598076211353,-1.401532696923E-02));
#316 = CARTESIAN_POINT('',(-1.5,-2.598076211354,0.104291683017));
#317 = CARTESIAN_POINT('',(-1.495618425796,-2.600600744024,
    0.208495837933));
#318 = CARTESIAN_POINT('',(-1.486858744152,-2.605661512425,
    0.312779472271));
#319 = CARTESIAN_POINT('',(-1.473649913301,-2.613250647612,
    0.417255084662));
#320 = CARTESIAN_POINT('',(-1.45584316426,-2.623359571482,0.522016653011
    ));
#321 = CARTESIAN_POINT('',(-1.43320349383,-2.635988207534,0.627154510285
    ));
#322 = CARTESIAN_POINT('',(-1.405395869396,-2.651144539847,0.73274910795
    ));
#323 = CARTESIAN_POINT('',(-1.371966145374,-2.668834519868,
    0.838843666997));
#324 = CARTESIAN_POINT('',(-1.332316691484,-2.689042321472,
    0.945395716639));
#325 = CARTESIAN_POINT('',(-1.285676732665,-2.711700943856,1.05220752059
    ));
#326 = CARTESIAN_POINT('',(-1.23106740079,-2.736653162613,1.158835391013
    ));
#327 = CARTESIAN_POINT('',(-1.113641716447,-2.786250188203,
    1.353255377555));
#328 = CARTESIAN_POINT('',(-1.053531568048,-2.810310128491,
    1.441354268975));
#329 = CARTESIAN_POINT('',(-0.986201026363,-2.835541317594,
    1.528106175411));
#330 = CARTESIAN_POINT('',(-0.911098082064,-2.861688029676,
    1.612897445688));
#331 = CARTESIAN_POINT('',(-0.827049241286,-2.888311232221,
    1.694678024536));
#332 = CARTESIAN_POINT('',(-0.73325652744,-2.9147259727,1.771803808393)
  );
#333 = CARTESIAN_POINT('',(-0.629587454611,-2.939919533613,
    1.842028878988));
#334 = CARTESIAN_POINT('',(-0.516216782878,-2.962515311654,
    1.902624999349));
#335 = CARTESIAN_POINT('',(-0.393717147407,-2.980911972924,
    1.950682633964));
#336 = CARTESIAN_POINT('',(-0.264209877389,-2.993666149151,
    1.983640509488));
#337 = CARTESIAN_POINT('',(-0.132177484159,-2.999999761933,
    1.999999359393));
#338 = CARTESIAN_POINT('',(0.133247002801,-3.000000240003,2.000000645801
    ));
#339 = CARTESIAN_POINT('',(0.266550056275,-2.993518874978,1.983238975191
    ));
#340 = CARTESIAN_POINT('',(0.395704617092,-2.980826334368,1.950597005277
    ));
#341 = CARTESIAN_POINT('',(0.522800208015,-2.961286301271,1.898980438067
    ));
#342 = CARTESIAN_POINT('',(0.628320671972,-2.940480313868,1.844340641459
    ));
#343 = CARTESIAN_POINT('',(0.746812516784,-2.911333292042,1.761500161022
    ));
#344 = CARTESIAN_POINT('',(0.824549175652,-2.88879646192,1.696521259917)
  );
#345 = CARTESIAN_POINT('',(0.920529316163,-2.858938721901,1.604394330447
    ));
#346 = CARTESIAN_POINT('',(0.990240006453,-2.834027334395,1.523136620848
    ));
#347 = CARTESIAN_POINT('',(1.059063797924,-2.808247239877,1.434271891191
    ));
#348 = CARTESIAN_POINT('',(1.118885101827,-2.784146667755,1.345534238431
    ));
#349 = CARTESIAN_POINT('',(1.235084060157,-2.734814250168,1.150954470509
    ));
#350 = CARTESIAN_POINT('',(1.288815511433,-2.71016859605,1.045001142335)
  );
#351 = CARTESIAN_POINT('',(1.33471237387,-2.687818908898,0.938916658733)
  );
#352 = CARTESIAN_POINT('',(1.37373367043,-2.667902716282,0.833157352453)
  );
#353 = CARTESIAN_POINT('',(1.40665014671,-2.650464460692,0.727898883288)
  );
#354 = CARTESIAN_POINT('',(1.434056932895,-2.635510664623,0.623130144638
    ));
#355 = CARTESIAN_POINT('',(1.456395702586,-2.623040138024,0.518750909066
    ));
#356 = CARTESIAN_POINT('',(1.47398156378,-2.613055761323,0.414654911528)
  );
#357 = CARTESIAN_POINT('',(1.487029918228,-2.605564379495,0.310780069507
    ));
#358 = CARTESIAN_POINT('',(1.495678524374,-2.600571340215,0.207107538674
    ));
#359 = CARTESIAN_POINT('',(1.5,-2.598076211354,0.103591303277));
#360 = CARTESIAN_POINT('',(1.5,-2.598076211353,-1.4015326969E-02));
#361 = CARTESIAN_POINT('',(1.5,-2.598076211353,-2.803065393806E-02));
#362 = CARTESIAN_POINT('',(1.5,-2.598076211353,-4.204598090711E-02));
#363 = CARTESIAN_POINT('',(1.5,-2.598076211353,-5.606130787616E-02));
#364 = CARTESIAN_POINT('',(1.5,-2.598076211353,-7.007663484521E-02));
#365 = CARTESIAN_POINT('',(1.5,-2.598076211353,-8.409196181426E-02));
#366 = CARTESIAN_POINT('',(1.5,-2.598076211353,-9.810728878331E-02));
#367 = CARTESIAN_POINT('',(1.5,-2.598076211353,-0.112122615752));
#368 = CARTESIAN_POINT('',(1.5,-2.598076211353,-0.126137942721));
#369 = CARTESIAN_POINT('',(1.5,-2.598076211353,-0.14015326969));
#370 = CARTESIAN_POINT('',(1.5,-2.598076211353,-0.15416859666));
#371 = CARTESIAN_POINT('',(1.5,-2.598076211353,-0.168183923629));
#372 = ORIENTED_EDGE('',*,*,#373,.F.);
#373 = EDGE_CURVE('',#179,#301,#374,.T.);
#374 = B_SPLINE_CURVE_WITH_KNOTS('',5,(#375,#376,#377,#378,#379,#380,
    #381,#382,#383,#384,#385,#386,#387,#388,#389,#390,#391,#392),
  .UNSPECIFIED.,.F.,.F.,(6,4,4,4,6),(0.,0.249571064957,0.5,
    0.750428935043,1.),.UNSPECIFIED.);
#375 = CARTESIAN_POINT('',(1.,-3.464101615138,2.809408099179E-15));
#376 = CARTESIAN_POINT('',(1.,-3.413968110125,2.798276224864E-15));
#377 = CARTESIAN_POINT('',(1.003141604665,-3.363068985828,
    2.786974348919E-15));
#378 = CARTESIAN_POINT('',(1.009617419107,-3.311766719573,
    2.775582957477E-15));
#379 = CARTESIAN_POINT('',(1.019539713205,-3.260492346873,
    2.764197759648E-15));
#380 = CARTESIAN_POINT('',(1.046312352884,-3.158719918503,
    2.741599740998E-15));
#381 = CARTESIAN_POINT('',(1.063186518986,-3.108224342528,
    2.73038747078E-15));
#382 = CARTESIAN_POINT('',(1.083522069312,-3.058658585696,
    2.719381661887E-15));
#383 = CARTESIAN_POINT('',(1.107195963119,-3.010483568218,
    2.708684659163E-15));
#384 = CARTESIAN_POINT('',(1.160753229312,-2.917719662057,
    2.688086934269E-15));
#385 = CARTESIAN_POINT('',(1.190637071372,-2.873129959874,
    2.678186031464E-15));
#386 = CARTESIAN_POINT('',(1.223394500784,-2.830735978277,
    2.668772676569E-15));
#387 = CARTESIAN_POINT('',(1.258687869306,-2.790874733778,
    2.659921702282E-15));
#388 = CARTESIAN_POINT('',(1.33343905784,-2.716802733504,
    2.643474414245E-15));
#389 = CARTESIAN_POINT('',(1.372882820112,-2.682572588402,
    2.635873795199E-15));
#390 = CARTESIAN_POINT('',(1.414073978739,-2.651313235456,
    2.628932824525E-15));
#391 = CARTESIAN_POINT('',(1.456583111078,-2.62314296386,
    2.622677767697E-15));
#392 = CARTESIAN_POINT('',(1.5,-2.598076211353,2.61711183054E-15));
#393 = ORIENTED_EDGE('',*,*,#194,.F.);
#394 = ( BOUNDED_SURFACE() B_SPLINE_SURFACE(2,12,(
    (#395,#396,#397,#398,#399,#400,#401,#402,#403,#404,#405,#406,#407
      ,#408,#409,#410,#411,#412,#413,#414,#415,#416,#417,#418,#419,#420
      ,#421,#422,#423,#424,#425,#426,#427,#428,#429,#430,#431,#432,#433
      ,#434,#435,#436,#437,#438,#439,#440,#441,#442,#443,#444,#445,#446
      ,#447,#448,#449,#450,#451,#452,#453,#454,#455,#456,#457,#458,#459
      ,#460,#461,#462)
    ,(#463,#464,#465,#466,#467,#468,#469,#470,#471,#472,#473,#474,#475
      ,#476,#477,#478,#479,#480,#481,#482,#483,#484,#485,#486,#487,#488
      ,#489,#490,#491,#492,#493,#494,#495,#496,#497,#498,#499,#500,#501
      ,#502,#503,#504,#505,#506,#507,#508,#509,#510,#511,#512,#513,#514
      ,#515,#516,#517,#518,#519,#520,#521,#522,#523,#524,#525,#526,#527
      ,#528,#529,#530)
    ,(#531,#532,#533,#534,#535,#536,#537,#538,#539,#540,#541,#542,#543
      ,#544,#545,#546,#547,#548,#549,#550,#551,#552,#553,#554,#555,#556
      ,#557,#558,#559,#560,#561,#562,#563,#564,#565,#566,#567,#568,#569
      ,#570,#571,#572,#573,#574,#575,#576,#577,#578,#579,#580,#581,#582
      ,#583,#584,#585,#586,#587,#588,#589,#590,#591,#592,#593,#594,#595
      ,#596,#597,#598
)),.UNSPECIFIED.,.F.,.F.,.F.) B_SPLINE_SURFACE_WITH_KNOTS((3,3),(13,11,
    11,11,11,11,13),(0.,3.164586546307),(-0.115534992907,
    -1.216920145414E-13,0.859725847579,1.582203083215,2.310585579729,
    3.164586546306,3.280128125569),.UNSPECIFIED.) 
GEOMETRIC_REPRESENTATION_ITEM() RATIONAL_B_SPLINE_SURFACE((
    (1.,1.,1.,1.,1.,1.,1.,1.,1.,1.,1.,1.,1.,1.,1.,1.,1.,1.,1.,1.,1.,1.
      ,1.,1.,1.,1.,1.,1.,1.,1.,1.,1.,1.,1.,1.,1.,1.,1.,1.,1.,1.,1.,1.,1.
      ,1.,1.,1.,1.,1.,1.,1.,1.,1.,1.,1.,1.,1.,1.,1.,1.,1.,1.,1.,1.,1.,1.
      ,1.,1.)
    ,(0.866025403784,0.866025403784,0.866025403784,0.866025403784
      ,0.866025403784,0.866025403784,0.866025403784,0.866025403784
      ,0.866025403784,0.866025403784,0.866025403784,0.866025403784
      ,0.866025403785,0.865136261412,0.863351498293,0.860664821088
      ,0.857061233852,0.852513270839,0.846982349907,0.84042524631
      ,0.83280568713,0.824111066087,0.814374278968,0.794731037961
      ,0.785099539711,0.774895367022,0.764225632156,0.753276886247
      ,0.742356394122,0.73192192683,0.722574052591,0.714979637146
      ,0.709719498629,0.707106897517,0.707106663905,0.709782328514
      ,0.714998380386,0.723139084838,0.731574619486,0.743910041902
      ,0.752951568888,0.765422807945,0.775491553611,0.785936690677
      ,0.795572810879,0.815091451117,0.824699447606,0.833266008701
      ,0.840768058296,0.847228151519,0.852684922087,0.857176877284
      ,0.860735785636,0.863385902743,0.865145280308,0.866025403784
      ,0.866025403784,0.866025403784,0.866025403784,0.866025403784
      ,0.866025403784,0.866025403784,0.866025403784,0.866025403784
      ,0.866025403784,0.866025403784,0.866025403784,0.866025403784)
    ,(1.,1.,1.,1.,1.,1.,1.,1.,1.,1.,1.,1.,1.,1.,1.,1.,1.,1.,1.,1.,1.,1.
      ,1.,1.,1.,1.,1.,1.,1.,1.,1.,1.,1.,1.,1.,1.,1.,1.,1.,1.,1.,1.,1.,1.
      ,1.,1.,1.,1.,1.,1.,1.,1.,1.,1.,1.,1.,1.,1.,1.,1.,1.,1.,1.,1.,1.,1.
,1.,1.))) REPRESENTATION_ITEM('') SURFACE() );
#395 = CARTESIAN_POINT('',(-1.,-3.464101615138,-0.168183923629));
#396 = CARTESIAN_POINT('',(-1.,-3.464101615138,-0.147023868369));
#397 = CARTESIAN_POINT('',(-1.,-3.464101615138,-0.127162854617));
#398 = CARTESIAN_POINT('',(-1.,-3.464101615138,-0.108600882373));
#399 = CARTESIAN_POINT('',(-1.,-3.464101615138,-9.13379516352E-02));
#400 = CARTESIAN_POINT('',(-1.,-3.464101615138,-7.537406240515E-02));
#401 = CARTESIAN_POINT('',(-1.,-3.464101615138,-6.070921468244E-02));
#402 = CARTESIAN_POINT('',(-1.,-3.464101615138,-4.734340846705E-02));
#403 = CARTESIAN_POINT('',(-1.,-3.464101615138,-3.5276643759E-02));
#404 = CARTESIAN_POINT('',(-1.,-3.464101615138,-2.450892055827E-02));
#405 = CARTESIAN_POINT('',(-1.,-3.464101615138,-1.504023886488E-02));
#406 = CARTESIAN_POINT('',(-1.,-3.464101615138,-6.870598678818E-03));
#407 = CARTESIAN_POINT('',(-1.,-3.464101615138,5.112590673901E-02));
#408 = CARTESIAN_POINT('',(-0.997149946685,-3.467521494809,0.10220344942
    ));
#409 = CARTESIAN_POINT('',(-0.991454383536,-3.474367053256,
    0.153386093698));
#410 = CARTESIAN_POINT('',(-0.982848403573,-3.484650266264,
    0.204783071883));
#411 = CARTESIAN_POINT('',(-0.971203768505,-3.498396682302,0.25647550563
    ));
#412 = CARTESIAN_POINT('',(-0.956330385717,-3.515642512977,
    0.308523844231));
#413 = CARTESIAN_POINT('',(-0.937973143238,-3.536421418322,
    0.360966618547));
#414 = CARTESIAN_POINT('',(-0.915804102502,-3.560740986421,
    0.413810510525));
#415 = CARTESIAN_POINT('',(-0.889410049109,-3.588548907926,0.46701173836
    ));
#416 = CARTESIAN_POINT('',(-0.858275401394,-3.619688844926,
    0.520448757248));
#417 = CARTESIAN_POINT('',(-0.821760476953,-3.653845994628,0.57388627577
    ));
#418 = CARTESIAN_POINT('',(-0.743204146157,-3.721269988743,0.67150678399
    ));
#419 = CARTESIAN_POINT('',(-0.702968076403,-3.753815339401,
    0.715815587798));
#420 = CARTESIAN_POINT('',(-0.657939597803,-3.787716708947,
    0.759516032629));
#421 = CARTESIAN_POINT('',(-0.60768436231,-3.822549397682,0.802316942924
    ));
#422 = CARTESIAN_POINT('',(-0.551505064134,-3.857655578675,
    0.843701138142));
#423 = CARTESIAN_POINT('',(-0.488912414863,-3.892059365269,
    0.882867558333));
#424 = CARTESIAN_POINT('',(-0.419758923319,-3.924418789628,
    0.918703352227));
#425 = CARTESIAN_POINT('',(-0.344120626677,-3.953054957477,
    0.949792024932));
#426 = CARTESIAN_POINT('',(-0.262442476808,-3.976140122385,
    0.974548915082));
#427 = CARTESIAN_POINT('',(-0.176174965797,-3.992080849343,
    0.991551562278));
#428 = CARTESIAN_POINT('',(-8.8122775419E-02,-3.999999802047,
    0.99999993316));
#429 = CARTESIAN_POINT('',(8.88415351157E-02,-4.000000199582,
    1.000000067385));
#430 = CARTESIAN_POINT('',(0.177666536383,-3.991905981723,0.991379068676
    ));
#431 = CARTESIAN_POINT('',(0.264239809812,-3.975977091078,0.974278986476
    ));
#432 = CARTESIAN_POINT('',(0.347048054139,-3.951662863081,0.948589316789
    ));
#433 = CARTESIAN_POINT('',(0.421450882243,-3.924892997807,0.918700806597
    ));
#434 = CARTESIAN_POINT('',(0.495080700672,-3.887973911327,0.878994901134
    ));
#435 = CARTESIAN_POINT('',(0.552009471661,-3.858053278535,0.843562665807
    ));
#436 = CARTESIAN_POINT('',(0.612926183827,-3.819057434298,0.798553403943
    ));
#437 = CARTESIAN_POINT('',(0.660946995046,-3.785654078638,0.756847581254
    ));
#438 = CARTESIAN_POINT('',(0.706636576056,-3.751047421024,0.712262999612
    ));
#439 = CARTESIAN_POINT('',(0.746713938537,-3.718423323825,0.667622381357
    ));
#440 = CARTESIAN_POINT('',(0.824437153752,-3.651333417608,0.569948803661
    ));
#441 = CARTESIAN_POINT('',(0.860339398738,-3.617601864084,0.516865125129
    ));
#442 = CARTESIAN_POINT('',(0.890954141455,-3.58689727662,0.463868971706)
  );
#443 = CARTESIAN_POINT('',(0.916929041418,-3.559490638413,0.411113406904
    ));
#444 = CARTESIAN_POINT('',(0.938781688888,-3.535502874688,0.358647568889
    ));
#445 = CARTESIAN_POINT('',(0.956907137687,-3.51498156386,0.306509070391)
  );
#446 = CARTESIAN_POINT('',(0.971602338155,-3.497938842919,0.254740438928
    ));
#447 = CARTESIAN_POINT('',(0.983096020937,-3.484364526812,0.203361725408
    ));
#448 = CARTESIAN_POINT('',(0.991572582933,-3.474228464346,0.152331409389
    ));
#449 = CARTESIAN_POINT('',(0.997178526046,-3.467486150174,0.101527729045
    ));
#450 = CARTESIAN_POINT('',(1.,-3.464101615138,5.07825641288E-02));
#451 = CARTESIAN_POINT('',(1.,-3.464101615138,-6.870598381085E-03));
#452 = CARTESIAN_POINT('',(1.,-3.464101615138,-1.504023832364E-02));
#453 = CARTESIAN_POINT('',(1.,-3.464101615138,-2.450891982763E-02));
#454 = CARTESIAN_POINT('',(1.,-3.464101615137,-3.527664289307E-02));
#455 = CARTESIAN_POINT('',(1.,-3.464101615137,-4.734340751996E-02));
#456 = CARTESIAN_POINT('',(1.,-3.464101615137,-6.070921370828E-02));
#457 = CARTESIAN_POINT('',(1.,-3.464101615137,-7.537406145806E-02));
#458 = CARTESIAN_POINT('',(1.,-3.464101615137,-9.133795076928E-02));
#459 = CARTESIAN_POINT('',(1.,-3.464101615137,-0.108600881642));
#460 = CARTESIAN_POINT('',(1.,-3.464101615137,-0.127162854076));
#461 = CARTESIAN_POINT('',(1.,-3.464101615137,-0.147023868072));
#462 = CARTESIAN_POINT('',(1.,-3.464101615136,-0.168183923629));
#463 = CARTESIAN_POINT('',(-1.,-2.886751345948,-0.168183923629));
#464 = CARTESIAN_POINT('',(-1.,-2.886751345948,-0.148832901507));
#465 = CARTESIAN_POINT('',(-1.,-2.886751345948,-0.130452005777));
#466 = CARTESIAN_POINT('',(-1.,-2.886751345948,-0.113041236438));
#467 = CARTESIAN_POINT('',(-1.,-2.886751345948,-9.660059349012E-02));
#468 = CARTESIAN_POINT('',(-1.,-2.886751345948,-8.113007693396E-02));
#469 = CARTESIAN_POINT('',(-1.,-2.886751345948,-6.662968676921E-02));
#470 = CARTESIAN_POINT('',(-1.,-2.886751345948,-5.309942299586E-02));
#471 = CARTESIAN_POINT('',(-1.,-2.886751345948,-4.053928561391E-02));
#472 = CARTESIAN_POINT('',(-1.,-2.886751345948,-2.894927462336E-02));
#473 = CARTESIAN_POINT('',(-1.,-2.886751345948,-1.832939002421E-02));
#474 = CARTESIAN_POINT('',(-1.,-2.886751345948,-8.679631816458E-03));
#475 = CARTESIAN_POINT('',(-1.,-2.886751345948,6.458739151004E-02));
#476 = CARTESIAN_POINT('',(-0.995638117422,-2.888146914849,
    0.129265175622));
#477 = CARTESIAN_POINT('',(-0.986909785044,-2.890927035429,
    0.193836531765));
#478 = CARTESIAN_POINT('',(-0.973761523216,-2.895075720213,
    0.258118195917));
#479 = CARTESIAN_POINT('',(-0.956109788945,-2.90054827912,0.321901706032
    ));
#480 = CARTESIAN_POINT('',(-0.9338572386,-2.907254106269,0.384929327352)
  );
#481 = CARTESIAN_POINT('',(-0.906906811623,-2.915045645736,
    0.446881579092));
#482 = CARTESIAN_POINT('',(-0.875174761229,-2.923713094111,
    0.507373556657));
#483 = CARTESIAN_POINT('',(-0.838604613134,-2.93298433492,0.565957570007
    ));
#484 = CARTESIAN_POINT('',(-0.797185065925,-2.94252966246,0.622130106107
    ));
#485 = CARTESIAN_POINT('',(-0.750976076462,-2.951971135393,
    0.675341883881));
#486 = CARTESIAN_POINT('',(-0.656379918043,-2.968583299996,
    0.767782330752));
#487 = CARTESIAN_POINT('',(-0.608989172139,-2.97592821927,0.808125000336
    ));
#488 = CARTESIAN_POINT('',(-0.558078492744,-2.982664820309,
    0.845566197324));
#489 = CARTESIAN_POINT('',(-0.503876973912,-2.988534178947,0.87971484174
    ));
#490 = CARTESIAN_POINT('',(-0.446475422952,-2.993300239878,
    0.910141852511));
#491 = CARTESIAN_POINT('',(-0.386321398725,-2.996760646515,
    0.936352437648));
#492 = CARTESIAN_POINT('',(-0.32424191018,-2.998852671916,0.957957385331
    ));
#493 = CARTESIAN_POINT('',(-0.260969511012,-2.99977742437,0.974886385319
    ));
#494 = CARTESIAN_POINT('',(-0.196762251825,-2.999994943317,
    0.987402158802));
#495 = CARTESIAN_POINT('',(-0.131658794039,-2.999999660132,
    0.995794691175));
#496 = CARTESIAN_POINT('',(-6.609342388693E-02,-3.00000017655,
    1.000000131773));
#497 = CARTESIAN_POINT('',(6.663629117272E-02,-2.999999822022,
    0.999999867153));
#498 = CARTESIAN_POINT('',(0.132743782967,-3.000014239749,0.995714407778
    ));
#499 = CARTESIAN_POINT('',(0.198312225272,-2.999891021745,0.987211807418
    ));
#500 = CARTESIAN_POINT('',(0.262578289198,-3.000084049162,0.974484845842
    ));
#501 = CARTESIAN_POINT('',(0.326833757195,-2.998283157407,0.957561657446
    ));
#502 = CARTESIAN_POINT('',(0.3901613951,-2.997259382585,0.934675418356)
  );
#503 = CARTESIAN_POINT('',(0.44856931868,-2.992644298675,0.909341594651)
  );
#504 = CARTESIAN_POINT('',(0.508145187098,-2.988469622049,0.877464300614
    ));
#505 = CARTESIAN_POINT('',(0.561660592904,-2.982179437747,0.843273598505
    ));
#506 = CARTESIAN_POINT('',(0.613021988496,-2.975403733168,0.805150150896
    ));
#507 = CARTESIAN_POINT('',(0.660470604436,-2.967945382975,0.764281164909
    ));
#508 = CARTESIAN_POINT('',(0.754408874831,-2.951269777621,0.671366645258
    ));
#509 = CARTESIAN_POINT('',(0.799962746873,-2.941899961411,0.618329536851
    ));
#510 = CARTESIAN_POINT('',(0.840780061163,-2.932445393979,0.562437523661
    ));
#511 = CARTESIAN_POINT('',(0.87682544356,-2.923269269227,0.504196227523)
  );
#512 = CARTESIAN_POINT('',(0.90812200248,-2.914694174356,0.444066341082)
  );
#513 = CARTESIAN_POINT('',(0.934721433002,-2.906989158618,0.382475575029
    ));
#514 = CARTESIAN_POINT('',(0.956692808809,-2.900362210478,0.319811216005
    ));
#515 = CARTESIAN_POINT('',(0.974118648184,-2.894958709492,0.256406208997
    ));
#516 = CARTESIAN_POINT('',(0.987090233774,-2.890866268397,0.192529464159
    ));
#517 = CARTESIAN_POINT('',(0.995696270536,-2.88812615417,0.128388898011)
  );
#518 = CARTESIAN_POINT('',(1.,-2.886751345948,6.415364675705E-02));
#519 = CARTESIAN_POINT('',(1.,-2.886751345948,-8.679631466259E-03));
#520 = CARTESIAN_POINT('',(1.,-2.886751345948,-1.832938938759E-02));
#521 = CARTESIAN_POINT('',(1.,-2.886751345948,-2.894927376398E-02));
#522 = CARTESIAN_POINT('',(1.,-2.886751345948,-4.053928459541E-02));
#523 = CARTESIAN_POINT('',(1.,-2.886751345948,-5.309942188189E-02));
#524 = CARTESIAN_POINT('',(1.,-2.886751345948,-6.662968562342E-02));
#525 = CARTESIAN_POINT('',(1.,-2.886751345948,-8.113007581999E-02));
#526 = CARTESIAN_POINT('',(1.,-2.886751345948,-9.660059247162E-02));
#527 = CARTESIAN_POINT('',(1.,-2.886751345948,-0.113041235578));
#528 = CARTESIAN_POINT('',(1.,-2.886751345948,-0.13045200514));
#529 = CARTESIAN_POINT('',(1.,-2.886751345948,-0.148832901157));
#530 = CARTESIAN_POINT('',(1.,-2.886751345948,-0.168183923629));
#531 = CARTESIAN_POINT('',(-1.5,-2.598076211353,-0.168183923629));
#532 = CARTESIAN_POINT('',(-1.5,-2.598076211353,-0.15416859666));
#533 = CARTESIAN_POINT('',(-1.5,-2.598076211353,-0.140153269691));
#534 = CARTESIAN_POINT('',(-1.5,-2.598076211353,-0.126137942722));
#535 = CARTESIAN_POINT('',(-1.5,-2.598076211353,-0.112122615753));
#536 = CARTESIAN_POINT('',(-1.5,-2.598076211353,-9.810728878354E-02));
#537 = CARTESIAN_POINT('',(-1.5,-2.598076211353,-8.409196181449E-02));
#538 = CARTESIAN_POINT('',(-1.5,-2.598076211353,-7.007663484544E-02));
#539 = CARTESIAN_POINT('',(-1.5,-2.598076211353,-5.606130787639E-02));
#540 = CARTESIAN_POINT('',(-1.5,-2.598076211353,-4.204598090733E-02));
#541 = CARTESIAN_POINT('',(-1.5,-2.598076211353,-2.803065393828E-02));
#542 = CARTESIAN_POINT('',(-1.5,-2.598076211353,-1.401532696923E-02));
#543 = CARTESIAN_POINT('',(-1.5,-2.598076211354,0.104291683017));
#544 = CARTESIAN_POINT('',(-1.495618425796,-2.600600744024,
    0.208495837933));
#545 = CARTESIAN_POINT('',(-1.486858744152,-2.605661512425,
    0.312779472271));
#546 = CARTESIAN_POINT('',(-1.473649913301,-2.613250647612,
    0.417255084662));
#547 = CARTESIAN_POINT('',(-1.45584316426,-2.623359571482,0.522016653011
    ));
#548 = CARTESIAN_POINT('',(-1.43320349383,-2.635988207534,0.627154510285
    ));
#549 = CARTESIAN_POINT('',(-1.405395869396,-2.651144539847,0.73274910795
    ));
#550 = CARTESIAN_POINT('',(-1.371966145374,-2.668834519868,
    0.838843666997));
#551 = CARTESIAN_POINT('',(-1.332316691484,-2.689042321472,
    0.945395716639));
#552 = CARTESIAN_POINT('',(-1.285676732665,-2.711700943856,1.05220752059
    ));
#553 = CARTESIAN_POINT('',(-1.23106740079,-2.736653162613,1.158835391013
    ));
#554 = CARTESIAN_POINT('',(-1.113641716447,-2.786250188203,
    1.353255377555));
#555 = CARTESIAN_POINT('',(-1.053531568048,-2.810310128491,
    1.441354268975));
#556 = CARTESIAN_POINT('',(-0.986201026363,-2.835541317594,
    1.528106175411));
#557 = CARTESIAN_POINT('',(-0.911098082064,-2.861688029676,
    1.612897445688));
#558 = CARTESIAN_POINT('',(-0.827049241286,-2.888311232221,
    1.694678024536));
#559 = CARTESIAN_POINT('',(-0.73325652744,-2.9147259727,1.771803808393)
  );
#560 = CARTESIAN_POINT('',(-0.629587454611,-2.939919533613,
    1.842028878988));
#561 = CARTESIAN_POINT('',(-0.516216782878,-2.962515311654,
    1.902624999349));
#562 = CARTESIAN_POINT('',(-0.393717147407,-2.980911972924,
    1.950682633964));
#563 = CARTESIAN_POINT('',(-0.264209877389,-2.993666149151,
    1.983640509488));
#564 = CARTESIAN_POINT('',(-0.132177484159,-2.999999761933,
    1.999999359393));
#565 = CARTESIAN_POINT('',(0.133247002801,-3.000000240003,2.000000645801
    ));
#566 = CARTESIAN_POINT('',(0.266550056275,-2.993518874978,1.983238975191
    ));
#567 = CARTESIAN_POINT('',(0.395704617092,-2.980826334368,1.950597005277
    ));
#568 = CARTESIAN_POINT('',(0.522800208015,-2.961286301271,1.898980438067
    ));
#569 = CARTESIAN_POINT('',(0.628320671972,-2.940480313868,1.844340641459
    ));
#570 = CARTESIAN_POINT('',(0.746812516784,-2.911333292042,1.761500161022
    ));
#571 = CARTESIAN_POINT('',(0.824549175652,-2.88879646192,1.696521259917)
  );
#572 = CARTESIAN_POINT('',(0.920529316163,-2.858938721901,1.604394330447
    ));
#573 = CARTESIAN_POINT('',(0.990240006453,-2.834027334395,1.523136620848
    ));
#574 = CARTESIAN_POINT('',(1.059063797924,-2.808247239877,1.434271891191
    ));
#575 = CARTESIAN_POINT('',(1.118885101827,-2.784146667755,1.345534238431
    ));
#576 = CARTESIAN_POINT('',(1.235084060157,-2.734814250168,1.150954470509
    ));
#577 = CARTESIAN_POINT('',(1.288815511433,-2.71016859605,1.045001142335)
  );
#578 = CARTESIAN_POINT('',(1.33471237387,-2.687818908898,0.938916658733)
  );
#579 = CARTESIAN_POINT('',(1.37373367043,-2.667902716282,0.833157352453)
  );
#580 = CARTESIAN_POINT('',(1.40665014671,-2.650464460692,0.727898883288)
  );
#581 = CARTESIAN_POINT('',(1.434056932895,-2.635510664623,0.623130144638
    ));
#582 = CARTESIAN_POINT('',(1.456395702586,-2.623040138024,0.518750909066
    ));
#583 = CARTESIAN_POINT('',(1.47398156378,-2.613055761323,0.414654911528)
  );
#584 = CARTESIAN_POINT('',(1.487029918228,-2.605564379495,0.310780069507
    ));
#585 = CARTESIAN_POINT('',(1.495678524374,-2.600571340215,0.207107538674
    ));
#586 = CARTESIAN_POINT('',(1.5,-2.598076211354,0.103591303277));
#587 = CARTESIAN_POINT('',(1.5,-2.598076211353,-1.4015326969E-02));
#588 = CARTESIAN_POINT('',(1.5,-2.598076211353,-2.803065393806E-02));
#589 = CARTESIAN_POINT('',(1.5,-2.598076211353,-4.204598090711E-02));
#590 = CARTESIAN_POINT('',(1.5,-2.598076211353,-5.606130787616E-02));
#591 = CARTESIAN_POINT('',(1.5,-2.598076211353,-7.007663484521E-02));
#592 = CARTESIAN_POINT('',(1.5,-2.598076211353,-8.409196181426E-02));
#593 = CARTESIAN_POINT('',(1.5,-2.598076211353,-9.810728878331E-02));
#594 = CARTESIAN_POINT('',(1.5,-2.598076211353,-0.112122615752));
#595 = CARTESIAN_POINT('',(1.5,-2.598076211353,-0.126137942721));
#596 = CARTESIAN_POINT('',(1.5,-2.598076211353,-0.14015326969));
#597 = CARTESIAN_POINT('',(1.5,-2.598076211353,-0.15416859666));
#598 = CARTESIAN_POINT('',(1.5,-2.598076211353,-0.168183923629));
#599 = ADVANCED_FACE('',(#600),#668,.T.);
#600 = FACE_BOUND('',#601,.T.);
#601 = EDGE_LOOP('',(#602,#603,#604,#612,#621,#629,#638,#646,#654,#662)
  );
#602 = ORIENTED_EDGE('',*,*,#40,.F.);
#603 = ORIENTED_EDGE('',*,*,#284,.T.);
#604 = ORIENTED_EDGE('',*,*,#605,.F.);
#605 = EDGE_CURVE('',#606,#276,#608,.T.);
#606 = VERTEX_POINT('',#607);
#607 = CARTESIAN_POINT('',(12.,-9.5,-1.755172820526E-15));
#608 = LINE('',#609,#610);
#609 = CARTESIAN_POINT('',(37.,-9.5,1.143964677141E-14));
#610 = VECTOR('',#611,1.);
#611 = DIRECTION('',(-1.,0.,0.));
#612 = ORIENTED_EDGE('',*,*,#613,.T.);
#613 = EDGE_CURVE('',#606,#614,#616,.T.);
#614 = VERTEX_POINT('',#615);
#615 = CARTESIAN_POINT('',(18.,-9.5,1.233661868682E-14));
#616 = CIRCLE('',#617,3.);
#617 = AXIS2_PLACEMENT_3D('',#618,#619,#620);
#618 = CARTESIAN_POINT('',(15.,-9.5,-8.881784197001E-16));
#619 = DIRECTION('',(0.,1.,-7.82044604925E-16));
#620 = DIRECTION('',(-1.,-2.260094312219E-31,-2.889981336085E-16));
#621 = ORIENTED_EDGE('',*,*,#622,.F.);
#622 = EDGE_CURVE('',#623,#614,#625,.T.);
#623 = VERTEX_POINT('',#624);
#624 = CARTESIAN_POINT('',(27.,-9.5,-1.755172820526E-15));
#625 = LINE('',#626,#627);
#626 = CARTESIAN_POINT('',(37.,-9.5,1.143964677141E-14));
#627 = VECTOR('',#628,1.);
#628 = DIRECTION('',(-1.,0.,0.));
#629 = ORIENTED_EDGE('',*,*,#630,.T.);
#630 = EDGE_CURVE('',#623,#631,#633,.T.);
#631 = VERTEX_POINT('',#632);
#632 = CARTESIAN_POINT('',(33.,-9.5,1.233661868682E-14));
#633 = CIRCLE('',#634,3.);
#634 = AXIS2_PLACEMENT_3D('',#635,#636,#637);
#635 = CARTESIAN_POINT('',(30.,-9.5,-8.881784197001E-16));
#636 = DIRECTION('',(0.,1.,-7.82044604925E-16));
#637 = DIRECTION('',(-1.,-2.260094312219E-31,-2.889981336085E-16));
#638 = ORIENTED_EDGE('',*,*,#639,.F.);
#639 = EDGE_CURVE('',#640,#631,#642,.T.);
#640 = VERTEX_POINT('',#641);
#641 = CARTESIAN_POINT('',(37.,-9.5,3.219646771413E-15));
#642 = LINE('',#643,#644);
#643 = CARTESIAN_POINT('',(37.,-9.5,1.143964677141E-14));
#644 = VECTOR('',#645,1.);
#645 = DIRECTION('',(-1.,0.,0.));
#646 = ORIENTED_EDGE('',*,*,#647,.T.);
#647 = EDGE_CURVE('',#640,#648,#650,.T.);
#648 = VERTEX_POINT('',#649);
#649 = CARTESIAN_POINT('',(37.,-9.5,5.4));
#650 = LINE('',#651,#652);
#651 = CARTESIAN_POINT('',(37.,-9.5,1.143964677141E-14));
#652 = VECTOR('',#653,1.);
#653 = DIRECTION('',(0.,6.62044604925E-16,1.));
#654 = ORIENTED_EDGE('',*,*,#655,.F.);
#655 = EDGE_CURVE('',#656,#648,#658,.T.);
#656 = VERTEX_POINT('',#657);
#657 = CARTESIAN_POINT('',(-7.,-9.5,5.4));
#658 = LINE('',#659,#660);
#659 = CARTESIAN_POINT('',(-7.,-9.5,5.4));
#660 = VECTOR('',#661,1.);
#661 = DIRECTION('',(1.,0.,0.));
#662 = ORIENTED_EDGE('',*,*,#663,.F.);
#663 = EDGE_CURVE('',#41,#656,#664,.T.);
#664 = LINE('',#665,#666);
#665 = CARTESIAN_POINT('',(-7.,-9.5,1.143964677141E-14));
#666 = VECTOR('',#667,1.);
#667 = DIRECTION('',(0.,6.62044604925E-16,1.));
#668 = PLANE('',#669);
#669 = AXIS2_PLACEMENT_3D('',#670,#671,#672);
#670 = CARTESIAN_POINT('',(15.,-9.5,3.2));
#671 = DIRECTION('',(0.,-1.,7.82044604925E-16));
#672 = DIRECTION('',(0.,-7.82044604925E-16,-1.));
#673 = ADVANCED_FACE('',(#674),#753,.F.);
#674 = FACE_BOUND('',#675,.T.);
#675 = EDGE_LOOP('',(#676,#687,#695,#702,#703,#710,#711,#712,#720,#729,
    #738,#747));
#676 = ORIENTED_EDGE('',*,*,#677,.F.);
#677 = EDGE_CURVE('',#678,#680,#682,.T.);
#678 = VERTEX_POINT('',#679);
#679 = CARTESIAN_POINT('',(3.,-7.347880794884E-16,0.));
#680 = VERTEX_POINT('',#681);
#681 = CARTESIAN_POINT('',(2.976470224948,0.375,0.));
#682 = CIRCLE('',#683,3.);
#683 = AXIS2_PLACEMENT_3D('',#684,#685,#686);
#684 = CARTESIAN_POINT('',(0.,0.,0.));
#685 = DIRECTION('',(0.,0.,1.));
#686 = DIRECTION('',(1.,0.,0.));
#687 = ORIENTED_EDGE('',*,*,#688,.T.);
#688 = EDGE_CURVE('',#678,#689,#691,.T.);
#689 = VERTEX_POINT('',#690);
#690 = CARTESIAN_POINT('',(3.,-7.347880794884E-16,4.));
#691 = LINE('',#692,#693);
#692 = CARTESIAN_POINT('',(3.,-7.347880794884E-16,0.));
#693 = VECTOR('',#694,1.);
#694 = DIRECTION('',(0.,0.,1.));
#695 = ORIENTED_EDGE('',*,*,#696,.T.);
#696 = EDGE_CURVE('',#689,#689,#697,.T.);
#697 = CIRCLE('',#698,3.);
#698 = AXIS2_PLACEMENT_3D('',#699,#700,#701);
#699 = CARTESIAN_POINT('',(0.,0.,4.));
#700 = DIRECTION('',(0.,0.,1.));
#701 = DIRECTION('',(1.,0.,0.));
#702 = ORIENTED_EDGE('',*,*,#688,.F.);
#703 = ORIENTED_EDGE('',*,*,#704,.F.);
#704 = EDGE_CURVE('',#301,#678,#705,.T.);
#705 = CIRCLE('',#706,3.);
#706 = AXIS2_PLACEMENT_3D('',#707,#708,#709);
#707 = CARTESIAN_POINT('',(0.,0.,0.));
#708 = DIRECTION('',(0.,0.,1.));
#709 = DIRECTION('',(1.,0.,0.));
#710 = ORIENTED_EDGE('',*,*,#300,.F.);
#711 = ORIENTED_EDGE('',*,*,#116,.F.);
#712 = ORIENTED_EDGE('',*,*,#713,.F.);
#713 = EDGE_CURVE('',#714,#108,#716,.T.);
#714 = VERTEX_POINT('',#715);
#715 = CARTESIAN_POINT('',(-2.976470224948,0.375,1.));
#716 = LINE('',#717,#718);
#717 = CARTESIAN_POINT('',(-2.976470224948,0.375,1.));
#718 = VECTOR('',#719,1.);
#719 = DIRECTION('',(-0.,-0.,-1.));
#720 = ORIENTED_EDGE('',*,*,#721,.F.);
#721 = EDGE_CURVE('',#722,#714,#724,.T.);
#722 = VERTEX_POINT('',#723);
#723 = CARTESIAN_POINT('',(-2.598076211353,1.5,1.));
#724 = CIRCLE('',#725,3.);
#725 = AXIS2_PLACEMENT_3D('',#726,#727,#728);
#726 = CARTESIAN_POINT('',(0.,0.,1.));
#727 = DIRECTION('',(0.,-0.,1.));
#728 = DIRECTION('',(0.,1.,0.));
#729 = ORIENTED_EDGE('',*,*,#730,.T.);
#730 = EDGE_CURVE('',#722,#731,#733,.T.);
#731 = VERTEX_POINT('',#732);
#732 = CARTESIAN_POINT('',(2.598076211353,1.5,1.));
#733 = CIRCLE('',#734,3.);
#734 = AXIS2_PLACEMENT_3D('',#735,#736,#737);
#735 = CARTESIAN_POINT('',(0.,0.,1.));
#736 = DIRECTION('',(0.,0.,-1.));
#737 = DIRECTION('',(1.,0.,0.));
#738 = ORIENTED_EDGE('',*,*,#739,.T.);
#739 = EDGE_CURVE('',#731,#740,#742,.T.);
#740 = VERTEX_POINT('',#741);
#741 = CARTESIAN_POINT('',(2.976470224948,0.375,1.));
#742 = CIRCLE('',#743,3.);
#743 = AXIS2_PLACEMENT_3D('',#744,#745,#746);
#744 = CARTESIAN_POINT('',(0.,0.,1.));
#745 = DIRECTION('',(0.,0.,-1.));
#746 = DIRECTION('',(0.,1.,0.));
#747 = ORIENTED_EDGE('',*,*,#748,.T.);
#748 = EDGE_CURVE('',#740,#680,#749,.T.);
#749 = LINE('',#750,#751);
#750 = CARTESIAN_POINT('',(2.976470224948,0.375,1.));
#751 = VECTOR('',#752,1.);
#752 = DIRECTION('',(-0.,-0.,-1.));
#753 = CYLINDRICAL_SURFACE('',#754,3.);
#754 = AXIS2_PLACEMENT_3D('',#755,#756,#757);
#755 = CARTESIAN_POINT('',(0.,0.,0.));
#756 = DIRECTION('',(-0.,-0.,-1.));
#757 = DIRECTION('',(1.,0.,0.));
#758 = ADVANCED_FACE('',(#759),#778,.T.);
#759 = FACE_BOUND('',#760,.F.);
#760 = EDGE_LOOP('',(#761,#769,#776,#777));
#761 = ORIENTED_EDGE('',*,*,#762,.T.);
#762 = EDGE_CURVE('',#49,#763,#765,.T.);
#763 = VERTEX_POINT('',#764);
#764 = CARTESIAN_POINT('',(-11.26907484122,-6.423024947076,5.4));
#765 = LINE('',#766,#767);
#766 = CARTESIAN_POINT('',(-11.26907484122,-6.423024947076,
    9.386421061422E-15));
#767 = VECTOR('',#768,1.);
#768 = DIRECTION('',(0.,6.62044604925E-16,1.));
#769 = ORIENTED_EDGE('',*,*,#770,.T.);
#770 = EDGE_CURVE('',#763,#656,#771,.T.);
#771 = CIRCLE('',#772,4.5);
#772 = AXIS2_PLACEMENT_3D('',#773,#774,#775);
#773 = CARTESIAN_POINT('',(-7.,-5.,5.4));
#774 = DIRECTION('',(0.,2.22044604925E-16,1.));
#775 = DIRECTION('',(-0.948683298051,-0.316227766017,7.021666937153E-17)
  );
#776 = ORIENTED_EDGE('',*,*,#663,.F.);
#777 = ORIENTED_EDGE('',*,*,#48,.F.);
#778 = CYLINDRICAL_SURFACE('',#779,4.5);
#779 = AXIS2_PLACEMENT_3D('',#780,#781,#782);
#780 = CARTESIAN_POINT('',(-7.,-5.,8.44044604925E-15));
#781 = DIRECTION('',(0.,-6.62044604925E-16,-1.));
#782 = DIRECTION('',(1.,0.,0.));
#783 = ADVANCED_FACE('',(#784),#803,.T.);
#784 = FACE_BOUND('',#785,.F.);
#785 = EDGE_LOOP('',(#786,#795,#801,#802));
#786 = ORIENTED_EDGE('',*,*,#787,.T.);
#787 = EDGE_CURVE('',#714,#788,#790,.T.);
#788 = VERTEX_POINT('',#789);
#789 = CARTESIAN_POINT('',(-3.968626966597,1.5,1.));
#790 = CIRCLE('',#791,1.);
#791 = AXIS2_PLACEMENT_3D('',#792,#793,#794);
#792 = CARTESIAN_POINT('',(-3.968626966597,0.5,1.));
#793 = DIRECTION('',(0.,-0.,1.));
#794 = DIRECTION('',(0.,1.,0.));
#795 = ORIENTED_EDGE('',*,*,#796,.T.);
#796 = EDGE_CURVE('',#788,#100,#797,.T.);
#797 = LINE('',#798,#799);
#798 = CARTESIAN_POINT('',(-3.968626966597,1.5,1.));
#799 = VECTOR('',#800,1.);
#800 = DIRECTION('',(-0.,-0.,-1.));
#801 = ORIENTED_EDGE('',*,*,#107,.F.);
#802 = ORIENTED_EDGE('',*,*,#713,.F.);
#803 = CYLINDRICAL_SURFACE('',#804,1.);
#804 = AXIS2_PLACEMENT_3D('',#805,#806,#807);
#805 = CARTESIAN_POINT('',(-3.968626966597,0.5,1.));
#806 = DIRECTION('',(-0.,-0.,-1.));
#807 = DIRECTION('',(0.992156741649,-0.125,0.));
#808 = ADVANCED_FACE('',(#809),#827,.T.);
#809 = FACE_BOUND('',#810,.T.);
#810 = EDGE_LOOP('',(#811,#812,#820,#826));
#811 = ORIENTED_EDGE('',*,*,#762,.T.);
#812 = ORIENTED_EDGE('',*,*,#813,.F.);
#813 = EDGE_CURVE('',#814,#763,#816,.T.);
#814 = VERTEX_POINT('',#815);
#815 = CARTESIAN_POINT('',(-17.26907484122,11.576975052924,5.4));
#816 = LINE('',#817,#818);
#817 = CARTESIAN_POINT('',(-17.26907484122,11.576975052924,5.4));
#818 = VECTOR('',#819,1.);
#819 = DIRECTION('',(0.316227766017,-0.948683298051,2.106500081146E-16)
  );
#820 = ORIENTED_EDGE('',*,*,#821,.F.);
#821 = EDGE_CURVE('',#58,#814,#822,.T.);
#822 = LINE('',#823,#824);
#823 = CARTESIAN_POINT('',(-17.26907484122,11.576975052924,
    -2.600381827228E-15));
#824 = VECTOR('',#825,1.);
#825 = DIRECTION('',(0.,6.62044604925E-16,1.));
#826 = ORIENTED_EDGE('',*,*,#57,.F.);
#827 = PLANE('',#828);
#828 = AXIS2_PLACEMENT_3D('',#829,#830,#831);
#829 = CARTESIAN_POINT('',(-11.26907484122,-6.423024947076,
    9.386421061422E-15));
#830 = DIRECTION('',(-0.948683298051,-0.316227766017,2.102166693715E-16)
  );
#831 = DIRECTION('',(-0.316227766017,0.948683298051,-6.306500081146E-16)
  );
#832 = ADVANCED_FACE('',(#833),#851,.T.);
#833 = FACE_BOUND('',#834,.T.);
#834 = EDGE_LOOP('',(#835,#836,#844,#850));
#835 = ORIENTED_EDGE('',*,*,#99,.F.);
#836 = ORIENTED_EDGE('',*,*,#837,.T.);
#837 = EDGE_CURVE('',#92,#838,#840,.T.);
#838 = VERTEX_POINT('',#839);
#839 = CARTESIAN_POINT('',(-11.,1.5,1.));
#840 = LINE('',#841,#842);
#841 = CARTESIAN_POINT('',(-11.,1.5,2.6645352591E-15));
#842 = VECTOR('',#843,1.);
#843 = DIRECTION('',(0.,2.22044604925E-16,1.));
#844 = ORIENTED_EDGE('',*,*,#845,.T.);
#845 = EDGE_CURVE('',#838,#788,#846,.T.);
#846 = LINE('',#847,#848);
#847 = CARTESIAN_POINT('',(-11.,1.5,1.));
#848 = VECTOR('',#849,1.);
#849 = DIRECTION('',(1.,0.,0.));
#850 = ORIENTED_EDGE('',*,*,#796,.T.);
#851 = PLANE('',#852);
#852 = AXIS2_PLACEMENT_3D('',#853,#854,#855);
#853 = CARTESIAN_POINT('',(-11.,1.5,2.6645352591E-15));
#854 = DIRECTION('',(0.,1.,-2.22044604925E-16));
#855 = DIRECTION('',(0.,2.22044604925E-16,1.));
#856 = ADVANCED_FACE('',(#857),#876,.T.);
#857 = FACE_BOUND('',#858,.F.);
#858 = EDGE_LOOP('',(#859,#867,#874,#875));
#859 = ORIENTED_EDGE('',*,*,#860,.T.);
#860 = EDGE_CURVE('',#66,#861,#863,.T.);
#861 = VERTEX_POINT('',#862);
#862 = CARTESIAN_POINT('',(-13.,17.5,5.4));
#863 = LINE('',#864,#865);
#864 = CARTESIAN_POINT('',(-13.,17.5,-6.545557561563E-15));
#865 = VECTOR('',#866,1.);
#866 = DIRECTION('',(0.,6.62044604925E-16,1.));
#867 = ORIENTED_EDGE('',*,*,#868,.T.);
#868 = EDGE_CURVE('',#861,#814,#869,.T.);
#869 = CIRCLE('',#870,4.5);
#870 = AXIS2_PLACEMENT_3D('',#871,#872,#873);
#871 = CARTESIAN_POINT('',(-13.,13.,5.4));
#872 = DIRECTION('',(0.,2.22044604925E-16,1.));
#873 = DIRECTION('',(0.,1.,-2.22044604925E-16));
#874 = ORIENTED_EDGE('',*,*,#821,.F.);
#875 = ORIENTED_EDGE('',*,*,#65,.F.);
#876 = CYLINDRICAL_SURFACE('',#877,4.5);
#877 = AXIS2_PLACEMENT_3D('',#878,#879,#880);
#878 = CARTESIAN_POINT('',(-13.,13.,-3.5563568394E-15));
#879 = DIRECTION('',(0.,-6.62044604925E-16,-1.));
#880 = DIRECTION('',(1.,0.,0.));
#881 = ADVANCED_FACE('',(#882),#900,.T.);
#882 = FACE_BOUND('',#883,.T.);
#883 = EDGE_LOOP('',(#884,#892,#893,#894));
#884 = ORIENTED_EDGE('',*,*,#885,.F.);
#885 = EDGE_CURVE('',#838,#886,#888,.T.);
#886 = VERTEX_POINT('',#887);
#887 = CARTESIAN_POINT('',(-11.,16.5,1.));
#888 = LINE('',#889,#890);
#889 = CARTESIAN_POINT('',(-11.,1.5,1.));
#890 = VECTOR('',#891,1.);
#891 = DIRECTION('',(0.,1.,-2.22044604925E-16));
#892 = ORIENTED_EDGE('',*,*,#837,.F.);
#893 = ORIENTED_EDGE('',*,*,#91,.T.);
#894 = ORIENTED_EDGE('',*,*,#895,.T.);
#895 = EDGE_CURVE('',#83,#886,#896,.T.);
#896 = LINE('',#897,#898);
#897 = CARTESIAN_POINT('',(-11.,16.5,-1.061338147751E-16));
#898 = VECTOR('',#899,1.);
#899 = DIRECTION('',(0.,2.22044604925E-16,1.));
#900 = PLANE('',#901);
#901 = AXIS2_PLACEMENT_3D('',#902,#903,#904);
#902 = CARTESIAN_POINT('',(-11.,1.5,2.6645352591E-15));
#903 = DIRECTION('',(1.,0.,0.));
#904 = DIRECTION('',(0.,2.22044604925E-16,1.));
#905 = ADVANCED_FACE('',(#906),#956,.T.);
#906 = FACE_BOUND('',#907,.T.);
#907 = EDGE_LOOP('',(#908,#918,#926,#934,#942,#948,#949,#950));
#908 = ORIENTED_EDGE('',*,*,#909,.F.);
#909 = EDGE_CURVE('',#910,#912,#914,.T.);
#910 = VERTEX_POINT('',#911);
#911 = CARTESIAN_POINT('',(43.,17.5,-2.775557561563E-15));
#912 = VERTEX_POINT('',#913);
#913 = CARTESIAN_POINT('',(43.,17.5,5.4));
#914 = LINE('',#915,#916);
#915 = CARTESIAN_POINT('',(43.,17.5,-6.545557561563E-15));
#916 = VECTOR('',#917,1.);
#917 = DIRECTION('',(0.,6.62044604925E-16,1.));
#918 = ORIENTED_EDGE('',*,*,#919,.F.);
#919 = EDGE_CURVE('',#920,#910,#922,.T.);
#920 = VERTEX_POINT('',#921);
#921 = CARTESIAN_POINT('',(42.,17.5,-6.101338147751E-15));
#922 = LINE('',#923,#924);
#923 = CARTESIAN_POINT('',(-13.,17.5,-6.545557561563E-15));
#924 = VECTOR('',#925,1.);
#925 = DIRECTION('',(1.,0.,0.));
#926 = ORIENTED_EDGE('',*,*,#927,.T.);
#927 = EDGE_CURVE('',#920,#928,#930,.T.);
#928 = VERTEX_POINT('',#929);
#929 = CARTESIAN_POINT('',(42.,17.5,2.));
#930 = LINE('',#931,#932);
#931 = CARTESIAN_POINT('',(42.,17.5,-3.281784197001E-16));
#932 = VECTOR('',#933,1.);
#933 = DIRECTION('',(0.,2.22044604925E-16,1.));
#934 = ORIENTED_EDGE('',*,*,#935,.F.);
#935 = EDGE_CURVE('',#936,#928,#938,.T.);
#936 = VERTEX_POINT('',#937);
#937 = CARTESIAN_POINT('',(-12.,17.5,2.));
#938 = LINE('',#939,#940);
#939 = CARTESIAN_POINT('',(-11.,17.5,2.));
#940 = VECTOR('',#941,1.);
#941 = DIRECTION('',(1.,0.,0.));
#942 = ORIENTED_EDGE('',*,*,#943,.F.);
#943 = EDGE_CURVE('',#75,#936,#944,.T.);
#944 = LINE('',#945,#946);
#945 = CARTESIAN_POINT('',(-12.,17.5,-3.281784197001E-16));
#946 = VECTOR('',#947,1.);
#947 = DIRECTION('',(0.,2.22044604925E-16,1.));
#948 = ORIENTED_EDGE('',*,*,#74,.F.);
#949 = ORIENTED_EDGE('',*,*,#860,.T.);
#950 = ORIENTED_EDGE('',*,*,#951,.F.);
#951 = EDGE_CURVE('',#912,#861,#952,.T.);
#952 = LINE('',#953,#954);
#953 = CARTESIAN_POINT('',(43.,17.5,5.4));
#954 = VECTOR('',#955,1.);
#955 = DIRECTION('',(-1.,0.,0.));
#956 = PLANE('',#957);
#957 = AXIS2_PLACEMENT_3D('',#958,#959,#960);
#958 = CARTESIAN_POINT('',(15.,17.5,3.2));
#959 = DIRECTION('',(0.,1.,-7.82044604925E-16));
#960 = DIRECTION('',(0.,7.82044604925E-16,1.));
#961 = ADVANCED_FACE('',(#962),#974,.T.);
#962 = FACE_BOUND('',#963,.F.);
#963 = EDGE_LOOP('',(#964,#965,#966,#973));
#964 = ORIENTED_EDGE('',*,*,#82,.T.);
#965 = ORIENTED_EDGE('',*,*,#895,.T.);
#966 = ORIENTED_EDGE('',*,*,#967,.F.);
#967 = EDGE_CURVE('',#936,#886,#968,.T.);
#968 = ELLIPSE('',#969,1.414213562373,1.);
#969 = AXIS2_PLACEMENT_3D('',#970,#971,#972);
#970 = CARTESIAN_POINT('',(-12.,16.5,2.));
#971 = DIRECTION('',(-0.707106781187,-1.570092458684E-16,-0.707106781187
    ));
#972 = DIRECTION('',(0.707106781187,-1.570092458684E-16,-0.707106781187)
  );
#973 = ORIENTED_EDGE('',*,*,#943,.F.);
#974 = CYLINDRICAL_SURFACE('',#975,1.);
#975 = AXIS2_PLACEMENT_3D('',#976,#977,#978);
#976 = CARTESIAN_POINT('',(-12.,16.5,-1.061338147751E-16));
#977 = DIRECTION('',(0.,2.22044604925E-16,1.));
#978 = DIRECTION('',(0.,1.,-2.22044604925E-16));
#979 = ADVANCED_FACE('',(#980),#999,.F.);
#980 = FACE_BOUND('',#981,.T.);
#981 = EDGE_LOOP('',(#982,#983,#991,#998));
#982 = ORIENTED_EDGE('',*,*,#148,.F.);
#983 = ORIENTED_EDGE('',*,*,#984,.T.);
#984 = EDGE_CURVE('',#149,#985,#987,.T.);
#985 = VERTEX_POINT('',#986);
#986 = CARTESIAN_POINT('',(-5.5,-5.,3.9));
#987 = LINE('',#988,#989);
#988 = CARTESIAN_POINT('',(-5.5,-5.,8.44044604925E-15));
#989 = VECTOR('',#990,1.);
#990 = DIRECTION('',(0.,6.62044604925E-16,1.));
#991 = ORIENTED_EDGE('',*,*,#992,.F.);
#992 = EDGE_CURVE('',#985,#985,#993,.T.);
#993 = CIRCLE('',#994,1.5);
#994 = AXIS2_PLACEMENT_3D('',#995,#996,#997);
#995 = CARTESIAN_POINT('',(-7.,-5.,3.9));
#996 = DIRECTION('',(0.,-5.52044604925E-16,-1.));
#997 = DIRECTION('',(1.,0.,0.));
#998 = ORIENTED_EDGE('',*,*,#984,.F.);
#999 = CYLINDRICAL_SURFACE('',#1000,1.5);
#1000 = AXIS2_PLACEMENT_3D('',#1001,#1002,#1003);
#1001 = CARTESIAN_POINT('',(-7.,-5.,8.44044604925E-15));
#1002 = DIRECTION('',(0.,-6.62044604925E-16,-1.));
#1003 = DIRECTION('',(1.,0.,0.));
#1004 = ADVANCED_FACE('',(#1005),#1024,.F.);
#1005 = FACE_BOUND('',#1006,.T.);
#1006 = EDGE_LOOP('',(#1007,#1008,#1016,#1023));
#1007 = ORIENTED_EDGE('',*,*,#159,.F.);
#1008 = ORIENTED_EDGE('',*,*,#1009,.T.);
#1009 = EDGE_CURVE('',#160,#1010,#1012,.T.);
#1010 = VERTEX_POINT('',#1011);
#1011 = CARTESIAN_POINT('',(-11.5,13.,3.9));
#1012 = LINE('',#1013,#1014);
#1013 = CARTESIAN_POINT('',(-11.5,13.,-3.5563568394E-15));
#1014 = VECTOR('',#1015,1.);
#1015 = DIRECTION('',(0.,6.62044604925E-16,1.));
#1016 = ORIENTED_EDGE('',*,*,#1017,.F.);
#1017 = EDGE_CURVE('',#1010,#1010,#1018,.T.);
#1018 = CIRCLE('',#1019,1.5);
#1019 = AXIS2_PLACEMENT_3D('',#1020,#1021,#1022);
#1020 = CARTESIAN_POINT('',(-13.,13.,3.9));
#1021 = DIRECTION('',(0.,-5.02044604925E-16,-1.));
#1022 = DIRECTION('',(1.,0.,0.));
#1023 = ORIENTED_EDGE('',*,*,#1009,.F.);
#1024 = CYLINDRICAL_SURFACE('',#1025,1.5);
#1025 = AXIS2_PLACEMENT_3D('',#1026,#1027,#1028);
#1026 = CARTESIAN_POINT('',(-13.,13.,-3.5563568394E-15));
#1027 = DIRECTION('',(0.,-6.62044604925E-16,-1.));
#1028 = DIRECTION('',(1.,0.,0.));
#1029 = ADVANCED_FACE('',(#1030),#1111,.T.);
#1030 = FACE_BOUND('',#1031,.T.);
#1031 = EDGE_LOOP('',(#1032,#1033,#1034,#1035,#1036,#1045,#1053,#1062,
    #1071,#1094,#1102,#1109,#1110));
#1032 = ORIENTED_EDGE('',*,*,#176,.T.);
#1033 = ORIENTED_EDGE('',*,*,#373,.T.);
#1034 = ORIENTED_EDGE('',*,*,#704,.T.);
#1035 = ORIENTED_EDGE('',*,*,#677,.T.);
#1036 = ORIENTED_EDGE('',*,*,#1037,.T.);
#1037 = EDGE_CURVE('',#680,#1038,#1040,.T.);
#1038 = VERTEX_POINT('',#1039);
#1039 = CARTESIAN_POINT('',(3.968626966597,1.5,2.6645352591E-15));
#1040 = CIRCLE('',#1041,1.);
#1041 = AXIS2_PLACEMENT_3D('',#1042,#1043,#1044);
#1042 = CARTESIAN_POINT('',(3.968626966597,0.5,1.998401444325E-15));
#1043 = DIRECTION('',(0.,0.,-1.));
#1044 = DIRECTION('',(0.,1.,0.));
#1045 = ORIENTED_EDGE('',*,*,#1046,.T.);
#1046 = EDGE_CURVE('',#1038,#1047,#1049,.T.);
#1047 = VERTEX_POINT('',#1048);
#1048 = CARTESIAN_POINT('',(11.031373033403,1.5,2.6645352591E-15));
#1049 = LINE('',#1050,#1051);
#1050 = CARTESIAN_POINT('',(-11.,1.5,2.6645352591E-15));
#1051 = VECTOR('',#1052,1.);
#1052 = DIRECTION('',(1.,0.,0.));
#1053 = ORIENTED_EDGE('',*,*,#1054,.F.);
#1054 = EDGE_CURVE('',#1055,#1047,#1057,.T.);
#1055 = VERTEX_POINT('',#1056);
#1056 = CARTESIAN_POINT('',(12.023529775052,0.375,-1.998401444325E-15));
#1057 = CIRCLE('',#1058,1.);
#1058 = AXIS2_PLACEMENT_3D('',#1059,#1060,#1061);
#1059 = CARTESIAN_POINT('',(11.031373033403,0.5,1.7763568394E-15));
#1060 = DIRECTION('',(0.,3.330669073875E-16,1.));
#1061 = DIRECTION('',(0.,1.,-3.330669073875E-16));
#1062 = ORIENTED_EDGE('',*,*,#1063,.T.);
#1063 = EDGE_CURVE('',#1055,#1064,#1066,.T.);
#1064 = VERTEX_POINT('',#1065);
#1065 = CARTESIAN_POINT('',(13.500000000001,-2.598076211354,
    -9.110236305274E-16));
#1066 = CIRCLE('',#1067,3.);
#1067 = AXIS2_PLACEMENT_3D('',#1068,#1069,#1070);
#1068 = CARTESIAN_POINT('',(15.,2.997602166488E-15,-1.7763568394E-15));
#1069 = DIRECTION('',(-0.,3.330669073875E-16,1.));
#1070 = DIRECTION('',(1.,0.,0.));
#1071 = ORIENTED_EDGE('',*,*,#1072,.T.);
#1072 = EDGE_CURVE('',#1064,#1073,#1075,.T.);
#1073 = VERTEX_POINT('',#1074);
#1074 = CARTESIAN_POINT('',(14.,-3.464101615142,4.377924091159E-15));
#1075 = B_SPLINE_CURVE_WITH_KNOTS('',5,(#1076,#1077,#1078,#1079,#1080,
    #1081,#1082,#1083,#1084,#1085,#1086,#1087,#1088,#1089,#1090,#1091,
    #1092,#1093),.UNSPECIFIED.,.F.,.F.,(6,4,4,4,6),(0.,0.249571064957,
    0.5,0.750428935043,1.),.UNSPECIFIED.);
#1076 = CARTESIAN_POINT('',(13.5,-2.598076211353,2.61711183054E-15));
#1077 = CARTESIAN_POINT('',(13.543416888922,-2.62314296386,
    2.622677767697E-15));
#1078 = CARTESIAN_POINT('',(13.585926021261,-2.651313235456,
    2.628932824525E-15));
#1079 = CARTESIAN_POINT('',(13.627117179888,-2.682572588402,
    2.635873795199E-15));
#1080 = CARTESIAN_POINT('',(13.66656094216,-2.716802733504,
    2.643474414245E-15));
#1081 = CARTESIAN_POINT('',(13.741312130694,-2.790874733778,
    2.659921702282E-15));
#1082 = CARTESIAN_POINT('',(13.776605499216,-2.830735978277,
    2.668772676569E-15));
#1083 = CARTESIAN_POINT('',(13.809362928628,-2.873129959874,
    2.678186031464E-15));
#1084 = CARTESIAN_POINT('',(13.839246770688,-2.917719662057,
    2.688086934269E-15));
#1085 = CARTESIAN_POINT('',(13.892804036881,-3.010483568218,
    2.708684659163E-15));
#1086 = CARTESIAN_POINT('',(13.916477930688,-3.058658585696,
    2.719381661887E-15));
#1087 = CARTESIAN_POINT('',(13.936813481014,-3.108224342528,
    2.73038747078E-15));
#1088 = CARTESIAN_POINT('',(13.953687647116,-3.158719918503,
    2.741599740998E-15));
#1089 = CARTESIAN_POINT('',(13.980460286795,-3.260492346873,
    2.764197759648E-15));
#1090 = CARTESIAN_POINT('',(13.990382580893,-3.311766719573,
    2.775582957477E-15));
#1091 = CARTESIAN_POINT('',(13.996858395335,-3.363068985828,
    2.786974348919E-15));
#1092 = CARTESIAN_POINT('',(14.,-3.413968110125,2.798276224864E-15));
#1093 = CARTESIAN_POINT('',(14.,-3.464101615138,2.809408099179E-15));
#1094 = ORIENTED_EDGE('',*,*,#1095,.T.);
#1095 = EDGE_CURVE('',#1073,#1096,#1098,.T.);
#1096 = VERTEX_POINT('',#1097);
#1097 = CARTESIAN_POINT('',(14.,-7.5,-2.741265763159E-15));
#1098 = LINE('',#1099,#1100);
#1099 = CARTESIAN_POINT('',(14.,-9.5,3.816579864025E-15));
#1100 = VECTOR('',#1101,1.);
#1101 = DIRECTION('',(-0.,-1.,-1.110223024625E-16));
#1102 = ORIENTED_EDGE('',*,*,#1103,.F.);
#1103 = EDGE_CURVE('',#606,#1096,#1104,.T.);
#1104 = CIRCLE('',#1105,2.);
#1105 = AXIS2_PLACEMENT_3D('',#1106,#1107,#1108);
#1106 = CARTESIAN_POINT('',(12.,-7.5,-2.45226762955E-15));
#1107 = DIRECTION('',(0.,2.22044604925E-16,1.));
#1108 = DIRECTION('',(0.,1.,-2.22044604925E-16));
#1109 = ORIENTED_EDGE('',*,*,#605,.T.);
#1110 = ORIENTED_EDGE('',*,*,#275,.F.);
#1111 = PLANE('',#1112);
#1112 = AXIS2_PLACEMENT_3D('',#1113,#1114,#1115);
#1113 = CARTESIAN_POINT('',(15.,4.79811285857,9.748279505584E-16));
#1114 = DIRECTION('',(0.,-2.22044604925E-16,-1.));
#1115 = DIRECTION('',(0.,1.,-2.22044604925E-16));
#1116 = ADVANCED_FACE('',(#1117),#1144,.T.);
#1117 = FACE_BOUND('',#1118,.F.);
#1118 = EDGE_LOOP('',(#1119,#1128,#1136,#1143));
#1119 = ORIENTED_EDGE('',*,*,#1120,.T.);
#1120 = EDGE_CURVE('',#656,#1121,#1123,.T.);
#1121 = VERTEX_POINT('',#1122);
#1122 = CARTESIAN_POINT('',(-7.,-8.5,6.4));
#1123 = CIRCLE('',#1124,1.);
#1124 = AXIS2_PLACEMENT_3D('',#1125,#1126,#1127);
#1125 = CARTESIAN_POINT('',(-7.,-8.5,5.4));
#1126 = DIRECTION('',(-1.,1.665334536938E-16,-3.697785493223E-32));
#1127 = DIRECTION('',(-1.665334536938E-16,-1.,2.22044604925E-16));
#1128 = ORIENTED_EDGE('',*,*,#1129,.T.);
#1129 = EDGE_CURVE('',#1121,#1130,#1132,.T.);
#1130 = VERTEX_POINT('',#1131);
#1131 = CARTESIAN_POINT('',(37.,-8.5,6.4));
#1132 = LINE('',#1133,#1134);
#1133 = CARTESIAN_POINT('',(-7.,-8.5,6.4));
#1134 = VECTOR('',#1135,1.);
#1135 = DIRECTION('',(1.,0.,0.));
#1136 = ORIENTED_EDGE('',*,*,#1137,.F.);
#1137 = EDGE_CURVE('',#648,#1130,#1138,.T.);
#1138 = CIRCLE('',#1139,1.);
#1139 = AXIS2_PLACEMENT_3D('',#1140,#1141,#1142);
#1140 = CARTESIAN_POINT('',(37.,-8.5,5.4));
#1141 = DIRECTION('',(-1.,0.,0.));
#1142 = DIRECTION('',(0.,-1.,7.82044604925E-16));
#1143 = ORIENTED_EDGE('',*,*,#655,.F.);
#1144 = CYLINDRICAL_SURFACE('',#1145,1.);
#1145 = AXIS2_PLACEMENT_3D('',#1146,#1147,#1148);
#1146 = CARTESIAN_POINT('',(-7.,-8.5,5.4));
#1147 = DIRECTION('',(1.,0.,0.));
#1148 = DIRECTION('',(0.,-1.,7.82044604925E-16));
#1149 = ADVANCED_FACE('',(#1150),#1170,.T.);
#1150 = FACE_BOUND('',#1151,.F.);
#1151 = EDGE_LOOP('',(#1152,#1153,#1154,#1163));
#1152 = ORIENTED_EDGE('',*,*,#1103,.F.);
#1153 = ORIENTED_EDGE('',*,*,#613,.T.);
#1154 = ORIENTED_EDGE('',*,*,#1155,.T.);
#1155 = EDGE_CURVE('',#614,#1156,#1158,.T.);
#1156 = VERTEX_POINT('',#1157);
#1157 = CARTESIAN_POINT('',(16.,-7.5,-2.163269495942E-15));
#1158 = CIRCLE('',#1159,2.);
#1159 = AXIS2_PLACEMENT_3D('',#1160,#1161,#1162);
#1160 = CARTESIAN_POINT('',(18.,-7.5,-2.45226762955E-15));
#1161 = DIRECTION('',(0.,-2.22044604925E-16,-1.));
#1162 = DIRECTION('',(0.,1.,-2.22044604925E-16));
#1163 = ORIENTED_EDGE('',*,*,#1164,.F.);
#1164 = EDGE_CURVE('',#1096,#1156,#1165,.T.);
#1165 = CIRCLE('',#1166,1.);
#1166 = AXIS2_PLACEMENT_3D('',#1167,#1168,#1169);
#1167 = CARTESIAN_POINT('',(15.,-7.5,-2.45226762955E-15));
#1168 = DIRECTION('',(0.,1.,-7.82044604925E-16));
#1169 = DIRECTION('',(-1.,-2.260094312219E-31,-2.889981336085E-16));
#1170 = TOROIDAL_SURFACE('',#1171,3.,2.);
#1171 = AXIS2_PLACEMENT_3D('',#1172,#1173,#1174);
#1172 = CARTESIAN_POINT('',(15.,-7.5,-2.45226762955E-15));
#1173 = DIRECTION('',(0.,-1.,7.82044604925E-16));
#1174 = DIRECTION('',(-1.,-2.260094312219E-31,-2.889981336085E-16));
#1175 = ADVANCED_FACE('',(#1176),#1203,.T.);
#1176 = FACE_BOUND('',#1177,.F.);
#1177 = EDGE_LOOP('',(#1178,#1179,#1188,#1196));
#1178 = ORIENTED_EDGE('',*,*,#647,.T.);
#1179 = ORIENTED_EDGE('',*,*,#1180,.T.);
#1180 = EDGE_CURVE('',#648,#1181,#1183,.T.);
#1181 = VERTEX_POINT('',#1182);
#1182 = CARTESIAN_POINT('',(41.269074841227,-6.423024947076,5.4));
#1183 = CIRCLE('',#1184,4.5);
#1184 = AXIS2_PLACEMENT_3D('',#1185,#1186,#1187);
#1185 = CARTESIAN_POINT('',(37.,-5.,5.4));
#1186 = DIRECTION('',(-0.,2.22044604925E-16,1.));
#1187 = DIRECTION('',(0.,-1.,2.22044604925E-16));
#1188 = ORIENTED_EDGE('',*,*,#1189,.F.);
#1189 = EDGE_CURVE('',#1190,#1181,#1192,.T.);
#1190 = VERTEX_POINT('',#1191);
#1191 = CARTESIAN_POINT('',(41.269074841227,-6.423024947076,
    2.536421061422E-15));
#1192 = LINE('',#1193,#1194);
#1193 = CARTESIAN_POINT('',(41.269074841227,-6.423024947076,
    9.386421061422E-15));
#1194 = VECTOR('',#1195,1.);
#1195 = DIRECTION('',(0.,6.62044604925E-16,1.));
#1196 = ORIENTED_EDGE('',*,*,#1197,.F.);
#1197 = EDGE_CURVE('',#640,#1190,#1198,.T.);
#1198 = CIRCLE('',#1199,4.5);
#1199 = AXIS2_PLACEMENT_3D('',#1200,#1201,#1202);
#1200 = CARTESIAN_POINT('',(37.,-5.,2.22044604925E-15));
#1201 = DIRECTION('',(-0.,2.22044604925E-16,1.));
#1202 = DIRECTION('',(1.,0.,0.));
#1203 = CYLINDRICAL_SURFACE('',#1204,4.5);
#1204 = AXIS2_PLACEMENT_3D('',#1205,#1206,#1207);
#1205 = CARTESIAN_POINT('',(37.,-5.,8.44044604925E-15));
#1206 = DIRECTION('',(0.,-6.62044604925E-16,-1.));
#1207 = DIRECTION('',(1.,0.,0.));
#1208 = ADVANCED_FACE('',(#1209),#1335,.T.);
#1209 = FACE_BOUND('',#1210,.T.);
#1210 = EDGE_LOOP('',(#1211,#1219,#1242,#1251,#1260,#1269,#1277,#1286,
    #1295,#1318,#1326,#1333,#1334));
#1211 = ORIENTED_EDGE('',*,*,#1212,.T.);
#1212 = EDGE_CURVE('',#1156,#1213,#1215,.T.);
#1213 = VERTEX_POINT('',#1214);
#1214 = CARTESIAN_POINT('',(16.,-3.464101615138,-1.396631774473E-16));
#1215 = LINE('',#1216,#1217);
#1216 = CARTESIAN_POINT('',(16.,-9.5,-8.097825135644E-16));
#1217 = VECTOR('',#1218,1.);
#1218 = DIRECTION('',(0.,1.,1.110223024625E-16));
#1219 = ORIENTED_EDGE('',*,*,#1220,.F.);
#1220 = EDGE_CURVE('',#1221,#1213,#1223,.T.);
#1221 = VERTEX_POINT('',#1222);
#1222 = CARTESIAN_POINT('',(16.5,-2.598076211353,-9.110236305276E-16));
#1223 = B_SPLINE_CURVE_WITH_KNOTS('',5,(#1224,#1225,#1226,#1227,#1228,
    #1229,#1230,#1231,#1232,#1233,#1234,#1235,#1236,#1237,#1238,#1239,
    #1240,#1241),.UNSPECIFIED.,.F.,.F.,(6,4,4,4,6),(0.,0.249571064957,
    0.5,0.750428935043,1.),.UNSPECIFIED.);
#1224 = CARTESIAN_POINT('',(16.5,-2.598076211353,2.61711183054E-15));
#1225 = CARTESIAN_POINT('',(16.456583111078,-2.62314296386,
    2.622677767697E-15));
#1226 = CARTESIAN_POINT('',(16.414073978739,-2.651313235456,
    2.628932824525E-15));
#1227 = CARTESIAN_POINT('',(16.372882820112,-2.682572588401,
    2.635873795199E-15));
#1228 = CARTESIAN_POINT('',(16.33343905784,-2.716802733504,
    2.643474414245E-15));
#1229 = CARTESIAN_POINT('',(16.258687869306,-2.790874733778,
    2.659921702282E-15));
#1230 = CARTESIAN_POINT('',(16.223394500784,-2.830735978277,
    2.668772676569E-15));
#1231 = CARTESIAN_POINT('',(16.190637071372,-2.873129959874,
    2.678186031464E-15));
#1232 = CARTESIAN_POINT('',(16.160753229312,-2.917719662057,
    2.688086934269E-15));
#1233 = CARTESIAN_POINT('',(16.107195963119,-3.010483568218,
    2.708684659163E-15));
#1234 = CARTESIAN_POINT('',(16.083522069312,-3.058658585696,
    2.719381661887E-15));
#1235 = CARTESIAN_POINT('',(16.063186518986,-3.108224342528,
    2.73038747078E-15));
#1236 = CARTESIAN_POINT('',(16.046312352884,-3.158719918503,
    2.741599740998E-15));
#1237 = CARTESIAN_POINT('',(16.019539713205,-3.260492346873,
    2.764197759648E-15));
#1238 = CARTESIAN_POINT('',(16.009617419107,-3.311766719573,
    2.775582957477E-15));
#1239 = CARTESIAN_POINT('',(16.003141604665,-3.363068985829,
    2.786974348919E-15));
#1240 = CARTESIAN_POINT('',(16.,-3.413968110125,2.798276224864E-15));
#1241 = CARTESIAN_POINT('',(16.,-3.464101615138,2.809408099179E-15));
#1242 = ORIENTED_EDGE('',*,*,#1243,.T.);
#1243 = EDGE_CURVE('',#1221,#1244,#1246,.T.);
#1244 = VERTEX_POINT('',#1245);
#1245 = CARTESIAN_POINT('',(18.,2.262814087E-15,-1.7763568394E-15));
#1246 = CIRCLE('',#1247,3.);
#1247 = AXIS2_PLACEMENT_3D('',#1248,#1249,#1250);
#1248 = CARTESIAN_POINT('',(15.,2.997602166488E-15,-1.7763568394E-15));
#1249 = DIRECTION('',(-0.,3.330669073875E-16,1.));
#1250 = DIRECTION('',(1.,0.,0.));
#1251 = ORIENTED_EDGE('',*,*,#1252,.T.);
#1252 = EDGE_CURVE('',#1244,#1253,#1255,.T.);
#1253 = VERTEX_POINT('',#1254);
#1254 = CARTESIAN_POINT('',(17.976470224948,0.375,-1.998401444325E-15));
#1255 = CIRCLE('',#1256,3.);
#1256 = AXIS2_PLACEMENT_3D('',#1257,#1258,#1259);
#1257 = CARTESIAN_POINT('',(15.,2.997602166488E-15,-1.7763568394E-15));
#1258 = DIRECTION('',(-0.,3.330669073875E-16,1.));
#1259 = DIRECTION('',(1.,0.,0.));
#1260 = ORIENTED_EDGE('',*,*,#1261,.F.);
#1261 = EDGE_CURVE('',#1262,#1253,#1264,.T.);
#1262 = VERTEX_POINT('',#1263);
#1263 = CARTESIAN_POINT('',(18.968626966597,1.5,2.6645352591E-15));
#1264 = CIRCLE('',#1265,1.);
#1265 = AXIS2_PLACEMENT_3D('',#1266,#1267,#1268);
#1266 = CARTESIAN_POINT('',(18.968626966597,0.5,1.7763568394E-15));
#1267 = DIRECTION('',(0.,3.330669073875E-16,1.));
#1268 = DIRECTION('',(0.,1.,-3.330669073875E-16));
#1269 = ORIENTED_EDGE('',*,*,#1270,.T.);
#1270 = EDGE_CURVE('',#1262,#1271,#1273,.T.);
#1271 = VERTEX_POINT('',#1272);
#1272 = CARTESIAN_POINT('',(26.031373033403,1.5,2.6645352591E-15));
#1273 = LINE('',#1274,#1275);
#1274 = CARTESIAN_POINT('',(-11.,1.5,2.6645352591E-15));
#1275 = VECTOR('',#1276,1.);
#1276 = DIRECTION('',(1.,0.,0.));
#1277 = ORIENTED_EDGE('',*,*,#1278,.F.);
#1278 = EDGE_CURVE('',#1279,#1271,#1281,.T.);
#1279 = VERTEX_POINT('',#1280);
#1280 = CARTESIAN_POINT('',(27.023529775052,0.375,-1.998401444325E-15));
#1281 = CIRCLE('',#1282,1.);
#1282 = AXIS2_PLACEMENT_3D('',#1283,#1284,#1285);
#1283 = CARTESIAN_POINT('',(26.031373033403,0.5,1.7763568394E-15));
#1284 = DIRECTION('',(0.,3.330669073875E-16,1.));
#1285 = DIRECTION('',(0.,1.,-3.330669073875E-16));
#1286 = ORIENTED_EDGE('',*,*,#1287,.T.);
#1287 = EDGE_CURVE('',#1279,#1288,#1290,.T.);
#1288 = VERTEX_POINT('',#1289);
#1289 = CARTESIAN_POINT('',(28.500000000001,-2.598076211354,
    -9.110236305274E-16));
#1290 = CIRCLE('',#1291,3.);
#1291 = AXIS2_PLACEMENT_3D('',#1292,#1293,#1294);
#1292 = CARTESIAN_POINT('',(30.,2.997602166488E-15,-1.7763568394E-15));
#1293 = DIRECTION('',(-0.,3.330669073875E-16,1.));
#1294 = DIRECTION('',(1.,0.,0.));
#1295 = ORIENTED_EDGE('',*,*,#1296,.T.);
#1296 = EDGE_CURVE('',#1288,#1297,#1299,.T.);
#1297 = VERTEX_POINT('',#1298);
#1298 = CARTESIAN_POINT('',(29.,-3.464101615142,4.377924091159E-15));
#1299 = B_SPLINE_CURVE_WITH_KNOTS('',5,(#1300,#1301,#1302,#1303,#1304,
    #1305,#1306,#1307,#1308,#1309,#1310,#1311,#1312,#1313,#1314,#1315,
    #1316,#1317),.UNSPECIFIED.,.F.,.F.,(6,4,4,4,6),(0.,0.249571064957,
    0.5,0.750428935043,1.),.UNSPECIFIED.);
#1300 = CARTESIAN_POINT('',(28.5,-2.598076211353,2.61711183054E-15));
#1301 = CARTESIAN_POINT('',(28.543416888922,-2.62314296386,
    2.622677767697E-15));
#1302 = CARTESIAN_POINT('',(28.585926021261,-2.651313235456,
    2.628932824525E-15));
#1303 = CARTESIAN_POINT('',(28.627117179888,-2.682572588402,
    2.635873795199E-15));
#1304 = CARTESIAN_POINT('',(28.66656094216,-2.716802733504,
    2.643474414245E-15));
#1305 = CARTESIAN_POINT('',(28.741312130694,-2.790874733778,
    2.659921702282E-15));
#1306 = CARTESIAN_POINT('',(28.776605499216,-2.830735978277,
    2.668772676569E-15));
#1307 = CARTESIAN_POINT('',(28.809362928628,-2.873129959874,
    2.678186031464E-15));
#1308 = CARTESIAN_POINT('',(28.839246770688,-2.917719662057,
    2.688086934269E-15));
#1309 = CARTESIAN_POINT('',(28.892804036881,-3.010483568218,
    2.708684659163E-15));
#1310 = CARTESIAN_POINT('',(28.916477930688,-3.058658585696,
    2.719381661887E-15));
#1311 = CARTESIAN_POINT('',(28.936813481014,-3.108224342528,
    2.73038747078E-15));
#1312 = CARTESIAN_POINT('',(28.953687647116,-3.158719918503,
    2.741599740998E-15));
#1313 = CARTESIAN_POINT('',(28.980460286795,-3.260492346873,
    2.764197759648E-15));
#1314 = CARTESIAN_POINT('',(28.990382580893,-3.311766719573,
    2.775582957477E-15));
#1315 = CARTESIAN_POINT('',(28.996858395335,-3.363068985828,
    2.786974348919E-15));
#1316 = CARTESIAN_POINT('',(29.,-3.413968110125,2.798276224864E-15));
#1317 = CARTESIAN_POINT('',(29.,-3.464101615138,2.809408099179E-15));
#1318 = ORIENTED_EDGE('',*,*,#1319,.T.);
#1319 = EDGE_CURVE('',#1297,#1320,#1322,.T.);
#1320 = VERTEX_POINT('',#1321);
#1321 = CARTESIAN_POINT('',(29.,-7.5,-2.741265763159E-15));
#1322 = LINE('',#1323,#1324);
#1323 = CARTESIAN_POINT('',(29.,-9.5,3.816579864025E-15));
#1324 = VECTOR('',#1325,1.);
#1325 = DIRECTION('',(-0.,-1.,-1.110223024625E-16));
#1326 = ORIENTED_EDGE('',*,*,#1327,.F.);
#1327 = EDGE_CURVE('',#623,#1320,#1328,.T.);
#1328 = CIRCLE('',#1329,2.);
#1329 = AXIS2_PLACEMENT_3D('',#1330,#1331,#1332);
#1330 = CARTESIAN_POINT('',(27.,-7.5,-2.45226762955E-15));
#1331 = DIRECTION('',(0.,2.22044604925E-16,1.));
#1332 = DIRECTION('',(0.,1.,-2.22044604925E-16));
#1333 = ORIENTED_EDGE('',*,*,#622,.T.);
#1334 = ORIENTED_EDGE('',*,*,#1155,.T.);
#1335 = PLANE('',#1336);
#1336 = AXIS2_PLACEMENT_3D('',#1337,#1338,#1339);
#1337 = CARTESIAN_POINT('',(15.,4.79811285857,9.748279505584E-16));
#1338 = DIRECTION('',(0.,-2.22044604925E-16,-1.));
#1339 = DIRECTION('',(0.,1.,-2.22044604925E-16));
#1340 = ADVANCED_FACE('',(#1341,#1451,#1462),#1473,.T.);
#1341 = FACE_BOUND('',#1342,.T.);
#1342 = EDGE_LOOP('',(#1343,#1353,#1376,#1385,#1394,#1403,#1411,#1419,
    #1426,#1427,#1436,#1442,#1443,#1444));
#1343 = ORIENTED_EDGE('',*,*,#1344,.T.);
#1344 = EDGE_CURVE('',#1345,#1347,#1349,.T.);
#1345 = VERTEX_POINT('',#1346);
#1346 = CARTESIAN_POINT('',(31.,-7.5,-2.163269495942E-15));
#1347 = VERTEX_POINT('',#1348);
#1348 = CARTESIAN_POINT('',(31.,-3.464101615138,-1.396631774473E-16));
#1349 = LINE('',#1350,#1351);
#1350 = CARTESIAN_POINT('',(31.,-9.5,-8.097825135644E-16));
#1351 = VECTOR('',#1352,1.);
#1352 = DIRECTION('',(0.,1.,1.110223024625E-16));
#1353 = ORIENTED_EDGE('',*,*,#1354,.F.);
#1354 = EDGE_CURVE('',#1355,#1347,#1357,.T.);
#1355 = VERTEX_POINT('',#1356);
#1356 = CARTESIAN_POINT('',(31.5,-2.598076211353,-9.110236305276E-16));
#1357 = B_SPLINE_CURVE_WITH_KNOTS('',5,(#1358,#1359,#1360,#1361,#1362,
    #1363,#1364,#1365,#1366,#1367,#1368,#1369,#1370,#1371,#1372,#1373,
    #1374,#1375),.UNSPECIFIED.,.F.,.F.,(6,4,4,4,6),(0.,0.249571064957,
    0.5,0.750428935043,1.),.UNSPECIFIED.);
#1358 = CARTESIAN_POINT('',(31.5,-2.598076211353,2.61711183054E-15));
#1359 = CARTESIAN_POINT('',(31.456583111078,-2.62314296386,
    2.622677767697E-15));
#1360 = CARTESIAN_POINT('',(31.414073978739,-2.651313235456,
    2.628932824525E-15));
#1361 = CARTESIAN_POINT('',(31.372882820112,-2.682572588402,
    2.635873795199E-15));
#1362 = CARTESIAN_POINT('',(31.33343905784,-2.716802733504,
    2.643474414245E-15));
#1363 = CARTESIAN_POINT('',(31.258687869306,-2.790874733778,
    2.659921702282E-15));
#1364 = CARTESIAN_POINT('',(31.223394500784,-2.830735978277,
    2.668772676569E-15));
#1365 = CARTESIAN_POINT('',(31.190637071372,-2.873129959875,
    2.678186031464E-15));
#1366 = CARTESIAN_POINT('',(31.160753229312,-2.917719662057,
    2.688086934269E-15));
#1367 = CARTESIAN_POINT('',(31.107195963119,-3.010483568218,
    2.708684659163E-15));
#1368 = CARTESIAN_POINT('',(31.083522069312,-3.058658585696,
    2.719381661887E-15));
#1369 = CARTESIAN_POINT('',(31.063186518986,-3.108224342528,
    2.73038747078E-15));
#1370 = CARTESIAN_POINT('',(31.046312352884,-3.158719918503,
    2.741599740998E-15));
#1371 = CARTESIAN_POINT('',(31.019539713205,-3.260492346873,
    2.764197759648E-15));
#1372 = CARTESIAN_POINT('',(31.009617419107,-3.311766719573,
    2.775582957477E-15));
#1373 = CARTESIAN_POINT('',(31.003141604665,-3.363068985829,
    2.786974348919E-15));
#1374 = CARTESIAN_POINT('',(31.,-3.413968110125,2.798276224864E-15));
#1375 = CARTESIAN_POINT('',(31.,-3.464101615138,2.809408099179E-15));
#1376 = ORIENTED_EDGE('',*,*,#1377,.T.);
#1377 = EDGE_CURVE('',#1355,#1378,#1380,.T.);
#1378 = VERTEX_POINT('',#1379);
#1379 = CARTESIAN_POINT('',(33.,2.262814087E-15,-1.7763568394E-15));
#1380 = CIRCLE('',#1381,3.);
#1381 = AXIS2_PLACEMENT_3D('',#1382,#1383,#1384);
#1382 = CARTESIAN_POINT('',(30.,2.997602166488E-15,-1.7763568394E-15));
#1383 = DIRECTION('',(-0.,3.330669073875E-16,1.));
#1384 = DIRECTION('',(1.,0.,0.));
#1385 = ORIENTED_EDGE('',*,*,#1386,.T.);
#1386 = EDGE_CURVE('',#1378,#1387,#1389,.T.);
#1387 = VERTEX_POINT('',#1388);
#1388 = CARTESIAN_POINT('',(32.976470224948,0.375,-1.998401444325E-15));
#1389 = CIRCLE('',#1390,3.);
#1390 = AXIS2_PLACEMENT_3D('',#1391,#1392,#1393);
#1391 = CARTESIAN_POINT('',(30.,2.997602166488E-15,-1.7763568394E-15));
#1392 = DIRECTION('',(-0.,3.330669073875E-16,1.));
#1393 = DIRECTION('',(1.,0.,0.));
#1394 = ORIENTED_EDGE('',*,*,#1395,.F.);
#1395 = EDGE_CURVE('',#1396,#1387,#1398,.T.);
#1396 = VERTEX_POINT('',#1397);
#1397 = CARTESIAN_POINT('',(33.968626966597,1.5,2.6645352591E-15));
#1398 = CIRCLE('',#1399,1.);
#1399 = AXIS2_PLACEMENT_3D('',#1400,#1401,#1402);
#1400 = CARTESIAN_POINT('',(33.968626966597,0.5,1.7763568394E-15));
#1401 = DIRECTION('',(0.,3.330669073875E-16,1.));
#1402 = DIRECTION('',(0.,1.,-3.330669073875E-16));
#1403 = ORIENTED_EDGE('',*,*,#1404,.T.);
#1404 = EDGE_CURVE('',#1396,#1405,#1407,.T.);
#1405 = VERTEX_POINT('',#1406);
#1406 = CARTESIAN_POINT('',(41.,1.5,2.6645352591E-15));
#1407 = LINE('',#1408,#1409);
#1408 = CARTESIAN_POINT('',(-11.,1.5,2.6645352591E-15));
#1409 = VECTOR('',#1410,1.);
#1410 = DIRECTION('',(1.,0.,0.));
#1411 = ORIENTED_EDGE('',*,*,#1412,.T.);
#1412 = EDGE_CURVE('',#1405,#1413,#1415,.T.);
#1413 = VERTEX_POINT('',#1414);
#1414 = CARTESIAN_POINT('',(41.,16.5,-6.661338147751E-16));
#1415 = LINE('',#1416,#1417);
#1416 = CARTESIAN_POINT('',(41.,1.5,2.6645352591E-15));
#1417 = VECTOR('',#1418,1.);
#1418 = DIRECTION('',(0.,1.,-2.22044604925E-16));
#1419 = ORIENTED_EDGE('',*,*,#1420,.F.);
#1420 = EDGE_CURVE('',#920,#1413,#1421,.T.);
#1421 = CIRCLE('',#1422,1.);
#1422 = AXIS2_PLACEMENT_3D('',#1423,#1424,#1425);
#1423 = CARTESIAN_POINT('',(42.,16.5,-1.623512956638E-15));
#1424 = DIRECTION('',(-0.,2.22044604925E-16,1.));
#1425 = DIRECTION('',(0.,-1.,2.22044604925E-16));
#1426 = ORIENTED_EDGE('',*,*,#919,.T.);
#1427 = ORIENTED_EDGE('',*,*,#1428,.F.);
#1428 = EDGE_CURVE('',#1429,#910,#1431,.T.);
#1429 = VERTEX_POINT('',#1430);
#1430 = CARTESIAN_POINT('',(47.269074841227,11.576975052924,
    -1.460381827228E-15));
#1431 = CIRCLE('',#1432,4.5);
#1432 = AXIS2_PLACEMENT_3D('',#1433,#1434,#1435);
#1433 = CARTESIAN_POINT('',(43.,13.,-1.7763568394E-15));
#1434 = DIRECTION('',(-0.,2.22044604925E-16,1.));
#1435 = DIRECTION('',(1.,0.,0.));
#1436 = ORIENTED_EDGE('',*,*,#1437,.F.);
#1437 = EDGE_CURVE('',#1190,#1429,#1438,.T.);
#1438 = LINE('',#1439,#1440);
#1439 = CARTESIAN_POINT('',(41.269074841227,-6.423024947076,
    2.536421061422E-15));
#1440 = VECTOR('',#1441,1.);
#1441 = DIRECTION('',(0.316227766017,0.948683298051,-2.106500081146E-16)
  );
#1442 = ORIENTED_EDGE('',*,*,#1197,.F.);
#1443 = ORIENTED_EDGE('',*,*,#639,.T.);
#1444 = ORIENTED_EDGE('',*,*,#1445,.T.);
#1445 = EDGE_CURVE('',#631,#1345,#1446,.T.);
#1446 = CIRCLE('',#1447,2.);
#1447 = AXIS2_PLACEMENT_3D('',#1448,#1449,#1450);
#1448 = CARTESIAN_POINT('',(33.,-7.5,-2.45226762955E-15));
#1449 = DIRECTION('',(0.,-2.22044604925E-16,-1.));
#1450 = DIRECTION('',(0.,1.,-2.22044604925E-16));
#1451 = FACE_BOUND('',#1452,.T.);
#1452 = EDGE_LOOP('',(#1453));
#1453 = ORIENTED_EDGE('',*,*,#1454,.T.);
#1454 = EDGE_CURVE('',#1455,#1455,#1457,.T.);
#1455 = VERTEX_POINT('',#1456);
#1456 = CARTESIAN_POINT('',(38.5,-5.,2.22044604925E-15));
#1457 = CIRCLE('',#1458,1.5);
#1458 = AXIS2_PLACEMENT_3D('',#1459,#1460,#1461);
#1459 = CARTESIAN_POINT('',(37.,-5.,2.22044604925E-15));
#1460 = DIRECTION('',(-0.,2.22044604925E-16,1.));
#1461 = DIRECTION('',(1.,0.,0.));
#1462 = FACE_BOUND('',#1463,.T.);
#1463 = EDGE_LOOP('',(#1464));
#1464 = ORIENTED_EDGE('',*,*,#1465,.T.);
#1465 = EDGE_CURVE('',#1466,#1466,#1468,.T.);
#1466 = VERTEX_POINT('',#1467);
#1467 = CARTESIAN_POINT('',(44.5,13.,-1.7763568394E-15));
#1468 = CIRCLE('',#1469,1.5);
#1469 = AXIS2_PLACEMENT_3D('',#1470,#1471,#1472);
#1470 = CARTESIAN_POINT('',(43.,13.,-1.7763568394E-15));
#1471 = DIRECTION('',(-0.,2.22044604925E-16,1.));
#1472 = DIRECTION('',(1.,0.,0.));
#1473 = PLANE('',#1474);
#1474 = AXIS2_PLACEMENT_3D('',#1475,#1476,#1477);
#1475 = CARTESIAN_POINT('',(15.,4.79811285857,9.748279505584E-16));
#1476 = DIRECTION('',(0.,-2.22044604925E-16,-1.));
#1477 = DIRECTION('',(0.,1.,-2.22044604925E-16));
#1478 = ADVANCED_FACE('',(#1479),#1491,.T.);
#1479 = FACE_BOUND('',#1480,.F.);
#1480 = EDGE_LOOP('',(#1481,#1482,#1483,#1484));
#1481 = ORIENTED_EDGE('',*,*,#1327,.F.);
#1482 = ORIENTED_EDGE('',*,*,#630,.T.);
#1483 = ORIENTED_EDGE('',*,*,#1445,.T.);
#1484 = ORIENTED_EDGE('',*,*,#1485,.F.);
#1485 = EDGE_CURVE('',#1320,#1345,#1486,.T.);
#1486 = CIRCLE('',#1487,1.);
#1487 = AXIS2_PLACEMENT_3D('',#1488,#1489,#1490);
#1488 = CARTESIAN_POINT('',(30.,-7.5,-2.45226762955E-15));
#1489 = DIRECTION('',(0.,1.,-7.82044604925E-16));
#1490 = DIRECTION('',(-1.,-2.260094312219E-31,-2.889981336085E-16));
#1491 = TOROIDAL_SURFACE('',#1492,3.,2.);
#1492 = AXIS2_PLACEMENT_3D('',#1493,#1494,#1495);
#1493 = CARTESIAN_POINT('',(30.,-7.5,-2.45226762955E-15));
#1494 = DIRECTION('',(0.,-1.,7.82044604925E-16));
#1495 = DIRECTION('',(-1.,-2.260094312219E-31,-2.889981336085E-16));
#1496 = ADVANCED_FACE('',(#1497),#1516,.T.);
#1497 = FACE_BOUND('',#1498,.T.);
#1498 = EDGE_LOOP('',(#1499,#1508,#1514,#1515));
#1499 = ORIENTED_EDGE('',*,*,#1500,.T.);
#1500 = EDGE_CURVE('',#740,#1501,#1503,.T.);
#1501 = VERTEX_POINT('',#1502);
#1502 = CARTESIAN_POINT('',(3.968626966597,1.5,1.));
#1503 = CIRCLE('',#1504,1.);
#1504 = AXIS2_PLACEMENT_3D('',#1505,#1506,#1507);
#1505 = CARTESIAN_POINT('',(3.968626966597,0.5,1.));
#1506 = DIRECTION('',(0.,0.,-1.));
#1507 = DIRECTION('',(0.,1.,0.));
#1508 = ORIENTED_EDGE('',*,*,#1509,.T.);
#1509 = EDGE_CURVE('',#1501,#1038,#1510,.T.);
#1510 = LINE('',#1511,#1512);
#1511 = CARTESIAN_POINT('',(3.968626966597,1.5,1.));
#1512 = VECTOR('',#1513,1.);
#1513 = DIRECTION('',(-0.,-0.,-1.));
#1514 = ORIENTED_EDGE('',*,*,#1037,.F.);
#1515 = ORIENTED_EDGE('',*,*,#748,.F.);
#1516 = CYLINDRICAL_SURFACE('',#1517,1.);
#1517 = AXIS2_PLACEMENT_3D('',#1518,#1519,#1520);
#1518 = CARTESIAN_POINT('',(3.968626966597,0.5,1.));
#1519 = DIRECTION('',(-0.,-0.,-1.));
#1520 = DIRECTION('',(-0.992156741649,-0.125,0.));
#1521 = ADVANCED_FACE('',(#1522,#1659,#1670,#1681),#1692,.F.);
#1522 = FACE_BOUND('',#1523,.F.);
#1523 = EDGE_LOOP('',(#1524,#1525,#1526,#1527,#1528,#1529,#1530,#1531,
    #1539,#1548,#1557,#1566,#1575,#1584,#1592,#1601,#1610,#1619,#1628,
    #1637,#1645,#1653));
#1524 = ORIENTED_EDGE('',*,*,#885,.F.);
#1525 = ORIENTED_EDGE('',*,*,#845,.T.);
#1526 = ORIENTED_EDGE('',*,*,#787,.F.);
#1527 = ORIENTED_EDGE('',*,*,#721,.F.);
#1528 = ORIENTED_EDGE('',*,*,#730,.T.);
#1529 = ORIENTED_EDGE('',*,*,#739,.T.);
#1530 = ORIENTED_EDGE('',*,*,#1500,.T.);
#1531 = ORIENTED_EDGE('',*,*,#1532,.T.);
#1532 = EDGE_CURVE('',#1501,#1533,#1535,.T.);
#1533 = VERTEX_POINT('',#1534);
#1534 = CARTESIAN_POINT('',(11.031373033403,1.5,1.));
#1535 = LINE('',#1536,#1537);
#1536 = CARTESIAN_POINT('',(-11.,1.5,1.));
#1537 = VECTOR('',#1538,1.);
#1538 = DIRECTION('',(1.,0.,0.));
#1539 = ORIENTED_EDGE('',*,*,#1540,.F.);
#1540 = EDGE_CURVE('',#1541,#1533,#1543,.T.);
#1541 = VERTEX_POINT('',#1542);
#1542 = CARTESIAN_POINT('',(12.023529775052,0.375,1.));
#1543 = CIRCLE('',#1544,1.);
#1544 = AXIS2_PLACEMENT_3D('',#1545,#1546,#1547);
#1545 = CARTESIAN_POINT('',(11.031373033403,0.5,1.));
#1546 = DIRECTION('',(0.,3.330669073875E-16,1.));
#1547 = DIRECTION('',(0.,1.,-3.330669073875E-16));
#1548 = ORIENTED_EDGE('',*,*,#1549,.F.);
#1549 = EDGE_CURVE('',#1550,#1541,#1552,.T.);
#1550 = VERTEX_POINT('',#1551);
#1551 = CARTESIAN_POINT('',(12.401923788647,1.5,1.));
#1552 = CIRCLE('',#1553,3.);
#1553 = AXIS2_PLACEMENT_3D('',#1554,#1555,#1556);
#1554 = CARTESIAN_POINT('',(15.,3.330669073875E-15,1.));
#1555 = DIRECTION('',(0.,3.330669073875E-16,1.));
#1556 = DIRECTION('',(0.,1.,-3.330669073875E-16));
#1557 = ORIENTED_EDGE('',*,*,#1558,.T.);
#1558 = EDGE_CURVE('',#1550,#1559,#1561,.T.);
#1559 = VERTEX_POINT('',#1560);
#1560 = CARTESIAN_POINT('',(17.598076211353,1.5,1.));
#1561 = CIRCLE('',#1562,3.);
#1562 = AXIS2_PLACEMENT_3D('',#1563,#1564,#1565);
#1563 = CARTESIAN_POINT('',(15.,3.330669073875E-15,1.));
#1564 = DIRECTION('',(0.,-3.330669073875E-16,-1.));
#1565 = DIRECTION('',(1.,0.,0.));
#1566 = ORIENTED_EDGE('',*,*,#1567,.T.);
#1567 = EDGE_CURVE('',#1559,#1568,#1570,.T.);
#1568 = VERTEX_POINT('',#1569);
#1569 = CARTESIAN_POINT('',(17.976470224948,0.375,1.));
#1570 = CIRCLE('',#1571,3.);
#1571 = AXIS2_PLACEMENT_3D('',#1572,#1573,#1574);
#1572 = CARTESIAN_POINT('',(15.,3.330669073875E-15,1.));
#1573 = DIRECTION('',(0.,-3.330669073875E-16,-1.));
#1574 = DIRECTION('',(0.,1.,-3.330669073875E-16));
#1575 = ORIENTED_EDGE('',*,*,#1576,.F.);
#1576 = EDGE_CURVE('',#1577,#1568,#1579,.T.);
#1577 = VERTEX_POINT('',#1578);
#1578 = CARTESIAN_POINT('',(18.968626966597,1.5,1.));
#1579 = CIRCLE('',#1580,1.);
#1580 = AXIS2_PLACEMENT_3D('',#1581,#1582,#1583);
#1581 = CARTESIAN_POINT('',(18.968626966597,0.5,1.));
#1582 = DIRECTION('',(0.,3.330669073875E-16,1.));
#1583 = DIRECTION('',(0.,1.,-3.330669073875E-16));
#1584 = ORIENTED_EDGE('',*,*,#1585,.T.);
#1585 = EDGE_CURVE('',#1577,#1586,#1588,.T.);
#1586 = VERTEX_POINT('',#1587);
#1587 = CARTESIAN_POINT('',(26.031373033403,1.5,1.));
#1588 = LINE('',#1589,#1590);
#1589 = CARTESIAN_POINT('',(-11.,1.5,1.));
#1590 = VECTOR('',#1591,1.);
#1591 = DIRECTION('',(1.,0.,0.));
#1592 = ORIENTED_EDGE('',*,*,#1593,.F.);
#1593 = EDGE_CURVE('',#1594,#1586,#1596,.T.);
#1594 = VERTEX_POINT('',#1595);
#1595 = CARTESIAN_POINT('',(27.023529775052,0.375,1.));
#1596 = CIRCLE('',#1597,1.);
#1597 = AXIS2_PLACEMENT_3D('',#1598,#1599,#1600);
#1598 = CARTESIAN_POINT('',(26.031373033403,0.5,1.));
#1599 = DIRECTION('',(0.,3.330669073875E-16,1.));
#1600 = DIRECTION('',(0.,1.,-3.330669073875E-16));
#1601 = ORIENTED_EDGE('',*,*,#1602,.F.);
#1602 = EDGE_CURVE('',#1603,#1594,#1605,.T.);
#1603 = VERTEX_POINT('',#1604);
#1604 = CARTESIAN_POINT('',(27.401923788647,1.5,1.));
#1605 = CIRCLE('',#1606,3.);
#1606 = AXIS2_PLACEMENT_3D('',#1607,#1608,#1609);
#1607 = CARTESIAN_POINT('',(30.,3.330669073875E-15,1.));
#1608 = DIRECTION('',(0.,3.330669073875E-16,1.));
#1609 = DIRECTION('',(0.,1.,-3.330669073875E-16));
#1610 = ORIENTED_EDGE('',*,*,#1611,.T.);
#1611 = EDGE_CURVE('',#1603,#1612,#1614,.T.);
#1612 = VERTEX_POINT('',#1613);
#1613 = CARTESIAN_POINT('',(32.598076211353,1.5,1.));
#1614 = CIRCLE('',#1615,3.);
#1615 = AXIS2_PLACEMENT_3D('',#1616,#1617,#1618);
#1616 = CARTESIAN_POINT('',(30.,3.330669073875E-15,1.));
#1617 = DIRECTION('',(0.,-3.330669073875E-16,-1.));
#1618 = DIRECTION('',(1.,0.,0.));
#1619 = ORIENTED_EDGE('',*,*,#1620,.T.);
#1620 = EDGE_CURVE('',#1612,#1621,#1623,.T.);
#1621 = VERTEX_POINT('',#1622);
#1622 = CARTESIAN_POINT('',(32.976470224948,0.375,1.));
#1623 = CIRCLE('',#1624,3.);
#1624 = AXIS2_PLACEMENT_3D('',#1625,#1626,#1627);
#1625 = CARTESIAN_POINT('',(30.,3.330669073875E-15,1.));
#1626 = DIRECTION('',(0.,-3.330669073875E-16,-1.));
#1627 = DIRECTION('',(0.,1.,-3.330669073875E-16));
#1628 = ORIENTED_EDGE('',*,*,#1629,.F.);
#1629 = EDGE_CURVE('',#1630,#1621,#1632,.T.);
#1630 = VERTEX_POINT('',#1631);
#1631 = CARTESIAN_POINT('',(33.968626966597,1.5,1.));
#1632 = CIRCLE('',#1633,1.);
#1633 = AXIS2_PLACEMENT_3D('',#1634,#1635,#1636);
#1634 = CARTESIAN_POINT('',(33.968626966597,0.5,1.));
#1635 = DIRECTION('',(0.,3.330669073875E-16,1.));
#1636 = DIRECTION('',(0.,1.,-3.330669073875E-16));
#1637 = ORIENTED_EDGE('',*,*,#1638,.T.);
#1638 = EDGE_CURVE('',#1630,#1639,#1641,.T.);
#1639 = VERTEX_POINT('',#1640);
#1640 = CARTESIAN_POINT('',(41.,1.5,1.));
#1641 = LINE('',#1642,#1643);
#1642 = CARTESIAN_POINT('',(-11.,1.5,1.));
#1643 = VECTOR('',#1644,1.);
#1644 = DIRECTION('',(1.,0.,0.));
#1645 = ORIENTED_EDGE('',*,*,#1646,.T.);
#1646 = EDGE_CURVE('',#1639,#1647,#1649,.T.);
#1647 = VERTEX_POINT('',#1648);
#1648 = CARTESIAN_POINT('',(41.,16.5,1.));
#1649 = LINE('',#1650,#1651);
#1650 = CARTESIAN_POINT('',(41.,1.5,1.));
#1651 = VECTOR('',#1652,1.);
#1652 = DIRECTION('',(0.,1.,-2.22044604925E-16));
#1653 = ORIENTED_EDGE('',*,*,#1654,.F.);
#1654 = EDGE_CURVE('',#886,#1647,#1655,.T.);
#1655 = LINE('',#1656,#1657);
#1656 = CARTESIAN_POINT('',(-11.,16.5,1.));
#1657 = VECTOR('',#1658,1.);
#1658 = DIRECTION('',(1.,0.,0.));
#1659 = FACE_BOUND('',#1660,.F.);
#1660 = EDGE_LOOP('',(#1661));
#1661 = ORIENTED_EDGE('',*,*,#1662,.F.);
#1662 = EDGE_CURVE('',#1663,#1663,#1665,.T.);
#1663 = VERTEX_POINT('',#1664);
#1664 = CARTESIAN_POINT('',(2.75,9.,1.));
#1665 = CIRCLE('',#1666,2.75);
#1666 = AXIS2_PLACEMENT_3D('',#1667,#1668,#1669);
#1667 = CARTESIAN_POINT('',(0.,9.,1.));
#1668 = DIRECTION('',(-0.,1.110223024625E-16,1.));
#1669 = DIRECTION('',(1.,0.,0.));
#1670 = FACE_BOUND('',#1671,.F.);
#1671 = EDGE_LOOP('',(#1672));
#1672 = ORIENTED_EDGE('',*,*,#1673,.F.);
#1673 = EDGE_CURVE('',#1674,#1674,#1676,.T.);
#1674 = VERTEX_POINT('',#1675);
#1675 = CARTESIAN_POINT('',(17.75,9.,1.));
#1676 = CIRCLE('',#1677,2.75);
#1677 = AXIS2_PLACEMENT_3D('',#1678,#1679,#1680);
#1678 = CARTESIAN_POINT('',(15.,9.,1.));
#1679 = DIRECTION('',(0.,0.,1.));
#1680 = DIRECTION('',(1.,0.,0.));
#1681 = FACE_BOUND('',#1682,.F.);
#1682 = EDGE_LOOP('',(#1683));
#1683 = ORIENTED_EDGE('',*,*,#1684,.F.);
#1684 = EDGE_CURVE('',#1685,#1685,#1687,.T.);
#1685 = VERTEX_POINT('',#1686);
#1686 = CARTESIAN_POINT('',(32.75,9.,1.));
#1687 = CIRCLE('',#1688,2.75);
#1688 = AXIS2_PLACEMENT_3D('',#1689,#1690,#1691);
#1689 = CARTESIAN_POINT('',(30.,9.,1.));
#1690 = DIRECTION('',(0.,0.,1.));
#1691 = DIRECTION('',(1.,0.,0.));
#1692 = PLANE('',#1693);
#1693 = AXIS2_PLACEMENT_3D('',#1694,#1695,#1696);
#1694 = CARTESIAN_POINT('',(-11.,1.5,1.));
#1695 = DIRECTION('',(0.,2.22044604925E-16,1.));
#1696 = DIRECTION('',(1.,0.,0.));
#1697 = ADVANCED_FACE('',(#1698),#1701,.F.);
#1698 = FACE_BOUND('',#1699,.T.);
#1699 = EDGE_LOOP('',(#1700));
#1700 = ORIENTED_EDGE('',*,*,#696,.F.);
#1701 = PLANE('',#1702);
#1702 = AXIS2_PLACEMENT_3D('',#1703,#1704,#1705);
#1703 = CARTESIAN_POINT('',(0.,0.,4.));
#1704 = DIRECTION('',(0.,0.,1.));
#1705 = DIRECTION('',(1.,0.,0.));
#1706 = ADVANCED_FACE('',(#1707),#1727,.T.);
#1707 = FACE_BOUND('',#1708,.T.);
#1708 = EDGE_LOOP('',(#1709,#1718,#1719,#1720));
#1709 = ORIENTED_EDGE('',*,*,#1710,.F.);
#1710 = EDGE_CURVE('',#763,#1711,#1713,.T.);
#1711 = VERTEX_POINT('',#1712);
#1712 = CARTESIAN_POINT('',(-10.32039154317,-6.106797181059,6.4));
#1713 = CIRCLE('',#1714,1.);
#1714 = AXIS2_PLACEMENT_3D('',#1715,#1716,#1717);
#1715 = CARTESIAN_POINT('',(-10.32039154317,-6.106797181059,5.4));
#1716 = DIRECTION('',(-0.316227766017,0.948683298051,-2.106500081146E-16
    ));
#1717 = DIRECTION('',(-0.948683298051,-0.316227766017,2.102166693715E-16
    ));
#1718 = ORIENTED_EDGE('',*,*,#770,.T.);
#1719 = ORIENTED_EDGE('',*,*,#1120,.T.);
#1720 = ORIENTED_EDGE('',*,*,#1721,.F.);
#1721 = EDGE_CURVE('',#1711,#1121,#1722,.T.);
#1722 = CIRCLE('',#1723,3.5);
#1723 = AXIS2_PLACEMENT_3D('',#1724,#1725,#1726);
#1724 = CARTESIAN_POINT('',(-7.,-5.,6.4));
#1725 = DIRECTION('',(0.,2.22044604925E-16,1.));
#1726 = DIRECTION('',(-0.948683298051,-0.316227766017,7.021666937153E-17
    ));
#1727 = TOROIDAL_SURFACE('',#1728,3.5,1.);
#1728 = AXIS2_PLACEMENT_3D('',#1729,#1730,#1731);
#1729 = CARTESIAN_POINT('',(-7.,-5.,5.4));
#1730 = DIRECTION('',(0.,2.22044604925E-16,1.));
#1731 = DIRECTION('',(-0.948683298051,-0.316227766017,7.021666937153E-17
    ));
#1732 = ADVANCED_FACE('',(#1733),#1752,.T.);
#1733 = FACE_BOUND('',#1734,.F.);
#1734 = EDGE_LOOP('',(#1735,#1744,#1750,#1751));
#1735 = ORIENTED_EDGE('',*,*,#1736,.T.);
#1736 = EDGE_CURVE('',#814,#1737,#1739,.T.);
#1737 = VERTEX_POINT('',#1738);
#1738 = CARTESIAN_POINT('',(-16.32039154317,11.893202818941,6.4));
#1739 = CIRCLE('',#1740,1.);
#1740 = AXIS2_PLACEMENT_3D('',#1741,#1742,#1743);
#1741 = CARTESIAN_POINT('',(-16.32039154317,11.893202818941,5.4));
#1742 = DIRECTION('',(-0.316227766017,0.948683298051,-2.106500081146E-16
    ));
#1743 = DIRECTION('',(-0.948683298051,-0.316227766017,7.021666937153E-17
    ));
#1744 = ORIENTED_EDGE('',*,*,#1745,.T.);
#1745 = EDGE_CURVE('',#1737,#1711,#1746,.T.);
#1746 = LINE('',#1747,#1748);
#1747 = CARTESIAN_POINT('',(-16.32039154317,11.893202818941,6.4));
#1748 = VECTOR('',#1749,1.);
#1749 = DIRECTION('',(0.316227766017,-0.948683298051,2.106500081146E-16)
  );
#1750 = ORIENTED_EDGE('',*,*,#1710,.F.);
#1751 = ORIENTED_EDGE('',*,*,#813,.F.);
#1752 = CYLINDRICAL_SURFACE('',#1753,1.);
#1753 = AXIS2_PLACEMENT_3D('',#1754,#1755,#1756);
#1754 = CARTESIAN_POINT('',(-16.32039154317,11.893202818941,5.4));
#1755 = DIRECTION('',(0.316227766017,-0.948683298051,2.106500081146E-16)
  );
#1756 = DIRECTION('',(-0.948683298051,-0.316227766017,2.102166693715E-16
    ));
#1757 = ADVANCED_FACE('',(#1758),#1778,.T.);
#1758 = FACE_BOUND('',#1759,.T.);
#1759 = EDGE_LOOP('',(#1760,#1769,#1770,#1771));
#1760 = ORIENTED_EDGE('',*,*,#1761,.F.);
#1761 = EDGE_CURVE('',#861,#1762,#1764,.T.);
#1762 = VERTEX_POINT('',#1763);
#1763 = CARTESIAN_POINT('',(-13.,16.5,6.4));
#1764 = CIRCLE('',#1765,1.);
#1765 = AXIS2_PLACEMENT_3D('',#1766,#1767,#1768);
#1766 = CARTESIAN_POINT('',(-13.,16.5,5.4));
#1767 = DIRECTION('',(1.,-0.,0.));
#1768 = DIRECTION('',(0.,1.,-7.82044604925E-16));
#1769 = ORIENTED_EDGE('',*,*,#868,.T.);
#1770 = ORIENTED_EDGE('',*,*,#1736,.T.);
#1771 = ORIENTED_EDGE('',*,*,#1772,.F.);
#1772 = EDGE_CURVE('',#1762,#1737,#1773,.T.);
#1773 = CIRCLE('',#1774,3.5);
#1774 = AXIS2_PLACEMENT_3D('',#1775,#1776,#1777);
#1775 = CARTESIAN_POINT('',(-13.,13.,6.4));
#1776 = DIRECTION('',(0.,2.22044604925E-16,1.));
#1777 = DIRECTION('',(0.,1.,-2.22044604925E-16));
#1778 = TOROIDAL_SURFACE('',#1779,3.5,1.);
#1779 = AXIS2_PLACEMENT_3D('',#1780,#1781,#1782);
#1780 = CARTESIAN_POINT('',(-13.,13.,5.4));
#1781 = DIRECTION('',(0.,2.22044604925E-16,1.));
#1782 = DIRECTION('',(0.,1.,-2.22044604925E-16));
#1783 = ADVANCED_FACE('',(#1784),#1803,.T.);
#1784 = FACE_BOUND('',#1785,.F.);
#1785 = EDGE_LOOP('',(#1786,#1794,#1801,#1802));
#1786 = ORIENTED_EDGE('',*,*,#1787,.T.);
#1787 = EDGE_CURVE('',#1429,#1788,#1790,.T.);
#1788 = VERTEX_POINT('',#1789);
#1789 = CARTESIAN_POINT('',(47.269074841227,11.576975052924,5.4));
#1790 = LINE('',#1791,#1792);
#1791 = CARTESIAN_POINT('',(47.269074841227,11.576975052924,
    -2.600381827228E-15));
#1792 = VECTOR('',#1793,1.);
#1793 = DIRECTION('',(0.,6.62044604925E-16,1.));
#1794 = ORIENTED_EDGE('',*,*,#1795,.T.);
#1795 = EDGE_CURVE('',#1788,#912,#1796,.T.);
#1796 = CIRCLE('',#1797,4.5);
#1797 = AXIS2_PLACEMENT_3D('',#1798,#1799,#1800);
#1798 = CARTESIAN_POINT('',(43.,13.,5.4));
#1799 = DIRECTION('',(0.,2.22044604925E-16,1.));
#1800 = DIRECTION('',(0.948683298051,-0.316227766017,7.021666937153E-17)
  );
#1801 = ORIENTED_EDGE('',*,*,#909,.F.);
#1802 = ORIENTED_EDGE('',*,*,#1428,.F.);
#1803 = CYLINDRICAL_SURFACE('',#1804,4.5);
#1804 = AXIS2_PLACEMENT_3D('',#1805,#1806,#1807);
#1805 = CARTESIAN_POINT('',(43.,13.,-3.5563568394E-15));
#1806 = DIRECTION('',(0.,-6.62044604925E-16,-1.));
#1807 = DIRECTION('',(1.,0.,0.));
#1808 = ADVANCED_FACE('',(#1809),#1828,.T.);
#1809 = FACE_BOUND('',#1810,.F.);
#1810 = EDGE_LOOP('',(#1811,#1820,#1826,#1827));
#1811 = ORIENTED_EDGE('',*,*,#1812,.T.);
#1812 = EDGE_CURVE('',#912,#1813,#1815,.T.);
#1813 = VERTEX_POINT('',#1814);
#1814 = CARTESIAN_POINT('',(43.,16.5,6.4));
#1815 = CIRCLE('',#1816,1.);
#1816 = AXIS2_PLACEMENT_3D('',#1817,#1818,#1819);
#1817 = CARTESIAN_POINT('',(43.,16.5,5.4));
#1818 = DIRECTION('',(1.,-0.,0.));
#1819 = DIRECTION('',(0.,1.,-7.82044604925E-16));
#1820 = ORIENTED_EDGE('',*,*,#1821,.T.);
#1821 = EDGE_CURVE('',#1813,#1762,#1822,.T.);
#1822 = LINE('',#1823,#1824);
#1823 = CARTESIAN_POINT('',(43.,16.5,6.4));
#1824 = VECTOR('',#1825,1.);
#1825 = DIRECTION('',(-1.,0.,0.));
#1826 = ORIENTED_EDGE('',*,*,#1761,.F.);
#1827 = ORIENTED_EDGE('',*,*,#951,.F.);
#1828 = CYLINDRICAL_SURFACE('',#1829,1.);
#1829 = AXIS2_PLACEMENT_3D('',#1830,#1831,#1832);
#1830 = CARTESIAN_POINT('',(43.,16.5,5.4));
#1831 = DIRECTION('',(-1.,0.,0.));
#1832 = DIRECTION('',(0.,1.,-7.82044604925E-16));
#1833 = ADVANCED_FACE('',(#1834),#1851,.T.);
#1834 = FACE_BOUND('',#1835,.T.);
#1835 = EDGE_LOOP('',(#1836,#1837,#1843,#1850));
#1836 = ORIENTED_EDGE('',*,*,#1420,.T.);
#1837 = ORIENTED_EDGE('',*,*,#1838,.T.);
#1838 = EDGE_CURVE('',#1413,#1647,#1839,.T.);
#1839 = LINE('',#1840,#1841);
#1840 = CARTESIAN_POINT('',(41.,16.5,-1.061338147751E-16));
#1841 = VECTOR('',#1842,1.);
#1842 = DIRECTION('',(0.,2.22044604925E-16,1.));
#1843 = ORIENTED_EDGE('',*,*,#1844,.F.);
#1844 = EDGE_CURVE('',#928,#1647,#1845,.T.);
#1845 = ELLIPSE('',#1846,1.414213562373,1.);
#1846 = AXIS2_PLACEMENT_3D('',#1847,#1848,#1849);
#1847 = CARTESIAN_POINT('',(42.,16.5,2.));
#1848 = DIRECTION('',(-0.707106781187,1.570092458684E-16,0.707106781187)
  );
#1849 = DIRECTION('',(0.707106781187,1.570092458684E-16,0.707106781187)
  );
#1850 = ORIENTED_EDGE('',*,*,#927,.F.);
#1851 = CYLINDRICAL_SURFACE('',#1852,1.);
#1852 = AXIS2_PLACEMENT_3D('',#1853,#1854,#1855);
#1853 = CARTESIAN_POINT('',(42.,16.5,-1.061338147751E-16));
#1854 = DIRECTION('',(0.,2.22044604925E-16,1.));
#1855 = DIRECTION('',(0.,1.,-2.22044604925E-16));
#1856 = ADVANCED_FACE('',(#1857),#1863,.T.);
#1857 = FACE_BOUND('',#1858,.F.);
#1858 = EDGE_LOOP('',(#1859,#1860,#1861,#1862));
#1859 = ORIENTED_EDGE('',*,*,#967,.T.);
#1860 = ORIENTED_EDGE('',*,*,#1654,.T.);
#1861 = ORIENTED_EDGE('',*,*,#1844,.F.);
#1862 = ORIENTED_EDGE('',*,*,#935,.F.);
#1863 = CYLINDRICAL_SURFACE('',#1864,1.);
#1864 = AXIS2_PLACEMENT_3D('',#1865,#1866,#1867);
#1865 = CARTESIAN_POINT('',(-11.,16.5,2.));
#1866 = DIRECTION('',(1.,0.,0.));
#1867 = DIRECTION('',(0.,1.,-7.82044604925E-16));
#1868 = ADVANCED_FACE('',(#1869,#1919),#1922,.T.);
#1869 = FACE_BOUND('',#1870,.T.);
#1870 = EDGE_LOOP('',(#1871,#1881,#1889,#1897,#1905,#1913));
#1871 = ORIENTED_EDGE('',*,*,#1872,.T.);
#1872 = EDGE_CURVE('',#1873,#1875,#1877,.T.);
#1873 = VERTEX_POINT('',#1874);
#1874 = CARTESIAN_POINT('',(-7.,-1.9,3.9));
#1875 = VERTEX_POINT('',#1876);
#1876 = CARTESIAN_POINT('',(-9.684678751732,-3.45,3.9));
#1877 = LINE('',#1878,#1879);
#1878 = CARTESIAN_POINT('',(-7.,-1.9,3.9));
#1879 = VECTOR('',#1880,1.);
#1880 = DIRECTION('',(-0.866025403784,-0.5,1.110223024625E-16));
#1881 = ORIENTED_EDGE('',*,*,#1882,.T.);
#1882 = EDGE_CURVE('',#1875,#1883,#1885,.T.);
#1883 = VERTEX_POINT('',#1884);
#1884 = CARTESIAN_POINT('',(-9.684678751732,-6.55,3.9));
#1885 = LINE('',#1886,#1887);
#1886 = CARTESIAN_POINT('',(-9.684678751732,-3.45,3.9));
#1887 = VECTOR('',#1888,1.);
#1888 = DIRECTION('',(-1.4E-16,-1.,2.22044604925E-16));
#1889 = ORIENTED_EDGE('',*,*,#1890,.T.);
#1890 = EDGE_CURVE('',#1883,#1891,#1893,.T.);
#1891 = VERTEX_POINT('',#1892);
#1892 = CARTESIAN_POINT('',(-7.,-8.1,3.9));
#1893 = LINE('',#1894,#1895);
#1894 = CARTESIAN_POINT('',(-9.684678751732,-6.55,3.9));
#1895 = VECTOR('',#1896,1.);
#1896 = DIRECTION('',(0.866025403784,-0.5,1.110223024625E-16));
#1897 = ORIENTED_EDGE('',*,*,#1898,.T.);
#1898 = EDGE_CURVE('',#1891,#1899,#1901,.T.);
#1899 = VERTEX_POINT('',#1900);
#1900 = CARTESIAN_POINT('',(-4.315321248268,-6.55,3.9));
#1901 = LINE('',#1902,#1903);
#1902 = CARTESIAN_POINT('',(-7.,-8.1,3.9));
#1903 = VECTOR('',#1904,1.);
#1904 = DIRECTION('',(0.866025403784,0.5,-1.110223024625E-16));
#1905 = ORIENTED_EDGE('',*,*,#1906,.T.);
#1906 = EDGE_CURVE('',#1899,#1907,#1909,.T.);
#1907 = VERTEX_POINT('',#1908);
#1908 = CARTESIAN_POINT('',(-4.315321248268,-3.45,3.9));
#1909 = LINE('',#1910,#1911);
#1910 = CARTESIAN_POINT('',(-4.315321248268,-6.55,3.9));
#1911 = VECTOR('',#1912,1.);
#1912 = DIRECTION('',(5.7E-16,1.,-2.22044604925E-16));
#1913 = ORIENTED_EDGE('',*,*,#1914,.T.);
#1914 = EDGE_CURVE('',#1907,#1873,#1915,.T.);
#1915 = LINE('',#1916,#1917);
#1916 = CARTESIAN_POINT('',(-4.315321248268,-3.45,3.9));
#1917 = VECTOR('',#1918,1.);
#1918 = DIRECTION('',(-0.866025403784,0.5,-1.110223024625E-16));
#1919 = FACE_BOUND('',#1920,.T.);
#1920 = EDGE_LOOP('',(#1921));
#1921 = ORIENTED_EDGE('',*,*,#992,.T.);
#1922 = PLANE('',#1923);
#1923 = AXIS2_PLACEMENT_3D('',#1924,#1925,#1926);
#1924 = CARTESIAN_POINT('',(-7.,-5.,3.9));
#1925 = DIRECTION('',(0.,2.22044604925E-16,1.));
#1926 = DIRECTION('',(0.,1.,-2.22044604925E-16));
#1927 = ADVANCED_FACE('',(#1928,#1978),#1981,.T.);
#1928 = FACE_BOUND('',#1929,.T.);
#1929 = EDGE_LOOP('',(#1930,#1940,#1948,#1956,#1964,#1972));
#1930 = ORIENTED_EDGE('',*,*,#1931,.T.);
#1931 = EDGE_CURVE('',#1932,#1934,#1936,.T.);
#1932 = VERTEX_POINT('',#1933);
#1933 = CARTESIAN_POINT('',(-13.,16.1,3.9));
#1934 = VERTEX_POINT('',#1935);
#1935 = CARTESIAN_POINT('',(-15.68467875173,14.55,3.9));
#1936 = LINE('',#1937,#1938);
#1937 = CARTESIAN_POINT('',(-13.,16.1,3.9));
#1938 = VECTOR('',#1939,1.);
#1939 = DIRECTION('',(-0.866025403784,-0.5,1.110223024625E-16));
#1940 = ORIENTED_EDGE('',*,*,#1941,.T.);
#1941 = EDGE_CURVE('',#1934,#1942,#1944,.T.);
#1942 = VERTEX_POINT('',#1943);
#1943 = CARTESIAN_POINT('',(-15.68467875173,11.45,3.9));
#1944 = LINE('',#1945,#1946);
#1945 = CARTESIAN_POINT('',(-15.68467875173,14.55,3.9));
#1946 = VECTOR('',#1947,1.);
#1947 = DIRECTION('',(-1.4E-16,-1.,2.22044604925E-16));
#1948 = ORIENTED_EDGE('',*,*,#1949,.T.);
#1949 = EDGE_CURVE('',#1942,#1950,#1952,.T.);
#1950 = VERTEX_POINT('',#1951);
#1951 = CARTESIAN_POINT('',(-13.,9.9,3.9));
#1952 = LINE('',#1953,#1954);
#1953 = CARTESIAN_POINT('',(-15.68467875173,11.45,3.9));
#1954 = VECTOR('',#1955,1.);
#1955 = DIRECTION('',(0.866025403784,-0.5,1.110223024625E-16));
#1956 = ORIENTED_EDGE('',*,*,#1957,.T.);
#1957 = EDGE_CURVE('',#1950,#1958,#1960,.T.);
#1958 = VERTEX_POINT('',#1959);
#1959 = CARTESIAN_POINT('',(-10.31532124826,11.45,3.9));
#1960 = LINE('',#1961,#1962);
#1961 = CARTESIAN_POINT('',(-13.,9.9,3.9));
#1962 = VECTOR('',#1963,1.);
#1963 = DIRECTION('',(0.866025403784,0.5,-1.110223024625E-16));
#1964 = ORIENTED_EDGE('',*,*,#1965,.T.);
#1965 = EDGE_CURVE('',#1958,#1966,#1968,.T.);
#1966 = VERTEX_POINT('',#1967);
#1967 = CARTESIAN_POINT('',(-10.31532124826,14.55,3.9));
#1968 = LINE('',#1969,#1970);
#1969 = CARTESIAN_POINT('',(-10.31532124826,11.45,3.9));
#1970 = VECTOR('',#1971,1.);
#1971 = DIRECTION('',(5.7E-16,1.,-2.22044604925E-16));
#1972 = ORIENTED_EDGE('',*,*,#1973,.T.);
#1973 = EDGE_CURVE('',#1966,#1932,#1974,.T.);
#1974 = LINE('',#1975,#1976);
#1975 = CARTESIAN_POINT('',(-10.31532124826,14.55,3.9));
#1976 = VECTOR('',#1977,1.);
#1977 = DIRECTION('',(-0.866025403784,0.5,-1.110223024625E-16));
#1978 = FACE_BOUND('',#1979,.T.);
#1979 = EDGE_LOOP('',(#1980));
#1980 = ORIENTED_EDGE('',*,*,#1017,.T.);
#1981 = PLANE('',#1982);
#1982 = AXIS2_PLACEMENT_3D('',#1983,#1984,#1985);
#1983 = CARTESIAN_POINT('',(-13.,13.,3.9));
#1984 = DIRECTION('',(0.,2.22044604925E-16,1.));
#1985 = DIRECTION('',(0.,1.,-2.22044604925E-16));
#1986 = ADVANCED_FACE('',(#1987),#2063,.F.);
#1987 = FACE_BOUND('',#1988,.T.);
#1988 = EDGE_LOOP('',(#1989,#1990,#1991,#1992));
#1989 = ORIENTED_EDGE('',*,*,#1212,.F.);
#1990 = ORIENTED_EDGE('',*,*,#1164,.F.);
#1991 = ORIENTED_EDGE('',*,*,#1095,.F.);
#1992 = ORIENTED_EDGE('',*,*,#1993,.T.);
#1993 = EDGE_CURVE('',#1073,#1213,#1994,.T.);
#1994 = B_SPLINE_CURVE_WITH_KNOTS('',12,(#1995,#1996,#1997,#1998,#1999,
    #2000,#2001,#2002,#2003,#2004,#2005,#2006,#2007,#2008,#2009,#2010,
    #2011,#2012,#2013,#2014,#2015,#2016,#2017,#2018,#2019,#2020,#2021,
    #2022,#2023,#2024,#2025,#2026,#2027,#2028,#2029,#2030,#2031,#2032,
    #2033,#2034,#2035,#2036,#2037,#2038,#2039,#2040,#2041,#2042,#2043,
    #2044,#2045,#2046,#2047,#2048,#2049,#2050,#2051,#2052,#2053,#2054,
    #2055,#2056,#2057,#2058,#2059,#2060,#2061,#2062),.UNSPECIFIED.,.F.,
  .F.,(13,11,11,11,11,11,13),(-0.115535032642,-1.215957381131E-13,
    0.859725849341,1.582203086458,2.310585584465,3.164586546306,
    3.280128163487),.UNSPECIFIED.);
#1995 = CARTESIAN_POINT('',(14.,-3.464101615138,-0.168183981126));
#1996 = CARTESIAN_POINT('',(14.,-3.464101615138,-0.147023918633));
#1997 = CARTESIAN_POINT('',(14.,-3.464101615138,-0.127162898091));
#1998 = CARTESIAN_POINT('',(14.,-3.464101615138,-0.1086009195));
#1999 = CARTESIAN_POINT('',(14.,-3.464101615138,-9.133798286132E-02));
#2000 = CARTESIAN_POINT('',(14.,-3.464101615138,-7.537408817363E-02));
#2001 = CARTESIAN_POINT('',(14.,-3.464101615138,-6.070923543737E-02));
#2002 = CARTESIAN_POINT('',(14.,-3.464101615138,-4.734342465256E-02));
#2003 = CARTESIAN_POINT('',(14.,-3.464101615138,-3.527665581919E-02));
#2004 = CARTESIAN_POINT('',(14.,-3.464101615138,-2.450892893725E-02));
#2005 = CARTESIAN_POINT('',(14.,-3.464101615138,-1.504024400676E-02));
#2006 = CARTESIAN_POINT('',(14.,-3.464101615138,-6.870601027703E-03));
#2007 = CARTESIAN_POINT('',(14.,-3.464101615138,5.112590673902E-02));
#2008 = CARTESIAN_POINT('',(14.002850053313,-3.46752149481,0.10220344942
    ));
#2009 = CARTESIAN_POINT('',(14.00854561647,-3.474367053254,
    0.153386093698));
#2010 = CARTESIAN_POINT('',(14.017151596418,-3.484650266266,
    0.204783071883));
#2011 = CARTESIAN_POINT('',(14.028796231507,-3.4983966823,0.25647550563)
  );
#2012 = CARTESIAN_POINT('',(14.043669614272,-3.51564251298,
    0.308523844231));
#2013 = CARTESIAN_POINT('',(14.062026856769,-3.536421418319,
    0.360966618547));
#2014 = CARTESIAN_POINT('',(14.084195897494,-3.560740986424,
    0.413810510525));
#2015 = CARTESIAN_POINT('',(14.110589950892,-3.588548907924,
    0.46701173836));
#2016 = CARTESIAN_POINT('',(14.141724598606,-3.619688844927,
    0.520448757248));
#2017 = CARTESIAN_POINT('',(14.178239523047,-3.653845994628,
    0.57388627577));
#2018 = CARTESIAN_POINT('',(14.256795853842,-3.721269988743,
    0.67150678399));
#2019 = CARTESIAN_POINT('',(14.297031923598,-3.753815339399,
    0.715815587798));
#2020 = CARTESIAN_POINT('',(14.342060402196,-3.787716708952,
    0.75951603263));
#2021 = CARTESIAN_POINT('',(14.392315637691,-3.822549397673,
    0.802316942922));
#2022 = CARTESIAN_POINT('',(14.448494935867,-3.857655578688,
    0.843701138144));
#2023 = CARTESIAN_POINT('',(14.511087585133,-3.892059365255,
    0.882867558331));
#2024 = CARTESIAN_POINT('',(14.580241076687,-3.92441878964,
    0.918703352229));
#2025 = CARTESIAN_POINT('',(14.655879373317,-3.953054957469,
    0.94979202493));
#2026 = CARTESIAN_POINT('',(14.737557523196,-3.976140122389,
    0.974548915083));
#2027 = CARTESIAN_POINT('',(14.823825034201,-3.992080849341,
    0.991551562278));
#2028 = CARTESIAN_POINT('',(14.911877224581,-3.999999802047,
    0.99999993316));
#2029 = CARTESIAN_POINT('',(15.088841535115,-4.000000199582,
    1.000000067385));
#2030 = CARTESIAN_POINT('',(15.177666536385,-3.991905981721,
    0.991379068675));
#2031 = CARTESIAN_POINT('',(15.264239809808,-3.975977091091,
    0.974278986483));
#2032 = CARTESIAN_POINT('',(15.34704805415,-3.951662863037,
    0.948589316753));
#2033 = CARTESIAN_POINT('',(15.421450882197,-3.924892997898,
    0.918700806703));
#2034 = CARTESIAN_POINT('',(15.495080700792,-3.8879739112,0.878994900927
    ));
#2035 = CARTESIAN_POINT('',(15.552009471458,-3.858053278651,
    0.843562666092));
#2036 = CARTESIAN_POINT('',(15.612926184045,-3.819057434242,
    0.798553403681));
#2037 = CARTESIAN_POINT('',(15.660946994916,-3.785654078627,
    0.756847581388));
#2038 = CARTESIAN_POINT('',(15.706636576062,-3.751047421057,
    0.712262999611));
#2039 = CARTESIAN_POINT('',(15.746713938562,-3.718423323827,
    0.667622381341));
#2040 = CARTESIAN_POINT('',(15.824437153636,-3.65133341772,
    0.569948803786));
#2041 = CARTESIAN_POINT('',(15.860339398637,-3.617601864284,
    0.516865125512));
#2042 = CARTESIAN_POINT('',(15.890954141454,-3.586897276793,
    0.463868971663));
#2043 = CARTESIAN_POINT('',(15.916929041571,-3.559490638539,
    0.411113406456));
#2044 = CARTESIAN_POINT('',(15.93878168893,-3.535502874689,
    0.358647568558));
#2045 = CARTESIAN_POINT('',(15.956907137718,-3.514981563845,
    0.306509070572));
#2046 = CARTESIAN_POINT('',(15.971602338011,-3.497938842839,
    0.254740439464));
#2047 = CARTESIAN_POINT('',(15.983096020854,-3.48436452678,
    0.203361725761));
#2048 = CARTESIAN_POINT('',(15.991572582904,-3.474228464325,
    0.152331409221));
#2049 = CARTESIAN_POINT('',(15.997178526099,-3.467486150181,
    0.101527728803));
#2050 = CARTESIAN_POINT('',(15.999999999999,-3.464101615138,
    5.078256466829E-02));
#2051 = CARTESIAN_POINT('',(16.,-3.464101615138,-6.870600746947E-03));
#2052 = CARTESIAN_POINT('',(16.,-3.464101615138,-1.504024349638E-02));
#2053 = CARTESIAN_POINT('',(16.,-3.464101615138,-2.450892824829E-02));
#2054 = CARTESIAN_POINT('',(16.000000000001,-3.464101615138,
    -3.527665500265E-02));
#2055 = CARTESIAN_POINT('',(16.000000000001,-3.464101615138,
    -4.734342375949E-02));
#2056 = CARTESIAN_POINT('',(16.000000000001,-3.464101615138,
    -6.070923451879E-02));
#2057 = CARTESIAN_POINT('',(16.000000000001,-3.464101615138,
    -7.537408728055E-02));
#2058 = CARTESIAN_POINT('',(16.000000000001,-3.464101615138,
    -9.133798204479E-02));
#2059 = CARTESIAN_POINT('',(16.000000000002,-3.464101615138,
    -0.108600918811));
#2060 = CARTESIAN_POINT('',(16.000000000002,-3.464101615138,
    -0.127162897581));
#2061 = CARTESIAN_POINT('',(16.000000000002,-3.464101615138,
    -0.147023918352));
#2062 = CARTESIAN_POINT('',(16.000000000002,-3.464101615138,
    -0.168183981126));
#2063 = CYLINDRICAL_SURFACE('',#2064,1.);
#2064 = AXIS2_PLACEMENT_3D('',#2065,#2066,#2067);
#2065 = CARTESIAN_POINT('',(15.,-9.5,-1.054711873394E-15));
#2066 = DIRECTION('',(-0.,-1.,-1.110223024625E-16));
#2067 = DIRECTION('',(1.,0.,0.));
#2068 = ADVANCED_FACE('',(#2069),#2145,.F.);
#2069 = FACE_BOUND('',#2070,.F.);
#2070 = EDGE_LOOP('',(#2071,#2072,#2073,#2074));
#2071 = ORIENTED_EDGE('',*,*,#1072,.T.);
#2072 = ORIENTED_EDGE('',*,*,#1993,.T.);
#2073 = ORIENTED_EDGE('',*,*,#1220,.F.);
#2074 = ORIENTED_EDGE('',*,*,#2075,.F.);
#2075 = EDGE_CURVE('',#1064,#1221,#2076,.T.);
#2076 = B_SPLINE_CURVE_WITH_KNOTS('',12,(#2077,#2078,#2079,#2080,#2081,
    #2082,#2083,#2084,#2085,#2086,#2087,#2088,#2089,#2090,#2091,#2092,
    #2093,#2094,#2095,#2096,#2097,#2098,#2099,#2100,#2101,#2102,#2103,
    #2104,#2105,#2106,#2107,#2108,#2109,#2110,#2111,#2112,#2113,#2114,
    #2115,#2116,#2117,#2118,#2119,#2120,#2121,#2122,#2123,#2124,#2125,
    #2126,#2127,#2128,#2129,#2130,#2131,#2132,#2133,#2134,#2135,#2136,
    #2137,#2138,#2139,#2140,#2141,#2142,#2143,#2144),.UNSPECIFIED.,.F.,
  .F.,(13,11,11,11,11,11,13),(-0.115535032642,-1.215957381131E-13,
    0.859725849341,1.582203086458,2.310585584465,3.164586546306,
    3.280128163487),.UNSPECIFIED.);
#2077 = CARTESIAN_POINT('',(13.5,-2.598076211353,-0.168183981127));
#2078 = CARTESIAN_POINT('',(13.5,-2.598076211353,-0.154168649366));
#2079 = CARTESIAN_POINT('',(13.5,-2.598076211353,-0.140153317606));
#2080 = CARTESIAN_POINT('',(13.5,-2.598076211353,-0.126137985845));
#2081 = CARTESIAN_POINT('',(13.5,-2.598076211353,-0.112122654084));
#2082 = CARTESIAN_POINT('',(13.5,-2.598076211353,-9.810732232391E-02));
#2083 = CARTESIAN_POINT('',(13.5,-2.598076211353,-8.409199056338E-02));
#2084 = CARTESIAN_POINT('',(13.5,-2.598076211353,-7.007665880285E-02));
#2085 = CARTESIAN_POINT('',(13.5,-2.598076211353,-5.606132704231E-02));
#2086 = CARTESIAN_POINT('',(13.5,-2.598076211353,-4.204599528178E-02));
#2087 = CARTESIAN_POINT('',(13.5,-2.598076211353,-2.803066352125E-02));
#2088 = CARTESIAN_POINT('',(13.5,-2.598076211353,-1.401533176071E-02));
#2089 = CARTESIAN_POINT('',(13.5,-2.598076211353,0.104291683017));
#2090 = CARTESIAN_POINT('',(13.504381574202,-2.600600744025,
    0.208495837933));
#2091 = CARTESIAN_POINT('',(13.513141255854,-2.605661512424,
    0.312779472271));
#2092 = CARTESIAN_POINT('',(13.526350086689,-2.613250647614,
    0.417255084662));
#2093 = CARTESIAN_POINT('',(13.544156835752,-2.62335957148,0.52201665301
    ));
#2094 = CARTESIAN_POINT('',(13.566796506158,-2.635988207537,
    0.627154510285));
#2095 = CARTESIAN_POINT('',(13.594604130613,-2.651144539844,
    0.73274910795));
#2096 = CARTESIAN_POINT('',(13.628033854621,-2.66883451987,
    0.838843666998));
#2097 = CARTESIAN_POINT('',(13.667683308518,-2.689042321471,
    0.945395716639));
#2098 = CARTESIAN_POINT('',(13.714323267335,-2.711700943857,
    1.05220752059));
#2099 = CARTESIAN_POINT('',(13.76893259921,-2.736653162613,
    1.158835391013));
#2100 = CARTESIAN_POINT('',(13.886358283553,-2.786250188203,
    1.353255377555));
#2101 = CARTESIAN_POINT('',(13.946468431953,-2.81031012849,
    1.441354268975));
#2102 = CARTESIAN_POINT('',(14.013798973634,-2.835541317598,
    1.528106175413));
#2103 = CARTESIAN_POINT('',(14.088901917939,-2.861688029669,
    1.612897445684));
#2104 = CARTESIAN_POINT('',(14.172950758712,-2.888311232231,
    1.694678024542));
#2105 = CARTESIAN_POINT('',(14.266743472559,-2.914725972689,
    1.771803808387));
#2106 = CARTESIAN_POINT('',(14.370412545392,-2.939919533623,
    1.842028878993));
#2107 = CARTESIAN_POINT('',(14.483783217119,-2.962515311648,
    1.902624999345));
#2108 = CARTESIAN_POINT('',(14.606282852596,-2.980911972927,
    1.950682633966));
#2109 = CARTESIAN_POINT('',(14.735790122609,-2.99366614915,
    1.983640509488));
#2110 = CARTESIAN_POINT('',(14.867822515842,-2.999999761933,
    1.999999359393));
#2111 = CARTESIAN_POINT('',(15.1332470028,-3.000000240003,2.000000645801
    ));
#2112 = CARTESIAN_POINT('',(15.266550056292,-2.993518874973,
    1.98323897518));
#2113 = CARTESIAN_POINT('',(15.395704616999,-2.980826334394,
    1.950597005339));
#2114 = CARTESIAN_POINT('',(15.522800208277,-2.961286301198,
    1.898980437909));
#2115 = CARTESIAN_POINT('',(15.628320671521,-2.940480313984,
    1.84434064166));
#2116 = CARTESIAN_POINT('',(15.746812517239,-2.911333291952,
    1.761500161002));
#2117 = CARTESIAN_POINT('',(15.824549175489,-2.888796461894,
    1.696521259524));
#2118 = CARTESIAN_POINT('',(15.920529315929,-2.858938722056,
    1.604394331193));
#2119 = CARTESIAN_POINT('',(15.990240006837,-2.834027334218,
    1.523136620151));
#2120 = CARTESIAN_POINT('',(16.059063797732,-2.808247239953,
    1.434271891461));
#2121 = CARTESIAN_POINT('',(16.118885101757,-2.784146667787,
    1.345534238557));
#2122 = CARTESIAN_POINT('',(16.23508405989,-2.734814250279,
    1.150954470938));
#2123 = CARTESIAN_POINT('',(16.288815510915,-2.710168596285,
    1.045001143124));
#2124 = CARTESIAN_POINT('',(16.334712373064,-2.687818909279,
    0.938916660609));
#2125 = CARTESIAN_POINT('',(16.373733669719,-2.6679027167,0.833157354993
    ));
#2126 = CARTESIAN_POINT('',(16.406650146305,-2.65046446088,
    0.727898885127));
#2127 = CARTESIAN_POINT('',(16.434056933145,-2.635510664544,
    0.623130144612));
#2128 = CARTESIAN_POINT('',(16.456395703106,-2.623040137702,
    0.518750907052));
#2129 = CARTESIAN_POINT('',(16.473981564299,-2.613055761052,
    0.414654908679));
#2130 = CARTESIAN_POINT('',(16.48702991833,-2.605564379421,
    0.310780067481));
#2131 = CARTESIAN_POINT('',(16.495678524207,-2.600571340312,
    0.207107538446));
#2132 = CARTESIAN_POINT('',(16.499999999999,-2.598076211353,
    0.103591304122));
#2133 = CARTESIAN_POINT('',(16.5,-2.598076211353,-1.401533176049E-02));
#2134 = CARTESIAN_POINT('',(16.5,-2.598076211353,-2.803066352102E-02));
#2135 = CARTESIAN_POINT('',(16.5,-2.598076211353,-4.204599528156E-02));
#2136 = CARTESIAN_POINT('',(16.5,-2.598076211353,-5.606132704209E-02));
#2137 = CARTESIAN_POINT('',(16.5,-2.598076211353,-7.007665880262E-02));
#2138 = CARTESIAN_POINT('',(16.500000000001,-2.598076211353,
    -8.409199056316E-02));
#2139 = CARTESIAN_POINT('',(16.500000000001,-2.598076211353,
    -9.810732232369E-02));
#2140 = CARTESIAN_POINT('',(16.500000000001,-2.598076211353,
    -0.112122654084));
#2141 = CARTESIAN_POINT('',(16.500000000001,-2.598076211353,
    -0.126137985845));
#2142 = CARTESIAN_POINT('',(16.500000000001,-2.598076211353,
    -0.140153317605));
#2143 = CARTESIAN_POINT('',(16.500000000001,-2.598076211354,
    -0.154168649366));
#2144 = CARTESIAN_POINT('',(16.500000000001,-2.598076211354,
    -0.168183981126));
#2145 = ( BOUNDED_SURFACE() B_SPLINE_SURFACE(2,12,(
    (#2146,#2147,#2148,#2149,#2150,#2151,#2152,#2153,#2154,#2155,#2156
      ,#2157,#2158,#2159,#2160,#2161,#2162,#2163,#2164,#2165,#2166,#2167
      ,#2168,#2169,#2170,#2171,#2172,#2173,#2174,#2175,#2176,#2177,#2178
      ,#2179,#2180,#2181,#2182,#2183,#2184,#2185,#2186,#2187,#2188,#2189
      ,#2190,#2191,#2192,#2193,#2194,#2195,#2196,#2197,#2198,#2199,#2200
      ,#2201,#2202,#2203,#2204,#2205,#2206,#2207,#2208,#2209,#2210,#2211
      ,#2212,#2213)
    ,(#2214,#2215,#2216,#2217,#2218,#2219,#2220,#2221,#2222,#2223,#2224
      ,#2225,#2226,#2227,#2228,#2229,#2230,#2231,#2232,#2233,#2234,#2235
      ,#2236,#2237,#2238,#2239,#2240,#2241,#2242,#2243,#2244,#2245,#2246
      ,#2247,#2248,#2249,#2250,#2251,#2252,#2253,#2254,#2255,#2256,#2257
      ,#2258,#2259,#2260,#2261,#2262,#2263,#2264,#2265,#2266,#2267,#2268
      ,#2269,#2270,#2271,#2272,#2273,#2274,#2275,#2276,#2277,#2278,#2279
      ,#2280,#2281)
    ,(#2282,#2283,#2284,#2285,#2286,#2287,#2288,#2289,#2290,#2291,#2292
      ,#2293,#2294,#2295,#2296,#2297,#2298,#2299,#2300,#2301,#2302,#2303
      ,#2304,#2305,#2306,#2307,#2308,#2309,#2310,#2311,#2312,#2313,#2314
      ,#2315,#2316,#2317,#2318,#2319,#2320,#2321,#2322,#2323,#2324,#2325
      ,#2326,#2327,#2328,#2329,#2330,#2331,#2332,#2333,#2334,#2335,#2336
      ,#2337,#2338,#2339,#2340,#2341,#2342,#2343,#2344,#2345,#2346,#2347
      ,#2348,#2349
)),.UNSPECIFIED.,.F.,.F.,.F.) B_SPLINE_SURFACE_WITH_KNOTS((3,3),(13,11,
    11,11,11,11,13),(0.,3.164586546306),(-0.115535032642,
    -1.215957381131E-13,0.859725849341,1.582203086458,2.310585584465,
    3.164586546306,3.280128163487),.UNSPECIFIED.) 
GEOMETRIC_REPRESENTATION_ITEM() RATIONAL_B_SPLINE_SURFACE((
    (1.,1.,1.,1.,1.,1.,1.,1.,1.,1.,1.,1.,1.,1.,1.,1.,1.,1.,1.,1.,1.,1.
      ,1.,1.,1.,1.,1.,1.,1.,1.,1.,1.,1.,1.,1.,1.,1.,1.,1.,1.,1.,1.,1.,1.
      ,1.,1.,1.,1.,1.,1.,1.,1.,1.,1.,1.,1.,1.,1.,1.,1.,1.,1.,1.,1.,1.,1.
      ,1.,1.)
    ,(0.866025403784,0.866025403784,0.866025403784,0.866025403784
      ,0.866025403784,0.866025403784,0.866025403784,0.866025403784
      ,0.866025403784,0.866025403784,0.866025403784,0.866025403784
      ,0.866025403784,0.865136261413,0.863351498293,0.860664821089
      ,0.85706123385,0.852513270841,0.846982349905,0.840425246312
      ,0.832805687128,0.824111066088,0.814374278968,0.794731037961
      ,0.785099539711,0.774895367024,0.764225632154,0.753276886251
      ,0.742356394118,0.731921926833,0.722574052589,0.714979637148
      ,0.709719498629,0.707106897517,0.707106663905,0.709782328516
      ,0.714998380378,0.72313908486,0.731574619448,0.743910041935
      ,0.752951568888,0.765422807906,0.775491553661,0.785936690652
      ,0.795572810871,0.815091451075,0.824699447521,0.833266008569
      ,0.840768058173,0.847228151455,0.852684922125,0.857176877373
      ,0.860735785723,0.863385902763,0.865145280281,0.866025403784
      ,0.866025403784,0.866025403784,0.866025403784,0.866025403784
      ,0.866025403784,0.866025403784,0.866025403784,0.866025403784
      ,0.866025403784,0.866025403784,0.866025403784,0.866025403784)
    ,(1.,1.,1.,1.,1.,1.,1.,1.,1.,1.,1.,1.,1.,1.,1.,1.,1.,1.,1.,1.,1.,1.
      ,1.,1.,1.,1.,1.,1.,1.,1.,1.,1.,1.,1.,1.,1.,1.,1.,1.,1.,1.,1.,1.,1.
      ,1.,1.,1.,1.,1.,1.,1.,1.,1.,1.,1.,1.,1.,1.,1.,1.,1.,1.,1.,1.,1.,1.
,1.,1.))) REPRESENTATION_ITEM('') SURFACE() );
#2146 = CARTESIAN_POINT('',(13.5,-2.598076211353,-0.168183981127));
#2147 = CARTESIAN_POINT('',(13.5,-2.598076211353,-0.154168649366));
#2148 = CARTESIAN_POINT('',(13.5,-2.598076211353,-0.140153317606));
#2149 = CARTESIAN_POINT('',(13.5,-2.598076211353,-0.126137985845));
#2150 = CARTESIAN_POINT('',(13.5,-2.598076211353,-0.112122654084));
#2151 = CARTESIAN_POINT('',(13.5,-2.598076211353,-9.810732232391E-02));
#2152 = CARTESIAN_POINT('',(13.5,-2.598076211353,-8.409199056338E-02));
#2153 = CARTESIAN_POINT('',(13.5,-2.598076211353,-7.007665880285E-02));
#2154 = CARTESIAN_POINT('',(13.5,-2.598076211353,-5.606132704231E-02));
#2155 = CARTESIAN_POINT('',(13.5,-2.598076211353,-4.204599528178E-02));
#2156 = CARTESIAN_POINT('',(13.5,-2.598076211353,-2.803066352125E-02));
#2157 = CARTESIAN_POINT('',(13.5,-2.598076211353,-1.401533176071E-02));
#2158 = CARTESIAN_POINT('',(13.5,-2.598076211353,0.104291683017));
#2159 = CARTESIAN_POINT('',(13.504381574202,-2.600600744025,
    0.208495837933));
#2160 = CARTESIAN_POINT('',(13.513141255854,-2.605661512424,
    0.312779472271));
#2161 = CARTESIAN_POINT('',(13.526350086689,-2.613250647614,
    0.417255084662));
#2162 = CARTESIAN_POINT('',(13.544156835752,-2.62335957148,0.52201665301
    ));
#2163 = CARTESIAN_POINT('',(13.566796506158,-2.635988207537,
    0.627154510285));
#2164 = CARTESIAN_POINT('',(13.594604130613,-2.651144539844,
    0.73274910795));
#2165 = CARTESIAN_POINT('',(13.628033854621,-2.66883451987,
    0.838843666998));
#2166 = CARTESIAN_POINT('',(13.667683308518,-2.689042321471,
    0.945395716639));
#2167 = CARTESIAN_POINT('',(13.714323267335,-2.711700943857,
    1.05220752059));
#2168 = CARTESIAN_POINT('',(13.76893259921,-2.736653162613,
    1.158835391013));
#2169 = CARTESIAN_POINT('',(13.886358283553,-2.786250188203,
    1.353255377555));
#2170 = CARTESIAN_POINT('',(13.946468431953,-2.81031012849,
    1.441354268975));
#2171 = CARTESIAN_POINT('',(14.013798973634,-2.835541317598,
    1.528106175413));
#2172 = CARTESIAN_POINT('',(14.088901917939,-2.861688029669,
    1.612897445684));
#2173 = CARTESIAN_POINT('',(14.172950758712,-2.888311232231,
    1.694678024542));
#2174 = CARTESIAN_POINT('',(14.266743472559,-2.914725972689,
    1.771803808387));
#2175 = CARTESIAN_POINT('',(14.370412545392,-2.939919533623,
    1.842028878993));
#2176 = CARTESIAN_POINT('',(14.483783217119,-2.962515311648,
    1.902624999345));
#2177 = CARTESIAN_POINT('',(14.606282852596,-2.980911972927,
    1.950682633966));
#2178 = CARTESIAN_POINT('',(14.735790122609,-2.99366614915,
    1.983640509488));
#2179 = CARTESIAN_POINT('',(14.867822515842,-2.999999761933,
    1.999999359393));
#2180 = CARTESIAN_POINT('',(15.1332470028,-3.000000240003,2.000000645801
    ));
#2181 = CARTESIAN_POINT('',(15.266550056292,-2.993518874973,
    1.98323897518));
#2182 = CARTESIAN_POINT('',(15.395704616999,-2.980826334394,
    1.950597005339));
#2183 = CARTESIAN_POINT('',(15.522800208277,-2.961286301198,
    1.898980437909));
#2184 = CARTESIAN_POINT('',(15.628320671521,-2.940480313984,
    1.84434064166));
#2185 = CARTESIAN_POINT('',(15.746812517239,-2.911333291952,
    1.761500161002));
#2186 = CARTESIAN_POINT('',(15.824549175489,-2.888796461894,
    1.696521259524));
#2187 = CARTESIAN_POINT('',(15.920529315929,-2.858938722056,
    1.604394331193));
#2188 = CARTESIAN_POINT('',(15.990240006837,-2.834027334218,
    1.523136620151));
#2189 = CARTESIAN_POINT('',(16.059063797732,-2.808247239953,
    1.434271891461));
#2190 = CARTESIAN_POINT('',(16.118885101757,-2.784146667787,
    1.345534238557));
#2191 = CARTESIAN_POINT('',(16.23508405989,-2.734814250279,
    1.150954470938));
#2192 = CARTESIAN_POINT('',(16.288815510915,-2.710168596285,
    1.045001143124));
#2193 = CARTESIAN_POINT('',(16.334712373064,-2.687818909279,
    0.938916660609));
#2194 = CARTESIAN_POINT('',(16.373733669719,-2.6679027167,0.833157354993
    ));
#2195 = CARTESIAN_POINT('',(16.406650146305,-2.65046446088,
    0.727898885127));
#2196 = CARTESIAN_POINT('',(16.434056933145,-2.635510664544,
    0.623130144612));
#2197 = CARTESIAN_POINT('',(16.456395703106,-2.623040137702,
    0.518750907052));
#2198 = CARTESIAN_POINT('',(16.473981564299,-2.613055761052,
    0.414654908679));
#2199 = CARTESIAN_POINT('',(16.48702991833,-2.605564379421,
    0.310780067481));
#2200 = CARTESIAN_POINT('',(16.495678524207,-2.600571340312,
    0.207107538446));
#2201 = CARTESIAN_POINT('',(16.499999999999,-2.598076211353,
    0.103591304122));
#2202 = CARTESIAN_POINT('',(16.5,-2.598076211353,-1.401533176049E-02));
#2203 = CARTESIAN_POINT('',(16.5,-2.598076211353,-2.803066352102E-02));
#2204 = CARTESIAN_POINT('',(16.5,-2.598076211353,-4.204599528156E-02));
#2205 = CARTESIAN_POINT('',(16.5,-2.598076211353,-5.606132704209E-02));
#2206 = CARTESIAN_POINT('',(16.5,-2.598076211353,-7.007665880262E-02));
#2207 = CARTESIAN_POINT('',(16.500000000001,-2.598076211353,
    -8.409199056316E-02));
#2208 = CARTESIAN_POINT('',(16.500000000001,-2.598076211353,
    -9.810732232369E-02));
#2209 = CARTESIAN_POINT('',(16.500000000001,-2.598076211353,
    -0.112122654084));
#2210 = CARTESIAN_POINT('',(16.500000000001,-2.598076211353,
    -0.126137985845));
#2211 = CARTESIAN_POINT('',(16.500000000001,-2.598076211353,
    -0.140153317605));
#2212 = CARTESIAN_POINT('',(16.500000000001,-2.598076211354,
    -0.154168649366));
#2213 = CARTESIAN_POINT('',(16.500000000001,-2.598076211354,
    -0.168183981126));
#2214 = CARTESIAN_POINT('',(14.,-2.886751345948,-0.168183981127));
#2215 = CARTESIAN_POINT('',(14.,-2.886751345948,-0.148832952389));
#2216 = CARTESIAN_POINT('',(14.,-2.886751345948,-0.130452050375));
#2217 = CARTESIAN_POINT('',(14.,-2.886751345948,-0.113041275084));
#2218 = CARTESIAN_POINT('',(14.,-2.886751345948,-9.660062651535E-02));
#2219 = CARTESIAN_POINT('',(14.,-2.886751345948,-8.113010467022E-02));
#2220 = CARTESIAN_POINT('',(14.,-2.886751345948,-6.662970954816E-02));
#2221 = CARTESIAN_POINT('',(14.,-2.886751345948,-5.309944114916E-02));
#2222 = CARTESIAN_POINT('',(14.,-2.886751345948,-4.053929947322E-02));
#2223 = CARTESIAN_POINT('',(14.,-2.886751345948,-2.894928452035E-02));
#2224 = CARTESIAN_POINT('',(14.,-2.886751345948,-1.832939629054E-02));
#2225 = CARTESIAN_POINT('',(14.,-2.886751345948,-8.679634783792E-03));
#2226 = CARTESIAN_POINT('',(14.,-2.886751345948,6.458739150995E-02));
#2227 = CARTESIAN_POINT('',(14.004361882578,-2.888146914849,
    0.129265175622));
#2228 = CARTESIAN_POINT('',(14.013090214956,-2.890927035428,
    0.193836531764));
#2229 = CARTESIAN_POINT('',(14.026238476784,-2.895075720213,
    0.258118195918));
#2230 = CARTESIAN_POINT('',(14.043890211054,-2.900548279121,
    0.32190170603));
#2231 = CARTESIAN_POINT('',(14.066142761401,-2.907254106269,
    0.384929327353));
#2232 = CARTESIAN_POINT('',(14.093093188376,-2.915045645736,
    0.44688157909));
#2233 = CARTESIAN_POINT('',(14.124825238772,-2.923713094111,
    0.507373556658));
#2234 = CARTESIAN_POINT('',(14.161395386865,-2.93298433492,
    0.565957570007));
#2235 = CARTESIAN_POINT('',(14.202814934075,-2.94252966246,
    0.622130106107));
#2236 = CARTESIAN_POINT('',(14.249023923538,-2.951971135393,
    0.675341883881));
#2237 = CARTESIAN_POINT('',(14.343620081957,-2.968583299996,
    0.767782330752));
#2238 = CARTESIAN_POINT('',(14.391010827861,-2.97592821927,
    0.808125000336));
#2239 = CARTESIAN_POINT('',(14.441921507256,-2.982664820309,
    0.845566197324));
#2240 = CARTESIAN_POINT('',(14.496123026088,-2.988534178947,
    0.87971484174));
#2241 = CARTESIAN_POINT('',(14.553524577048,-2.993300239878,
    0.910141852511));
#2242 = CARTESIAN_POINT('',(14.613678601275,-2.996760646515,
    0.936352437648));
#2243 = CARTESIAN_POINT('',(14.675758089819,-2.998852671916,
    0.957957385331));
#2244 = CARTESIAN_POINT('',(14.739030488988,-2.99977742437,
    0.974886385319));
#2245 = CARTESIAN_POINT('',(14.803237748174,-2.999994943317,
    0.987402158802));
#2246 = CARTESIAN_POINT('',(14.868341205961,-2.999999660132,
    0.995794691175));
#2247 = CARTESIAN_POINT('',(14.933906576113,-3.00000017655,
    1.000000131773));
#2248 = CARTESIAN_POINT('',(15.066636291173,-2.999999822022,
    0.999999867153));
#2249 = CARTESIAN_POINT('',(15.13274378297,-3.00001423975,0.995714407775
    ));
#2250 = CARTESIAN_POINT('',(15.198312225249,-2.999891021739,
    0.987211807436));
#2251 = CARTESIAN_POINT('',(15.262578289271,-3.000084049172,
    0.974484845786));
#2252 = CARTESIAN_POINT('',(15.326833757048,-2.998283157404,
    0.957561657548));
#2253 = CARTESIAN_POINT('',(15.390161395298,-2.997259382552,
    0.934675418241));
#2254 = CARTESIAN_POINT('',(15.4485693185,-2.99264429876,0.909341594718)
  );
#2255 = CARTESIAN_POINT('',(15.508145187191,-2.988469621937,
    0.877464300629));
#2256 = CARTESIAN_POINT('',(15.561660592907,-2.98217943783,
    0.843273598439));
#2257 = CARTESIAN_POINT('',(15.613021988456,-2.975403733148,
    0.805150150941));
#2258 = CARTESIAN_POINT('',(15.660470604432,-2.967945382964,
    0.764281164934));
#2259 = CARTESIAN_POINT('',(15.754408874685,-2.951269777629,
    0.671366645393));
#2260 = CARTESIAN_POINT('',(15.799962746679,-2.941899961396,
    0.618329537194));
#2261 = CARTESIAN_POINT('',(15.840780061012,-2.932445393879,
    0.562437523925));
#2262 = CARTESIAN_POINT('',(15.876825443481,-2.923269269085,
    0.504196227666));
#2263 = CARTESIAN_POINT('',(15.908122002466,-2.914694174272,
    0.444066341208));
#2264 = CARTESIAN_POINT('',(15.934721433024,-2.906989158648,
    0.382475575176));
#2265 = CARTESIAN_POINT('',(15.956692808841,-2.900362210598,
    0.319811216026));
#2266 = CARTESIAN_POINT('',(15.974118648205,-2.894958709604,
    0.256406208729));
#2267 = CARTESIAN_POINT('',(15.987090233783,-2.890866268424,
    0.192529463678));
#2268 = CARTESIAN_POINT('',(15.995696270537,-2.888126154128,
    0.128388897816));
#2269 = CARTESIAN_POINT('',(16.,-2.886751345948,6.415364731615E-02));
#2270 = CARTESIAN_POINT('',(16.,-2.886751345948,-8.67963443849E-03));
#2271 = CARTESIAN_POINT('',(16.,-2.886751345948,-1.832939566283E-02));
#2272 = CARTESIAN_POINT('',(16.,-2.886751345948,-2.894928367299E-02));
#2273 = CARTESIAN_POINT('',(16.,-2.886751345948,-4.053929846897E-02));
#2274 = CARTESIAN_POINT('',(16.,-2.886751345948,-5.309944005077E-02));
#2275 = CARTESIAN_POINT('',(16.,-2.886751345948,-6.662970841839E-02));
#2276 = CARTESIAN_POINT('',(16.,-2.886751345948,-8.113010357184E-02));
#2277 = CARTESIAN_POINT('',(16.,-2.886751345948,-9.66006255111E-02));
#2278 = CARTESIAN_POINT('',(16.,-2.886751345948,-0.113041274236));
#2279 = CARTESIAN_POINT('',(16.,-2.886751345948,-0.130452049747));
#2280 = CARTESIAN_POINT('',(16.,-2.886751345948,-0.148832952044));
#2281 = CARTESIAN_POINT('',(16.,-2.886751345948,-0.168183981126));
#2282 = CARTESIAN_POINT('',(14.,-3.464101615138,-0.168183981126));
#2283 = CARTESIAN_POINT('',(14.,-3.464101615138,-0.147023918633));
#2284 = CARTESIAN_POINT('',(14.,-3.464101615138,-0.127162898091));
#2285 = CARTESIAN_POINT('',(14.,-3.464101615138,-0.1086009195));
#2286 = CARTESIAN_POINT('',(14.,-3.464101615138,-9.133798286132E-02));
#2287 = CARTESIAN_POINT('',(14.,-3.464101615138,-7.537408817363E-02));
#2288 = CARTESIAN_POINT('',(14.,-3.464101615138,-6.070923543737E-02));
#2289 = CARTESIAN_POINT('',(14.,-3.464101615138,-4.734342465256E-02));
#2290 = CARTESIAN_POINT('',(14.,-3.464101615138,-3.527665581919E-02));
#2291 = CARTESIAN_POINT('',(14.,-3.464101615138,-2.450892893725E-02));
#2292 = CARTESIAN_POINT('',(14.,-3.464101615138,-1.504024400676E-02));
#2293 = CARTESIAN_POINT('',(14.,-3.464101615138,-6.870601027703E-03));
#2294 = CARTESIAN_POINT('',(14.,-3.464101615138,5.112590673902E-02));
#2295 = CARTESIAN_POINT('',(14.002850053313,-3.46752149481,0.10220344942
    ));
#2296 = CARTESIAN_POINT('',(14.00854561647,-3.474367053254,
    0.153386093698));
#2297 = CARTESIAN_POINT('',(14.017151596418,-3.484650266266,
    0.204783071883));
#2298 = CARTESIAN_POINT('',(14.028796231507,-3.4983966823,0.25647550563)
  );
#2299 = CARTESIAN_POINT('',(14.043669614272,-3.51564251298,
    0.308523844231));
#2300 = CARTESIAN_POINT('',(14.062026856769,-3.536421418319,
    0.360966618547));
#2301 = CARTESIAN_POINT('',(14.084195897494,-3.560740986424,
    0.413810510525));
#2302 = CARTESIAN_POINT('',(14.110589950892,-3.588548907924,
    0.46701173836));
#2303 = CARTESIAN_POINT('',(14.141724598606,-3.619688844927,
    0.520448757248));
#2304 = CARTESIAN_POINT('',(14.178239523047,-3.653845994628,
    0.57388627577));
#2305 = CARTESIAN_POINT('',(14.256795853842,-3.721269988743,
    0.67150678399));
#2306 = CARTESIAN_POINT('',(14.297031923598,-3.753815339399,
    0.715815587798));
#2307 = CARTESIAN_POINT('',(14.342060402196,-3.787716708952,
    0.75951603263));
#2308 = CARTESIAN_POINT('',(14.392315637691,-3.822549397673,
    0.802316942922));
#2309 = CARTESIAN_POINT('',(14.448494935867,-3.857655578688,
    0.843701138144));
#2310 = CARTESIAN_POINT('',(14.511087585133,-3.892059365255,
    0.882867558331));
#2311 = CARTESIAN_POINT('',(14.580241076687,-3.92441878964,
    0.918703352229));
#2312 = CARTESIAN_POINT('',(14.655879373317,-3.953054957469,
    0.94979202493));
#2313 = CARTESIAN_POINT('',(14.737557523196,-3.976140122389,
    0.974548915083));
#2314 = CARTESIAN_POINT('',(14.823825034201,-3.992080849341,
    0.991551562278));
#2315 = CARTESIAN_POINT('',(14.911877224581,-3.999999802047,
    0.99999993316));
#2316 = CARTESIAN_POINT('',(15.088841535115,-4.000000199582,
    1.000000067385));
#2317 = CARTESIAN_POINT('',(15.177666536385,-3.991905981721,
    0.991379068675));
#2318 = CARTESIAN_POINT('',(15.264239809808,-3.975977091091,
    0.974278986483));
#2319 = CARTESIAN_POINT('',(15.34704805415,-3.951662863037,
    0.948589316753));
#2320 = CARTESIAN_POINT('',(15.421450882197,-3.924892997898,
    0.918700806703));
#2321 = CARTESIAN_POINT('',(15.495080700792,-3.8879739112,0.878994900927
    ));
#2322 = CARTESIAN_POINT('',(15.552009471458,-3.858053278651,
    0.843562666092));
#2323 = CARTESIAN_POINT('',(15.612926184045,-3.819057434242,
    0.798553403681));
#2324 = CARTESIAN_POINT('',(15.660946994916,-3.785654078627,
    0.756847581388));
#2325 = CARTESIAN_POINT('',(15.706636576062,-3.751047421057,
    0.712262999611));
#2326 = CARTESIAN_POINT('',(15.746713938562,-3.718423323827,
    0.667622381341));
#2327 = CARTESIAN_POINT('',(15.824437153636,-3.65133341772,
    0.569948803786));
#2328 = CARTESIAN_POINT('',(15.860339398637,-3.617601864284,
    0.516865125512));
#2329 = CARTESIAN_POINT('',(15.890954141454,-3.586897276793,
    0.463868971663));
#2330 = CARTESIAN_POINT('',(15.916929041571,-3.559490638539,
    0.411113406456));
#2331 = CARTESIAN_POINT('',(15.93878168893,-3.535502874689,
    0.358647568558));
#2332 = CARTESIAN_POINT('',(15.956907137718,-3.514981563845,
    0.306509070572));
#2333 = CARTESIAN_POINT('',(15.971602338011,-3.497938842839,
    0.254740439464));
#2334 = CARTESIAN_POINT('',(15.983096020854,-3.48436452678,
    0.203361725761));
#2335 = CARTESIAN_POINT('',(15.991572582904,-3.474228464325,
    0.152331409221));
#2336 = CARTESIAN_POINT('',(15.997178526099,-3.467486150181,
    0.101527728803));
#2337 = CARTESIAN_POINT('',(15.999999999999,-3.464101615138,
    5.078256466829E-02));
#2338 = CARTESIAN_POINT('',(16.,-3.464101615138,-6.870600746947E-03));
#2339 = CARTESIAN_POINT('',(16.,-3.464101615138,-1.504024349638E-02));
#2340 = CARTESIAN_POINT('',(16.,-3.464101615138,-2.450892824829E-02));
#2341 = CARTESIAN_POINT('',(16.000000000001,-3.464101615138,
    -3.527665500265E-02));
#2342 = CARTESIAN_POINT('',(16.000000000001,-3.464101615138,
    -4.734342375949E-02));
#2343 = CARTESIAN_POINT('',(16.000000000001,-3.464101615138,
    -6.070923451879E-02));
#2344 = CARTESIAN_POINT('',(16.000000000001,-3.464101615138,
    -7.537408728055E-02));
#2345 = CARTESIAN_POINT('',(16.000000000001,-3.464101615138,
    -9.133798204479E-02));
#2346 = CARTESIAN_POINT('',(16.000000000002,-3.464101615138,
    -0.108600918811));
#2347 = CARTESIAN_POINT('',(16.000000000002,-3.464101615138,
    -0.127162897581));
#2348 = CARTESIAN_POINT('',(16.000000000002,-3.464101615138,
    -0.147023918352));
#2349 = CARTESIAN_POINT('',(16.000000000002,-3.464101615138,
    -0.168183981126));
#2350 = ADVANCED_FACE('',(#2351),#2362,.T.);
#2351 = FACE_BOUND('',#2352,.T.);
#2352 = EDGE_LOOP('',(#2353,#2354,#2355,#2356));
#2353 = ORIENTED_EDGE('',*,*,#1046,.F.);
#2354 = ORIENTED_EDGE('',*,*,#1509,.F.);
#2355 = ORIENTED_EDGE('',*,*,#1532,.T.);
#2356 = ORIENTED_EDGE('',*,*,#2357,.T.);
#2357 = EDGE_CURVE('',#1533,#1047,#2358,.T.);
#2358 = LINE('',#2359,#2360);
#2359 = CARTESIAN_POINT('',(11.031373033403,1.5,1.));
#2360 = VECTOR('',#2361,1.);
#2361 = DIRECTION('',(-0.,-3.330669073875E-16,-1.));
#2362 = PLANE('',#2363);
#2363 = AXIS2_PLACEMENT_3D('',#2364,#2365,#2366);
#2364 = CARTESIAN_POINT('',(-11.,1.5,2.6645352591E-15));
#2365 = DIRECTION('',(0.,1.,-2.22044604925E-16));
#2366 = DIRECTION('',(0.,2.22044604925E-16,1.));
#2367 = ADVANCED_FACE('',(#2368),#2405,.F.);
#2368 = FACE_BOUND('',#2369,.T.);
#2369 = EDGE_LOOP('',(#2370,#2371,#2379,#2386,#2387,#2388,#2389,#2390,
    #2396,#2397,#2398,#2399));
#2370 = ORIENTED_EDGE('',*,*,#1252,.F.);
#2371 = ORIENTED_EDGE('',*,*,#2372,.T.);
#2372 = EDGE_CURVE('',#1244,#2373,#2375,.T.);
#2373 = VERTEX_POINT('',#2374);
#2374 = CARTESIAN_POINT('',(18.,3.59508171655E-15,4.));
#2375 = LINE('',#2376,#2377);
#2376 = CARTESIAN_POINT('',(18.,2.262814087E-15,-1.7763568394E-15));
#2377 = VECTOR('',#2378,1.);
#2378 = DIRECTION('',(0.,3.330669073875E-16,1.));
#2379 = ORIENTED_EDGE('',*,*,#2380,.T.);
#2380 = EDGE_CURVE('',#2373,#2373,#2381,.T.);
#2381 = CIRCLE('',#2382,3.);
#2382 = AXIS2_PLACEMENT_3D('',#2383,#2384,#2385);
#2383 = CARTESIAN_POINT('',(15.,4.329869796038E-15,4.));
#2384 = DIRECTION('',(-0.,3.330669073875E-16,1.));
#2385 = DIRECTION('',(1.,0.,0.));
#2386 = ORIENTED_EDGE('',*,*,#2372,.F.);
#2387 = ORIENTED_EDGE('',*,*,#1243,.F.);
#2388 = ORIENTED_EDGE('',*,*,#2075,.F.);
#2389 = ORIENTED_EDGE('',*,*,#1063,.F.);
#2390 = ORIENTED_EDGE('',*,*,#2391,.F.);
#2391 = EDGE_CURVE('',#1541,#1055,#2392,.T.);
#2392 = LINE('',#2393,#2394);
#2393 = CARTESIAN_POINT('',(12.023529775052,0.375,1.));
#2394 = VECTOR('',#2395,1.);
#2395 = DIRECTION('',(-0.,-3.330669073875E-16,-1.));
#2396 = ORIENTED_EDGE('',*,*,#1549,.F.);
#2397 = ORIENTED_EDGE('',*,*,#1558,.T.);
#2398 = ORIENTED_EDGE('',*,*,#1567,.T.);
#2399 = ORIENTED_EDGE('',*,*,#2400,.T.);
#2400 = EDGE_CURVE('',#1568,#1253,#2401,.T.);
#2401 = LINE('',#2402,#2403);
#2402 = CARTESIAN_POINT('',(17.976470224948,0.375,1.));
#2403 = VECTOR('',#2404,1.);
#2404 = DIRECTION('',(-0.,-3.330669073875E-16,-1.));
#2405 = CYLINDRICAL_SURFACE('',#2406,3.);
#2406 = AXIS2_PLACEMENT_3D('',#2407,#2408,#2409);
#2407 = CARTESIAN_POINT('',(15.,2.997602166488E-15,-1.7763568394E-15));
#2408 = DIRECTION('',(-0.,-3.330669073875E-16,-1.));
#2409 = DIRECTION('',(1.,0.,0.));
#2410 = ADVANCED_FACE('',(#2411),#2417,.T.);
#2411 = FACE_BOUND('',#2412,.F.);
#2412 = EDGE_LOOP('',(#2413,#2414,#2415,#2416));
#2413 = ORIENTED_EDGE('',*,*,#1540,.T.);
#2414 = ORIENTED_EDGE('',*,*,#2357,.T.);
#2415 = ORIENTED_EDGE('',*,*,#1054,.F.);
#2416 = ORIENTED_EDGE('',*,*,#2391,.F.);
#2417 = CYLINDRICAL_SURFACE('',#2418,1.);
#2418 = AXIS2_PLACEMENT_3D('',#2419,#2420,#2421);
#2419 = CARTESIAN_POINT('',(11.031373033403,0.5,1.));
#2420 = DIRECTION('',(-0.,-3.330669073875E-16,-1.));
#2421 = DIRECTION('',(0.992156741649,-0.125,4.163336342344E-17));
#2422 = ADVANCED_FACE('',(#2423,#2454,#2504,#2554,#2604),#2654,.F.);
#2423 = FACE_BOUND('',#2424,.F.);
#2424 = EDGE_LOOP('',(#2425,#2426,#2435,#2443,#2450,#2451,#2452,#2453));
#2425 = ORIENTED_EDGE('',*,*,#1821,.F.);
#2426 = ORIENTED_EDGE('',*,*,#2427,.F.);
#2427 = EDGE_CURVE('',#2428,#1813,#2430,.T.);
#2428 = VERTEX_POINT('',#2429);
#2429 = CARTESIAN_POINT('',(46.320391543177,11.893202818941,6.4));
#2430 = CIRCLE('',#2431,3.5);
#2431 = AXIS2_PLACEMENT_3D('',#2432,#2433,#2434);
#2432 = CARTESIAN_POINT('',(43.,13.,6.4));
#2433 = DIRECTION('',(0.,2.22044604925E-16,1.));
#2434 = DIRECTION('',(0.948683298051,-0.316227766017,7.021666937153E-17)
  );
#2435 = ORIENTED_EDGE('',*,*,#2436,.F.);
#2436 = EDGE_CURVE('',#2437,#2428,#2439,.T.);
#2437 = VERTEX_POINT('',#2438);
#2438 = CARTESIAN_POINT('',(40.320391543177,-6.106797181059,6.4));
#2439 = LINE('',#2440,#2441);
#2440 = CARTESIAN_POINT('',(40.320391543177,-6.106797181059,6.4));
#2441 = VECTOR('',#2442,1.);
#2442 = DIRECTION('',(0.316227766017,0.948683298051,-2.106500081146E-16)
  );
#2443 = ORIENTED_EDGE('',*,*,#2444,.F.);
#2444 = EDGE_CURVE('',#1130,#2437,#2445,.T.);
#2445 = CIRCLE('',#2446,3.5);
#2446 = AXIS2_PLACEMENT_3D('',#2447,#2448,#2449);
#2447 = CARTESIAN_POINT('',(37.,-5.,6.4));
#2448 = DIRECTION('',(-0.,2.22044604925E-16,1.));
#2449 = DIRECTION('',(0.,-1.,2.22044604925E-16));
#2450 = ORIENTED_EDGE('',*,*,#1129,.F.);
#2451 = ORIENTED_EDGE('',*,*,#1721,.F.);
#2452 = ORIENTED_EDGE('',*,*,#1745,.F.);
#2453 = ORIENTED_EDGE('',*,*,#1772,.F.);
#2454 = FACE_BOUND('',#2455,.F.);
#2455 = EDGE_LOOP('',(#2456,#2466,#2474,#2482,#2490,#2498));
#2456 = ORIENTED_EDGE('',*,*,#2457,.T.);
#2457 = EDGE_CURVE('',#2458,#2460,#2462,.T.);
#2458 = VERTEX_POINT('',#2459);
#2459 = CARTESIAN_POINT('',(-4.315321248268,-3.45,6.4));
#2460 = VERTEX_POINT('',#2461);
#2461 = CARTESIAN_POINT('',(-7.,-1.9,6.4));
#2462 = LINE('',#2463,#2464);
#2463 = CARTESIAN_POINT('',(-4.315321248268,-3.45,6.4));
#2464 = VECTOR('',#2465,1.);
#2465 = DIRECTION('',(-0.866025403784,0.5,-1.110223024625E-16));
#2466 = ORIENTED_EDGE('',*,*,#2467,.T.);
#2467 = EDGE_CURVE('',#2460,#2468,#2470,.T.);
#2468 = VERTEX_POINT('',#2469);
#2469 = CARTESIAN_POINT('',(-9.684678751732,-3.45,6.4));
#2470 = LINE('',#2471,#2472);
#2471 = CARTESIAN_POINT('',(-7.,-1.9,6.4));
#2472 = VECTOR('',#2473,1.);
#2473 = DIRECTION('',(-0.866025403784,-0.5,1.110223024625E-16));
#2474 = ORIENTED_EDGE('',*,*,#2475,.T.);
#2475 = EDGE_CURVE('',#2468,#2476,#2478,.T.);
#2476 = VERTEX_POINT('',#2477);
#2477 = CARTESIAN_POINT('',(-9.684678751732,-6.55,6.4));
#2478 = LINE('',#2479,#2480);
#2479 = CARTESIAN_POINT('',(-9.684678751732,-3.45,6.4));
#2480 = VECTOR('',#2481,1.);
#2481 = DIRECTION('',(-1.4E-16,-1.,2.22044604925E-16));
#2482 = ORIENTED_EDGE('',*,*,#2483,.T.);
#2483 = EDGE_CURVE('',#2476,#2484,#2486,.T.);
#2484 = VERTEX_POINT('',#2485);
#2485 = CARTESIAN_POINT('',(-7.,-8.1,6.4));
#2486 = LINE('',#2487,#2488);
#2487 = CARTESIAN_POINT('',(-9.684678751732,-6.55,6.4));
#2488 = VECTOR('',#2489,1.);
#2489 = DIRECTION('',(0.866025403784,-0.5,1.110223024625E-16));
#2490 = ORIENTED_EDGE('',*,*,#2491,.T.);
#2491 = EDGE_CURVE('',#2484,#2492,#2494,.T.);
#2492 = VERTEX_POINT('',#2493);
#2493 = CARTESIAN_POINT('',(-4.315321248268,-6.55,6.4));
#2494 = LINE('',#2495,#2496);
#2495 = CARTESIAN_POINT('',(-7.,-8.1,6.4));
#2496 = VECTOR('',#2497,1.);
#2497 = DIRECTION('',(0.866025403784,0.5,-1.110223024625E-16));
#2498 = ORIENTED_EDGE('',*,*,#2499,.T.);
#2499 = EDGE_CURVE('',#2492,#2458,#2500,.T.);
#2500 = LINE('',#2501,#2502);
#2501 = CARTESIAN_POINT('',(-4.315321248268,-6.55,6.4));
#2502 = VECTOR('',#2503,1.);
#2503 = DIRECTION('',(5.7E-16,1.,-2.22044604925E-16));
#2504 = FACE_BOUND('',#2505,.F.);
#2505 = EDGE_LOOP('',(#2506,#2516,#2524,#2532,#2540,#2548));
#2506 = ORIENTED_EDGE('',*,*,#2507,.T.);
#2507 = EDGE_CURVE('',#2508,#2510,#2512,.T.);
#2508 = VERTEX_POINT('',#2509);
#2509 = CARTESIAN_POINT('',(-10.31532124826,14.55,6.4));
#2510 = VERTEX_POINT('',#2511);
#2511 = CARTESIAN_POINT('',(-13.,16.1,6.4));
#2512 = LINE('',#2513,#2514);
#2513 = CARTESIAN_POINT('',(-10.31532124826,14.55,6.4));
#2514 = VECTOR('',#2515,1.);
#2515 = DIRECTION('',(-0.866025403784,0.5,-1.110223024625E-16));
#2516 = ORIENTED_EDGE('',*,*,#2517,.T.);
#2517 = EDGE_CURVE('',#2510,#2518,#2520,.T.);
#2518 = VERTEX_POINT('',#2519);
#2519 = CARTESIAN_POINT('',(-15.68467875173,14.55,6.4));
#2520 = LINE('',#2521,#2522);
#2521 = CARTESIAN_POINT('',(-13.,16.1,6.4));
#2522 = VECTOR('',#2523,1.);
#2523 = DIRECTION('',(-0.866025403784,-0.5,1.110223024625E-16));
#2524 = ORIENTED_EDGE('',*,*,#2525,.T.);
#2525 = EDGE_CURVE('',#2518,#2526,#2528,.T.);
#2526 = VERTEX_POINT('',#2527);
#2527 = CARTESIAN_POINT('',(-15.68467875173,11.45,6.4));
#2528 = LINE('',#2529,#2530);
#2529 = CARTESIAN_POINT('',(-15.68467875173,14.55,6.4));
#2530 = VECTOR('',#2531,1.);
#2531 = DIRECTION('',(-1.4E-16,-1.,2.22044604925E-16));
#2532 = ORIENTED_EDGE('',*,*,#2533,.T.);
#2533 = EDGE_CURVE('',#2526,#2534,#2536,.T.);
#2534 = VERTEX_POINT('',#2535);
#2535 = CARTESIAN_POINT('',(-13.,9.9,6.4));
#2536 = LINE('',#2537,#2538);
#2537 = CARTESIAN_POINT('',(-15.68467875173,11.45,6.4));
#2538 = VECTOR('',#2539,1.);
#2539 = DIRECTION('',(0.866025403784,-0.5,1.110223024625E-16));
#2540 = ORIENTED_EDGE('',*,*,#2541,.T.);
#2541 = EDGE_CURVE('',#2534,#2542,#2544,.T.);
#2542 = VERTEX_POINT('',#2543);
#2543 = CARTESIAN_POINT('',(-10.31532124826,11.45,6.4));
#2544 = LINE('',#2545,#2546);
#2545 = CARTESIAN_POINT('',(-13.,9.9,6.4));
#2546 = VECTOR('',#2547,1.);
#2547 = DIRECTION('',(0.866025403784,0.5,-1.110223024625E-16));
#2548 = ORIENTED_EDGE('',*,*,#2549,.T.);
#2549 = EDGE_CURVE('',#2542,#2508,#2550,.T.);
#2550 = LINE('',#2551,#2552);
#2551 = CARTESIAN_POINT('',(-10.31532124826,11.45,6.4));
#2552 = VECTOR('',#2553,1.);
#2553 = DIRECTION('',(5.7E-16,1.,-2.22044604925E-16));
#2554 = FACE_BOUND('',#2555,.F.);
#2555 = EDGE_LOOP('',(#2556,#2566,#2574,#2582,#2590,#2598));
#2556 = ORIENTED_EDGE('',*,*,#2557,.T.);
#2557 = EDGE_CURVE('',#2558,#2560,#2562,.T.);
#2558 = VERTEX_POINT('',#2559);
#2559 = CARTESIAN_POINT('',(39.684678751732,-3.45,6.4));
#2560 = VERTEX_POINT('',#2561);
#2561 = CARTESIAN_POINT('',(37.,-1.9,6.4));
#2562 = LINE('',#2563,#2564);
#2563 = CARTESIAN_POINT('',(39.684678751732,-3.45,6.4));
#2564 = VECTOR('',#2565,1.);
#2565 = DIRECTION('',(-0.866025403784,0.5,-1.110223024625E-16));
#2566 = ORIENTED_EDGE('',*,*,#2567,.T.);
#2567 = EDGE_CURVE('',#2560,#2568,#2570,.T.);
#2568 = VERTEX_POINT('',#2569);
#2569 = CARTESIAN_POINT('',(34.315321248268,-3.45,6.4));
#2570 = LINE('',#2571,#2572);
#2571 = CARTESIAN_POINT('',(37.,-1.9,6.4));
#2572 = VECTOR('',#2573,1.);
#2573 = DIRECTION('',(-0.866025403784,-0.5,1.110223024625E-16));
#2574 = ORIENTED_EDGE('',*,*,#2575,.T.);
#2575 = EDGE_CURVE('',#2568,#2576,#2578,.T.);
#2576 = VERTEX_POINT('',#2577);
#2577 = CARTESIAN_POINT('',(34.315321248268,-6.55,6.4));
#2578 = LINE('',#2579,#2580);
#2579 = CARTESIAN_POINT('',(34.315321248268,-3.45,6.4));
#2580 = VECTOR('',#2581,1.);
#2581 = DIRECTION('',(-1.4E-16,-1.,2.22044604925E-16));
#2582 = ORIENTED_EDGE('',*,*,#2583,.T.);
#2583 = EDGE_CURVE('',#2576,#2584,#2586,.T.);
#2584 = VERTEX_POINT('',#2585);
#2585 = CARTESIAN_POINT('',(37.,-8.1,6.4));
#2586 = LINE('',#2587,#2588);
#2587 = CARTESIAN_POINT('',(34.315321248268,-6.55,6.4));
#2588 = VECTOR('',#2589,1.);
#2589 = DIRECTION('',(0.866025403784,-0.5,1.110223024625E-16));
#2590 = ORIENTED_EDGE('',*,*,#2591,.T.);
#2591 = EDGE_CURVE('',#2584,#2592,#2594,.T.);
#2592 = VERTEX_POINT('',#2593);
#2593 = CARTESIAN_POINT('',(39.684678751732,-6.55,6.4));
#2594 = LINE('',#2595,#2596);
#2595 = CARTESIAN_POINT('',(37.,-8.1,6.4));
#2596 = VECTOR('',#2597,1.);
#2597 = DIRECTION('',(0.866025403784,0.5,-1.110223024625E-16));
#2598 = ORIENTED_EDGE('',*,*,#2599,.T.);
#2599 = EDGE_CURVE('',#2592,#2558,#2600,.T.);
#2600 = LINE('',#2601,#2602);
#2601 = CARTESIAN_POINT('',(39.684678751732,-6.55,6.4));
#2602 = VECTOR('',#2603,1.);
#2603 = DIRECTION('',(5.7E-16,1.,-2.22044604925E-16));
#2604 = FACE_BOUND('',#2605,.F.);
#2605 = EDGE_LOOP('',(#2606,#2616,#2624,#2632,#2640,#2648));
#2606 = ORIENTED_EDGE('',*,*,#2607,.T.);
#2607 = EDGE_CURVE('',#2608,#2610,#2612,.T.);
#2608 = VERTEX_POINT('',#2609);
#2609 = CARTESIAN_POINT('',(45.684678751732,14.55,6.4));
#2610 = VERTEX_POINT('',#2611);
#2611 = CARTESIAN_POINT('',(43.,16.1,6.4));
#2612 = LINE('',#2613,#2614);
#2613 = CARTESIAN_POINT('',(45.684678751732,14.55,6.4));
#2614 = VECTOR('',#2615,1.);
#2615 = DIRECTION('',(-0.866025403784,0.5,-1.110223024625E-16));
#2616 = ORIENTED_EDGE('',*,*,#2617,.T.);
#2617 = EDGE_CURVE('',#2610,#2618,#2620,.T.);
#2618 = VERTEX_POINT('',#2619);
#2619 = CARTESIAN_POINT('',(40.315321248268,14.55,6.4));
#2620 = LINE('',#2621,#2622);
#2621 = CARTESIAN_POINT('',(43.,16.1,6.4));
#2622 = VECTOR('',#2623,1.);
#2623 = DIRECTION('',(-0.866025403784,-0.5,1.110223024625E-16));
#2624 = ORIENTED_EDGE('',*,*,#2625,.T.);
#2625 = EDGE_CURVE('',#2618,#2626,#2628,.T.);
#2626 = VERTEX_POINT('',#2627);
#2627 = CARTESIAN_POINT('',(40.315321248268,11.45,6.4));
#2628 = LINE('',#2629,#2630);
#2629 = CARTESIAN_POINT('',(40.315321248268,14.55,6.4));
#2630 = VECTOR('',#2631,1.);
#2631 = DIRECTION('',(-1.4E-16,-1.,2.22044604925E-16));
#2632 = ORIENTED_EDGE('',*,*,#2633,.T.);
#2633 = EDGE_CURVE('',#2626,#2634,#2636,.T.);
#2634 = VERTEX_POINT('',#2635);
#2635 = CARTESIAN_POINT('',(43.,9.9,6.4));
#2636 = LINE('',#2637,#2638);
#2637 = CARTESIAN_POINT('',(40.315321248268,11.45,6.4));
#2638 = VECTOR('',#2639,1.);
#2639 = DIRECTION('',(0.866025403784,-0.5,1.110223024625E-16));
#2640 = ORIENTED_EDGE('',*,*,#2641,.T.);
#2641 = EDGE_CURVE('',#2634,#2642,#2644,.T.);
#2642 = VERTEX_POINT('',#2643);
#2643 = CARTESIAN_POINT('',(45.684678751732,11.45,6.4));
#2644 = LINE('',#2645,#2646);
#2645 = CARTESIAN_POINT('',(43.,9.9,6.4));
#2646 = VECTOR('',#2647,1.);
#2647 = DIRECTION('',(0.866025403784,0.5,-1.110223024625E-16));
#2648 = ORIENTED_EDGE('',*,*,#2649,.T.);
#2649 = EDGE_CURVE('',#2642,#2608,#2650,.T.);
#2650 = LINE('',#2651,#2652);
#2651 = CARTESIAN_POINT('',(45.684678751732,11.45,6.4));
#2652 = VECTOR('',#2653,1.);
#2653 = DIRECTION('',(5.7E-16,1.,-2.22044604925E-16));
#2654 = PLANE('',#2655);
#2655 = AXIS2_PLACEMENT_3D('',#2656,#2657,#2658);
#2656 = CARTESIAN_POINT('',(15.,4.79811285857,6.4));
#2657 = DIRECTION('',(0.,-2.22044604925E-16,-1.));
#2658 = DIRECTION('',(0.,1.,-2.22044604925E-16));
#2659 = ADVANCED_FACE('',(#2660),#2672,.T.);
#2660 = FACE_BOUND('',#2661,.T.);
#2661 = EDGE_LOOP('',(#2662,#2663,#2664,#2671));
#2662 = ORIENTED_EDGE('',*,*,#1137,.F.);
#2663 = ORIENTED_EDGE('',*,*,#1180,.T.);
#2664 = ORIENTED_EDGE('',*,*,#2665,.T.);
#2665 = EDGE_CURVE('',#1181,#2437,#2666,.T.);
#2666 = CIRCLE('',#2667,1.);
#2667 = AXIS2_PLACEMENT_3D('',#2668,#2669,#2670);
#2668 = CARTESIAN_POINT('',(40.320391543177,-6.106797181059,5.4));
#2669 = DIRECTION('',(-0.316227766017,-0.948683298051,2.106500081146E-16
    ));
#2670 = DIRECTION('',(0.948683298051,-0.316227766017,7.021666937153E-17)
  );
#2671 = ORIENTED_EDGE('',*,*,#2444,.F.);
#2672 = TOROIDAL_SURFACE('',#2673,3.5,1.);
#2673 = AXIS2_PLACEMENT_3D('',#2674,#2675,#2676);
#2674 = CARTESIAN_POINT('',(37.,-5.,5.4));
#2675 = DIRECTION('',(0.,2.22044604925E-16,1.));
#2676 = DIRECTION('',(0.,-1.,2.22044604925E-16));
#2677 = ADVANCED_FACE('',(#2678),#2689,.F.);
#2678 = FACE_BOUND('',#2679,.F.);
#2679 = EDGE_LOOP('',(#2680,#2681,#2687,#2688));
#2680 = ORIENTED_EDGE('',*,*,#1189,.T.);
#2681 = ORIENTED_EDGE('',*,*,#2682,.T.);
#2682 = EDGE_CURVE('',#1181,#1788,#2683,.T.);
#2683 = LINE('',#2684,#2685);
#2684 = CARTESIAN_POINT('',(41.269074841227,-6.423024947076,5.4));
#2685 = VECTOR('',#2686,1.);
#2686 = DIRECTION('',(0.316227766017,0.948683298051,-2.106500081146E-16)
  );
#2687 = ORIENTED_EDGE('',*,*,#1787,.F.);
#2688 = ORIENTED_EDGE('',*,*,#1437,.F.);
#2689 = PLANE('',#2690);
#2690 = AXIS2_PLACEMENT_3D('',#2691,#2692,#2693);
#2691 = CARTESIAN_POINT('',(41.269074841227,-6.423024947076,
    9.386421061422E-15));
#2692 = DIRECTION('',(-0.948683298051,0.316227766017,-2.102166693715E-16
    ));
#2693 = DIRECTION('',(0.316227766017,0.948683298051,-6.306500081146E-16)
  );
#2694 = ADVANCED_FACE('',(#2695),#2771,.F.);
#2695 = FACE_BOUND('',#2696,.T.);
#2696 = EDGE_LOOP('',(#2697,#2698,#2699,#2700));
#2697 = ORIENTED_EDGE('',*,*,#1344,.F.);
#2698 = ORIENTED_EDGE('',*,*,#1485,.F.);
#2699 = ORIENTED_EDGE('',*,*,#1319,.F.);
#2700 = ORIENTED_EDGE('',*,*,#2701,.T.);
#2701 = EDGE_CURVE('',#1297,#1347,#2702,.T.);
#2702 = B_SPLINE_CURVE_WITH_KNOTS('',12,(#2703,#2704,#2705,#2706,#2707,
    #2708,#2709,#2710,#2711,#2712,#2713,#2714,#2715,#2716,#2717,#2718,
    #2719,#2720,#2721,#2722,#2723,#2724,#2725,#2726,#2727,#2728,#2729,
    #2730,#2731,#2732,#2733,#2734,#2735,#2736,#2737,#2738,#2739,#2740,
    #2741,#2742,#2743,#2744,#2745,#2746,#2747,#2748,#2749,#2750,#2751,
    #2752,#2753,#2754,#2755,#2756,#2757,#2758,#2759,#2760,#2761,#2762,
    #2763,#2764,#2765,#2766,#2767,#2768,#2769,#2770),.UNSPECIFIED.,.F.,
  .F.,(13,11,11,11,11,11,13),(-0.115534992875,-1.233605038922E-13,
    0.85972584758,1.582203083216,2.310585579731,3.164586546306,
    3.280128125536),.UNSPECIFIED.);
#2703 = CARTESIAN_POINT('',(29.,-3.464101615138,-0.168183923582));
#2704 = CARTESIAN_POINT('',(28.999999999999,-3.464101615138,
    -0.147023868329));
#2705 = CARTESIAN_POINT('',(28.999999999999,-3.464101615138,
    -0.127162854582));
#2706 = CARTESIAN_POINT('',(28.999999999998,-3.464101615138,
    -0.108600882343));
#2707 = CARTESIAN_POINT('',(28.999999999998,-3.464101615137,
    -9.133795160992E-02));
#2708 = CARTESIAN_POINT('',(28.999999999998,-3.464101615137,
    -7.537406238428E-02));
#2709 = CARTESIAN_POINT('',(28.999999999998,-3.464101615137,
    -6.070921466562E-02));
#2710 = CARTESIAN_POINT('',(28.999999999998,-3.464101615137,
    -4.734340845393E-02));
#2711 = CARTESIAN_POINT('',(28.999999999998,-3.464101615137,
    -3.527664374921E-02));
#2712 = CARTESIAN_POINT('',(28.999999999998,-3.464101615138,
    -2.450892055147E-02));
#2713 = CARTESIAN_POINT('',(28.999999999999,-3.464101615138,
    -1.50402388607E-02));
#2714 = CARTESIAN_POINT('',(28.999999999999,-3.464101615138,
    -6.87059867691E-03));
#2715 = CARTESIAN_POINT('',(29.000000000006,-3.464101615138,
    5.112590673899E-02));
#2716 = CARTESIAN_POINT('',(29.00285005329,-3.467521494807,
    0.102203449419));
#2717 = CARTESIAN_POINT('',(29.008545616528,-3.474367053261,
    0.153386093698));
#2718 = CARTESIAN_POINT('',(29.017151596311,-3.484650266254,
    0.204783071883));
#2719 = CARTESIAN_POINT('',(29.028796231657,-3.498396682316,
    0.256475505631));
#2720 = CARTESIAN_POINT('',(29.043669614109,-3.515642512962,
    0.30852384423));
#2721 = CARTESIAN_POINT('',(29.06202685691,-3.536421418336,
    0.360966618548));
#2722 = CARTESIAN_POINT('',(29.084195897398,-3.560740986413,
    0.413810510524));
#2723 = CARTESIAN_POINT('',(29.110589950941,-3.58854890793,
    0.467011738361));
#2724 = CARTESIAN_POINT('',(29.141724598588,-3.619688844925,
    0.520448757248));
#2725 = CARTESIAN_POINT('',(29.178239523051,-3.653845994629,
    0.57388627577));
#2726 = CARTESIAN_POINT('',(29.25679585384,-3.721269988743,0.67150678399
    ));
#2727 = CARTESIAN_POINT('',(29.297031923607,-3.7538153394,0.715815587798
    ));
#2728 = CARTESIAN_POINT('',(29.342060402174,-3.787716708949,
    0.75951603263));
#2729 = CARTESIAN_POINT('',(29.392315637732,-3.822549397679,
    0.802316942923));
#2730 = CARTESIAN_POINT('',(29.448494935805,-3.857655578679,
    0.843701138142));
#2731 = CARTESIAN_POINT('',(29.511087585205,-3.892059365266,
    0.882867558333));
#2732 = CARTESIAN_POINT('',(29.580241076621,-3.92441878963,
    0.918703352227));
#2733 = CARTESIAN_POINT('',(29.655879373365,-3.953054957476,
    0.949792024932));
#2734 = CARTESIAN_POINT('',(29.737557523169,-3.976140122385,
    0.974548915082));
#2735 = CARTESIAN_POINT('',(29.823825034212,-3.992080849343,
    0.991551562279));
#2736 = CARTESIAN_POINT('',(29.911877224578,-3.999999802046,
    0.99999993316));
#2737 = CARTESIAN_POINT('',(30.08884153512,-4.000000199582,
    1.000000067386));
#2738 = CARTESIAN_POINT('',(30.177666536363,-3.99190598172,
    0.991379068675));
#2739 = CARTESIAN_POINT('',(30.264239809862,-3.975977091087,
    0.974278986478));
#2740 = CARTESIAN_POINT('',(30.347048054051,-3.951662863066,
    0.948589316785));
#2741 = CARTESIAN_POINT('',(30.421450882361,-3.924892997825,
    0.918700806602));
#2742 = CARTESIAN_POINT('',(30.49508070055,-3.887973911309,
    0.878994901129));
#2743 = CARTESIAN_POINT('',(30.552009471761,-3.858053278548,
    0.843562665811));
#2744 = CARTESIAN_POINT('',(30.612926183764,-3.819057434289,
    0.79855340394));
#2745 = CARTESIAN_POINT('',(30.660946995077,-3.785654078642,
    0.756847581254));
#2746 = CARTESIAN_POINT('',(30.706636576044,-3.751047421021,
    0.712262999612));
#2747 = CARTESIAN_POINT('',(30.746713938539,-3.718423323825,
    0.667622381357));
#2748 = CARTESIAN_POINT('',(30.824437153749,-3.651333417607,
    0.569948803661));
#2749 = CARTESIAN_POINT('',(30.860339398754,-3.617601864087,
    0.51686512513));
#2750 = CARTESIAN_POINT('',(30.890954141408,-3.58689727661,
    0.463868971705));
#2751 = CARTESIAN_POINT('',(30.916929041515,-3.559490638433,
    0.411113406908));
#2752 = CARTESIAN_POINT('',(30.938781688738,-3.535502874659,
    0.358647568885));
#2753 = CARTESIAN_POINT('',(30.956907137866,-3.514981563894,
    0.306509070395));
#2754 = CARTESIAN_POINT('',(30.971602337992,-3.497938842888,
    0.254740438922));
#2755 = CARTESIAN_POINT('',(30.983096021053,-3.484364526833,
    0.203361725411));
#2756 = CARTESIAN_POINT('',(30.991572582871,-3.474228464334,
    0.152331409387));
#2757 = CARTESIAN_POINT('',(30.99717852607,-3.467486150178,
    0.101527729046));
#2758 = CARTESIAN_POINT('',(30.999999999995,-3.464101615137,
    5.078256412823E-02));
#2759 = CARTESIAN_POINT('',(31.000000000001,-3.464101615138,
    -6.870598379079E-03));
#2760 = CARTESIAN_POINT('',(31.000000000002,-3.464101615138,
    -1.504023831928E-02));
#2761 = CARTESIAN_POINT('',(31.000000000003,-3.464101615138,
    -2.450891982059E-02));
#2762 = CARTESIAN_POINT('',(31.000000000004,-3.464101615138,
    -3.527664288301E-02));
#2763 = CARTESIAN_POINT('',(31.000000000005,-3.464101615138,
    -4.734340750653E-02));
#2764 = CARTESIAN_POINT('',(31.000000000006,-3.464101615138,
    -6.070921369115E-02));
#2765 = CARTESIAN_POINT('',(31.000000000008,-3.464101615139,
    -7.537406143688E-02));
#2766 = CARTESIAN_POINT('',(31.00000000001,-3.464101615139,
    -9.133795074371E-02));
#2767 = CARTESIAN_POINT('',(31.000000000012,-3.464101615139,
    -0.108600881612));
#2768 = CARTESIAN_POINT('',(31.000000000014,-3.464101615139,
    -0.127162854041));
#2769 = CARTESIAN_POINT('',(31.000000000016,-3.46410161514,
    -0.147023868031));
#2770 = CARTESIAN_POINT('',(31.000000000018,-3.46410161514,
    -0.168183923582));
#2771 = CYLINDRICAL_SURFACE('',#2772,1.);
#2772 = AXIS2_PLACEMENT_3D('',#2773,#2774,#2775);
#2773 = CARTESIAN_POINT('',(30.,-9.5,-1.054711873394E-15));
#2774 = DIRECTION('',(-0.,-1.,-1.110223024625E-16));
#2775 = DIRECTION('',(1.,0.,0.));
#2776 = ADVANCED_FACE('',(#2777),#2788,.T.);
#2777 = FACE_BOUND('',#2778,.F.);
#2778 = EDGE_LOOP('',(#2779,#2780,#2781,#2782));
#2779 = ORIENTED_EDGE('',*,*,#1576,.T.);
#2780 = ORIENTED_EDGE('',*,*,#2400,.T.);
#2781 = ORIENTED_EDGE('',*,*,#1261,.F.);
#2782 = ORIENTED_EDGE('',*,*,#2783,.F.);
#2783 = EDGE_CURVE('',#1577,#1262,#2784,.T.);
#2784 = LINE('',#2785,#2786);
#2785 = CARTESIAN_POINT('',(18.968626966597,1.5,1.));
#2786 = VECTOR('',#2787,1.);
#2787 = DIRECTION('',(-0.,-3.330669073875E-16,-1.));
#2788 = CYLINDRICAL_SURFACE('',#2789,1.);
#2789 = AXIS2_PLACEMENT_3D('',#2790,#2791,#2792);
#2790 = CARTESIAN_POINT('',(18.968626966597,0.5,1.));
#2791 = DIRECTION('',(-0.,-3.330669073875E-16,-1.));
#2792 = DIRECTION('',(0.,1.,-3.330669073875E-16));
#2793 = ADVANCED_FACE('',(#2794),#2870,.F.);
#2794 = FACE_BOUND('',#2795,.F.);
#2795 = EDGE_LOOP('',(#2796,#2797,#2798,#2799));
#2796 = ORIENTED_EDGE('',*,*,#1296,.T.);
#2797 = ORIENTED_EDGE('',*,*,#2701,.T.);
#2798 = ORIENTED_EDGE('',*,*,#1354,.F.);
#2799 = ORIENTED_EDGE('',*,*,#2800,.F.);
#2800 = EDGE_CURVE('',#1288,#1355,#2801,.T.);
#2801 = B_SPLINE_CURVE_WITH_KNOTS('',12,(#2802,#2803,#2804,#2805,#2806,
    #2807,#2808,#2809,#2810,#2811,#2812,#2813,#2814,#2815,#2816,#2817,
    #2818,#2819,#2820,#2821,#2822,#2823,#2824,#2825,#2826,#2827,#2828,
    #2829,#2830,#2831,#2832,#2833,#2834,#2835,#2836,#2837,#2838,#2839,
    #2840,#2841,#2842,#2843,#2844,#2845,#2846,#2847,#2848,#2849,#2850,
    #2851,#2852,#2853,#2854,#2855,#2856,#2857,#2858,#2859,#2860,#2861,
    #2862,#2863,#2864,#2865,#2866,#2867,#2868,#2869),.UNSPECIFIED.,.F.,
  .F.,(13,11,11,11,11,11,13),(-0.115534992875,-1.233605038922E-13,
    0.85972584758,1.582203083216,2.310585579731,3.164586546306,
    3.280128125536),.UNSPECIFIED.);
#2802 = CARTESIAN_POINT('',(28.5,-2.598076211353,-0.168183923582));
#2803 = CARTESIAN_POINT('',(28.499999999999,-2.598076211353,
    -0.154168596617));
#2804 = CARTESIAN_POINT('',(28.499999999999,-2.598076211353,
    -0.140153269652));
#2805 = CARTESIAN_POINT('',(28.499999999998,-2.598076211353,
    -0.126137942687));
#2806 = CARTESIAN_POINT('',(28.499999999998,-2.598076211353,
    -0.112122615722));
#2807 = CARTESIAN_POINT('',(28.499999999998,-2.598076211353,
    -9.810728875641E-02));
#2808 = CARTESIAN_POINT('',(28.499999999998,-2.598076211353,
    -8.409196179124E-02));
#2809 = CARTESIAN_POINT('',(28.499999999998,-2.598076211353,
    -7.007663482606E-02));
#2810 = CARTESIAN_POINT('',(28.499999999998,-2.598076211353,
    -5.606130786088E-02));
#2811 = CARTESIAN_POINT('',(28.499999999998,-2.598076211353,
    -4.204598089571E-02));
#2812 = CARTESIAN_POINT('',(28.499999999999,-2.598076211353,
    -2.803065393053E-02));
#2813 = CARTESIAN_POINT('',(28.499999999999,-2.598076211353,
    -1.401532696535E-02));
#2814 = CARTESIAN_POINT('',(28.500000000006,-2.598076211354,
    0.104291683017));
#2815 = CARTESIAN_POINT('',(28.50438157418,-2.600600744023,
    0.208495837932));
#2816 = CARTESIAN_POINT('',(28.51314125591,-2.605661512429,
    0.312779472273));
#2817 = CARTESIAN_POINT('',(28.526350086585,-2.613250647605,
    0.41725508466));
#2818 = CARTESIAN_POINT('',(28.544156835898,-2.623359571493,
    0.522016653013));
#2819 = CARTESIAN_POINT('',(28.566796505999,-2.635988207523,
    0.627154510282));
#2820 = CARTESIAN_POINT('',(28.59460413075,-2.651144539857,
    0.732749107953));
#2821 = CARTESIAN_POINT('',(28.628033854528,-2.668834519861,
    0.838843666996));
#2822 = CARTESIAN_POINT('',(28.667683308566,-2.689042321476,
    0.94539571664));
#2823 = CARTESIAN_POINT('',(28.714323267317,-2.711700943855,
    1.05220752059));
#2824 = CARTESIAN_POINT('',(28.768932599213,-2.736653162613,
    1.158835391014));
#2825 = CARTESIAN_POINT('',(28.886358283551,-2.786250188203,
    1.353255377555));
#2826 = CARTESIAN_POINT('',(28.946468431962,-2.810310128491,
    1.441354268975));
#2827 = CARTESIAN_POINT('',(29.013798973613,-2.835541317596,
    1.528106175412));
#2828 = CARTESIAN_POINT('',(29.088901917979,-2.861688029673,
    1.612897445685));
#2829 = CARTESIAN_POINT('',(29.172950758652,-2.888311232225,
    1.69467802454));
#2830 = CARTESIAN_POINT('',(29.266743472629,-2.914725972697,
    1.771803808389));
#2831 = CARTESIAN_POINT('',(29.370412545327,-2.939919533616,
    1.842028878991));
#2832 = CARTESIAN_POINT('',(29.483783217165,-2.962515311653,
    1.902624999347));
#2833 = CARTESIAN_POINT('',(29.60628285257,-2.980911972924,
    1.950682633965));
#2834 = CARTESIAN_POINT('',(29.73579012262,-2.993666149151,
    1.983640509488));
#2835 = CARTESIAN_POINT('',(29.867822515838,-2.999999761933,
    1.999999359393));
#2836 = CARTESIAN_POINT('',(30.133247002805,-3.000000240003,
    2.000000645801));
#2837 = CARTESIAN_POINT('',(30.266550056255,-2.993518874975,
    1.98323897519));
#2838 = CARTESIAN_POINT('',(30.395704617145,-2.980826334374,
    1.95059700528));
#2839 = CARTESIAN_POINT('',(30.522800207919,-2.961286301261,
    1.898980438066));
#2840 = CARTESIAN_POINT('',(30.628320672104,-2.940480313879,
    1.844340641455));
#2841 = CARTESIAN_POINT('',(30.746812516641,-2.911333292032,
    1.761500161032));
#2842 = CARTESIAN_POINT('',(30.82454917577,-2.888796461927,
    1.696521259906));
#2843 = CARTESIAN_POINT('',(30.920529316089,-2.858938721896,
    1.604394330452));
#2844 = CARTESIAN_POINT('',(30.990240006487,-2.834027334397,
    1.523136620847));
#2845 = CARTESIAN_POINT('',(31.059063797913,-2.808247239875,
    1.434271891189));
#2846 = CARTESIAN_POINT('',(31.11888510183,-2.784146667755,
    1.345534238431));
#2847 = CARTESIAN_POINT('',(31.235084060154,-2.734814250168,
    1.150954470508));
#2848 = CARTESIAN_POINT('',(31.288815511451,-2.710168596053,
    1.045001142335));
#2849 = CARTESIAN_POINT('',(31.334712373822,-2.68781890889,0.93891665873
    ));
#2850 = CARTESIAN_POINT('',(31.373733670531,-2.667902716298,
    0.833157352455));
#2851 = CARTESIAN_POINT('',(31.406650146554,-2.650464460669,
    0.727898883283));
#2852 = CARTESIAN_POINT('',(31.43405693308,-2.63551066465,0.623130144645
    ));
#2853 = CARTESIAN_POINT('',(31.456395702416,-2.623040138,0.518750909062)
  );
#2854 = CARTESIAN_POINT('',(31.473981563899,-2.61305576134,
    0.414654911533));
#2855 = CARTESIAN_POINT('',(31.487029918163,-2.605564379486,
    0.310780069505));
#2856 = CARTESIAN_POINT('',(31.495678524399,-2.600571340219,
    0.207107538674));
#2857 = CARTESIAN_POINT('',(31.499999999994,-2.598076211353,
    0.103591303277));
#2858 = CARTESIAN_POINT('',(31.500000000001,-2.598076211353,
    -1.401532696513E-02));
#2859 = CARTESIAN_POINT('',(31.500000000002,-2.598076211353,
    -2.80306539303E-02));
#2860 = CARTESIAN_POINT('',(31.500000000002,-2.598076211354,
    -4.204598089548E-02));
#2861 = CARTESIAN_POINT('',(31.500000000003,-2.598076211354,
    -5.606130786066E-02));
#2862 = CARTESIAN_POINT('',(31.500000000004,-2.598076211354,
    -7.007663482583E-02));
#2863 = CARTESIAN_POINT('',(31.500000000005,-2.598076211354,
    -8.409196179101E-02));
#2864 = CARTESIAN_POINT('',(31.500000000005,-2.598076211354,
    -9.810728875618E-02));
#2865 = CARTESIAN_POINT('',(31.500000000006,-2.598076211354,
    -0.112122615721));
#2866 = CARTESIAN_POINT('',(31.500000000007,-2.598076211354,
    -0.126137942687));
#2867 = CARTESIAN_POINT('',(31.500000000008,-2.598076211354,
    -0.140153269652));
#2868 = CARTESIAN_POINT('',(31.500000000008,-2.598076211354,
    -0.154168596617));
#2869 = CARTESIAN_POINT('',(31.500000000009,-2.598076211354,
    -0.168183923582));
#2870 = ( BOUNDED_SURFACE() B_SPLINE_SURFACE(2,12,(
    (#2871,#2872,#2873,#2874,#2875,#2876,#2877,#2878,#2879,#2880,#2881
      ,#2882,#2883,#2884,#2885,#2886,#2887,#2888,#2889,#2890,#2891,#2892
      ,#2893,#2894,#2895,#2896,#2897,#2898,#2899,#2900,#2901,#2902,#2903
      ,#2904,#2905,#2906,#2907,#2908,#2909,#2910,#2911,#2912,#2913,#2914
      ,#2915,#2916,#2917,#2918,#2919,#2920,#2921,#2922,#2923,#2924,#2925
      ,#2926,#2927,#2928,#2929,#2930,#2931,#2932,#2933,#2934,#2935,#2936
      ,#2937,#2938)
    ,(#2939,#2940,#2941,#2942,#2943,#2944,#2945,#2946,#2947,#2948,#2949
      ,#2950,#2951,#2952,#2953,#2954,#2955,#2956,#2957,#2958,#2959,#2960
      ,#2961,#2962,#2963,#2964,#2965,#2966,#2967,#2968,#2969,#2970,#2971
      ,#2972,#2973,#2974,#2975,#2976,#2977,#2978,#2979,#2980,#2981,#2982
      ,#2983,#2984,#2985,#2986,#2987,#2988,#2989,#2990,#2991,#2992,#2993
      ,#2994,#2995,#2996,#2997,#2998,#2999,#3000,#3001,#3002,#3003,#3004
      ,#3005,#3006)
    ,(#3007,#3008,#3009,#3010,#3011,#3012,#3013,#3014,#3015,#3016,#3017
      ,#3018,#3019,#3020,#3021,#3022,#3023,#3024,#3025,#3026,#3027,#3028
      ,#3029,#3030,#3031,#3032,#3033,#3034,#3035,#3036,#3037,#3038,#3039
      ,#3040,#3041,#3042,#3043,#3044,#3045,#3046,#3047,#3048,#3049,#3050
      ,#3051,#3052,#3053,#3054,#3055,#3056,#3057,#3058,#3059,#3060,#3061
      ,#3062,#3063,#3064,#3065,#3066,#3067,#3068,#3069,#3070,#3071,#3072
      ,#3073,#3074
)),.UNSPECIFIED.,.F.,.F.,.F.) B_SPLINE_SURFACE_WITH_KNOTS((3,3),(13,11,
    11,11,11,11,13),(0.,3.164586546307),(-0.115534992875,
    -1.233605038922E-13,0.85972584758,1.582203083216,2.310585579731,
    3.164586546306,3.280128125536),.UNSPECIFIED.) 
GEOMETRIC_REPRESENTATION_ITEM() RATIONAL_B_SPLINE_SURFACE((
    (1.,1.,1.,1.,1.,1.,1.,1.,1.,1.,1.,1.,1.,1.,1.,1.,1.,1.,1.,1.,1.,1.
      ,1.,1.,1.,1.,1.,1.,1.,1.,1.,1.,1.,1.,1.,1.,1.,1.,1.,1.,1.,1.,1.,1.
      ,1.,1.,1.,1.,1.,1.,1.,1.,1.,1.,1.,1.,1.,1.,1.,1.,1.,1.,1.,1.,1.,1.
      ,1.,1.)
    ,(0.866025403784,0.866025403784,0.866025403784,0.866025403784
      ,0.866025403784,0.866025403784,0.866025403784,0.866025403784
      ,0.866025403784,0.866025403784,0.866025403784,0.866025403784
      ,0.866025403785,0.865136261412,0.863351498294,0.860664821087
      ,0.857061233854,0.852513270837,0.846982349909,0.840425246309
      ,0.83280568713,0.824111066087,0.814374278968,0.794731037961
      ,0.785099539711,0.774895367023,0.764225632155,0.753276886249
      ,0.742356394121,0.731921926831,0.722574052591,0.714979637147
      ,0.709719498629,0.707106897517,0.707106663905,0.709782328514
      ,0.714998380388,0.723139084834,0.731574619491,0.743910041895
      ,0.752951568894,0.765422807942,0.775491553613,0.785936690676
      ,0.795572810879,0.815091451116,0.824699447607,0.833266008699
      ,0.840768058299,0.847228151515,0.852684922093,0.85717687728
      ,0.860735785639,0.863385902742,0.865145280308,0.866025403784
      ,0.866025403784,0.866025403784,0.866025403784,0.866025403784
      ,0.866025403784,0.866025403784,0.866025403784,0.866025403784
      ,0.866025403784,0.866025403784,0.866025403784,0.866025403784)
    ,(1.,1.,1.,1.,1.,1.,1.,1.,1.,1.,1.,1.,1.,1.,1.,1.,1.,1.,1.,1.,1.,1.
      ,1.,1.,1.,1.,1.,1.,1.,1.,1.,1.,1.,1.,1.,1.,1.,1.,1.,1.,1.,1.,1.,1.
      ,1.,1.,1.,1.,1.,1.,1.,1.,1.,1.,1.,1.,1.,1.,1.,1.,1.,1.,1.,1.,1.,1.
,1.,1.))) REPRESENTATION_ITEM('') SURFACE() );
#2871 = CARTESIAN_POINT('',(28.5,-2.598076211353,-0.168183923582));
#2872 = CARTESIAN_POINT('',(28.499999999999,-2.598076211353,
    -0.154168596617));
#2873 = CARTESIAN_POINT('',(28.499999999999,-2.598076211353,
    -0.140153269652));
#2874 = CARTESIAN_POINT('',(28.499999999998,-2.598076211353,
    -0.126137942687));
#2875 = CARTESIAN_POINT('',(28.499999999998,-2.598076211353,
    -0.112122615722));
#2876 = CARTESIAN_POINT('',(28.499999999998,-2.598076211353,
    -9.810728875641E-02));
#2877 = CARTESIAN_POINT('',(28.499999999998,-2.598076211353,
    -8.409196179124E-02));
#2878 = CARTESIAN_POINT('',(28.499999999998,-2.598076211353,
    -7.007663482606E-02));
#2879 = CARTESIAN_POINT('',(28.499999999998,-2.598076211353,
    -5.606130786088E-02));
#2880 = CARTESIAN_POINT('',(28.499999999998,-2.598076211353,
    -4.204598089571E-02));
#2881 = CARTESIAN_POINT('',(28.499999999999,-2.598076211353,
    -2.803065393053E-02));
#2882 = CARTESIAN_POINT('',(28.499999999999,-2.598076211353,
    -1.401532696535E-02));
#2883 = CARTESIAN_POINT('',(28.500000000006,-2.598076211354,
    0.104291683017));
#2884 = CARTESIAN_POINT('',(28.50438157418,-2.600600744023,
    0.208495837932));
#2885 = CARTESIAN_POINT('',(28.51314125591,-2.605661512429,
    0.312779472273));
#2886 = CARTESIAN_POINT('',(28.526350086585,-2.613250647605,
    0.41725508466));
#2887 = CARTESIAN_POINT('',(28.544156835898,-2.623359571493,
    0.522016653013));
#2888 = CARTESIAN_POINT('',(28.566796505999,-2.635988207523,
    0.627154510282));
#2889 = CARTESIAN_POINT('',(28.59460413075,-2.651144539857,
    0.732749107953));
#2890 = CARTESIAN_POINT('',(28.628033854528,-2.668834519861,
    0.838843666996));
#2891 = CARTESIAN_POINT('',(28.667683308566,-2.689042321476,
    0.94539571664));
#2892 = CARTESIAN_POINT('',(28.714323267317,-2.711700943855,
    1.05220752059));
#2893 = CARTESIAN_POINT('',(28.768932599213,-2.736653162613,
    1.158835391014));
#2894 = CARTESIAN_POINT('',(28.886358283551,-2.786250188203,
    1.353255377555));
#2895 = CARTESIAN_POINT('',(28.946468431962,-2.810310128491,
    1.441354268975));
#2896 = CARTESIAN_POINT('',(29.013798973613,-2.835541317596,
    1.528106175412));
#2897 = CARTESIAN_POINT('',(29.088901917979,-2.861688029673,
    1.612897445685));
#2898 = CARTESIAN_POINT('',(29.172950758652,-2.888311232225,
    1.69467802454));
#2899 = CARTESIAN_POINT('',(29.266743472629,-2.914725972697,
    1.771803808389));
#2900 = CARTESIAN_POINT('',(29.370412545327,-2.939919533616,
    1.842028878991));
#2901 = CARTESIAN_POINT('',(29.483783217165,-2.962515311653,
    1.902624999347));
#2902 = CARTESIAN_POINT('',(29.60628285257,-2.980911972924,
    1.950682633965));
#2903 = CARTESIAN_POINT('',(29.73579012262,-2.993666149151,
    1.983640509488));
#2904 = CARTESIAN_POINT('',(29.867822515838,-2.999999761933,
    1.999999359393));
#2905 = CARTESIAN_POINT('',(30.133247002805,-3.000000240003,
    2.000000645801));
#2906 = CARTESIAN_POINT('',(30.266550056255,-2.993518874975,
    1.98323897519));
#2907 = CARTESIAN_POINT('',(30.395704617145,-2.980826334374,
    1.95059700528));
#2908 = CARTESIAN_POINT('',(30.522800207919,-2.961286301261,
    1.898980438066));
#2909 = CARTESIAN_POINT('',(30.628320672104,-2.940480313879,
    1.844340641455));
#2910 = CARTESIAN_POINT('',(30.746812516641,-2.911333292032,
    1.761500161032));
#2911 = CARTESIAN_POINT('',(30.82454917577,-2.888796461927,
    1.696521259906));
#2912 = CARTESIAN_POINT('',(30.920529316089,-2.858938721896,
    1.604394330452));
#2913 = CARTESIAN_POINT('',(30.990240006487,-2.834027334397,
    1.523136620847));
#2914 = CARTESIAN_POINT('',(31.059063797913,-2.808247239875,
    1.434271891189));
#2915 = CARTESIAN_POINT('',(31.11888510183,-2.784146667755,
    1.345534238431));
#2916 = CARTESIAN_POINT('',(31.235084060154,-2.734814250168,
    1.150954470508));
#2917 = CARTESIAN_POINT('',(31.288815511451,-2.710168596053,
    1.045001142335));
#2918 = CARTESIAN_POINT('',(31.334712373822,-2.68781890889,0.93891665873
    ));
#2919 = CARTESIAN_POINT('',(31.373733670531,-2.667902716298,
    0.833157352455));
#2920 = CARTESIAN_POINT('',(31.406650146554,-2.650464460669,
    0.727898883283));
#2921 = CARTESIAN_POINT('',(31.43405693308,-2.63551066465,0.623130144645
    ));
#2922 = CARTESIAN_POINT('',(31.456395702416,-2.623040138,0.518750909062)
  );
#2923 = CARTESIAN_POINT('',(31.473981563899,-2.61305576134,
    0.414654911533));
#2924 = CARTESIAN_POINT('',(31.487029918163,-2.605564379486,
    0.310780069505));
#2925 = CARTESIAN_POINT('',(31.495678524399,-2.600571340219,
    0.207107538674));
#2926 = CARTESIAN_POINT('',(31.499999999994,-2.598076211353,
    0.103591303277));
#2927 = CARTESIAN_POINT('',(31.500000000001,-2.598076211353,
    -1.401532696513E-02));
#2928 = CARTESIAN_POINT('',(31.500000000002,-2.598076211353,
    -2.80306539303E-02));
#2929 = CARTESIAN_POINT('',(31.500000000002,-2.598076211354,
    -4.204598089548E-02));
#2930 = CARTESIAN_POINT('',(31.500000000003,-2.598076211354,
    -5.606130786066E-02));
#2931 = CARTESIAN_POINT('',(31.500000000004,-2.598076211354,
    -7.007663482583E-02));
#2932 = CARTESIAN_POINT('',(31.500000000005,-2.598076211354,
    -8.409196179101E-02));
#2933 = CARTESIAN_POINT('',(31.500000000005,-2.598076211354,
    -9.810728875618E-02));
#2934 = CARTESIAN_POINT('',(31.500000000006,-2.598076211354,
    -0.112122615721));
#2935 = CARTESIAN_POINT('',(31.500000000007,-2.598076211354,
    -0.126137942687));
#2936 = CARTESIAN_POINT('',(31.500000000008,-2.598076211354,
    -0.140153269652));
#2937 = CARTESIAN_POINT('',(31.500000000008,-2.598076211354,
    -0.154168596617));
#2938 = CARTESIAN_POINT('',(31.500000000009,-2.598076211354,
    -0.168183923582));
#2939 = CARTESIAN_POINT('',(29.,-2.886751345948,-0.168183923582));
#2940 = CARTESIAN_POINT('',(29.,-2.886751345948,-0.148832901466));
#2941 = CARTESIAN_POINT('',(29.,-2.886751345948,-0.130452005741));
#2942 = CARTESIAN_POINT('',(29.,-2.886751345948,-0.113041236406));
#2943 = CARTESIAN_POINT('',(29.,-2.886751345948,-9.660059346334E-02));
#2944 = CARTESIAN_POINT('',(29.,-2.886751345948,-8.113007691146E-02));
#2945 = CARTESIAN_POINT('',(29.,-2.886751345948,-6.662968675071E-02));
#2946 = CARTESIAN_POINT('',(29.,-2.886751345948,-5.30994229811E-02));
#2947 = CARTESIAN_POINT('',(29.,-2.886751345948,-4.053928560263E-02));
#2948 = CARTESIAN_POINT('',(29.,-2.886751345948,-2.89492746153E-02));
#2949 = CARTESIAN_POINT('',(29.,-2.886751345948,-1.83293900191E-02));
#2950 = CARTESIAN_POINT('',(29.,-2.886751345948,-8.679631814037E-03));
#2951 = CARTESIAN_POINT('',(29.,-2.886751345948,6.458739150993E-02));
#2952 = CARTESIAN_POINT('',(29.004361882578,-2.888146914849,
    0.129265175622));
#2953 = CARTESIAN_POINT('',(29.013090214956,-2.890927035428,
    0.193836531764));
#2954 = CARTESIAN_POINT('',(29.026238476784,-2.895075720213,
    0.258118195918));
#2955 = CARTESIAN_POINT('',(29.043890211054,-2.90054827912,0.32190170603
    ));
#2956 = CARTESIAN_POINT('',(29.066142761401,-2.907254106269,
    0.384929327354));
#2957 = CARTESIAN_POINT('',(29.093093188376,-2.915045645736,
    0.446881579089));
#2958 = CARTESIAN_POINT('',(29.124825238772,-2.923713094111,
    0.507373556659));
#2959 = CARTESIAN_POINT('',(29.161395386865,-2.93298433492,
    0.565957570006));
#2960 = CARTESIAN_POINT('',(29.202814934075,-2.94252966246,
    0.622130106108));
#2961 = CARTESIAN_POINT('',(29.249023923538,-2.951971135393,
    0.675341883881));
#2962 = CARTESIAN_POINT('',(29.343620081957,-2.968583299996,
    0.767782330752));
#2963 = CARTESIAN_POINT('',(29.391010827861,-2.97592821927,
    0.808125000336));
#2964 = CARTESIAN_POINT('',(29.441921507256,-2.982664820309,
    0.845566197324));
#2965 = CARTESIAN_POINT('',(29.496123026088,-2.988534178947,
    0.87971484174));
#2966 = CARTESIAN_POINT('',(29.553524577048,-2.993300239878,
    0.910141852511));
#2967 = CARTESIAN_POINT('',(29.613678601276,-2.996760646515,
    0.936352437648));
#2968 = CARTESIAN_POINT('',(29.675758089819,-2.998852671916,
    0.957957385331));
#2969 = CARTESIAN_POINT('',(29.739030488988,-2.99977742437,
    0.974886385319));
#2970 = CARTESIAN_POINT('',(29.803237748174,-2.999994943317,
    0.987402158802));
#2971 = CARTESIAN_POINT('',(29.868341205961,-2.999999660132,
    0.995794691175));
#2972 = CARTESIAN_POINT('',(29.933906576113,-3.00000017655,
    1.000000131773));
#2973 = CARTESIAN_POINT('',(30.066636291173,-2.999999822022,
    0.999999867153));
#2974 = CARTESIAN_POINT('',(30.132743782967,-3.000014239749,
    0.995714407778));
#2975 = CARTESIAN_POINT('',(30.198312225272,-2.999891021745,
    0.987211807418));
#2976 = CARTESIAN_POINT('',(30.262578289199,-3.00008404916,
    0.974484845842));
#2977 = CARTESIAN_POINT('',(30.326833757192,-2.99828315741,
    0.957561657447));
#2978 = CARTESIAN_POINT('',(30.390161395104,-2.997259382581,
    0.934675418355));
#2979 = CARTESIAN_POINT('',(30.448569318677,-2.992644298679,
    0.909341594652));
#2980 = CARTESIAN_POINT('',(30.5081451871,-2.988469622047,0.877464300613
    ));
#2981 = CARTESIAN_POINT('',(30.561660592903,-2.982179437748,
    0.843273598504));
#2982 = CARTESIAN_POINT('',(30.613021988496,-2.975403733168,
    0.805150150895));
#2983 = CARTESIAN_POINT('',(30.660470604436,-2.967945382975,
    0.764281164909));
#2984 = CARTESIAN_POINT('',(30.754408874831,-2.951269777621,
    0.671366645258));
#2985 = CARTESIAN_POINT('',(30.799962746873,-2.941899961411,
    0.618329536851));
#2986 = CARTESIAN_POINT('',(30.840780061163,-2.93244539398,
    0.562437523661));
#2987 = CARTESIAN_POINT('',(30.876825443561,-2.923269269226,
    0.504196227523));
#2988 = CARTESIAN_POINT('',(30.90812200248,-2.914694174357,
    0.444066341082));
#2989 = CARTESIAN_POINT('',(30.934721433003,-2.906989158617,
    0.382475575028));
#2990 = CARTESIAN_POINT('',(30.95669280881,-2.900362210479,
    0.319811216004));
#2991 = CARTESIAN_POINT('',(30.974118648184,-2.894958709491,
    0.256406208996));
#2992 = CARTESIAN_POINT('',(30.987090233774,-2.890866268398,
    0.192529464159));
#2993 = CARTESIAN_POINT('',(30.995696270536,-2.88812615417,
    0.128388898011));
#2994 = CARTESIAN_POINT('',(31.,-2.886751345948,6.415364675685E-02));
#2995 = CARTESIAN_POINT('',(31.,-2.886751345948,-8.679631463795E-03));
#2996 = CARTESIAN_POINT('',(31.,-2.886751345948,-1.832938938241E-02));
#2997 = CARTESIAN_POINT('',(31.,-2.886751345948,-2.894927375581E-02));
#2998 = CARTESIAN_POINT('',(31.,-2.886751345948,-4.053928458401E-02));
#2999 = CARTESIAN_POINT('',(31.,-2.886751345948,-5.3099421867E-02));
#3000 = CARTESIAN_POINT('',(31.,-2.886751345948,-6.662968560478E-02));
#3001 = CARTESIAN_POINT('',(31.,-2.886751345948,-8.113007579735E-02));
#3002 = CARTESIAN_POINT('',(31.,-2.886751345948,-9.660059244471E-02));
#3003 = CARTESIAN_POINT('',(31.,-2.886751345948,-0.113041235547));
#3004 = CARTESIAN_POINT('',(31.,-2.886751345948,-0.130452005104));
#3005 = CARTESIAN_POINT('',(31.,-2.886751345948,-0.148832901116));
#3006 = CARTESIAN_POINT('',(31.,-2.886751345948,-0.168183923582));
#3007 = CARTESIAN_POINT('',(29.,-3.464101615138,-0.168183923582));
#3008 = CARTESIAN_POINT('',(28.999999999999,-3.464101615138,
    -0.147023868329));
#3009 = CARTESIAN_POINT('',(28.999999999999,-3.464101615138,
    -0.127162854582));
#3010 = CARTESIAN_POINT('',(28.999999999998,-3.464101615138,
    -0.108600882343));
#3011 = CARTESIAN_POINT('',(28.999999999998,-3.464101615137,
    -9.133795160992E-02));
#3012 = CARTESIAN_POINT('',(28.999999999998,-3.464101615137,
    -7.537406238428E-02));
#3013 = CARTESIAN_POINT('',(28.999999999998,-3.464101615137,
    -6.070921466562E-02));
#3014 = CARTESIAN_POINT('',(28.999999999998,-3.464101615137,
    -4.734340845393E-02));
#3015 = CARTESIAN_POINT('',(28.999999999998,-3.464101615137,
    -3.527664374921E-02));
#3016 = CARTESIAN_POINT('',(28.999999999998,-3.464101615138,
    -2.450892055147E-02));
#3017 = CARTESIAN_POINT('',(28.999999999999,-3.464101615138,
    -1.50402388607E-02));
#3018 = CARTESIAN_POINT('',(28.999999999999,-3.464101615138,
    -6.87059867691E-03));
#3019 = CARTESIAN_POINT('',(29.000000000006,-3.464101615138,
    5.112590673899E-02));
#3020 = CARTESIAN_POINT('',(29.00285005329,-3.467521494807,
    0.102203449419));
#3021 = CARTESIAN_POINT('',(29.008545616528,-3.474367053261,
    0.153386093698));
#3022 = CARTESIAN_POINT('',(29.017151596311,-3.484650266254,
    0.204783071883));
#3023 = CARTESIAN_POINT('',(29.028796231657,-3.498396682316,
    0.256475505631));
#3024 = CARTESIAN_POINT('',(29.043669614109,-3.515642512962,
    0.30852384423));
#3025 = CARTESIAN_POINT('',(29.06202685691,-3.536421418336,
    0.360966618548));
#3026 = CARTESIAN_POINT('',(29.084195897398,-3.560740986413,
    0.413810510524));
#3027 = CARTESIAN_POINT('',(29.110589950941,-3.58854890793,
    0.467011738361));
#3028 = CARTESIAN_POINT('',(29.141724598588,-3.619688844925,
    0.520448757248));
#3029 = CARTESIAN_POINT('',(29.178239523051,-3.653845994629,
    0.57388627577));
#3030 = CARTESIAN_POINT('',(29.25679585384,-3.721269988743,0.67150678399
    ));
#3031 = CARTESIAN_POINT('',(29.297031923607,-3.7538153394,0.715815587798
    ));
#3032 = CARTESIAN_POINT('',(29.342060402174,-3.787716708949,
    0.75951603263));
#3033 = CARTESIAN_POINT('',(29.392315637732,-3.822549397679,
    0.802316942923));
#3034 = CARTESIAN_POINT('',(29.448494935805,-3.857655578679,
    0.843701138142));
#3035 = CARTESIAN_POINT('',(29.511087585205,-3.892059365266,
    0.882867558333));
#3036 = CARTESIAN_POINT('',(29.580241076621,-3.92441878963,
    0.918703352227));
#3037 = CARTESIAN_POINT('',(29.655879373365,-3.953054957476,
    0.949792024932));
#3038 = CARTESIAN_POINT('',(29.737557523169,-3.976140122385,
    0.974548915082));
#3039 = CARTESIAN_POINT('',(29.823825034212,-3.992080849343,
    0.991551562279));
#3040 = CARTESIAN_POINT('',(29.911877224578,-3.999999802046,
    0.99999993316));
#3041 = CARTESIAN_POINT('',(30.08884153512,-4.000000199582,
    1.000000067386));
#3042 = CARTESIAN_POINT('',(30.177666536363,-3.99190598172,
    0.991379068675));
#3043 = CARTESIAN_POINT('',(30.264239809862,-3.975977091087,
    0.974278986478));
#3044 = CARTESIAN_POINT('',(30.347048054051,-3.951662863066,
    0.948589316785));
#3045 = CARTESIAN_POINT('',(30.421450882361,-3.924892997825,
    0.918700806602));
#3046 = CARTESIAN_POINT('',(30.49508070055,-3.887973911309,
    0.878994901129));
#3047 = CARTESIAN_POINT('',(30.552009471761,-3.858053278548,
    0.843562665811));
#3048 = CARTESIAN_POINT('',(30.612926183764,-3.819057434289,
    0.79855340394));
#3049 = CARTESIAN_POINT('',(30.660946995077,-3.785654078642,
    0.756847581254));
#3050 = CARTESIAN_POINT('',(30.706636576044,-3.751047421021,
    0.712262999612));
#3051 = CARTESIAN_POINT('',(30.746713938539,-3.718423323825,
    0.667622381357));
#3052 = CARTESIAN_POINT('',(30.824437153749,-3.651333417607,
    0.569948803661));
#3053 = CARTESIAN_POINT('',(30.860339398754,-3.617601864087,
    0.51686512513));
#3054 = CARTESIAN_POINT('',(30.890954141408,-3.58689727661,
    0.463868971705));
#3055 = CARTESIAN_POINT('',(30.916929041515,-3.559490638433,
    0.411113406908));
#3056 = CARTESIAN_POINT('',(30.938781688738,-3.535502874659,
    0.358647568885));
#3057 = CARTESIAN_POINT('',(30.956907137866,-3.514981563894,
    0.306509070395));
#3058 = CARTESIAN_POINT('',(30.971602337992,-3.497938842888,
    0.254740438922));
#3059 = CARTESIAN_POINT('',(30.983096021053,-3.484364526833,
    0.203361725411));
#3060 = CARTESIAN_POINT('',(30.991572582871,-3.474228464334,
    0.152331409387));
#3061 = CARTESIAN_POINT('',(30.99717852607,-3.467486150178,
    0.101527729046));
#3062 = CARTESIAN_POINT('',(30.999999999995,-3.464101615137,
    5.078256412823E-02));
#3063 = CARTESIAN_POINT('',(31.000000000001,-3.464101615138,
    -6.870598379079E-03));
#3064 = CARTESIAN_POINT('',(31.000000000002,-3.464101615138,
    -1.504023831928E-02));
#3065 = CARTESIAN_POINT('',(31.000000000003,-3.464101615138,
    -2.450891982059E-02));
#3066 = CARTESIAN_POINT('',(31.000000000004,-3.464101615138,
    -3.527664288301E-02));
#3067 = CARTESIAN_POINT('',(31.000000000005,-3.464101615138,
    -4.734340750653E-02));
#3068 = CARTESIAN_POINT('',(31.000000000006,-3.464101615138,
    -6.070921369115E-02));
#3069 = CARTESIAN_POINT('',(31.000000000008,-3.464101615139,
    -7.537406143688E-02));
#3070 = CARTESIAN_POINT('',(31.00000000001,-3.464101615139,
    -9.133795074371E-02));
#3071 = CARTESIAN_POINT('',(31.000000000012,-3.464101615139,
    -0.108600881612));
#3072 = CARTESIAN_POINT('',(31.000000000014,-3.464101615139,
    -0.127162854041));
#3073 = CARTESIAN_POINT('',(31.000000000016,-3.46410161514,
    -0.147023868031));
#3074 = CARTESIAN_POINT('',(31.000000000018,-3.46410161514,
    -0.168183923582));
#3075 = ADVANCED_FACE('',(#3076),#3087,.T.);
#3076 = FACE_BOUND('',#3077,.T.);
#3077 = EDGE_LOOP('',(#3078,#3079,#3080,#3081));
#3078 = ORIENTED_EDGE('',*,*,#1270,.F.);
#3079 = ORIENTED_EDGE('',*,*,#2783,.F.);
#3080 = ORIENTED_EDGE('',*,*,#1585,.T.);
#3081 = ORIENTED_EDGE('',*,*,#3082,.T.);
#3082 = EDGE_CURVE('',#1586,#1271,#3083,.T.);
#3083 = LINE('',#3084,#3085);
#3084 = CARTESIAN_POINT('',(26.031373033403,1.5,1.));
#3085 = VECTOR('',#3086,1.);
#3086 = DIRECTION('',(-0.,-3.330669073875E-16,-1.));
#3087 = PLANE('',#3088);
#3088 = AXIS2_PLACEMENT_3D('',#3089,#3090,#3091);
#3089 = CARTESIAN_POINT('',(-11.,1.5,2.6645352591E-15));
#3090 = DIRECTION('',(0.,1.,-2.22044604925E-16));
#3091 = DIRECTION('',(0.,2.22044604925E-16,1.));
#3092 = ADVANCED_FACE('',(#3093),#3130,.F.);
#3093 = FACE_BOUND('',#3094,.T.);
#3094 = EDGE_LOOP('',(#3095,#3096,#3104,#3111,#3112,#3113,#3114,#3115,
    #3121,#3122,#3123,#3124));
#3095 = ORIENTED_EDGE('',*,*,#1386,.F.);
#3096 = ORIENTED_EDGE('',*,*,#3097,.T.);
#3097 = EDGE_CURVE('',#1378,#3098,#3100,.T.);
#3098 = VERTEX_POINT('',#3099);
#3099 = CARTESIAN_POINT('',(33.,3.59508171655E-15,4.));
#3100 = LINE('',#3101,#3102);
#3101 = CARTESIAN_POINT('',(33.,2.262814087E-15,-1.7763568394E-15));
#3102 = VECTOR('',#3103,1.);
#3103 = DIRECTION('',(0.,3.330669073875E-16,1.));
#3104 = ORIENTED_EDGE('',*,*,#3105,.T.);
#3105 = EDGE_CURVE('',#3098,#3098,#3106,.T.);
#3106 = CIRCLE('',#3107,3.);
#3107 = AXIS2_PLACEMENT_3D('',#3108,#3109,#3110);
#3108 = CARTESIAN_POINT('',(30.,4.329869796038E-15,4.));
#3109 = DIRECTION('',(-0.,3.330669073875E-16,1.));
#3110 = DIRECTION('',(1.,0.,0.));
#3111 = ORIENTED_EDGE('',*,*,#3097,.F.);
#3112 = ORIENTED_EDGE('',*,*,#1377,.F.);
#3113 = ORIENTED_EDGE('',*,*,#2800,.F.);
#3114 = ORIENTED_EDGE('',*,*,#1287,.F.);
#3115 = ORIENTED_EDGE('',*,*,#3116,.F.);
#3116 = EDGE_CURVE('',#1594,#1279,#3117,.T.);
#3117 = LINE('',#3118,#3119);
#3118 = CARTESIAN_POINT('',(27.023529775052,0.375,1.));
#3119 = VECTOR('',#3120,1.);
#3120 = DIRECTION('',(-0.,-3.330669073875E-16,-1.));
#3121 = ORIENTED_EDGE('',*,*,#1602,.F.);
#3122 = ORIENTED_EDGE('',*,*,#1611,.T.);
#3123 = ORIENTED_EDGE('',*,*,#1620,.T.);
#3124 = ORIENTED_EDGE('',*,*,#3125,.T.);
#3125 = EDGE_CURVE('',#1621,#1387,#3126,.T.);
#3126 = LINE('',#3127,#3128);
#3127 = CARTESIAN_POINT('',(32.976470224948,0.375,1.));
#3128 = VECTOR('',#3129,1.);
#3129 = DIRECTION('',(-0.,-3.330669073875E-16,-1.));
#3130 = CYLINDRICAL_SURFACE('',#3131,3.);
#3131 = AXIS2_PLACEMENT_3D('',#3132,#3133,#3134);
#3132 = CARTESIAN_POINT('',(30.,2.997602166488E-15,-1.7763568394E-15));
#3133 = DIRECTION('',(-0.,-3.330669073875E-16,-1.));
#3134 = DIRECTION('',(1.,0.,0.));
#3135 = ADVANCED_FACE('',(#3136),#3142,.T.);
#3136 = FACE_BOUND('',#3137,.F.);
#3137 = EDGE_LOOP('',(#3138,#3139,#3140,#3141));
#3138 = ORIENTED_EDGE('',*,*,#1593,.T.);
#3139 = ORIENTED_EDGE('',*,*,#3082,.T.);
#3140 = ORIENTED_EDGE('',*,*,#1278,.F.);
#3141 = ORIENTED_EDGE('',*,*,#3116,.F.);
#3142 = CYLINDRICAL_SURFACE('',#3143,1.);
#3143 = AXIS2_PLACEMENT_3D('',#3144,#3145,#3146);
#3144 = CARTESIAN_POINT('',(26.031373033403,0.5,1.));
#3145 = DIRECTION('',(-0.,-3.330669073875E-16,-1.));
#3146 = DIRECTION('',(0.992156741649,-0.125,4.163336342344E-17));
#3147 = ADVANCED_FACE('',(#3148),#3159,.T.);
#3148 = FACE_BOUND('',#3149,.F.);
#3149 = EDGE_LOOP('',(#3150,#3151,#3152,#3153));
#3150 = ORIENTED_EDGE('',*,*,#1629,.T.);
#3151 = ORIENTED_EDGE('',*,*,#3125,.T.);
#3152 = ORIENTED_EDGE('',*,*,#1395,.F.);
#3153 = ORIENTED_EDGE('',*,*,#3154,.F.);
#3154 = EDGE_CURVE('',#1630,#1396,#3155,.T.);
#3155 = LINE('',#3156,#3157);
#3156 = CARTESIAN_POINT('',(33.968626966597,1.5,1.));
#3157 = VECTOR('',#3158,1.);
#3158 = DIRECTION('',(-0.,-3.330669073875E-16,-1.));
#3159 = CYLINDRICAL_SURFACE('',#3160,1.);
#3160 = AXIS2_PLACEMENT_3D('',#3161,#3162,#3163);
#3161 = CARTESIAN_POINT('',(33.968626966597,0.5,1.));
#3162 = DIRECTION('',(-0.,-3.330669073875E-16,-1.));
#3163 = DIRECTION('',(0.,1.,-3.330669073875E-16));
#3164 = ADVANCED_FACE('',(#3165),#3176,.T.);
#3165 = FACE_BOUND('',#3166,.T.);
#3166 = EDGE_LOOP('',(#3167,#3168,#3169,#3170));
#3167 = ORIENTED_EDGE('',*,*,#1404,.F.);
#3168 = ORIENTED_EDGE('',*,*,#3154,.F.);
#3169 = ORIENTED_EDGE('',*,*,#1638,.T.);
#3170 = ORIENTED_EDGE('',*,*,#3171,.F.);
#3171 = EDGE_CURVE('',#1405,#1639,#3172,.T.);
#3172 = LINE('',#3173,#3174);
#3173 = CARTESIAN_POINT('',(41.,1.5,2.6645352591E-15));
#3174 = VECTOR('',#3175,1.);
#3175 = DIRECTION('',(0.,2.22044604925E-16,1.));
#3176 = PLANE('',#3177);
#3177 = AXIS2_PLACEMENT_3D('',#3178,#3179,#3180);
#3178 = CARTESIAN_POINT('',(-11.,1.5,2.6645352591E-15));
#3179 = DIRECTION('',(0.,1.,-2.22044604925E-16));
#3180 = DIRECTION('',(0.,2.22044604925E-16,1.));
#3181 = ADVANCED_FACE('',(#3182),#3188,.F.);
#3182 = FACE_BOUND('',#3183,.F.);
#3183 = EDGE_LOOP('',(#3184,#3185,#3186,#3187));
#3184 = ORIENTED_EDGE('',*,*,#1646,.F.);
#3185 = ORIENTED_EDGE('',*,*,#3171,.F.);
#3186 = ORIENTED_EDGE('',*,*,#1412,.T.);
#3187 = ORIENTED_EDGE('',*,*,#1838,.T.);
#3188 = PLANE('',#3189);
#3189 = AXIS2_PLACEMENT_3D('',#3190,#3191,#3192);
#3190 = CARTESIAN_POINT('',(41.,1.5,2.6645352591E-15));
#3191 = DIRECTION('',(1.,0.,0.));
#3192 = DIRECTION('',(0.,2.22044604925E-16,1.));
#3193 = ADVANCED_FACE('',(#3194),#3213,.F.);
#3194 = FACE_BOUND('',#3195,.T.);
#3195 = EDGE_LOOP('',(#3196,#3197,#3205,#3212));
#3196 = ORIENTED_EDGE('',*,*,#1454,.F.);
#3197 = ORIENTED_EDGE('',*,*,#3198,.T.);
#3198 = EDGE_CURVE('',#1455,#3199,#3201,.T.);
#3199 = VERTEX_POINT('',#3200);
#3200 = CARTESIAN_POINT('',(38.5,-5.,3.9));
#3201 = LINE('',#3202,#3203);
#3202 = CARTESIAN_POINT('',(38.5,-5.,8.44044604925E-15));
#3203 = VECTOR('',#3204,1.);
#3204 = DIRECTION('',(0.,6.62044604925E-16,1.));
#3205 = ORIENTED_EDGE('',*,*,#3206,.F.);
#3206 = EDGE_CURVE('',#3199,#3199,#3207,.T.);
#3207 = CIRCLE('',#3208,1.5);
#3208 = AXIS2_PLACEMENT_3D('',#3209,#3210,#3211);
#3209 = CARTESIAN_POINT('',(37.,-5.,3.9));
#3210 = DIRECTION('',(0.,-6.62044604925E-16,-1.));
#3211 = DIRECTION('',(1.,0.,0.));
#3212 = ORIENTED_EDGE('',*,*,#3198,.F.);
#3213 = CYLINDRICAL_SURFACE('',#3214,1.5);
#3214 = AXIS2_PLACEMENT_3D('',#3215,#3216,#3217);
#3215 = CARTESIAN_POINT('',(37.,-5.,8.44044604925E-15));
#3216 = DIRECTION('',(0.,-6.62044604925E-16,-1.));
#3217 = DIRECTION('',(1.,0.,0.));
#3218 = ADVANCED_FACE('',(#3219),#3238,.F.);
#3219 = FACE_BOUND('',#3220,.T.);
#3220 = EDGE_LOOP('',(#3221,#3222,#3230,#3237));
#3221 = ORIENTED_EDGE('',*,*,#1465,.F.);
#3222 = ORIENTED_EDGE('',*,*,#3223,.T.);
#3223 = EDGE_CURVE('',#1466,#3224,#3226,.T.);
#3224 = VERTEX_POINT('',#3225);
#3225 = CARTESIAN_POINT('',(44.5,13.,3.9));
#3226 = LINE('',#3227,#3228);
#3227 = CARTESIAN_POINT('',(44.5,13.,-3.5563568394E-15));
#3228 = VECTOR('',#3229,1.);
#3229 = DIRECTION('',(0.,6.62044604925E-16,1.));
#3230 = ORIENTED_EDGE('',*,*,#3231,.F.);
#3231 = EDGE_CURVE('',#3224,#3224,#3232,.T.);
#3232 = CIRCLE('',#3233,1.5);
#3233 = AXIS2_PLACEMENT_3D('',#3234,#3235,#3236);
#3234 = CARTESIAN_POINT('',(43.,13.,3.9));
#3235 = DIRECTION('',(0.,-6.12044604925E-16,-1.));
#3236 = DIRECTION('',(1.,0.,0.));
#3237 = ORIENTED_EDGE('',*,*,#3223,.F.);
#3238 = CYLINDRICAL_SURFACE('',#3239,1.5);
#3239 = AXIS2_PLACEMENT_3D('',#3240,#3241,#3242);
#3240 = CARTESIAN_POINT('',(43.,13.,-3.5563568394E-15));
#3241 = DIRECTION('',(0.,-6.62044604925E-16,-1.));
#3242 = DIRECTION('',(1.,0.,0.));
#3243 = ADVANCED_FACE('',(#3244),#3263,.T.);
#3244 = FACE_BOUND('',#3245,.F.);
#3245 = EDGE_LOOP('',(#3246,#3254,#3255,#3256));
#3246 = ORIENTED_EDGE('',*,*,#3247,.T.);
#3247 = EDGE_CURVE('',#3248,#1663,#3250,.T.);
#3248 = VERTEX_POINT('',#3249);
#3249 = CARTESIAN_POINT('',(2.75,9.,-1.));
#3250 = LINE('',#3251,#3252);
#3251 = CARTESIAN_POINT('',(2.75,9.,-1.));
#3252 = VECTOR('',#3253,1.);
#3253 = DIRECTION('',(0.,1.110223024625E-16,1.));
#3254 = ORIENTED_EDGE('',*,*,#1662,.T.);
#3255 = ORIENTED_EDGE('',*,*,#3247,.F.);
#3256 = ORIENTED_EDGE('',*,*,#3257,.F.);
#3257 = EDGE_CURVE('',#3248,#3248,#3258,.T.);
#3258 = CIRCLE('',#3259,2.75);
#3259 = AXIS2_PLACEMENT_3D('',#3260,#3261,#3262);
#3260 = CARTESIAN_POINT('',(0.,9.,-1.));
#3261 = DIRECTION('',(-0.,1.110223024625E-16,1.));
#3262 = DIRECTION('',(1.,0.,0.));
#3263 = CYLINDRICAL_SURFACE('',#3264,2.75);
#3264 = AXIS2_PLACEMENT_3D('',#3265,#3266,#3267);
#3265 = CARTESIAN_POINT('',(0.,9.,-1.));
#3266 = DIRECTION('',(-0.,-1.110223024625E-16,-1.));
#3267 = DIRECTION('',(1.,0.,0.));
#3268 = ADVANCED_FACE('',(#3269),#3288,.T.);
#3269 = FACE_BOUND('',#3270,.F.);
#3270 = EDGE_LOOP('',(#3271,#3279,#3280,#3281));
#3271 = ORIENTED_EDGE('',*,*,#3272,.T.);
#3272 = EDGE_CURVE('',#3273,#1674,#3275,.T.);
#3273 = VERTEX_POINT('',#3274);
#3274 = CARTESIAN_POINT('',(17.75,9.,-1.));
#3275 = LINE('',#3276,#3277);
#3276 = CARTESIAN_POINT('',(17.75,9.,-1.));
#3277 = VECTOR('',#3278,1.);
#3278 = DIRECTION('',(0.,0.,1.));
#3279 = ORIENTED_EDGE('',*,*,#1673,.T.);
#3280 = ORIENTED_EDGE('',*,*,#3272,.F.);
#3281 = ORIENTED_EDGE('',*,*,#3282,.F.);
#3282 = EDGE_CURVE('',#3273,#3273,#3283,.T.);
#3283 = CIRCLE('',#3284,2.75);
#3284 = AXIS2_PLACEMENT_3D('',#3285,#3286,#3287);
#3285 = CARTESIAN_POINT('',(15.,9.,-1.));
#3286 = DIRECTION('',(0.,0.,1.));
#3287 = DIRECTION('',(1.,0.,0.));
#3288 = CYLINDRICAL_SURFACE('',#3289,2.75);
#3289 = AXIS2_PLACEMENT_3D('',#3290,#3291,#3292);
#3290 = CARTESIAN_POINT('',(15.,9.,-1.));
#3291 = DIRECTION('',(-0.,-0.,-1.));
#3292 = DIRECTION('',(1.,0.,0.));
#3293 = ADVANCED_FACE('',(#3294),#3313,.T.);
#3294 = FACE_BOUND('',#3295,.F.);
#3295 = EDGE_LOOP('',(#3296,#3304,#3305,#3306));
#3296 = ORIENTED_EDGE('',*,*,#3297,.T.);
#3297 = EDGE_CURVE('',#3298,#1685,#3300,.T.);
#3298 = VERTEX_POINT('',#3299);
#3299 = CARTESIAN_POINT('',(32.75,9.,-1.));
#3300 = LINE('',#3301,#3302);
#3301 = CARTESIAN_POINT('',(32.75,9.,-1.));
#3302 = VECTOR('',#3303,1.);
#3303 = DIRECTION('',(0.,0.,1.));
#3304 = ORIENTED_EDGE('',*,*,#1684,.T.);
#3305 = ORIENTED_EDGE('',*,*,#3297,.F.);
#3306 = ORIENTED_EDGE('',*,*,#3307,.F.);
#3307 = EDGE_CURVE('',#3298,#3298,#3308,.T.);
#3308 = CIRCLE('',#3309,2.75);
#3309 = AXIS2_PLACEMENT_3D('',#3310,#3311,#3312);
#3310 = CARTESIAN_POINT('',(30.,9.,-1.));
#3311 = DIRECTION('',(0.,0.,1.));
#3312 = DIRECTION('',(1.,0.,0.));
#3313 = CYLINDRICAL_SURFACE('',#3314,2.75);
#3314 = AXIS2_PLACEMENT_3D('',#3315,#3316,#3317);
#3315 = CARTESIAN_POINT('',(30.,9.,-1.));
#3316 = DIRECTION('',(-0.,-0.,-1.));
#3317 = DIRECTION('',(1.,0.,0.));
#3318 = ADVANCED_FACE('',(#3319),#3331,.T.);
#3319 = FACE_BOUND('',#3320,.T.);
#3320 = EDGE_LOOP('',(#3321,#3328,#3329,#3330));
#3321 = ORIENTED_EDGE('',*,*,#3322,.F.);
#3322 = EDGE_CURVE('',#1788,#2428,#3323,.T.);
#3323 = CIRCLE('',#3324,1.);
#3324 = AXIS2_PLACEMENT_3D('',#3325,#3326,#3327);
#3325 = CARTESIAN_POINT('',(46.320391543177,11.893202818941,5.4));
#3326 = DIRECTION('',(-0.316227766017,-0.948683298051,2.106500081146E-16
    ));
#3327 = DIRECTION('',(0.948683298051,-0.316227766017,2.102166693715E-16)
  );
#3328 = ORIENTED_EDGE('',*,*,#1795,.T.);
#3329 = ORIENTED_EDGE('',*,*,#1812,.T.);
#3330 = ORIENTED_EDGE('',*,*,#2427,.F.);
#3331 = TOROIDAL_SURFACE('',#3332,3.5,1.);
#3332 = AXIS2_PLACEMENT_3D('',#3333,#3334,#3335);
#3333 = CARTESIAN_POINT('',(43.,13.,5.4));
#3334 = DIRECTION('',(0.,2.22044604925E-16,1.));
#3335 = DIRECTION('',(0.948683298051,-0.316227766017,7.021666937153E-17)
  );
#3336 = ADVANCED_FACE('',(#3337),#3353,.T.);
#3337 = FACE_BOUND('',#3338,.T.);
#3338 = EDGE_LOOP('',(#3339,#3345,#3346,#3352));
#3339 = ORIENTED_EDGE('',*,*,#3340,.T.);
#3340 = EDGE_CURVE('',#1873,#2460,#3341,.T.);
#3341 = LINE('',#3342,#3343);
#3342 = CARTESIAN_POINT('',(-7.,-1.9,3.9));
#3343 = VECTOR('',#3344,1.);
#3344 = DIRECTION('',(0.,2.22044604925E-16,1.));
#3345 = ORIENTED_EDGE('',*,*,#2467,.T.);
#3346 = ORIENTED_EDGE('',*,*,#3347,.F.);
#3347 = EDGE_CURVE('',#1875,#2468,#3348,.T.);
#3348 = LINE('',#3349,#3350);
#3349 = CARTESIAN_POINT('',(-9.684678751732,-3.45,3.9));
#3350 = VECTOR('',#3351,1.);
#3351 = DIRECTION('',(0.,2.22044604925E-16,1.));
#3352 = ORIENTED_EDGE('',*,*,#1872,.F.);
#3353 = PLANE('',#3354);
#3354 = AXIS2_PLACEMENT_3D('',#3355,#3356,#3357);
#3355 = CARTESIAN_POINT('',(-7.,-1.9,3.9));
#3356 = DIRECTION('',(0.5,-0.866025403784,1.922962686384E-16));
#3357 = DIRECTION('',(-0.866025403784,-0.5,1.110223024625E-16));
#3358 = ADVANCED_FACE('',(#3359),#3370,.T.);
#3359 = FACE_BOUND('',#3360,.T.);
#3360 = EDGE_LOOP('',(#3361,#3367,#3368,#3369));
#3361 = ORIENTED_EDGE('',*,*,#3362,.T.);
#3362 = EDGE_CURVE('',#1907,#2458,#3363,.T.);
#3363 = LINE('',#3364,#3365);
#3364 = CARTESIAN_POINT('',(-4.315321248268,-3.45,3.9));
#3365 = VECTOR('',#3366,1.);
#3366 = DIRECTION('',(0.,2.22044604925E-16,1.));
#3367 = ORIENTED_EDGE('',*,*,#2457,.T.);
#3368 = ORIENTED_EDGE('',*,*,#3340,.F.);
#3369 = ORIENTED_EDGE('',*,*,#1914,.F.);
#3370 = PLANE('',#3371);
#3371 = AXIS2_PLACEMENT_3D('',#3372,#3373,#3374);
#3372 = CARTESIAN_POINT('',(-4.315321248268,-3.45,3.9));
#3373 = DIRECTION('',(-0.5,-0.866025403784,1.922962686384E-16));
#3374 = DIRECTION('',(-0.866025403784,0.5,-1.110223024625E-16));
#3375 = ADVANCED_FACE('',(#3376),#3387,.T.);
#3376 = FACE_BOUND('',#3377,.T.);
#3377 = EDGE_LOOP('',(#3378,#3379,#3380,#3386));
#3378 = ORIENTED_EDGE('',*,*,#3347,.T.);
#3379 = ORIENTED_EDGE('',*,*,#2475,.T.);
#3380 = ORIENTED_EDGE('',*,*,#3381,.F.);
#3381 = EDGE_CURVE('',#1883,#2476,#3382,.T.);
#3382 = LINE('',#3383,#3384);
#3383 = CARTESIAN_POINT('',(-9.684678751732,-6.55,3.9));
#3384 = VECTOR('',#3385,1.);
#3385 = DIRECTION('',(0.,2.22044604925E-16,1.));
#3386 = ORIENTED_EDGE('',*,*,#1882,.F.);
#3387 = PLANE('',#3388);
#3388 = AXIS2_PLACEMENT_3D('',#3389,#3390,#3391);
#3389 = CARTESIAN_POINT('',(-9.684678751732,-3.45,3.9));
#3390 = DIRECTION('',(1.,-1.4E-16,3.10862446895E-32));
#3391 = DIRECTION('',(-1.4E-16,-1.,2.22044604925E-16));
#3392 = ADVANCED_FACE('',(#3393),#3404,.T.);
#3393 = FACE_BOUND('',#3394,.T.);
#3394 = EDGE_LOOP('',(#3395,#3401,#3402,#3403));
#3395 = ORIENTED_EDGE('',*,*,#3396,.T.);
#3396 = EDGE_CURVE('',#1899,#2492,#3397,.T.);
#3397 = LINE('',#3398,#3399);
#3398 = CARTESIAN_POINT('',(-4.315321248268,-6.55,3.9));
#3399 = VECTOR('',#3400,1.);
#3400 = DIRECTION('',(0.,2.22044604925E-16,1.));
#3401 = ORIENTED_EDGE('',*,*,#2499,.T.);
#3402 = ORIENTED_EDGE('',*,*,#3362,.F.);
#3403 = ORIENTED_EDGE('',*,*,#1906,.F.);
#3404 = PLANE('',#3405);
#3405 = AXIS2_PLACEMENT_3D('',#3406,#3407,#3408);
#3406 = CARTESIAN_POINT('',(-4.315321248268,-6.55,3.9));
#3407 = DIRECTION('',(-1.,5.7E-16,-1.265654248073E-31));
#3408 = DIRECTION('',(5.7E-16,1.,-2.22044604925E-16));
#3409 = ADVANCED_FACE('',(#3410),#3421,.T.);
#3410 = FACE_BOUND('',#3411,.T.);
#3411 = EDGE_LOOP('',(#3412,#3413,#3414,#3420));
#3412 = ORIENTED_EDGE('',*,*,#3381,.T.);
#3413 = ORIENTED_EDGE('',*,*,#2483,.T.);
#3414 = ORIENTED_EDGE('',*,*,#3415,.F.);
#3415 = EDGE_CURVE('',#1891,#2484,#3416,.T.);
#3416 = LINE('',#3417,#3418);
#3417 = CARTESIAN_POINT('',(-7.,-8.1,3.9));
#3418 = VECTOR('',#3419,1.);
#3419 = DIRECTION('',(0.,2.22044604925E-16,1.));
#3420 = ORIENTED_EDGE('',*,*,#1890,.F.);
#3421 = PLANE('',#3422);
#3422 = AXIS2_PLACEMENT_3D('',#3423,#3424,#3425);
#3423 = CARTESIAN_POINT('',(-9.684678751732,-6.55,3.9));
#3424 = DIRECTION('',(0.5,0.866025403784,-1.922962686384E-16));
#3425 = DIRECTION('',(0.866025403784,-0.5,1.110223024625E-16));
#3426 = ADVANCED_FACE('',(#3427),#3433,.T.);
#3427 = FACE_BOUND('',#3428,.T.);
#3428 = EDGE_LOOP('',(#3429,#3430,#3431,#3432));
#3429 = ORIENTED_EDGE('',*,*,#3415,.T.);
#3430 = ORIENTED_EDGE('',*,*,#2491,.T.);
#3431 = ORIENTED_EDGE('',*,*,#3396,.F.);
#3432 = ORIENTED_EDGE('',*,*,#1898,.F.);
#3433 = PLANE('',#3434);
#3434 = AXIS2_PLACEMENT_3D('',#3435,#3436,#3437);
#3435 = CARTESIAN_POINT('',(-7.,-8.1,3.9));
#3436 = DIRECTION('',(-0.5,0.866025403784,-1.922962686384E-16));
#3437 = DIRECTION('',(0.866025403784,0.5,-1.110223024625E-16));
#3438 = ADVANCED_FACE('',(#3439),#3455,.T.);
#3439 = FACE_BOUND('',#3440,.T.);
#3440 = EDGE_LOOP('',(#3441,#3447,#3448,#3454));
#3441 = ORIENTED_EDGE('',*,*,#3442,.T.);
#3442 = EDGE_CURVE('',#1932,#2510,#3443,.T.);
#3443 = LINE('',#3444,#3445);
#3444 = CARTESIAN_POINT('',(-13.,16.1,3.9));
#3445 = VECTOR('',#3446,1.);
#3446 = DIRECTION('',(0.,2.22044604925E-16,1.));
#3447 = ORIENTED_EDGE('',*,*,#2517,.T.);
#3448 = ORIENTED_EDGE('',*,*,#3449,.F.);
#3449 = EDGE_CURVE('',#1934,#2518,#3450,.T.);
#3450 = LINE('',#3451,#3452);
#3451 = CARTESIAN_POINT('',(-15.68467875173,14.55,3.9));
#3452 = VECTOR('',#3453,1.);
#3453 = DIRECTION('',(0.,2.22044604925E-16,1.));
#3454 = ORIENTED_EDGE('',*,*,#1931,.F.);
#3455 = PLANE('',#3456);
#3456 = AXIS2_PLACEMENT_3D('',#3457,#3458,#3459);
#3457 = CARTESIAN_POINT('',(-13.,16.1,3.9));
#3458 = DIRECTION('',(0.5,-0.866025403784,1.922962686384E-16));
#3459 = DIRECTION('',(-0.866025403784,-0.5,1.110223024625E-16));
#3460 = ADVANCED_FACE('',(#3461),#3472,.T.);
#3461 = FACE_BOUND('',#3462,.T.);
#3462 = EDGE_LOOP('',(#3463,#3469,#3470,#3471));
#3463 = ORIENTED_EDGE('',*,*,#3464,.T.);
#3464 = EDGE_CURVE('',#1966,#2508,#3465,.T.);
#3465 = LINE('',#3466,#3467);
#3466 = CARTESIAN_POINT('',(-10.31532124826,14.55,3.9));
#3467 = VECTOR('',#3468,1.);
#3468 = DIRECTION('',(0.,2.22044604925E-16,1.));
#3469 = ORIENTED_EDGE('',*,*,#2507,.T.);
#3470 = ORIENTED_EDGE('',*,*,#3442,.F.);
#3471 = ORIENTED_EDGE('',*,*,#1973,.F.);
#3472 = PLANE('',#3473);
#3473 = AXIS2_PLACEMENT_3D('',#3474,#3475,#3476);
#3474 = CARTESIAN_POINT('',(-10.31532124826,14.55,3.9));
#3475 = DIRECTION('',(-0.5,-0.866025403784,1.922962686384E-16));
#3476 = DIRECTION('',(-0.866025403784,0.5,-1.110223024625E-16));
#3477 = ADVANCED_FACE('',(#3478),#3489,.T.);
#3478 = FACE_BOUND('',#3479,.T.);
#3479 = EDGE_LOOP('',(#3480,#3481,#3482,#3488));
#3480 = ORIENTED_EDGE('',*,*,#3449,.T.);
#3481 = ORIENTED_EDGE('',*,*,#2525,.T.);
#3482 = ORIENTED_EDGE('',*,*,#3483,.F.);
#3483 = EDGE_CURVE('',#1942,#2526,#3484,.T.);
#3484 = LINE('',#3485,#3486);
#3485 = CARTESIAN_POINT('',(-15.68467875173,11.45,3.9));
#3486 = VECTOR('',#3487,1.);
#3487 = DIRECTION('',(0.,2.22044604925E-16,1.));
#3488 = ORIENTED_EDGE('',*,*,#1941,.F.);
#3489 = PLANE('',#3490);
#3490 = AXIS2_PLACEMENT_3D('',#3491,#3492,#3493);
#3491 = CARTESIAN_POINT('',(-15.68467875173,14.55,3.9));
#3492 = DIRECTION('',(1.,-1.4E-16,3.10862446895E-32));
#3493 = DIRECTION('',(-1.4E-16,-1.,2.22044604925E-16));
#3494 = ADVANCED_FACE('',(#3495),#3506,.T.);
#3495 = FACE_BOUND('',#3496,.T.);
#3496 = EDGE_LOOP('',(#3497,#3503,#3504,#3505));
#3497 = ORIENTED_EDGE('',*,*,#3498,.T.);
#3498 = EDGE_CURVE('',#1958,#2542,#3499,.T.);
#3499 = LINE('',#3500,#3501);
#3500 = CARTESIAN_POINT('',(-10.31532124826,11.45,3.9));
#3501 = VECTOR('',#3502,1.);
#3502 = DIRECTION('',(0.,2.22044604925E-16,1.));
#3503 = ORIENTED_EDGE('',*,*,#2549,.T.);
#3504 = ORIENTED_EDGE('',*,*,#3464,.F.);
#3505 = ORIENTED_EDGE('',*,*,#1965,.F.);
#3506 = PLANE('',#3507);
#3507 = AXIS2_PLACEMENT_3D('',#3508,#3509,#3510);
#3508 = CARTESIAN_POINT('',(-10.31532124826,11.45,3.9));
#3509 = DIRECTION('',(-1.,5.7E-16,-1.265654248073E-31));
#3510 = DIRECTION('',(5.7E-16,1.,-2.22044604925E-16));
#3511 = ADVANCED_FACE('',(#3512),#3523,.T.);
#3512 = FACE_BOUND('',#3513,.T.);
#3513 = EDGE_LOOP('',(#3514,#3515,#3516,#3522));
#3514 = ORIENTED_EDGE('',*,*,#3483,.T.);
#3515 = ORIENTED_EDGE('',*,*,#2533,.T.);
#3516 = ORIENTED_EDGE('',*,*,#3517,.F.);
#3517 = EDGE_CURVE('',#1950,#2534,#3518,.T.);
#3518 = LINE('',#3519,#3520);
#3519 = CARTESIAN_POINT('',(-13.,9.9,3.9));
#3520 = VECTOR('',#3521,1.);
#3521 = DIRECTION('',(0.,2.22044604925E-16,1.));
#3522 = ORIENTED_EDGE('',*,*,#1949,.F.);
#3523 = PLANE('',#3524);
#3524 = AXIS2_PLACEMENT_3D('',#3525,#3526,#3527);
#3525 = CARTESIAN_POINT('',(-15.68467875173,11.45,3.9));
#3526 = DIRECTION('',(0.5,0.866025403784,-1.922962686384E-16));
#3527 = DIRECTION('',(0.866025403784,-0.5,1.110223024625E-16));
#3528 = ADVANCED_FACE('',(#3529),#3535,.T.);
#3529 = FACE_BOUND('',#3530,.T.);
#3530 = EDGE_LOOP('',(#3531,#3532,#3533,#3534));
#3531 = ORIENTED_EDGE('',*,*,#3517,.T.);
#3532 = ORIENTED_EDGE('',*,*,#2541,.T.);
#3533 = ORIENTED_EDGE('',*,*,#3498,.F.);
#3534 = ORIENTED_EDGE('',*,*,#1957,.F.);
#3535 = PLANE('',#3536);
#3536 = AXIS2_PLACEMENT_3D('',#3537,#3538,#3539);
#3537 = CARTESIAN_POINT('',(-13.,9.9,3.9));
#3538 = DIRECTION('',(-0.5,0.866025403784,-1.922962686384E-16));
#3539 = DIRECTION('',(0.866025403784,0.5,-1.110223024625E-16));
#3540 = ADVANCED_FACE('',(#3541),#3544,.F.);
#3541 = FACE_BOUND('',#3542,.T.);
#3542 = EDGE_LOOP('',(#3543));
#3543 = ORIENTED_EDGE('',*,*,#2380,.F.);
#3544 = PLANE('',#3545);
#3545 = AXIS2_PLACEMENT_3D('',#3546,#3547,#3548);
#3546 = CARTESIAN_POINT('',(15.,4.329869796038E-15,4.));
#3547 = DIRECTION('',(0.,3.330669073875E-16,1.));
#3548 = DIRECTION('',(1.,0.,0.));
#3549 = ADVANCED_FACE('',(#3550),#3556,.T.);
#3550 = FACE_BOUND('',#3551,.F.);
#3551 = EDGE_LOOP('',(#3552,#3553,#3554,#3555));
#3552 = ORIENTED_EDGE('',*,*,#2665,.T.);
#3553 = ORIENTED_EDGE('',*,*,#2436,.T.);
#3554 = ORIENTED_EDGE('',*,*,#3322,.F.);
#3555 = ORIENTED_EDGE('',*,*,#2682,.F.);
#3556 = CYLINDRICAL_SURFACE('',#3557,1.);
#3557 = AXIS2_PLACEMENT_3D('',#3558,#3559,#3560);
#3558 = CARTESIAN_POINT('',(40.320391543177,-6.106797181059,5.4));
#3559 = DIRECTION('',(0.316227766017,0.948683298051,-2.106500081146E-16)
  );
#3560 = DIRECTION('',(0.948683298051,-0.316227766017,2.102166693715E-16)
  );
#3561 = ADVANCED_FACE('',(#3562),#3587,.T.);
#3562 = FACE_BOUND('',#3563,.T.);
#3563 = EDGE_LOOP('',(#3564,#3572,#3573,#3581));
#3564 = ORIENTED_EDGE('',*,*,#3565,.T.);
#3565 = EDGE_CURVE('',#3566,#2558,#3568,.T.);
#3566 = VERTEX_POINT('',#3567);
#3567 = CARTESIAN_POINT('',(39.684678751732,-3.45,3.9));
#3568 = LINE('',#3569,#3570);
#3569 = CARTESIAN_POINT('',(39.684678751732,-3.45,3.9));
#3570 = VECTOR('',#3571,1.);
#3571 = DIRECTION('',(0.,2.22044604925E-16,1.));
#3572 = ORIENTED_EDGE('',*,*,#2557,.T.);
#3573 = ORIENTED_EDGE('',*,*,#3574,.F.);
#3574 = EDGE_CURVE('',#3575,#2560,#3577,.T.);
#3575 = VERTEX_POINT('',#3576);
#3576 = CARTESIAN_POINT('',(37.,-1.9,3.9));
#3577 = LINE('',#3578,#3579);
#3578 = CARTESIAN_POINT('',(37.,-1.9,3.9));
#3579 = VECTOR('',#3580,1.);
#3580 = DIRECTION('',(0.,2.22044604925E-16,1.));
#3581 = ORIENTED_EDGE('',*,*,#3582,.F.);
#3582 = EDGE_CURVE('',#3566,#3575,#3583,.T.);
#3583 = LINE('',#3584,#3585);
#3584 = CARTESIAN_POINT('',(39.684678751732,-3.45,3.9));
#3585 = VECTOR('',#3586,1.);
#3586 = DIRECTION('',(-0.866025403784,0.5,-1.110223024625E-16));
#3587 = PLANE('',#3588);
#3588 = AXIS2_PLACEMENT_3D('',#3589,#3590,#3591);
#3589 = CARTESIAN_POINT('',(39.684678751732,-3.45,3.9));
#3590 = DIRECTION('',(-0.5,-0.866025403784,1.922962686384E-16));
#3591 = DIRECTION('',(-0.866025403784,0.5,-1.110223024625E-16));
#3592 = ADVANCED_FACE('',(#3593),#3611,.T.);
#3593 = FACE_BOUND('',#3594,.T.);
#3594 = EDGE_LOOP('',(#3595,#3603,#3604,#3605));
#3595 = ORIENTED_EDGE('',*,*,#3596,.T.);
#3596 = EDGE_CURVE('',#3597,#2592,#3599,.T.);
#3597 = VERTEX_POINT('',#3598);
#3598 = CARTESIAN_POINT('',(39.684678751732,-6.55,3.9));
#3599 = LINE('',#3600,#3601);
#3600 = CARTESIAN_POINT('',(39.684678751732,-6.55,3.9));
#3601 = VECTOR('',#3602,1.);
#3602 = DIRECTION('',(0.,2.22044604925E-16,1.));
#3603 = ORIENTED_EDGE('',*,*,#2599,.T.);
#3604 = ORIENTED_EDGE('',*,*,#3565,.F.);
#3605 = ORIENTED_EDGE('',*,*,#3606,.F.);
#3606 = EDGE_CURVE('',#3597,#3566,#3607,.T.);
#3607 = LINE('',#3608,#3609);
#3608 = CARTESIAN_POINT('',(39.684678751732,-6.55,3.9));
#3609 = VECTOR('',#3610,1.);
#3610 = DIRECTION('',(5.7E-16,1.,-2.22044604925E-16));
#3611 = PLANE('',#3612);
#3612 = AXIS2_PLACEMENT_3D('',#3613,#3614,#3615);
#3613 = CARTESIAN_POINT('',(39.684678751732,-6.55,3.9));
#3614 = DIRECTION('',(-1.,5.7E-16,-1.265654248073E-31));
#3615 = DIRECTION('',(5.7E-16,1.,-2.22044604925E-16));
#3616 = ADVANCED_FACE('',(#3617),#3635,.T.);
#3617 = FACE_BOUND('',#3618,.T.);
#3618 = EDGE_LOOP('',(#3619,#3627,#3628,#3629));
#3619 = ORIENTED_EDGE('',*,*,#3620,.T.);
#3620 = EDGE_CURVE('',#3621,#2584,#3623,.T.);
#3621 = VERTEX_POINT('',#3622);
#3622 = CARTESIAN_POINT('',(37.,-8.1,3.9));
#3623 = LINE('',#3624,#3625);
#3624 = CARTESIAN_POINT('',(37.,-8.1,3.9));
#3625 = VECTOR('',#3626,1.);
#3626 = DIRECTION('',(0.,2.22044604925E-16,1.));
#3627 = ORIENTED_EDGE('',*,*,#2591,.T.);
#3628 = ORIENTED_EDGE('',*,*,#3596,.F.);
#3629 = ORIENTED_EDGE('',*,*,#3630,.F.);
#3630 = EDGE_CURVE('',#3621,#3597,#3631,.T.);
#3631 = LINE('',#3632,#3633);
#3632 = CARTESIAN_POINT('',(37.,-8.1,3.9));
#3633 = VECTOR('',#3634,1.);
#3634 = DIRECTION('',(0.866025403784,0.5,-1.110223024625E-16));
#3635 = PLANE('',#3636);
#3636 = AXIS2_PLACEMENT_3D('',#3637,#3638,#3639);
#3637 = CARTESIAN_POINT('',(37.,-8.1,3.9));
#3638 = DIRECTION('',(-0.5,0.866025403784,-1.922962686384E-16));
#3639 = DIRECTION('',(0.866025403784,0.5,-1.110223024625E-16));
#3640 = ADVANCED_FACE('',(#3641),#3659,.T.);
#3641 = FACE_BOUND('',#3642,.T.);
#3642 = EDGE_LOOP('',(#3643,#3651,#3652,#3653));
#3643 = ORIENTED_EDGE('',*,*,#3644,.T.);
#3644 = EDGE_CURVE('',#3645,#2576,#3647,.T.);
#3645 = VERTEX_POINT('',#3646);
#3646 = CARTESIAN_POINT('',(34.315321248268,-6.55,3.9));
#3647 = LINE('',#3648,#3649);
#3648 = CARTESIAN_POINT('',(34.315321248268,-6.55,3.9));
#3649 = VECTOR('',#3650,1.);
#3650 = DIRECTION('',(0.,2.22044604925E-16,1.));
#3651 = ORIENTED_EDGE('',*,*,#2583,.T.);
#3652 = ORIENTED_EDGE('',*,*,#3620,.F.);
#3653 = ORIENTED_EDGE('',*,*,#3654,.F.);
#3654 = EDGE_CURVE('',#3645,#3621,#3655,.T.);
#3655 = LINE('',#3656,#3657);
#3656 = CARTESIAN_POINT('',(34.315321248268,-6.55,3.9));
#3657 = VECTOR('',#3658,1.);
#3658 = DIRECTION('',(0.866025403784,-0.5,1.110223024625E-16));
#3659 = PLANE('',#3660);
#3660 = AXIS2_PLACEMENT_3D('',#3661,#3662,#3663);
#3661 = CARTESIAN_POINT('',(34.315321248268,-6.55,3.9));
#3662 = DIRECTION('',(0.5,0.866025403784,-1.922962686384E-16));
#3663 = DIRECTION('',(0.866025403784,-0.5,1.110223024625E-16));
#3664 = ADVANCED_FACE('',(#3665),#3683,.T.);
#3665 = FACE_BOUND('',#3666,.T.);
#3666 = EDGE_LOOP('',(#3667,#3675,#3676,#3677));
#3667 = ORIENTED_EDGE('',*,*,#3668,.T.);
#3668 = EDGE_CURVE('',#3669,#2568,#3671,.T.);
#3669 = VERTEX_POINT('',#3670);
#3670 = CARTESIAN_POINT('',(34.315321248268,-3.45,3.9));
#3671 = LINE('',#3672,#3673);
#3672 = CARTESIAN_POINT('',(34.315321248268,-3.45,3.9));
#3673 = VECTOR('',#3674,1.);
#3674 = DIRECTION('',(0.,2.22044604925E-16,1.));
#3675 = ORIENTED_EDGE('',*,*,#2575,.T.);
#3676 = ORIENTED_EDGE('',*,*,#3644,.F.);
#3677 = ORIENTED_EDGE('',*,*,#3678,.F.);
#3678 = EDGE_CURVE('',#3669,#3645,#3679,.T.);
#3679 = LINE('',#3680,#3681);
#3680 = CARTESIAN_POINT('',(34.315321248268,-3.45,3.9));
#3681 = VECTOR('',#3682,1.);
#3682 = DIRECTION('',(-1.4E-16,-1.,2.22044604925E-16));
#3683 = PLANE('',#3684);
#3684 = AXIS2_PLACEMENT_3D('',#3685,#3686,#3687);
#3685 = CARTESIAN_POINT('',(34.315321248268,-3.45,3.9));
#3686 = DIRECTION('',(1.,-1.4E-16,3.10862446895E-32));
#3687 = DIRECTION('',(-1.4E-16,-1.,2.22044604925E-16));
#3688 = ADVANCED_FACE('',(#3689),#3700,.T.);
#3689 = FACE_BOUND('',#3690,.T.);
#3690 = EDGE_LOOP('',(#3691,#3692,#3693,#3694));
#3691 = ORIENTED_EDGE('',*,*,#3574,.T.);
#3692 = ORIENTED_EDGE('',*,*,#2567,.T.);
#3693 = ORIENTED_EDGE('',*,*,#3668,.F.);
#3694 = ORIENTED_EDGE('',*,*,#3695,.F.);
#3695 = EDGE_CURVE('',#3575,#3669,#3696,.T.);
#3696 = LINE('',#3697,#3698);
#3697 = CARTESIAN_POINT('',(37.,-1.9,3.9));
#3698 = VECTOR('',#3699,1.);
#3699 = DIRECTION('',(-0.866025403784,-0.5,1.110223024625E-16));
#3700 = PLANE('',#3701);
#3701 = AXIS2_PLACEMENT_3D('',#3702,#3703,#3704);
#3702 = CARTESIAN_POINT('',(37.,-1.9,3.9));
#3703 = DIRECTION('',(0.5,-0.866025403784,1.922962686384E-16));
#3704 = DIRECTION('',(-0.866025403784,-0.5,1.110223024625E-16));
#3705 = ADVANCED_FACE('',(#3706),#3731,.T.);
#3706 = FACE_BOUND('',#3707,.T.);
#3707 = EDGE_LOOP('',(#3708,#3716,#3717,#3725));
#3708 = ORIENTED_EDGE('',*,*,#3709,.T.);
#3709 = EDGE_CURVE('',#3710,#2608,#3712,.T.);
#3710 = VERTEX_POINT('',#3711);
#3711 = CARTESIAN_POINT('',(45.684678751732,14.55,3.9));
#3712 = LINE('',#3713,#3714);
#3713 = CARTESIAN_POINT('',(45.684678751732,14.55,3.9));
#3714 = VECTOR('',#3715,1.);
#3715 = DIRECTION('',(0.,2.22044604925E-16,1.));
#3716 = ORIENTED_EDGE('',*,*,#2607,.T.);
#3717 = ORIENTED_EDGE('',*,*,#3718,.F.);
#3718 = EDGE_CURVE('',#3719,#2610,#3721,.T.);
#3719 = VERTEX_POINT('',#3720);
#3720 = CARTESIAN_POINT('',(43.,16.1,3.9));
#3721 = LINE('',#3722,#3723);
#3722 = CARTESIAN_POINT('',(43.,16.1,3.9));
#3723 = VECTOR('',#3724,1.);
#3724 = DIRECTION('',(0.,2.22044604925E-16,1.));
#3725 = ORIENTED_EDGE('',*,*,#3726,.F.);
#3726 = EDGE_CURVE('',#3710,#3719,#3727,.T.);
#3727 = LINE('',#3728,#3729);
#3728 = CARTESIAN_POINT('',(45.684678751732,14.55,3.9));
#3729 = VECTOR('',#3730,1.);
#3730 = DIRECTION('',(-0.866025403784,0.5,-1.110223024625E-16));
#3731 = PLANE('',#3732);
#3732 = AXIS2_PLACEMENT_3D('',#3733,#3734,#3735);
#3733 = CARTESIAN_POINT('',(45.684678751732,14.55,3.9));
#3734 = DIRECTION('',(-0.5,-0.866025403784,1.922962686384E-16));
#3735 = DIRECTION('',(-0.866025403784,0.5,-1.110223024625E-16));
#3736 = ADVANCED_FACE('',(#3737),#3755,.T.);
#3737 = FACE_BOUND('',#3738,.T.);
#3738 = EDGE_LOOP('',(#3739,#3747,#3748,#3749));
#3739 = ORIENTED_EDGE('',*,*,#3740,.T.);
#3740 = EDGE_CURVE('',#3741,#2642,#3743,.T.);
#3741 = VERTEX_POINT('',#3742);
#3742 = CARTESIAN_POINT('',(45.684678751732,11.45,3.9));
#3743 = LINE('',#3744,#3745);
#3744 = CARTESIAN_POINT('',(45.684678751732,11.45,3.9));
#3745 = VECTOR('',#3746,1.);
#3746 = DIRECTION('',(0.,2.22044604925E-16,1.));
#3747 = ORIENTED_EDGE('',*,*,#2649,.T.);
#3748 = ORIENTED_EDGE('',*,*,#3709,.F.);
#3749 = ORIENTED_EDGE('',*,*,#3750,.F.);
#3750 = EDGE_CURVE('',#3741,#3710,#3751,.T.);
#3751 = LINE('',#3752,#3753);
#3752 = CARTESIAN_POINT('',(45.684678751732,11.45,3.9));
#3753 = VECTOR('',#3754,1.);
#3754 = DIRECTION('',(5.7E-16,1.,-2.22044604925E-16));
#3755 = PLANE('',#3756);
#3756 = AXIS2_PLACEMENT_3D('',#3757,#3758,#3759);
#3757 = CARTESIAN_POINT('',(45.684678751732,11.45,3.9));
#3758 = DIRECTION('',(-1.,5.7E-16,-1.265654248073E-31));
#3759 = DIRECTION('',(5.7E-16,1.,-2.22044604925E-16));
#3760 = ADVANCED_FACE('',(#3761),#3779,.T.);
#3761 = FACE_BOUND('',#3762,.T.);
#3762 = EDGE_LOOP('',(#3763,#3764,#3765,#3773));
#3763 = ORIENTED_EDGE('',*,*,#3718,.T.);
#3764 = ORIENTED_EDGE('',*,*,#2617,.T.);
#3765 = ORIENTED_EDGE('',*,*,#3766,.F.);
#3766 = EDGE_CURVE('',#3767,#2618,#3769,.T.);
#3767 = VERTEX_POINT('',#3768);
#3768 = CARTESIAN_POINT('',(40.315321248268,14.55,3.9));
#3769 = LINE('',#3770,#3771);
#3770 = CARTESIAN_POINT('',(40.315321248268,14.55,3.9));
#3771 = VECTOR('',#3772,1.);
#3772 = DIRECTION('',(0.,2.22044604925E-16,1.));
#3773 = ORIENTED_EDGE('',*,*,#3774,.F.);
#3774 = EDGE_CURVE('',#3719,#3767,#3775,.T.);
#3775 = LINE('',#3776,#3777);
#3776 = CARTESIAN_POINT('',(43.,16.1,3.9));
#3777 = VECTOR('',#3778,1.);
#3778 = DIRECTION('',(-0.866025403784,-0.5,1.110223024625E-16));
#3779 = PLANE('',#3780);
#3780 = AXIS2_PLACEMENT_3D('',#3781,#3782,#3783);
#3781 = CARTESIAN_POINT('',(43.,16.1,3.9));
#3782 = DIRECTION('',(0.5,-0.866025403784,1.922962686384E-16));
#3783 = DIRECTION('',(-0.866025403784,-0.5,1.110223024625E-16));
#3784 = ADVANCED_FACE('',(#3785),#3803,.T.);
#3785 = FACE_BOUND('',#3786,.T.);
#3786 = EDGE_LOOP('',(#3787,#3795,#3796,#3797));
#3787 = ORIENTED_EDGE('',*,*,#3788,.T.);
#3788 = EDGE_CURVE('',#3789,#2634,#3791,.T.);
#3789 = VERTEX_POINT('',#3790);
#3790 = CARTESIAN_POINT('',(43.,9.9,3.9));
#3791 = LINE('',#3792,#3793);
#3792 = CARTESIAN_POINT('',(43.,9.9,3.9));
#3793 = VECTOR('',#3794,1.);
#3794 = DIRECTION('',(0.,2.22044604925E-16,1.));
#3795 = ORIENTED_EDGE('',*,*,#2641,.T.);
#3796 = ORIENTED_EDGE('',*,*,#3740,.F.);
#3797 = ORIENTED_EDGE('',*,*,#3798,.F.);
#3798 = EDGE_CURVE('',#3789,#3741,#3799,.T.);
#3799 = LINE('',#3800,#3801);
#3800 = CARTESIAN_POINT('',(43.,9.9,3.9));
#3801 = VECTOR('',#3802,1.);
#3802 = DIRECTION('',(0.866025403784,0.5,-1.110223024625E-16));
#3803 = PLANE('',#3804);
#3804 = AXIS2_PLACEMENT_3D('',#3805,#3806,#3807);
#3805 = CARTESIAN_POINT('',(43.,9.9,3.9));
#3806 = DIRECTION('',(-0.5,0.866025403784,-1.922962686384E-16));
#3807 = DIRECTION('',(0.866025403784,0.5,-1.110223024625E-16));
#3808 = ADVANCED_FACE('',(#3809),#3827,.T.);
#3809 = FACE_BOUND('',#3810,.T.);
#3810 = EDGE_LOOP('',(#3811,#3812,#3813,#3821));
#3811 = ORIENTED_EDGE('',*,*,#3766,.T.);
#3812 = ORIENTED_EDGE('',*,*,#2625,.T.);
#3813 = ORIENTED_EDGE('',*,*,#3814,.F.);
#3814 = EDGE_CURVE('',#3815,#2626,#3817,.T.);
#3815 = VERTEX_POINT('',#3816);
#3816 = CARTESIAN_POINT('',(40.315321248268,11.45,3.9));
#3817 = LINE('',#3818,#3819);
#3818 = CARTESIAN_POINT('',(40.315321248268,11.45,3.9));
#3819 = VECTOR('',#3820,1.);
#3820 = DIRECTION('',(0.,2.22044604925E-16,1.));
#3821 = ORIENTED_EDGE('',*,*,#3822,.F.);
#3822 = EDGE_CURVE('',#3767,#3815,#3823,.T.);
#3823 = LINE('',#3824,#3825);
#3824 = CARTESIAN_POINT('',(40.315321248268,14.55,3.9));
#3825 = VECTOR('',#3826,1.);
#3826 = DIRECTION('',(-1.4E-16,-1.,2.22044604925E-16));
#3827 = PLANE('',#3828);
#3828 = AXIS2_PLACEMENT_3D('',#3829,#3830,#3831);
#3829 = CARTESIAN_POINT('',(40.315321248268,14.55,3.9));
#3830 = DIRECTION('',(1.,-1.4E-16,3.10862446895E-32));
#3831 = DIRECTION('',(-1.4E-16,-1.,2.22044604925E-16));
#3832 = ADVANCED_FACE('',(#3833),#3844,.T.);
#3833 = FACE_BOUND('',#3834,.T.);
#3834 = EDGE_LOOP('',(#3835,#3836,#3837,#3838));
#3835 = ORIENTED_EDGE('',*,*,#3814,.T.);
#3836 = ORIENTED_EDGE('',*,*,#2633,.T.);
#3837 = ORIENTED_EDGE('',*,*,#3788,.F.);
#3838 = ORIENTED_EDGE('',*,*,#3839,.F.);
#3839 = EDGE_CURVE('',#3815,#3789,#3840,.T.);
#3840 = LINE('',#3841,#3842);
#3841 = CARTESIAN_POINT('',(40.315321248268,11.45,3.9));
#3842 = VECTOR('',#3843,1.);
#3843 = DIRECTION('',(0.866025403784,-0.5,1.110223024625E-16));
#3844 = PLANE('',#3845);
#3845 = AXIS2_PLACEMENT_3D('',#3846,#3847,#3848);
#3846 = CARTESIAN_POINT('',(40.315321248268,11.45,3.9));
#3847 = DIRECTION('',(0.5,0.866025403784,-1.922962686384E-16));
#3848 = DIRECTION('',(0.866025403784,-0.5,1.110223024625E-16));
#3849 = ADVANCED_FACE('',(#3850),#3853,.F.);
#3850 = FACE_BOUND('',#3851,.T.);
#3851 = EDGE_LOOP('',(#3852));
#3852 = ORIENTED_EDGE('',*,*,#3105,.F.);
#3853 = PLANE('',#3854);
#3854 = AXIS2_PLACEMENT_3D('',#3855,#3856,#3857);
#3855 = CARTESIAN_POINT('',(30.,4.329869796038E-15,4.));
#3856 = DIRECTION('',(0.,3.330669073875E-16,1.));
#3857 = DIRECTION('',(1.,0.,0.));
#3858 = ADVANCED_FACE('',(#3859,#3867),#3870,.T.);
#3859 = FACE_BOUND('',#3860,.T.);
#3860 = EDGE_LOOP('',(#3861,#3862,#3863,#3864,#3865,#3866));
#3861 = ORIENTED_EDGE('',*,*,#3695,.T.);
#3862 = ORIENTED_EDGE('',*,*,#3678,.T.);
#3863 = ORIENTED_EDGE('',*,*,#3654,.T.);
#3864 = ORIENTED_EDGE('',*,*,#3630,.T.);
#3865 = ORIENTED_EDGE('',*,*,#3606,.T.);
#3866 = ORIENTED_EDGE('',*,*,#3582,.T.);
#3867 = FACE_BOUND('',#3868,.T.);
#3868 = EDGE_LOOP('',(#3869));
#3869 = ORIENTED_EDGE('',*,*,#3206,.T.);
#3870 = PLANE('',#3871);
#3871 = AXIS2_PLACEMENT_3D('',#3872,#3873,#3874);
#3872 = CARTESIAN_POINT('',(37.,-5.,3.9));
#3873 = DIRECTION('',(0.,2.22044604925E-16,1.));
#3874 = DIRECTION('',(0.,1.,-2.22044604925E-16));
#3875 = ADVANCED_FACE('',(#3876,#3884),#3887,.T.);
#3876 = FACE_BOUND('',#3877,.T.);
#3877 = EDGE_LOOP('',(#3878,#3879,#3880,#3881,#3882,#3883));
#3878 = ORIENTED_EDGE('',*,*,#3774,.T.);
#3879 = ORIENTED_EDGE('',*,*,#3822,.T.);
#3880 = ORIENTED_EDGE('',*,*,#3839,.T.);
#3881 = ORIENTED_EDGE('',*,*,#3798,.T.);
#3882 = ORIENTED_EDGE('',*,*,#3750,.T.);
#3883 = ORIENTED_EDGE('',*,*,#3726,.T.);
#3884 = FACE_BOUND('',#3885,.T.);
#3885 = EDGE_LOOP('',(#3886));
#3886 = ORIENTED_EDGE('',*,*,#3231,.T.);
#3887 = PLANE('',#3888);
#3888 = AXIS2_PLACEMENT_3D('',#3889,#3890,#3891);
#3889 = CARTESIAN_POINT('',(43.,13.,3.9));
#3890 = DIRECTION('',(0.,2.22044604925E-16,1.));
#3891 = DIRECTION('',(0.,1.,-2.22044604925E-16));
#3892 = ADVANCED_FACE('',(#3893),#3896,.F.);
#3893 = FACE_BOUND('',#3894,.T.);
#3894 = EDGE_LOOP('',(#3895));
#3895 = ORIENTED_EDGE('',*,*,#3257,.F.);
#3896 = PLANE('',#3897);
#3897 = AXIS2_PLACEMENT_3D('',#3898,#3899,#3900);
#3898 = CARTESIAN_POINT('',(0.,9.,-1.));
#3899 = DIRECTION('',(0.,1.110223024625E-16,1.));
#3900 = DIRECTION('',(1.,0.,0.));
#3901 = ADVANCED_FACE('',(#3902),#3905,.F.);
#3902 = FACE_BOUND('',#3903,.T.);
#3903 = EDGE_LOOP('',(#3904));
#3904 = ORIENTED_EDGE('',*,*,#3282,.F.);
#3905 = PLANE('',#3906);
#3906 = AXIS2_PLACEMENT_3D('',#3907,#3908,#3909);
#3907 = CARTESIAN_POINT('',(15.,9.,-1.));
#3908 = DIRECTION('',(0.,0.,1.));
#3909 = DIRECTION('',(1.,0.,0.));
#3910 = ADVANCED_FACE('',(#3911),#3914,.F.);
#3911 = FACE_BOUND('',#3912,.T.);
#3912 = EDGE_LOOP('',(#3913));
#3913 = ORIENTED_EDGE('',*,*,#3307,.F.);
#3914 = PLANE('',#3915);
#3915 = AXIS2_PLACEMENT_3D('',#3916,#3917,#3918);
#3916 = CARTESIAN_POINT('',(30.,9.,-1.));
#3917 = DIRECTION('',(0.,0.,1.));
#3918 = DIRECTION('',(1.,0.,0.));
#3919 = ( GEOMETRIC_REPRESENTATION_CONTEXT(3) 
GLOBAL_UNCERTAINTY_ASSIGNED_CONTEXT((#3923)) 
GLOBAL_UNIT_ASSIGNED_CONTEXT((#3920,#3921,#3922)) REPRESENTATION_CONTEXT
('Context #1','3D Context with UNIT and UNCERTAINTY') );
#3920 = ( LENGTH_UNIT() NAMED_UNIT(*) SI_UNIT(.MILLI.,.METRE.) );
#3921 = ( NAMED_UNIT(*) PLANE_ANGLE_UNIT() SI_UNIT($,.RADIAN.) );
#3922 = ( NAMED_UNIT(*) SI_UNIT($,.STERADIAN.) SOLID_ANGLE_UNIT() );
#3923 = UNCERTAINTY_MEASURE_WITH_UNIT(LENGTH_MEASURE(5.E-06),#3920,
  'distance_accuracy_value','confusion accuracy');
#3924 = PRODUCT_RELATED_PRODUCT_CATEGORY('part',$,(#7));
#3925 = MECHANICAL_DESIGN_GEOMETRIC_PRESENTATION_REPRESENTATION('',(
    #3926),#3919);
#3926 = STYLED_ITEM('color',(#3927),#15);
#3927 = PRESENTATION_STYLE_ASSIGNMENT((#3928,#3934));
#3928 = SURFACE_STYLE_USAGE(.BOTH.,#3929);
#3929 = SURFACE_SIDE_STYLE('',(#3930));
#3930 = SURFACE_STYLE_FILL_AREA(#3931);
#3931 = FILL_AREA_STYLE('',(#3932));
#3932 = FILL_AREA_STYLE_COLOUR('',#3933);
#3933 = COLOUR_RGB('',0.447058818107,0.474509808674,0.501960817233);
#3934 = CURVE_STYLE('',#3935,POSITIVE_LENGTH_MEASURE(0.1),#3936);
#3935 = DRAUGHTING_PRE_DEFINED_CURVE_FONT('continuous');
#3936 = COLOUR_RGB('',9.803921802644E-02,9.803921802644E-02,
  9.803921802644E-02);
ENDSEC;
END-ISO-10303-21;
