ISO-10303-21;
HEADER;
FILE_DESCRIPTION(('FreeCAD Model'),'2;1');
FILE_NAME('Open CASCADE Shape Model','2026-08-29T18:49:04',(''),(''),
  'Open CASCADE STEP processor 7.8','FreeCAD','Unknown');
FILE_SCHEMA(('AUTOMOTIVE_DESIGN { 1 0 10303 214 1 1 1 1 }'));
ENDSEC;
DATA;
#1 = APPLICATION_PROTOCOL_DEFINITION('international standard',
  'automotive_design',2000,#2);
#2 = APPLICATION_CONTEXT(
  'core data for automotive mechanical design processes');
#3 = SHAPE_DEFINITION_REPRESENTATION(#4,#10);
#4 = PRODUCT_DEFINITION_SHAPE('','',#5);
#5 = PRODUCT_DEFINITION('design','',#6,#9);
#6 = PRODUCT_DEFINITION_FORMATION('','',#7);
#7 = PRODUCT('Fillet001','Fillet001','',(#8));
#8 = PRODUCT_CONTEXT('',#2,'mechanical');
#9 = PRODUCT_DEFINITION_CONTEXT('part definition',#2,'design');
#10 = ADVANCED_BREP_SHAPE_REPRESENTATION('',(#11,#15),#2499);
#11 = AXIS2_PLACEMENT_3D('',#12,#13,#14);
#12 = CARTESIAN_POINT('',(0.,0.,0.));
#13 = DIRECTION('',(0.,0.,1.));
#14 = DIRECTION('',(1.,0.,-0.));
#15 = MANIFOLD_SOLID_BREP('',#16);
#16 = CLOSED_SHELL('',(#17,#57,#90,#123,#156,#189,#215,#241,#272,#412,
    #430,#662,#680,#711,#729,#747,#780,#798,#816,#852,#877,#903,#929,
    #965,#990,#1016,#1042,#1068,#1085,#1111,#1142,#1167,#1192,#1264,
    #1288,#1313,#1338,#1355,#1380,#1405,#1430,#1448,#1484,#1510,#1546,
    #1572,#1590,#1616,#1641,#1666,#1692,#1718,#1735,#1752,#1819,#1836,
    #1853,#1870,#1887,#1904,#1921,#1938,#1961,#2070,#2137,#2147,#2167,
    #2187,#2207,#2238,#2262,#2286,#2310,#2334,#2351,#2376,#2392,#2404,
    #2421,#2431,#2448,#2465,#2482));
#17 = ADVANCED_FACE('',(#18),#52,.F.);
#18 = FACE_BOUND('',#19,.F.);
#19 = EDGE_LOOP('',(#20,#30,#38,#46));
#20 = ORIENTED_EDGE('',*,*,#21,.T.);
#21 = EDGE_CURVE('',#22,#24,#26,.T.);
#22 = VERTEX_POINT('',#23);
#23 = CARTESIAN_POINT('',(14.,62.064356181193,41.858570086355));
#24 = VERTEX_POINT('',#25);
#25 = CARTESIAN_POINT('',(-14.,62.064356181193,41.858570086355));
#26 = LINE('',#27,#28);
#27 = CARTESIAN_POINT('',(15.,62.064356181193,41.858570086355));
#28 = VECTOR('',#29,1.);
#29 = DIRECTION('',(-1.,5.744223935327E-16,-3.971005350496E-16));
#30 = ORIENTED_EDGE('',*,*,#31,.T.);
#31 = EDGE_CURVE('',#24,#32,#34,.T.);
#32 = VERTEX_POINT('',#33);
#33 = CARTESIAN_POINT('',(-14.,78.578426851667,52.139763016053));
#34 = LINE('',#35,#36);
#35 = CARTESIAN_POINT('',(-14.,62.064356181193,41.858570086355));
#36 = VECTOR('',#37,1.);
#37 = DIRECTION('',(3.221267840082E-16,0.848923501437,0.528515741212));
#38 = ORIENTED_EDGE('',*,*,#39,.F.);
#39 = EDGE_CURVE('',#40,#32,#42,.T.);
#40 = VERTEX_POINT('',#41);
#41 = CARTESIAN_POINT('',(14.,78.578426851667,52.139763016053));
#42 = LINE('',#43,#44);
#43 = CARTESIAN_POINT('',(15.,78.578426851667,52.139763016053));
#44 = VECTOR('',#45,1.);
#45 = DIRECTION('',(-1.,5.744223935327E-16,-3.971005350496E-16));
#46 = ORIENTED_EDGE('',*,*,#47,.F.);
#47 = EDGE_CURVE('',#22,#40,#48,.T.);
#48 = LINE('',#49,#50);
#49 = CARTESIAN_POINT('',(14.,62.064356181193,41.858570086355));
#50 = VECTOR('',#51,1.);
#51 = DIRECTION('',(3.221267840082E-16,0.848923501437,0.528515741212));
#52 = PLANE('',#53);
#53 = AXIS2_PLACEMENT_3D('',#54,#55,#56);
#54 = CARTESIAN_POINT('',(15.,62.064356181193,41.858570086355));
#55 = DIRECTION('',(3.936122654476E-16,0.528515741212,-0.848923501437));
#56 = DIRECTION('',(3.221267840082E-16,0.848923501437,0.528515741212));
#57 = ADVANCED_FACE('',(#58),#85,.F.);
#58 = FACE_BOUND('',#59,.T.);
#59 = EDGE_LOOP('',(#60,#61,#70,#78));
#60 = ORIENTED_EDGE('',*,*,#21,.T.);
#61 = ORIENTED_EDGE('',*,*,#62,.F.);
#62 = EDGE_CURVE('',#63,#24,#65,.T.);
#63 = VERTEX_POINT('',#64);
#64 = CARTESIAN_POINT('',(-14.,61.289795556676,41.517036426193));
#65 = CIRCLE('',#66,3.);
#66 = AXIS2_PLACEMENT_3D('',#67,#68,#69);
#67 = CARTESIAN_POINT('',(-14.,60.478808850965,44.405340524303));
#68 = DIRECTION('',(1.,-4.814912756098E-16,1.63897626578E-16));
#69 = DIRECTION('',(2.879564033171E-16,0.270328901904,-0.962768032703));
#70 = ORIENTED_EDGE('',*,*,#71,.F.);
#71 = EDGE_CURVE('',#72,#63,#74,.T.);
#72 = VERTEX_POINT('',#73);
#73 = CARTESIAN_POINT('',(14.,61.289795556676,41.517036426193));
#74 = LINE('',#75,#76);
#75 = CARTESIAN_POINT('',(15.,61.289795556676,41.517036426193));
#76 = VECTOR('',#77,1.);
#77 = DIRECTION('',(-1.,5.744223935327E-16,-3.971005350496E-16));
#78 = ORIENTED_EDGE('',*,*,#79,.T.);
#79 = EDGE_CURVE('',#72,#22,#80,.T.);
#80 = CIRCLE('',#81,3.);
#81 = AXIS2_PLACEMENT_3D('',#82,#83,#84);
#82 = CARTESIAN_POINT('',(14.,60.478808850965,44.405340524303));
#83 = DIRECTION('',(1.,-4.814912756098E-16,1.63897626578E-16));
#84 = DIRECTION('',(2.879564033171E-16,0.270328901904,-0.962768032703));
#85 = CYLINDRICAL_SURFACE('',#86,3.);
#86 = AXIS2_PLACEMENT_3D('',#87,#88,#89);
#87 = CARTESIAN_POINT('',(15.,60.478808850965,44.405340524303));
#88 = DIRECTION('',(1.,-5.744223935327E-16,3.971005350496E-16));
#89 = DIRECTION('',(-4.563588692396E-16,-0.707106781187,0.707106781187)
  );
#90 = ADVANCED_FACE('',(#91),#118,.T.);
#91 = FACE_BOUND('',#92,.T.);
#92 = EDGE_LOOP('',(#93,#102,#110,#117));
#93 = ORIENTED_EDGE('',*,*,#94,.T.);
#94 = EDGE_CURVE('',#22,#95,#97,.T.);
#95 = VERTEX_POINT('',#96);
#96 = CARTESIAN_POINT('',(15.,62.592871922404,41.009646584918));
#97 = CIRCLE('',#98,1.);
#98 = AXIS2_PLACEMENT_3D('',#99,#100,#101);
#99 = CARTESIAN_POINT('',(14.,62.592871922404,41.009646584918));
#100 = DIRECTION('',(3.221267840082E-16,0.848923501437,0.528515741212));
#101 = DIRECTION('',(-6.406992537232E-16,-0.528515741212,0.848923501437)
  );
#102 = ORIENTED_EDGE('',*,*,#103,.T.);
#103 = EDGE_CURVE('',#95,#104,#106,.T.);
#104 = VERTEX_POINT('',#105);
#105 = CARTESIAN_POINT('',(15.,79.106942592879,51.290839514617));
#106 = LINE('',#107,#108);
#107 = CARTESIAN_POINT('',(15.,62.592871922404,41.009646584918));
#108 = VECTOR('',#109,1.);
#109 = DIRECTION('',(3.221267840082E-16,0.848923501437,0.528515741212));
#110 = ORIENTED_EDGE('',*,*,#111,.F.);
#111 = EDGE_CURVE('',#40,#104,#112,.T.);
#112 = CIRCLE('',#113,1.);
#113 = AXIS2_PLACEMENT_3D('',#114,#115,#116);
#114 = CARTESIAN_POINT('',(14.,79.106942592879,51.290839514617));
#115 = DIRECTION('',(3.221267840082E-16,0.848923501437,0.528515741212));
#116 = DIRECTION('',(-6.406992537232E-16,-0.528515741212,0.848923501437)
  );
#117 = ORIENTED_EDGE('',*,*,#47,.F.);
#118 = CYLINDRICAL_SURFACE('',#119,1.);
#119 = AXIS2_PLACEMENT_3D('',#120,#121,#122);
#120 = CARTESIAN_POINT('',(14.,62.592871922404,41.009646584918));
#121 = DIRECTION('',(3.221267840082E-16,0.848923501437,0.528515741212));
#122 = DIRECTION('',(-6.406992537232E-16,-0.528515741212,0.848923501437)
  );
#123 = ADVANCED_FACE('',(#124),#151,.T.);
#124 = FACE_BOUND('',#125,.T.);
#125 = EDGE_LOOP('',(#126,#135,#136,#145));
#126 = ORIENTED_EDGE('',*,*,#127,.T.);
#127 = EDGE_CURVE('',#128,#24,#130,.T.);
#128 = VERTEX_POINT('',#129);
#129 = CARTESIAN_POINT('',(-15.,62.592871957936,41.009646607039));
#130 = CIRCLE('',#131,1.);
#131 = AXIS2_PLACEMENT_3D('',#132,#133,#134);
#132 = CARTESIAN_POINT('',(-14.,62.592871957936,41.009646607039));
#133 = DIRECTION('',(3.221267675338E-16,0.848923479316,0.528515776743));
#134 = DIRECTION('',(3.9361227893E-16,0.528515776743,-0.848923479316));
#135 = ORIENTED_EDGE('',*,*,#31,.T.);
#136 = ORIENTED_EDGE('',*,*,#137,.F.);
#137 = EDGE_CURVE('',#138,#32,#140,.T.);
#138 = VERTEX_POINT('',#139);
#139 = CARTESIAN_POINT('',(-15.,79.106942592879,51.290839514617));
#140 = CIRCLE('',#141,1.);
#141 = AXIS2_PLACEMENT_3D('',#142,#143,#144);
#142 = CARTESIAN_POINT('',(-14.,79.106942592879,51.290839514617));
#143 = DIRECTION('',(3.221267840082E-16,0.848923501437,0.528515741212));
#144 = DIRECTION('',(-1.,4.814912756098E-16,-1.63897626578E-16));
#145 = ORIENTED_EDGE('',*,*,#146,.F.);
#146 = EDGE_CURVE('',#128,#138,#147,.T.);
#147 = LINE('',#148,#149);
#148 = CARTESIAN_POINT('',(-15.,62.592871922404,41.009646584918));
#149 = VECTOR('',#150,1.);
#150 = DIRECTION('',(3.221267840082E-16,0.848923501437,0.528515741212));
#151 = CYLINDRICAL_SURFACE('',#152,1.);
#152 = AXIS2_PLACEMENT_3D('',#153,#154,#155);
#153 = CARTESIAN_POINT('',(-14.,62.592871922404,41.009646584918));
#154 = DIRECTION('',(3.221267840082E-16,0.848923501437,0.528515741212));
#155 = DIRECTION('',(-1.,4.814912756098E-16,-1.63897626578E-16));
#156 = ADVANCED_FACE('',(#157),#184,.T.);
#157 = FACE_BOUND('',#158,.F.);
#158 = EDGE_LOOP('',(#159,#160,#169,#177));
#159 = ORIENTED_EDGE('',*,*,#39,.T.);
#160 = ORIENTED_EDGE('',*,*,#161,.T.);
#161 = EDGE_CURVE('',#32,#162,#164,.T.);
#162 = VERTEX_POINT('',#163);
#163 = CARTESIAN_POINT('',(-14.,97.862576248743,32.855613618977));
#164 = CIRCLE('',#165,14.);
#165 = AXIS2_PLACEMENT_3D('',#166,#167,#168);
#166 = CARTESIAN_POINT('',(-14.,85.977647228629,40.254833995939));
#167 = DIRECTION('',(-1.,4.814912756098E-16,-1.63897626578E-16));
#168 = DIRECTION('',(-3.936122654476E-16,-0.528515741212,0.848923501437)
  );
#169 = ORIENTED_EDGE('',*,*,#170,.F.);
#170 = EDGE_CURVE('',#171,#162,#173,.T.);
#171 = VERTEX_POINT('',#172);
#172 = CARTESIAN_POINT('',(14.,97.862576248743,32.855613618977));
#173 = LINE('',#174,#175);
#174 = CARTESIAN_POINT('',(15.,97.862576248743,32.855613618977));
#175 = VECTOR('',#176,1.);
#176 = DIRECTION('',(-1.,5.744223935327E-16,-3.971005350496E-16));
#177 = ORIENTED_EDGE('',*,*,#178,.F.);
#178 = EDGE_CURVE('',#40,#171,#179,.T.);
#179 = CIRCLE('',#180,14.);
#180 = AXIS2_PLACEMENT_3D('',#181,#182,#183);
#181 = CARTESIAN_POINT('',(14.,85.977647228629,40.254833995939));
#182 = DIRECTION('',(-1.,4.814912756098E-16,-1.63897626578E-16));
#183 = DIRECTION('',(-3.936122654476E-16,-0.528515741212,0.848923501437)
  );
#184 = CYLINDRICAL_SURFACE('',#185,14.);
#185 = AXIS2_PLACEMENT_3D('',#186,#187,#188);
#186 = CARTESIAN_POINT('',(15.,85.977647228629,40.254833995939));
#187 = DIRECTION('',(1.,-5.744223935327E-16,3.971005350496E-16));
#188 = DIRECTION('',(-4.563588692396E-16,-0.707106781187,0.707106781187)
  );
#189 = ADVANCED_FACE('',(#190),#210,.T.);
#190 = FACE_BOUND('',#191,.F.);
#191 = EDGE_LOOP('',(#192,#201,#202,#203));
#192 = ORIENTED_EDGE('',*,*,#193,.F.);
#193 = EDGE_CURVE('',#72,#194,#196,.T.);
#194 = VERTEX_POINT('',#195);
#195 = CARTESIAN_POINT('',(15.,61.56012445858,40.55426839349));
#196 = CIRCLE('',#197,1.);
#197 = AXIS2_PLACEMENT_3D('',#198,#199,#200);
#198 = CARTESIAN_POINT('',(14.,61.56012445858,40.55426839349));
#199 = DIRECTION('',(4.192581427652E-16,0.962768032703,0.270328901904));
#200 = DIRECTION('',(-5.375986757877E-16,-0.270328901904,0.962768032703)
  );
#201 = ORIENTED_EDGE('',*,*,#79,.T.);
#202 = ORIENTED_EDGE('',*,*,#94,.T.);
#203 = ORIENTED_EDGE('',*,*,#204,.F.);
#204 = EDGE_CURVE('',#194,#95,#205,.T.);
#205 = CIRCLE('',#206,4.);
#206 = AXIS2_PLACEMENT_3D('',#207,#208,#209);
#207 = CARTESIAN_POINT('',(15.,60.478808850965,44.405340524303));
#208 = DIRECTION('',(1.,-4.814912756098E-16,1.63897626578E-16));
#209 = DIRECTION('',(2.879564033171E-16,0.270328901904,-0.962768032703)
  );
#210 = TOROIDAL_SURFACE('',#211,4.,1.);
#211 = AXIS2_PLACEMENT_3D('',#212,#213,#214);
#212 = CARTESIAN_POINT('',(14.,60.478808850965,44.405340524303));
#213 = DIRECTION('',(-1.,4.814912756098E-16,-1.63897626578E-16));
#214 = DIRECTION('',(2.879564033171E-16,0.270328901904,-0.962768032703)
  );
#215 = ADVANCED_FACE('',(#216),#236,.T.);
#216 = FACE_BOUND('',#217,.F.);
#217 = EDGE_LOOP('',(#218,#227,#234,#235));
#218 = ORIENTED_EDGE('',*,*,#219,.F.);
#219 = EDGE_CURVE('',#220,#63,#222,.T.);
#220 = VERTEX_POINT('',#221);
#221 = CARTESIAN_POINT('',(-15.,61.56012445858,40.55426839349));
#222 = CIRCLE('',#223,1.);
#223 = AXIS2_PLACEMENT_3D('',#224,#225,#226);
#224 = CARTESIAN_POINT('',(-14.,61.56012445858,40.55426839349));
#225 = DIRECTION('',(4.192581427652E-16,0.962768032703,0.270328901904));
#226 = DIRECTION('',(-1.,4.814912756098E-16,-1.63897626578E-16));
#227 = ORIENTED_EDGE('',*,*,#228,.T.);
#228 = EDGE_CURVE('',#220,#128,#229,.T.);
#229 = CIRCLE('',#230,4.);
#230 = AXIS2_PLACEMENT_3D('',#231,#232,#233);
#231 = CARTESIAN_POINT('',(-15.,60.478808850965,44.405340524303));
#232 = DIRECTION('',(1.,-4.814912756098E-16,1.63897626578E-16));
#233 = DIRECTION('',(2.879564033171E-16,0.270328901904,-0.962768032703)
  );
#234 = ORIENTED_EDGE('',*,*,#127,.T.);
#235 = ORIENTED_EDGE('',*,*,#62,.F.);
#236 = TOROIDAL_SURFACE('',#237,4.,1.);
#237 = AXIS2_PLACEMENT_3D('',#238,#239,#240);
#238 = CARTESIAN_POINT('',(-14.,60.478808850965,44.405340524303));
#239 = DIRECTION('',(-1.,4.814912756098E-16,-1.63897626578E-16));
#240 = DIRECTION('',(2.879564033171E-16,0.270328901904,-0.962768032703)
  );
#241 = ADVANCED_FACE('',(#242),#267,.F.);
#242 = FACE_BOUND('',#243,.F.);
#243 = EDGE_LOOP('',(#244,#254,#260,#261));
#244 = ORIENTED_EDGE('',*,*,#245,.T.);
#245 = EDGE_CURVE('',#246,#248,#250,.T.);
#246 = VERTEX_POINT('',#247);
#247 = CARTESIAN_POINT('',(14.,19.473294079421,29.775673458357));
#248 = VERTEX_POINT('',#249);
#249 = CARTESIAN_POINT('',(-14.,19.473294079421,29.775673458357));
#250 = LINE('',#251,#252);
#251 = CARTESIAN_POINT('',(15.,19.473294079421,29.775673458357));
#252 = VECTOR('',#253,1.);
#253 = DIRECTION('',(-1.,5.744223935327E-16,-3.971005350496E-16));
#254 = ORIENTED_EDGE('',*,*,#255,.T.);
#255 = EDGE_CURVE('',#248,#63,#256,.T.);
#256 = LINE('',#257,#258);
#257 = CARTESIAN_POINT('',(-14.,19.473294079421,29.775673458357));
#258 = VECTOR('',#259,1.);
#259 = DIRECTION('',(4.192581427652E-16,0.962768032703,0.270328901904));
#260 = ORIENTED_EDGE('',*,*,#71,.F.);
#261 = ORIENTED_EDGE('',*,*,#262,.F.);
#262 = EDGE_CURVE('',#246,#72,#263,.T.);
#263 = LINE('',#264,#265);
#264 = CARTESIAN_POINT('',(14.,19.473294079421,29.775673458357));
#265 = VECTOR('',#266,1.);
#266 = DIRECTION('',(4.192581427652E-16,0.962768032703,0.270328901904));
#267 = PLANE('',#268);
#268 = AXIS2_PLACEMENT_3D('',#269,#270,#271);
#269 = CARTESIAN_POINT('',(15.,19.473294079421,29.775673458357));
#270 = DIRECTION('',(2.879564033171E-16,0.270328901904,-0.962768032703)
  );
#271 = DIRECTION('',(4.192581427652E-16,0.962768032703,0.270328901904));
#272 = ADVANCED_FACE('',(#273,#396),#407,.F.);
#273 = FACE_BOUND('',#274,.F.);
#274 = EDGE_LOOP('',(#275,#276,#285,#293,#302,#311,#320,#329,#338,#346,
    #355,#363,#372,#380,#389,#395));
#275 = ORIENTED_EDGE('',*,*,#103,.T.);
#276 = ORIENTED_EDGE('',*,*,#277,.T.);
#277 = EDGE_CURVE('',#104,#278,#280,.T.);
#278 = VERTEX_POINT('',#279);
#279 = CARTESIAN_POINT('',(15.,97.013652747307,33.384129360189));
#280 = CIRCLE('',#281,13.);
#281 = AXIS2_PLACEMENT_3D('',#282,#283,#284);
#282 = CARTESIAN_POINT('',(15.,85.977647228629,40.254833995939));
#283 = DIRECTION('',(-1.,4.814912756098E-16,-1.63897626578E-16));
#284 = DIRECTION('',(-3.936122654476E-16,-0.528515741212,0.848923501437)
  );
#285 = ORIENTED_EDGE('',*,*,#286,.T.);
#286 = EDGE_CURVE('',#278,#287,#289,.T.);
#287 = VERTEX_POINT('',#288);
#288 = CARTESIAN_POINT('',(15.,77.42837516291,1.92545911237));
#289 = LINE('',#290,#291);
#290 = CARTESIAN_POINT('',(15.,97.013652747307,33.384129360189));
#291 = VECTOR('',#292,1.);
#292 = DIRECTION('',(-1.15339171384E-16,-0.528515741212,-0.848923501437)
  );
#293 = ORIENTED_EDGE('',*,*,#294,.T.);
#294 = EDGE_CURVE('',#287,#295,#297,.T.);
#295 = VERTEX_POINT('',#296);
#296 = CARTESIAN_POINT('',(15.,76.366569672558,2.869533619318));
#297 = CIRCLE('',#298,0.720786859639);
#298 = AXIS2_PLACEMENT_3D('',#299,#300,#301);
#299 = CARTESIAN_POINT('',(15.,76.816482258235,2.306406313748));
#300 = DIRECTION('',(-1.,4.814912756098E-16,-1.63897626578E-16));
#301 = DIRECTION('',(4.953717351956E-16,0.848923501437,-0.528515741212)
  );
#302 = ORIENTED_EDGE('',*,*,#303,.T.);
#303 = EDGE_CURVE('',#295,#304,#306,.T.);
#304 = VERTEX_POINT('',#305);
#305 = CARTESIAN_POINT('',(15.,66.898743723915,3.541969725991));
#306 = CIRCLE('',#307,7.);
#307 = AXIS2_PLACEMENT_3D('',#308,#309,#310);
#308 = CARTESIAN_POINT('',(15.,71.997194651886,8.33840570858));
#309 = DIRECTION('',(1.,-4.814912756098E-16,1.63897626578E-16));
#310 = DIRECTION('',(4.285930154015E-16,0.624196431525,-0.781267441323)
  );
#311 = ORIENTED_EDGE('',*,*,#312,.T.);
#312 = EDGE_CURVE('',#304,#313,#315,.T.);
#313 = VERTEX_POINT('',#314);
#314 = CARTESIAN_POINT('',(15.,65.54125790642,2.748858236993));
#315 = CIRCLE('',#316,0.806632136288);
#316 = AXIS2_PLACEMENT_3D('',#317,#318,#319);
#317 = CARTESIAN_POINT('',(15.,66.311233100517,2.989261239819));
#318 = DIRECTION('',(-1.,4.814912756098E-16,-1.63897626578E-16));
#319 = DIRECTION('',(2.383907381947E-16,0.728350132567,0.68520514037));
#320 = ORIENTED_EDGE('',*,*,#321,.T.);
#321 = EDGE_CURVE('',#313,#322,#324,.T.);
#322 = VERTEX_POINT('',#323);
#323 = CARTESIAN_POINT('',(15.,14.97132550683,-1.413793103448));
#324 = CIRCLE('',#325,26.);
#325 = AXIS2_PLACEMENT_3D('',#326,#327,#328);
#326 = CARTESIAN_POINT('',(15.,40.72281323269,-5.));
#327 = DIRECTION('',(1.,-4.814912756098E-16,1.63897626578E-16));
#328 = DIRECTION('',(4.107632734951E-16,0.954555564374,0.298033009115));
#329 = ORIENTED_EDGE('',*,*,#330,.T.);
#330 = EDGE_CURVE('',#322,#331,#333,.T.);
#331 = VERTEX_POINT('',#332);
#332 = CARTESIAN_POINT('',(15.,12.,-4.));
#333 = CIRCLE('',#334,3.);
#334 = AXIS2_PLACEMENT_3D('',#335,#336,#337);
#335 = CARTESIAN_POINT('',(15.,12.,-1.));
#336 = DIRECTION('',(-1.,4.814912756098E-16,-1.63897626578E-16));
#337 = DIRECTION('',(4.994956720284E-16,0.99044183561,-0.137931034483));
#338 = ORIENTED_EDGE('',*,*,#339,.T.);
#339 = EDGE_CURVE('',#331,#340,#342,.T.);
#340 = VERTEX_POINT('',#341);
#341 = CARTESIAN_POINT('',(15.,-8.,-4.));
#342 = LINE('',#343,#344);
#343 = CARTESIAN_POINT('',(15.,12.,-4.));
#344 = VECTOR('',#345,1.);
#345 = DIRECTION('',(-4.814912756098E-16,-1.,-2.331468351713E-15));
#346 = ORIENTED_EDGE('',*,*,#347,.T.);
#347 = EDGE_CURVE('',#340,#348,#350,.T.);
#348 = VERTEX_POINT('',#349);
#349 = CARTESIAN_POINT('',(15.,-10.,-2.));
#350 = CIRCLE('',#351,2.);
#351 = AXIS2_PLACEMENT_3D('',#352,#353,#354);
#352 = CARTESIAN_POINT('',(15.,-8.,-2.));
#353 = DIRECTION('',(-1.,4.814912756098E-16,-1.63897626578E-16));
#354 = DIRECTION('',(1.63897626578E-16,1.604970918699E-16,-1.));
#355 = ORIENTED_EDGE('',*,*,#356,.T.);
#356 = EDGE_CURVE('',#348,#357,#359,.T.);
#357 = VERTEX_POINT('',#358);
#358 = CARTESIAN_POINT('',(15.,-10.,-1.396911424886));
#359 = LINE('',#360,#361);
#360 = CARTESIAN_POINT('',(15.,-10.,-2.));
#361 = VECTOR('',#362,1.);
#362 = DIRECTION('',(-1.63897626578E-16,5.995204332976E-15,1.));
#363 = ORIENTED_EDGE('',*,*,#364,.T.);
#364 = EDGE_CURVE('',#357,#365,#367,.T.);
#365 = VERTEX_POINT('',#366);
#366 = CARTESIAN_POINT('',(15.,-9.414213562373,1.730213748744E-02));
#367 = CIRCLE('',#368,2.);
#368 = AXIS2_PLACEMENT_3D('',#369,#370,#371);
#369 = CARTESIAN_POINT('',(15.,-8.,-1.396911424886));
#370 = DIRECTION('',(-1.,4.814912756098E-16,-1.63897626578E-16));
#371 = DIRECTION('',(-4.814912756098E-16,-1.,1.203620219049E-15));
#372 = ORIENTED_EDGE('',*,*,#373,.T.);
#373 = EDGE_CURVE('',#365,#374,#376,.T.);
#374 = VERTEX_POINT('',#375);
#375 = CARTESIAN_POINT('',(15.,18.870057685089,28.301573384949));
#376 = LINE('',#377,#378);
#377 = CARTESIAN_POINT('',(15.,-9.414213562373,1.730213748743E-02));
#378 = VECTOR('',#379,1.);
#379 = DIRECTION('',(2.245726228922E-16,0.707106781187,0.707106781187));
#380 = ORIENTED_EDGE('',*,*,#381,.T.);
#381 = EDGE_CURVE('',#374,#382,#384,.T.);
#382 = VERTEX_POINT('',#383);
#383 = CARTESIAN_POINT('',(15.,19.743622981325,28.812905425654));
#384 = CIRCLE('',#385,2.);
#385 = AXIS2_PLACEMENT_3D('',#386,#387,#388);
#386 = CARTESIAN_POINT('',(15.,20.284280785132,26.887369360247));
#387 = DIRECTION('',(-1.,4.814912756098E-16,-1.63897626578E-16));
#388 = DIRECTION('',(-4.563598789361E-16,-0.707109960403,0.707103601956)
  );
#389 = ORIENTED_EDGE('',*,*,#390,.T.);
#390 = EDGE_CURVE('',#382,#194,#391,.T.);
#391 = LINE('',#392,#393);
#392 = CARTESIAN_POINT('',(15.,19.743622981324,28.812905425654));
#393 = VECTOR('',#394,1.);
#394 = DIRECTION('',(4.192581427652E-16,0.962768032703,0.270328901904));
#395 = ORIENTED_EDGE('',*,*,#204,.T.);
#396 = FACE_BOUND('',#397,.F.);
#397 = EDGE_LOOP('',(#398));
#398 = ORIENTED_EDGE('',*,*,#399,.T.);
#399 = EDGE_CURVE('',#400,#400,#402,.T.);
#400 = VERTEX_POINT('',#401);
#401 = CARTESIAN_POINT('',(15.,93.543689787325,32.688791437243));
#402 = CIRCLE('',#403,10.7);
#403 = AXIS2_PLACEMENT_3D('',#404,#405,#406);
#404 = CARTESIAN_POINT('',(15.,85.977647228629,40.254833995939));
#405 = DIRECTION('',(1.,-4.814912756098E-16,1.63897626578E-16));
#406 = DIRECTION('',(4.563588692396E-16,0.707106781187,-0.707106781187)
  );
#407 = PLANE('',#408);
#408 = AXIS2_PLACEMENT_3D('',#409,#410,#411);
#409 = CARTESIAN_POINT('',(15.,48.623787430282,20.262930915052));
#410 = DIRECTION('',(-1.,5.744223935327E-16,-3.971005350496E-16));
#411 = DIRECTION('',(-4.563588692396E-16,-0.707106781187,0.707106781187)
  );
#412 = ADVANCED_FACE('',(#413),#425,.T.);
#413 = FACE_BOUND('',#414,.F.);
#414 = EDGE_LOOP('',(#415,#416,#417,#424));
#415 = ORIENTED_EDGE('',*,*,#111,.F.);
#416 = ORIENTED_EDGE('',*,*,#178,.T.);
#417 = ORIENTED_EDGE('',*,*,#418,.T.);
#418 = EDGE_CURVE('',#171,#278,#419,.T.);
#419 = CIRCLE('',#420,1.);
#420 = AXIS2_PLACEMENT_3D('',#421,#422,#423);
#421 = CARTESIAN_POINT('',(14.,97.013652747307,33.384129360189));
#422 = DIRECTION('',(-1.15339171384E-16,-0.528515741212,-0.848923501437)
  );
#423 = DIRECTION('',(4.953717351956E-16,0.848923501437,-0.528515741212)
  );
#424 = ORIENTED_EDGE('',*,*,#277,.F.);
#425 = TOROIDAL_SURFACE('',#426,13.,1.);
#426 = AXIS2_PLACEMENT_3D('',#427,#428,#429);
#427 = CARTESIAN_POINT('',(14.,85.977647228629,40.254833995939));
#428 = DIRECTION('',(1.,-4.814912756098E-16,1.63897626578E-16));
#429 = DIRECTION('',(-3.936122654476E-16,-0.528515741212,0.848923501437)
  );
#430 = ADVANCED_FACE('',(#431,#501,#512,#523,#534),#657,.T.);
#431 = FACE_BOUND('',#432,.T.);
#432 = EDGE_LOOP('',(#433,#443,#452,#460,#469,#477,#486,#494));
#433 = ORIENTED_EDGE('',*,*,#434,.F.);
#434 = EDGE_CURVE('',#435,#437,#439,.T.);
#435 = VERTEX_POINT('',#436);
#436 = CARTESIAN_POINT('',(-15.,78.765158060526,37.284985514956));
#437 = VERTEX_POINT('',#438);
#438 = CARTESIAN_POINT('',(-15.,85.977647228629,44.497474683059));
#439 = LINE('',#440,#441);
#440 = CARTESIAN_POINT('',(-15.,78.05805127934,36.577878733769));
#441 = VECTOR('',#442,1.);
#442 = DIRECTION('',(2.245726228922E-16,0.707106781187,0.707106781187));
#443 = ORIENTED_EDGE('',*,*,#444,.T.);
#444 = EDGE_CURVE('',#435,#445,#447,.T.);
#445 = VERTEX_POINT('',#446);
#446 = CARTESIAN_POINT('',(-15.,78.765158060526,35.870771952583));
#447 = CIRCLE('',#448,1.);
#448 = AXIS2_PLACEMENT_3D('',#449,#450,#451);
#449 = CARTESIAN_POINT('',(-15.,79.472264841713,36.577878733769));
#450 = DIRECTION('',(1.,-9.208048160269E-16,7.434829575438E-16));
#451 = DIRECTION('',(9.208048160269E-16,1.,0.));
#452 = ORIENTED_EDGE('',*,*,#453,.T.);
#453 = EDGE_CURVE('',#445,#454,#456,.T.);
#454 = VERTEX_POINT('',#455);
#455 = CARTESIAN_POINT('',(-15.,81.593585185273,33.042344827836));
#456 = LINE('',#457,#458);
#457 = CARTESIAN_POINT('',(-15.,78.05805127934,36.577878733769));
#458 = VECTOR('',#459,1.);
#459 = DIRECTION('',(9.462175888985E-16,0.707106781187,-0.707106781187)
  );
#460 = ORIENTED_EDGE('',*,*,#461,.T.);
#461 = EDGE_CURVE('',#454,#462,#464,.T.);
#462 = VERTEX_POINT('',#463);
#463 = CARTESIAN_POINT('',(-15.,83.007798747646,33.042344827836));
#464 = CIRCLE('',#465,1.);
#465 = AXIS2_PLACEMENT_3D('',#466,#467,#468);
#466 = CARTESIAN_POINT('',(-15.,82.300691966459,33.749451609023));
#467 = DIRECTION('',(1.,-9.208048160269E-16,7.434829575438E-16));
#468 = DIRECTION('',(9.208048160269E-16,1.,0.));
#469 = ORIENTED_EDGE('',*,*,#470,.T.);
#470 = EDGE_CURVE('',#462,#471,#473,.T.);
#471 = VERTEX_POINT('',#472);
#472 = CARTESIAN_POINT('',(-15.,90.220287915748,40.254833995939));
#473 = LINE('',#474,#475);
#474 = CARTESIAN_POINT('',(-15.,82.300691966459,32.33523804665));
#475 = VECTOR('',#476,1.);
#476 = DIRECTION('',(2.245726228922E-16,0.707106781187,0.707106781187));
#477 = ORIENTED_EDGE('',*,*,#478,.F.);
#478 = EDGE_CURVE('',#479,#471,#481,.T.);
#479 = VERTEX_POINT('',#480);
#480 = CARTESIAN_POINT('',(-15.,90.220287915748,41.669047558312));
#481 = CIRCLE('',#482,1.);
#482 = AXIS2_PLACEMENT_3D('',#483,#484,#485);
#483 = CARTESIAN_POINT('',(-15.,89.513181134562,40.961940777126));
#484 = DIRECTION('',(-1.,9.208048160269E-16,-7.434829575438E-16));
#485 = DIRECTION('',(9.208048160269E-16,1.,0.));
#486 = ORIENTED_EDGE('',*,*,#487,.F.);
#487 = EDGE_CURVE('',#488,#479,#490,.T.);
#488 = VERTEX_POINT('',#489);
#489 = CARTESIAN_POINT('',(-15.,87.391860791002,44.497474683059));
#490 = LINE('',#491,#492);
#491 = CARTESIAN_POINT('',(-15.,86.684754009816,45.204581464245));
#492 = VECTOR('',#493,1.);
#493 = DIRECTION('',(9.462175888985E-16,0.707106781187,-0.707106781187)
  );
#494 = ORIENTED_EDGE('',*,*,#495,.F.);
#495 = EDGE_CURVE('',#437,#488,#496,.T.);
#496 = CIRCLE('',#497,1.);
#497 = AXIS2_PLACEMENT_3D('',#498,#499,#500);
#498 = CARTESIAN_POINT('',(-15.,86.684754009816,43.790367901872));
#499 = DIRECTION('',(-1.,9.208048160269E-16,-7.434829575438E-16));
#500 = DIRECTION('',(9.208048160269E-16,1.,0.));
#501 = FACE_BOUND('',#502,.T.);
#502 = EDGE_LOOP('',(#503));
#503 = ORIENTED_EDGE('',*,*,#504,.T.);
#504 = EDGE_CURVE('',#505,#505,#507,.T.);
#505 = VERTEX_POINT('',#506);
#506 = CARTESIAN_POINT('',(-15.,88.643483393185,30.305797985162));
#507 = CIRCLE('',#508,2.7);
#508 = AXIS2_PLACEMENT_3D('',#509,#510,#511);
#509 = CARTESIAN_POINT('',(-15.,87.944671971408,32.913797716142));
#510 = DIRECTION('',(1.,-1.072803057933E-15,5.102800490722E-16));
#511 = DIRECTION('',(7.705545410763E-16,0.258819045103,-0.965925826289)
  );
#512 = FACE_BOUND('',#513,.T.);
#513 = EDGE_LOOP('',(#514));
#514 = ORIENTED_EDGE('',*,*,#515,.T.);
#515 = EDGE_CURVE('',#516,#516,#518,.T.);
#516 = VERTEX_POINT('',#517);
#517 = CARTESIAN_POINT('',(-15.,76.028611217852,42.920670160495));
#518 = CIRCLE('',#519,2.7);
#519 = AXIS2_PLACEMENT_3D('',#520,#521,#522);
#520 = CARTESIAN_POINT('',(-15.,78.636610948832,42.221858738718));
#521 = DIRECTION('',(1.,-1.011570717976E-15,4.042225251997E-16));
#522 = DIRECTION('',(-1.081722769592E-15,-0.965925826289,0.258819045103)
  );
#523 = FACE_BOUND('',#524,.T.);
#524 = EDGE_LOOP('',(#525));
#525 = ORIENTED_EDGE('',*,*,#526,.T.);
#526 = EDGE_CURVE('',#527,#527,#529,.T.);
#527 = VERTEX_POINT('',#528);
#528 = CARTESIAN_POINT('',(-15.,93.260847074851,47.538033842161));
#529 = CIRCLE('',#530,2.7);
#530 = AXIS2_PLACEMENT_3D('',#531,#532,#533);
#531 = CARTESIAN_POINT('',(-15.,91.351658765647,45.628845532957));
#532 = DIRECTION('',(1.,-9.503383780187E-16,5.102800490722E-16));
#533 = DIRECTION('',(3.111682285157E-16,0.707106781187,0.707106781187));
#534 = FACE_BOUND('',#535,.T.);
#535 = EDGE_LOOP('',(#536,#546,#555,#564,#573,#582,#591,#599,#608,#616,
    #625,#633,#642,#648,#649,#650));
#536 = ORIENTED_EDGE('',*,*,#537,.T.);
#537 = EDGE_CURVE('',#538,#540,#542,.T.);
#538 = VERTEX_POINT('',#539);
#539 = CARTESIAN_POINT('',(-15.,97.013652747307,33.384129360189));
#540 = VERTEX_POINT('',#541);
#541 = CARTESIAN_POINT('',(-15.,77.42837516291,1.92545911237));
#542 = LINE('',#543,#544);
#543 = CARTESIAN_POINT('',(-15.,97.013652747307,33.384129360189));
#544 = VECTOR('',#545,1.);
#545 = DIRECTION('',(-1.15339171384E-16,-0.528515741212,-0.848923501437)
  );
#546 = ORIENTED_EDGE('',*,*,#547,.T.);
#547 = EDGE_CURVE('',#540,#548,#550,.T.);
#548 = VERTEX_POINT('',#549);
#549 = CARTESIAN_POINT('',(-15.,76.366569672558,2.869533619318));
#550 = CIRCLE('',#551,0.720786859639);
#551 = AXIS2_PLACEMENT_3D('',#552,#553,#554);
#552 = CARTESIAN_POINT('',(-15.,76.816482258235,2.306406313748));
#553 = DIRECTION('',(-1.,4.814912756098E-16,-1.63897626578E-16));
#554 = DIRECTION('',(4.953717351956E-16,0.848923501437,-0.528515741212)
  );
#555 = ORIENTED_EDGE('',*,*,#556,.T.);
#556 = EDGE_CURVE('',#548,#557,#559,.T.);
#557 = VERTEX_POINT('',#558);
#558 = CARTESIAN_POINT('',(-15.,66.898743723915,3.541969725991));
#559 = CIRCLE('',#560,7.);
#560 = AXIS2_PLACEMENT_3D('',#561,#562,#563);
#561 = CARTESIAN_POINT('',(-15.,71.997194651886,8.33840570858));
#562 = DIRECTION('',(1.,-4.814912756098E-16,1.63897626578E-16));
#563 = DIRECTION('',(4.285930154015E-16,0.624196431525,-0.781267441323)
  );
#564 = ORIENTED_EDGE('',*,*,#565,.T.);
#565 = EDGE_CURVE('',#557,#566,#568,.T.);
#566 = VERTEX_POINT('',#567);
#567 = CARTESIAN_POINT('',(-15.,65.54125790642,2.748858236993));
#568 = CIRCLE('',#569,0.806632136288);
#569 = AXIS2_PLACEMENT_3D('',#570,#571,#572);
#570 = CARTESIAN_POINT('',(-15.,66.311233100517,2.989261239819));
#571 = DIRECTION('',(-1.,4.814912756098E-16,-1.63897626578E-16));
#572 = DIRECTION('',(2.383907381947E-16,0.728350132567,0.68520514037));
#573 = ORIENTED_EDGE('',*,*,#574,.T.);
#574 = EDGE_CURVE('',#566,#575,#577,.T.);
#575 = VERTEX_POINT('',#576);
#576 = CARTESIAN_POINT('',(-15.,14.97132550683,-1.413793103448));
#577 = CIRCLE('',#578,26.);
#578 = AXIS2_PLACEMENT_3D('',#579,#580,#581);
#579 = CARTESIAN_POINT('',(-15.,40.72281323269,-5.));
#580 = DIRECTION('',(1.,-4.814912756098E-16,1.63897626578E-16));
#581 = DIRECTION('',(4.107632734951E-16,0.954555564374,0.298033009115));
#582 = ORIENTED_EDGE('',*,*,#583,.T.);
#583 = EDGE_CURVE('',#575,#584,#586,.T.);
#584 = VERTEX_POINT('',#585);
#585 = CARTESIAN_POINT('',(-15.,12.,-4.));
#586 = CIRCLE('',#587,3.);
#587 = AXIS2_PLACEMENT_3D('',#588,#589,#590);
#588 = CARTESIAN_POINT('',(-15.,12.,-1.));
#589 = DIRECTION('',(-1.,4.814912756098E-16,-1.63897626578E-16));
#590 = DIRECTION('',(4.994956720284E-16,0.99044183561,-0.137931034483));
#591 = ORIENTED_EDGE('',*,*,#592,.T.);
#592 = EDGE_CURVE('',#584,#593,#595,.T.);
#593 = VERTEX_POINT('',#594);
#594 = CARTESIAN_POINT('',(-15.,-8.,-4.));
#595 = LINE('',#596,#597);
#596 = CARTESIAN_POINT('',(-15.,12.,-4.));
#597 = VECTOR('',#598,1.);
#598 = DIRECTION('',(-4.814912756098E-16,-1.,-2.331468351713E-15));
#599 = ORIENTED_EDGE('',*,*,#600,.T.);
#600 = EDGE_CURVE('',#593,#601,#603,.T.);
#601 = VERTEX_POINT('',#602);
#602 = CARTESIAN_POINT('',(-15.,-10.,-2.));
#603 = CIRCLE('',#604,2.);
#604 = AXIS2_PLACEMENT_3D('',#605,#606,#607);
#605 = CARTESIAN_POINT('',(-15.,-8.,-2.));
#606 = DIRECTION('',(-1.,4.814912756098E-16,-1.63897626578E-16));
#607 = DIRECTION('',(1.63897626578E-16,4.576454479864E-15,-1.));
#608 = ORIENTED_EDGE('',*,*,#609,.T.);
#609 = EDGE_CURVE('',#601,#610,#612,.T.);
#610 = VERTEX_POINT('',#611);
#611 = CARTESIAN_POINT('',(-15.,-10.,-1.396911424886));
#612 = LINE('',#613,#614);
#613 = CARTESIAN_POINT('',(-15.,-10.,-2.));
#614 = VECTOR('',#615,1.);
#615 = DIRECTION('',(-1.63897626578E-16,5.995204332976E-15,1.));
#616 = ORIENTED_EDGE('',*,*,#617,.T.);
#617 = EDGE_CURVE('',#610,#618,#620,.T.);
#618 = VERTEX_POINT('',#619);
#619 = CARTESIAN_POINT('',(-15.,-9.414213562373,1.730213748743E-02));
#620 = CIRCLE('',#621,2.);
#621 = AXIS2_PLACEMENT_3D('',#622,#623,#624);
#622 = CARTESIAN_POINT('',(-15.,-8.,-1.396911424886));
#623 = DIRECTION('',(-1.,4.814912756098E-16,-1.63897626578E-16));
#624 = DIRECTION('',(-4.814912756098E-16,-1.,-2.387858111983E-15));
#625 = ORIENTED_EDGE('',*,*,#626,.T.);
#626 = EDGE_CURVE('',#618,#627,#629,.T.);
#627 = VERTEX_POINT('',#628);
#628 = CARTESIAN_POINT('',(-15.,18.870057685089,28.301573384949));
#629 = LINE('',#630,#631);
#630 = CARTESIAN_POINT('',(-15.,-9.414213562373,1.730213748742E-02));
#631 = VECTOR('',#632,1.);
#632 = DIRECTION('',(2.245726228922E-16,0.707106781187,0.707106781187));
#633 = ORIENTED_EDGE('',*,*,#634,.T.);
#634 = EDGE_CURVE('',#627,#635,#637,.T.);
#635 = VERTEX_POINT('',#636);
#636 = CARTESIAN_POINT('',(-15.,19.743622981325,28.812905425654));
#637 = CIRCLE('',#638,2.);
#638 = AXIS2_PLACEMENT_3D('',#639,#640,#641);
#639 = CARTESIAN_POINT('',(-15.,20.284280785132,26.887369360247));
#640 = DIRECTION('',(-1.,4.814912756098E-16,-1.63897626578E-16));
#641 = DIRECTION('',(-4.563598789361E-16,-0.707109960403,0.707103601956)
  );
#642 = ORIENTED_EDGE('',*,*,#643,.T.);
#643 = EDGE_CURVE('',#635,#220,#644,.T.);
#644 = LINE('',#645,#646);
#645 = CARTESIAN_POINT('',(-15.,19.743622981324,28.812905425654));
#646 = VECTOR('',#647,1.);
#647 = DIRECTION('',(4.192581427652E-16,0.962768032703,0.270328901904));
#648 = ORIENTED_EDGE('',*,*,#228,.T.);
#649 = ORIENTED_EDGE('',*,*,#146,.T.);
#650 = ORIENTED_EDGE('',*,*,#651,.T.);
#651 = EDGE_CURVE('',#138,#538,#652,.T.);
#652 = CIRCLE('',#653,13.);
#653 = AXIS2_PLACEMENT_3D('',#654,#655,#656);
#654 = CARTESIAN_POINT('',(-15.,85.977647228629,40.254833995939));
#655 = DIRECTION('',(-1.,4.814912756098E-16,-1.63897626578E-16));
#656 = DIRECTION('',(-3.936122654476E-16,-0.528515741212,0.848923501437)
  );
#657 = PLANE('',#658);
#658 = AXIS2_PLACEMENT_3D('',#659,#660,#661);
#659 = CARTESIAN_POINT('',(-15.,48.623787430282,20.262930915052));
#660 = DIRECTION('',(-1.,5.744223935327E-16,-3.971005350496E-16));
#661 = DIRECTION('',(-4.563588692396E-16,-0.707106781187,0.707106781187)
  );
#662 = ADVANCED_FACE('',(#663),#675,.T.);
#663 = FACE_BOUND('',#664,.F.);
#664 = EDGE_LOOP('',(#665,#666,#667,#674));
#665 = ORIENTED_EDGE('',*,*,#137,.F.);
#666 = ORIENTED_EDGE('',*,*,#651,.T.);
#667 = ORIENTED_EDGE('',*,*,#668,.T.);
#668 = EDGE_CURVE('',#538,#162,#669,.T.);
#669 = CIRCLE('',#670,1.);
#670 = AXIS2_PLACEMENT_3D('',#671,#672,#673);
#671 = CARTESIAN_POINT('',(-14.,97.013652747307,33.384129360189));
#672 = DIRECTION('',(-1.15339171384E-16,-0.528515741212,-0.848923501437)
  );
#673 = DIRECTION('',(-1.,4.814912756098E-16,-1.63897626578E-16));
#674 = ORIENTED_EDGE('',*,*,#161,.F.);
#675 = TOROIDAL_SURFACE('',#676,13.,1.);
#676 = AXIS2_PLACEMENT_3D('',#677,#678,#679);
#677 = CARTESIAN_POINT('',(-14.,85.977647228629,40.254833995939));
#678 = DIRECTION('',(1.,-4.814912756098E-16,1.63897626578E-16));
#679 = DIRECTION('',(-3.936122654476E-16,-0.528515741212,0.848923501437)
  );
#680 = ADVANCED_FACE('',(#681),#706,.F.);
#681 = FACE_BOUND('',#682,.F.);
#682 = EDGE_LOOP('',(#683,#684,#692,#700));
#683 = ORIENTED_EDGE('',*,*,#170,.T.);
#684 = ORIENTED_EDGE('',*,*,#685,.T.);
#685 = EDGE_CURVE('',#162,#686,#688,.T.);
#686 = VERTEX_POINT('',#687);
#687 = CARTESIAN_POINT('',(-14.,78.277298664346,1.396943371158));
#688 = LINE('',#689,#690);
#689 = CARTESIAN_POINT('',(-14.,97.862576248743,32.855613618977));
#690 = VECTOR('',#691,1.);
#691 = DIRECTION('',(-1.15339171384E-16,-0.528515741212,-0.848923501437)
  );
#692 = ORIENTED_EDGE('',*,*,#693,.F.);
#693 = EDGE_CURVE('',#694,#686,#696,.T.);
#694 = VERTEX_POINT('',#695);
#695 = CARTESIAN_POINT('',(14.,78.277298664346,1.396943371158));
#696 = LINE('',#697,#698);
#697 = CARTESIAN_POINT('',(15.,78.277298664346,1.396943371158));
#698 = VECTOR('',#699,1.);
#699 = DIRECTION('',(-1.,5.744223935327E-16,-3.971005350496E-16));
#700 = ORIENTED_EDGE('',*,*,#701,.F.);
#701 = EDGE_CURVE('',#171,#694,#702,.T.);
#702 = LINE('',#703,#704);
#703 = CARTESIAN_POINT('',(14.,97.862576248743,32.855613618977));
#704 = VECTOR('',#705,1.);
#705 = DIRECTION('',(-1.15339171384E-16,-0.528515741212,-0.848923501437)
  );
#706 = PLANE('',#707);
#707 = AXIS2_PLACEMENT_3D('',#708,#709,#710);
#708 = CARTESIAN_POINT('',(15.,97.862576248743,32.855613618977));
#709 = DIRECTION('',(-4.953717351956E-16,-0.848923501437,0.528515741212)
  );
#710 = DIRECTION('',(-1.15339171384E-16,-0.528515741212,-0.848923501437)
  );
#711 = ADVANCED_FACE('',(#712),#724,.T.);
#712 = FACE_BOUND('',#713,.T.);
#713 = EDGE_LOOP('',(#714,#721,#722,#723));
#714 = ORIENTED_EDGE('',*,*,#715,.T.);
#715 = EDGE_CURVE('',#246,#382,#716,.T.);
#716 = CIRCLE('',#717,1.);
#717 = AXIS2_PLACEMENT_3D('',#718,#719,#720);
#718 = CARTESIAN_POINT('',(14.,19.743622981325,28.812905425654));
#719 = DIRECTION('',(4.192581427652E-16,0.962768032703,0.270328901904));
#720 = DIRECTION('',(-2.879564033171E-16,-0.270328901904,0.962768032703)
  );
#721 = ORIENTED_EDGE('',*,*,#390,.T.);
#722 = ORIENTED_EDGE('',*,*,#193,.F.);
#723 = ORIENTED_EDGE('',*,*,#262,.F.);
#724 = CYLINDRICAL_SURFACE('',#725,1.);
#725 = AXIS2_PLACEMENT_3D('',#726,#727,#728);
#726 = CARTESIAN_POINT('',(14.,19.743622981324,28.812905425654));
#727 = DIRECTION('',(4.192581427652E-16,0.962768032703,0.270328901904));
#728 = DIRECTION('',(-5.375986757877E-16,-0.270328901904,0.962768032703)
  );
#729 = ADVANCED_FACE('',(#730),#742,.T.);
#730 = FACE_BOUND('',#731,.T.);
#731 = EDGE_LOOP('',(#732,#739,#740,#741));
#732 = ORIENTED_EDGE('',*,*,#733,.T.);
#733 = EDGE_CURVE('',#635,#248,#734,.T.);
#734 = CIRCLE('',#735,1.);
#735 = AXIS2_PLACEMENT_3D('',#736,#737,#738);
#736 = CARTESIAN_POINT('',(-14.,19.743622981325,28.812905425654));
#737 = DIRECTION('',(4.192581427652E-16,0.962768032703,0.270328901904));
#738 = DIRECTION('',(-2.879564033171E-16,-0.270328901904,0.962768032703)
  );
#739 = ORIENTED_EDGE('',*,*,#255,.T.);
#740 = ORIENTED_EDGE('',*,*,#219,.F.);
#741 = ORIENTED_EDGE('',*,*,#643,.F.);
#742 = CYLINDRICAL_SURFACE('',#743,1.);
#743 = AXIS2_PLACEMENT_3D('',#744,#745,#746);
#744 = CARTESIAN_POINT('',(-14.,19.743622981324,28.812905425654));
#745 = DIRECTION('',(4.192581427652E-16,0.962768032703,0.270328901904));
#746 = DIRECTION('',(-1.,4.814912756098E-16,-1.63897626578E-16));
#747 = ADVANCED_FACE('',(#748),#775,.T.);
#748 = FACE_BOUND('',#749,.F.);
#749 = EDGE_LOOP('',(#750,#760,#767,#768));
#750 = ORIENTED_EDGE('',*,*,#751,.T.);
#751 = EDGE_CURVE('',#752,#754,#756,.T.);
#752 = VERTEX_POINT('',#753);
#753 = CARTESIAN_POINT('',(14.,18.162950903902,29.008680166136));
#754 = VERTEX_POINT('',#755);
#755 = CARTESIAN_POINT('',(-14.,18.162950903902,29.008680166136));
#756 = LINE('',#757,#758);
#757 = CARTESIAN_POINT('',(15.,18.162950903913,29.008680166125));
#758 = VECTOR('',#759,1.);
#759 = DIRECTION('',(-1.,5.744223935327E-16,-3.971005350496E-16));
#760 = ORIENTED_EDGE('',*,*,#761,.T.);
#761 = EDGE_CURVE('',#754,#248,#762,.T.);
#762 = CIRCLE('',#763,3.);
#763 = AXIS2_PLACEMENT_3D('',#764,#765,#766);
#764 = CARTESIAN_POINT('',(-14.,20.284280785132,26.887369360247));
#765 = DIRECTION('',(-1.,4.814912756098E-16,-1.63897626578E-16));
#766 = DIRECTION('',(-4.563598789361E-16,-0.707109960403,0.707103601956)
  );
#767 = ORIENTED_EDGE('',*,*,#245,.F.);
#768 = ORIENTED_EDGE('',*,*,#769,.F.);
#769 = EDGE_CURVE('',#752,#246,#770,.T.);
#770 = CIRCLE('',#771,3.);
#771 = AXIS2_PLACEMENT_3D('',#772,#773,#774);
#772 = CARTESIAN_POINT('',(14.,20.284280785132,26.887369360247));
#773 = DIRECTION('',(-1.,4.814912756098E-16,-1.63897626578E-16));
#774 = DIRECTION('',(-4.563598789361E-16,-0.707109960403,0.707103601956)
  );
#775 = CYLINDRICAL_SURFACE('',#776,3.);
#776 = AXIS2_PLACEMENT_3D('',#777,#778,#779);
#777 = CARTESIAN_POINT('',(15.,20.284280785132,26.887369360247));
#778 = DIRECTION('',(1.,-5.744223935327E-16,3.971005350496E-16));
#779 = DIRECTION('',(-4.563588692396E-16,-0.707106781187,0.707106781187)
  );
#780 = ADVANCED_FACE('',(#781),#793,.T.);
#781 = FACE_BOUND('',#782,.T.);
#782 = EDGE_LOOP('',(#783,#784,#785,#792));
#783 = ORIENTED_EDGE('',*,*,#418,.T.);
#784 = ORIENTED_EDGE('',*,*,#286,.T.);
#785 = ORIENTED_EDGE('',*,*,#786,.F.);
#786 = EDGE_CURVE('',#694,#287,#787,.T.);
#787 = CIRCLE('',#788,1.);
#788 = AXIS2_PLACEMENT_3D('',#789,#790,#791);
#789 = CARTESIAN_POINT('',(14.,77.42837516291,1.92545911237));
#790 = DIRECTION('',(-1.15339171384E-16,-0.528515741212,-0.848923501437)
  );
#791 = DIRECTION('',(6.975145532387E-16,0.848923501437,-0.528515741212)
  );
#792 = ORIENTED_EDGE('',*,*,#701,.F.);
#793 = CYLINDRICAL_SURFACE('',#794,1.);
#794 = AXIS2_PLACEMENT_3D('',#795,#796,#797);
#795 = CARTESIAN_POINT('',(14.,97.013652747307,33.384129360189));
#796 = DIRECTION('',(-1.15339171384E-16,-0.528515741212,-0.848923501437)
  );
#797 = DIRECTION('',(6.975145532387E-16,0.848923501437,-0.528515741212)
  );
#798 = ADVANCED_FACE('',(#799),#811,.T.);
#799 = FACE_BOUND('',#800,.F.);
#800 = EDGE_LOOP('',(#801,#808,#809,#810));
#801 = ORIENTED_EDGE('',*,*,#802,.F.);
#802 = EDGE_CURVE('',#752,#374,#803,.T.);
#803 = CIRCLE('',#804,1.);
#804 = AXIS2_PLACEMENT_3D('',#805,#806,#807);
#805 = CARTESIAN_POINT('',(14.,18.870057685089,28.301573384949));
#806 = DIRECTION('',(2.245726228922E-16,0.707106781187,0.707106781187));
#807 = DIRECTION('',(-6.869704508788E-16,-0.707106781187,0.707106781187)
  );
#808 = ORIENTED_EDGE('',*,*,#769,.T.);
#809 = ORIENTED_EDGE('',*,*,#715,.T.);
#810 = ORIENTED_EDGE('',*,*,#381,.F.);
#811 = TOROIDAL_SURFACE('',#812,2.,1.);
#812 = AXIS2_PLACEMENT_3D('',#813,#814,#815);
#813 = CARTESIAN_POINT('',(14.,20.284280785132,26.887369360247));
#814 = DIRECTION('',(1.,-4.814912756098E-16,1.63897626578E-16));
#815 = DIRECTION('',(-4.563598789361E-16,-0.707109960403,0.707103601956)
  );
#816 = ADVANCED_FACE('',(#817),#837,.T.);
#817 = FACE_BOUND('',#818,.F.);
#818 = EDGE_LOOP('',(#819,#820,#829,#836));
#819 = ORIENTED_EDGE('',*,*,#786,.F.);
#820 = ORIENTED_EDGE('',*,*,#821,.T.);
#821 = EDGE_CURVE('',#694,#822,#824,.T.);
#822 = VERTEX_POINT('',#823);
#823 = CARTESIAN_POINT('',(14.,75.742373241034,3.650801060641));
#824 = CIRCLE('',#825,1.720786859639);
#825 = AXIS2_PLACEMENT_3D('',#826,#827,#828);
#826 = CARTESIAN_POINT('',(14.,76.816482258235,2.306406313748));
#827 = DIRECTION('',(-1.,4.814912756098E-16,-1.63897626578E-16));
#828 = DIRECTION('',(4.953717351956E-16,0.848923501437,-0.528515741212)
  );
#829 = ORIENTED_EDGE('',*,*,#830,.T.);
#830 = EDGE_CURVE('',#822,#295,#831,.T.);
#831 = CIRCLE('',#832,1.);
#832 = AXIS2_PLACEMENT_3D('',#833,#834,#835);
#833 = CARTESIAN_POINT('',(14.,76.366569672558,2.869533619318));
#834 = DIRECTION('',(2.738691432698E-16,0.781267441323,0.624196431525));
#835 = DIRECTION('',(-4.285930154015E-16,-0.624196431525,0.781267441323)
  );
#836 = ORIENTED_EDGE('',*,*,#294,.F.);
#837 = SURFACE_OF_REVOLUTION('',#838,#849);
#838 = B_SPLINE_CURVE_WITH_KNOTS('',5,(#839,#840,#841,#842,#843,#844,
    #845,#846,#847,#848),.UNSPECIFIED.,.F.,.F.,(6,4,6),(0.,
    0.785398163397,1.570796326795),.UNSPECIFIED.);
#839 = CARTESIAN_POINT('',(14.,78.277298664346,1.396943371158));
#840 = CARTESIAN_POINT('',(14.157079632679,78.277298664346,
    1.396943371158));
#841 = CARTESIAN_POINT('',(14.314161753982,78.251121604814,1.41324046742
    ));
#842 = CARTESIAN_POINT('',(14.463156817683,78.198729632063,
    1.445858226576));
#843 = CARTESIAN_POINT('',(14.596034707733,78.122946420993,
    1.493038708566));
#844 = CARTESIAN_POINT('',(14.818178854641,77.934363033976,
    1.610445387025));
#845 = CARTESIAN_POINT('',(14.907448630943,77.821559870292,
    1.680673443575));
#846 = CARTESIAN_POINT('',(14.969164407054,77.695074459117,
    1.759419680104));
#847 = CARTESIAN_POINT('',(15.,77.561723754688,1.842440053875));
#848 = CARTESIAN_POINT('',(15.,77.42837516291,1.92545911237));
#849 = AXIS1_PLACEMENT('',#850,#851);
#850 = CARTESIAN_POINT('',(14.,76.816482258235,2.306406313748));
#851 = DIRECTION('',(1.,-4.814912756098E-16,1.63897626578E-16));
#852 = ADVANCED_FACE('',(#853),#872,.T.);
#853 = FACE_BOUND('',#854,.T.);
#854 = EDGE_LOOP('',(#855,#864,#865,#866));
#855 = ORIENTED_EDGE('',*,*,#856,.T.);
#856 = EDGE_CURVE('',#857,#365,#859,.T.);
#857 = VERTEX_POINT('',#858);
#858 = CARTESIAN_POINT('',(14.,-10.12132034356,0.724408918674));
#859 = CIRCLE('',#860,1.);
#860 = AXIS2_PLACEMENT_3D('',#861,#862,#863);
#861 = CARTESIAN_POINT('',(14.,-9.414213562373,1.730213748744E-02));
#862 = DIRECTION('',(2.245726228922E-16,0.707106781187,0.707106781187));
#863 = DIRECTION('',(-4.563588692396E-16,-0.707106781187,0.707106781187)
  );
#864 = ORIENTED_EDGE('',*,*,#373,.T.);
#865 = ORIENTED_EDGE('',*,*,#802,.F.);
#866 = ORIENTED_EDGE('',*,*,#867,.F.);
#867 = EDGE_CURVE('',#857,#752,#868,.T.);
#868 = LINE('',#869,#870);
#869 = CARTESIAN_POINT('',(14.,-10.12132034356,0.724408918674));
#870 = VECTOR('',#871,1.);
#871 = DIRECTION('',(2.245726228922E-16,0.707106781187,0.707106781187));
#872 = CYLINDRICAL_SURFACE('',#873,1.);
#873 = AXIS2_PLACEMENT_3D('',#874,#875,#876);
#874 = CARTESIAN_POINT('',(14.,-9.414213562373,1.730213748743E-02));
#875 = DIRECTION('',(2.245726228922E-16,0.707106781187,0.707106781187));
#876 = DIRECTION('',(-6.869704508788E-16,-0.707106781187,0.707106781187)
  );
#877 = ADVANCED_FACE('',(#878),#898,.T.);
#878 = FACE_BOUND('',#879,.F.);
#879 = EDGE_LOOP('',(#880,#881,#890,#897));
#880 = ORIENTED_EDGE('',*,*,#830,.F.);
#881 = ORIENTED_EDGE('',*,*,#882,.T.);
#882 = EDGE_CURVE('',#822,#883,#885,.T.);
#883 = VERTEX_POINT('',#884);
#884 = CARTESIAN_POINT('',(14.,67.627093856482,4.227174866361));
#885 = CIRCLE('',#886,6.);
#886 = AXIS2_PLACEMENT_3D('',#887,#888,#889);
#887 = CARTESIAN_POINT('',(14.,71.997194651886,8.33840570858));
#888 = DIRECTION('',(1.,-4.814912756098E-16,1.63897626578E-16));
#889 = DIRECTION('',(4.285930154015E-16,0.624196431525,-0.781267441323)
  );
#890 = ORIENTED_EDGE('',*,*,#891,.T.);
#891 = EDGE_CURVE('',#883,#304,#892,.T.);
#892 = CIRCLE('',#893,1.);
#893 = AXIS2_PLACEMENT_3D('',#894,#895,#896);
#894 = CARTESIAN_POINT('',(14.,66.898743723915,3.541969725991));
#895 = DIRECTION('',(4.492951551367E-16,0.68520514037,-0.728350132567));
#896 = DIRECTION('',(-2.383907381947E-16,-0.728350132567,-0.68520514037)
  );
#897 = ORIENTED_EDGE('',*,*,#303,.F.);
#898 = TOROIDAL_SURFACE('',#899,7.,1.);
#899 = AXIS2_PLACEMENT_3D('',#900,#901,#902);
#900 = CARTESIAN_POINT('',(14.,71.997194651886,8.33840570858));
#901 = DIRECTION('',(-1.,4.814912756098E-16,-1.63897626578E-16));
#902 = DIRECTION('',(4.285930154015E-16,0.624196431525,-0.781267441323)
  );
#903 = ADVANCED_FACE('',(#904),#924,.T.);
#904 = FACE_BOUND('',#905,.F.);
#905 = EDGE_LOOP('',(#906,#915,#922,#923));
#906 = ORIENTED_EDGE('',*,*,#907,.F.);
#907 = EDGE_CURVE('',#908,#357,#910,.T.);
#908 = VERTEX_POINT('',#909);
#909 = CARTESIAN_POINT('',(14.,-11.,-1.396911424886));
#910 = CIRCLE('',#911,1.);
#911 = AXIS2_PLACEMENT_3D('',#912,#913,#914);
#912 = CARTESIAN_POINT('',(14.,-10.,-1.396911424886));
#913 = DIRECTION('',(-1.63897626578E-16,5.995204332976E-15,1.));
#914 = DIRECTION('',(-5.744223935327E-16,-1.,5.995204332976E-15));
#915 = ORIENTED_EDGE('',*,*,#916,.T.);
#916 = EDGE_CURVE('',#908,#857,#917,.T.);
#917 = CIRCLE('',#918,3.);
#918 = AXIS2_PLACEMENT_3D('',#919,#920,#921);
#919 = CARTESIAN_POINT('',(14.,-8.,-1.396911424886));
#920 = DIRECTION('',(-1.,4.814912756098E-16,-1.63897626578E-16));
#921 = DIRECTION('',(-4.814912756098E-16,-1.,1.203620219049E-15));
#922 = ORIENTED_EDGE('',*,*,#856,.T.);
#923 = ORIENTED_EDGE('',*,*,#364,.F.);
#924 = TOROIDAL_SURFACE('',#925,2.,1.);
#925 = AXIS2_PLACEMENT_3D('',#926,#927,#928);
#926 = CARTESIAN_POINT('',(14.,-8.,-1.396911424886));
#927 = DIRECTION('',(1.,-4.814912756098E-16,1.63897626578E-16));
#928 = DIRECTION('',(-4.814912756098E-16,-1.,1.203620219049E-15));
#929 = ADVANCED_FACE('',(#930),#950,.T.);
#930 = FACE_BOUND('',#931,.F.);
#931 = EDGE_LOOP('',(#932,#933,#942,#949));
#932 = ORIENTED_EDGE('',*,*,#891,.F.);
#933 = ORIENTED_EDGE('',*,*,#934,.T.);
#934 = EDGE_CURVE('',#883,#935,#937,.T.);
#935 = VERTEX_POINT('',#936);
#936 = CARTESIAN_POINT('',(14.,64.586702342046,2.450825227877));
#937 = CIRCLE('',#938,1.806632136288);
#938 = AXIS2_PLACEMENT_3D('',#939,#940,#941);
#939 = CARTESIAN_POINT('',(14.,66.311233100517,2.989261239819));
#940 = DIRECTION('',(-1.,4.814912756098E-16,-1.63897626578E-16));
#941 = DIRECTION('',(2.383907381947E-16,0.728350132567,0.68520514037));
#942 = ORIENTED_EDGE('',*,*,#943,.T.);
#943 = EDGE_CURVE('',#935,#313,#944,.T.);
#944 = CIRCLE('',#945,1.);
#945 = AXIS2_PLACEMENT_3D('',#946,#947,#948);
#946 = CARTESIAN_POINT('',(14.,65.54125790642,2.748858236993));
#947 = DIRECTION('',(-2.999496851704E-16,-0.298033009115,0.954555564374)
  );
#948 = DIRECTION('',(-4.107632734951E-16,-0.954555564374,-0.298033009115
    ));
#949 = ORIENTED_EDGE('',*,*,#312,.F.);
#950 = SURFACE_OF_REVOLUTION('',#951,#962);
#951 = B_SPLINE_CURVE_WITH_KNOTS('',5,(#952,#953,#954,#955,#956,#957,
    #958,#959,#960,#961),.UNSPECIFIED.,.F.,.F.,(6,4,6),(0.,
    0.785398163397,1.570796326795),.UNSPECIFIED.);
#952 = CARTESIAN_POINT('',(14.,67.627093856482,4.227174866361));
#953 = CARTESIAN_POINT('',(14.157079632679,67.627093856482,
    4.227174866361));
#954 = CARTESIAN_POINT('',(14.314161753982,67.604634748272,
    4.206046159568));
#955 = CARTESIAN_POINT('',(14.463156817683,67.55968405456,4.163758192535
    ));
#956 = CARTESIAN_POINT('',(14.596034707733,67.494664401156,
    4.102590082933));
#957 = CARTESIAN_POINT('',(14.818178854641,67.332865682306,
    3.950375771569));
#958 = CARTESIAN_POINT('',(14.907448630943,67.236084053474,
    3.859327158265));
#959 = CARTESIAN_POINT('',(14.969164407054,67.127563479075,
    3.757234974727));
#960 = CARTESIAN_POINT('',(15.,67.013152695201,3.649601497751));
#961 = CARTESIAN_POINT('',(15.,66.898743723915,3.541969725991));
#962 = AXIS1_PLACEMENT('',#963,#964);
#963 = CARTESIAN_POINT('',(14.,66.311233100517,2.989261239819));
#964 = DIRECTION('',(1.,-4.814912756098E-16,1.63897626578E-16));
#965 = ADVANCED_FACE('',(#966),#985,.T.);
#966 = FACE_BOUND('',#967,.T.);
#967 = EDGE_LOOP('',(#968,#977,#978,#979));
#968 = ORIENTED_EDGE('',*,*,#969,.T.);
#969 = EDGE_CURVE('',#970,#348,#972,.T.);
#970 = VERTEX_POINT('',#971);
#971 = CARTESIAN_POINT('',(14.,-11.,-2.));
#972 = CIRCLE('',#973,1.);
#973 = AXIS2_PLACEMENT_3D('',#974,#975,#976);
#974 = CARTESIAN_POINT('',(14.,-10.,-2.));
#975 = DIRECTION('',(-1.63897626578E-16,-1.553997061377E-15,1.));
#976 = DIRECTION('',(-4.814912756098E-16,-1.,-1.553997061377E-15));
#977 = ORIENTED_EDGE('',*,*,#356,.T.);
#978 = ORIENTED_EDGE('',*,*,#907,.F.);
#979 = ORIENTED_EDGE('',*,*,#980,.F.);
#980 = EDGE_CURVE('',#970,#908,#981,.T.);
#981 = LINE('',#982,#983);
#982 = CARTESIAN_POINT('',(14.,-11.,-2.));
#983 = VECTOR('',#984,1.);
#984 = DIRECTION('',(-1.63897626578E-16,5.995204332976E-15,1.));
#985 = CYLINDRICAL_SURFACE('',#986,1.);
#986 = AXIS2_PLACEMENT_3D('',#987,#988,#989);
#987 = CARTESIAN_POINT('',(14.,-10.,-2.));
#988 = DIRECTION('',(-1.63897626578E-16,5.995204332976E-15,1.));
#989 = DIRECTION('',(-5.744223935327E-16,-1.,5.995204332976E-15));
#990 = ADVANCED_FACE('',(#991),#1011,.T.);
#991 = FACE_BOUND('',#992,.F.);
#992 = EDGE_LOOP('',(#993,#994,#1003,#1010));
#993 = ORIENTED_EDGE('',*,*,#943,.F.);
#994 = ORIENTED_EDGE('',*,*,#995,.T.);
#995 = EDGE_CURVE('',#935,#996,#998,.T.);
#996 = VERTEX_POINT('',#997);
#997 = CARTESIAN_POINT('',(14.,15.96176734244,-1.551724137931));
#998 = CIRCLE('',#999,25.);
#999 = AXIS2_PLACEMENT_3D('',#1000,#1001,#1002);
#1000 = CARTESIAN_POINT('',(14.,40.72281323269,-5.));
#1001 = DIRECTION('',(1.,-4.814912756098E-16,1.63897626578E-16));
#1002 = DIRECTION('',(4.107632734951E-16,0.954555564374,0.298033009115)
  );
#1003 = ORIENTED_EDGE('',*,*,#1004,.T.);
#1004 = EDGE_CURVE('',#996,#322,#1005,.T.);
#1005 = CIRCLE('',#1006,1.);
#1006 = AXIS2_PLACEMENT_3D('',#1007,#1008,#1009);
#1007 = CARTESIAN_POINT('',(14.,14.97132550683,-1.413793103448));
#1008 = DIRECTION('',(9.591847638078E-17,-0.137931034483,-0.99044183561)
  );
#1009 = DIRECTION('',(-4.994956720284E-16,-0.99044183561,0.137931034483)
  );
#1010 = ORIENTED_EDGE('',*,*,#321,.F.);
#1011 = TOROIDAL_SURFACE('',#1012,26.,1.);
#1012 = AXIS2_PLACEMENT_3D('',#1013,#1014,#1015);
#1013 = CARTESIAN_POINT('',(14.,40.72281323269,-5.));
#1014 = DIRECTION('',(-1.,4.814912756098E-16,-1.63897626578E-16));
#1015 = DIRECTION('',(4.107632734951E-16,0.954555564374,0.298033009115)
  );
#1016 = ADVANCED_FACE('',(#1017),#1037,.T.);
#1017 = FACE_BOUND('',#1018,.F.);
#1018 = EDGE_LOOP('',(#1019,#1028,#1035,#1036));
#1019 = ORIENTED_EDGE('',*,*,#1020,.F.);
#1020 = EDGE_CURVE('',#1021,#340,#1023,.T.);
#1021 = VERTEX_POINT('',#1022);
#1022 = CARTESIAN_POINT('',(14.,-8.,-5.));
#1023 = CIRCLE('',#1024,1.);
#1024 = AXIS2_PLACEMENT_3D('',#1025,#1026,#1027);
#1025 = CARTESIAN_POINT('',(14.,-8.,-4.));
#1026 = DIRECTION('',(-4.814912756098E-16,-1.,-2.331468351713E-15));
#1027 = DIRECTION('',(3.971005350496E-16,2.331468351713E-15,-1.));
#1028 = ORIENTED_EDGE('',*,*,#1029,.T.);
#1029 = EDGE_CURVE('',#1021,#970,#1030,.T.);
#1030 = CIRCLE('',#1031,3.);
#1031 = AXIS2_PLACEMENT_3D('',#1032,#1033,#1034);
#1032 = CARTESIAN_POINT('',(14.,-8.,-2.));
#1033 = DIRECTION('',(-1.,4.814912756098E-16,-1.63897626578E-16));
#1034 = DIRECTION('',(1.63897626578E-16,1.604970918699E-16,-1.));
#1035 = ORIENTED_EDGE('',*,*,#969,.T.);
#1036 = ORIENTED_EDGE('',*,*,#347,.F.);
#1037 = TOROIDAL_SURFACE('',#1038,2.,1.);
#1038 = AXIS2_PLACEMENT_3D('',#1039,#1040,#1041);
#1039 = CARTESIAN_POINT('',(14.,-8.,-2.));
#1040 = DIRECTION('',(1.,-4.814912756098E-16,1.63897626578E-16));
#1041 = DIRECTION('',(1.63897626578E-16,1.604970918699E-16,-1.));
#1042 = ADVANCED_FACE('',(#1043),#1063,.T.);
#1043 = FACE_BOUND('',#1044,.F.);
#1044 = EDGE_LOOP('',(#1045,#1046,#1055,#1062));
#1045 = ORIENTED_EDGE('',*,*,#1004,.F.);
#1046 = ORIENTED_EDGE('',*,*,#1047,.T.);
#1047 = EDGE_CURVE('',#996,#1048,#1050,.T.);
#1048 = VERTEX_POINT('',#1049);
#1049 = CARTESIAN_POINT('',(14.,12.,-5.));
#1050 = CIRCLE('',#1051,4.);
#1051 = AXIS2_PLACEMENT_3D('',#1052,#1053,#1054);
#1052 = CARTESIAN_POINT('',(14.,12.,-1.));
#1053 = DIRECTION('',(-1.,4.814912756098E-16,-1.63897626578E-16));
#1054 = DIRECTION('',(4.994956720284E-16,0.99044183561,-0.137931034483)
  );
#1055 = ORIENTED_EDGE('',*,*,#1056,.T.);
#1056 = EDGE_CURVE('',#1048,#331,#1057,.T.);
#1057 = CIRCLE('',#1058,1.);
#1058 = AXIS2_PLACEMENT_3D('',#1059,#1060,#1061);
#1059 = CARTESIAN_POINT('',(14.,12.,-4.));
#1060 = DIRECTION('',(-4.814912756098E-16,-1.,-3.358424649491E-15));
#1061 = DIRECTION('',(1.63897626578E-16,3.358424649491E-15,-1.));
#1062 = ORIENTED_EDGE('',*,*,#330,.F.);
#1063 = TOROIDAL_SURFACE('',#1064,3.,1.);
#1064 = AXIS2_PLACEMENT_3D('',#1065,#1066,#1067);
#1065 = CARTESIAN_POINT('',(14.,12.,-1.));
#1066 = DIRECTION('',(1.,-4.814912756098E-16,1.63897626578E-16));
#1067 = DIRECTION('',(4.994956720284E-16,0.99044183561,-0.137931034483)
  );
#1068 = ADVANCED_FACE('',(#1069),#1080,.T.);
#1069 = FACE_BOUND('',#1070,.T.);
#1070 = EDGE_LOOP('',(#1071,#1072,#1073,#1074));
#1071 = ORIENTED_EDGE('',*,*,#1056,.T.);
#1072 = ORIENTED_EDGE('',*,*,#339,.T.);
#1073 = ORIENTED_EDGE('',*,*,#1020,.F.);
#1074 = ORIENTED_EDGE('',*,*,#1075,.F.);
#1075 = EDGE_CURVE('',#1048,#1021,#1076,.T.);
#1076 = LINE('',#1077,#1078);
#1077 = CARTESIAN_POINT('',(14.,12.,-5.));
#1078 = VECTOR('',#1079,1.);
#1079 = DIRECTION('',(-4.814912756098E-16,-1.,-2.331468351713E-15));
#1080 = CYLINDRICAL_SURFACE('',#1081,1.);
#1081 = AXIS2_PLACEMENT_3D('',#1082,#1083,#1084);
#1082 = CARTESIAN_POINT('',(14.,12.,-4.));
#1083 = DIRECTION('',(-4.814912756098E-16,-1.,-2.331468351713E-15));
#1084 = DIRECTION('',(3.971005350496E-16,2.331468351713E-15,-1.));
#1085 = ADVANCED_FACE('',(#1086),#1106,.T.);
#1086 = FACE_BOUND('',#1087,.T.);
#1087 = EDGE_LOOP('',(#1088,#1097,#1098,#1099));
#1088 = ORIENTED_EDGE('',*,*,#1089,.F.);
#1089 = EDGE_CURVE('',#400,#1090,#1092,.T.);
#1090 = VERTEX_POINT('',#1091);
#1091 = CARTESIAN_POINT('',(14.,92.836583006139,33.39589821843));
#1092 = CIRCLE('',#1093,1.);
#1093 = AXIS2_PLACEMENT_3D('',#1094,#1095,#1096);
#1094 = CARTESIAN_POINT('',(14.,93.543689787325,32.688791437243));
#1095 = DIRECTION('',(-2.245726228922E-16,-0.707106781187,
    -0.707106781187));
#1096 = DIRECTION('',(4.563588692396E-16,0.707106781187,-0.707106781187)
  );
#1097 = ORIENTED_EDGE('',*,*,#399,.T.);
#1098 = ORIENTED_EDGE('',*,*,#1089,.T.);
#1099 = ORIENTED_EDGE('',*,*,#1100,.F.);
#1100 = EDGE_CURVE('',#1090,#1090,#1101,.T.);
#1101 = CIRCLE('',#1102,9.7);
#1102 = AXIS2_PLACEMENT_3D('',#1103,#1104,#1105);
#1103 = CARTESIAN_POINT('',(14.,85.977647228629,40.254833995939));
#1104 = DIRECTION('',(1.,-4.814912756098E-16,1.63897626578E-16));
#1105 = DIRECTION('',(4.563588692396E-16,0.707106781187,-0.707106781187)
  );
#1106 = TOROIDAL_SURFACE('',#1107,10.7,1.);
#1107 = AXIS2_PLACEMENT_3D('',#1108,#1109,#1110);
#1108 = CARTESIAN_POINT('',(14.,85.977647228629,40.254833995939));
#1109 = DIRECTION('',(1.,-4.814912756098E-16,1.63897626578E-16));
#1110 = DIRECTION('',(4.563588692396E-16,0.707106781187,-0.707106781187)
  );
#1111 = ADVANCED_FACE('',(#1112),#1137,.T.);
#1112 = FACE_BOUND('',#1113,.T.);
#1113 = EDGE_LOOP('',(#1114,#1124,#1130,#1131));
#1114 = ORIENTED_EDGE('',*,*,#1115,.F.);
#1115 = EDGE_CURVE('',#1116,#1118,#1120,.T.);
#1116 = VERTEX_POINT('',#1117);
#1117 = CARTESIAN_POINT('',(1.5,78.765158060526,37.284985514956));
#1118 = VERTEX_POINT('',#1119);
#1119 = CARTESIAN_POINT('',(1.5,85.977647228629,44.497474683059));
#1120 = LINE('',#1121,#1122);
#1121 = CARTESIAN_POINT('',(1.5,78.05805127934,36.577878733769));
#1122 = VECTOR('',#1123,1.);
#1123 = DIRECTION('',(2.245726228922E-16,0.707106781187,0.707106781187)
  );
#1124 = ORIENTED_EDGE('',*,*,#1125,.F.);
#1125 = EDGE_CURVE('',#435,#1116,#1126,.T.);
#1126 = LINE('',#1127,#1128);
#1127 = CARTESIAN_POINT('',(-15.,78.765158060526,37.284985514956));
#1128 = VECTOR('',#1129,1.);
#1129 = DIRECTION('',(1.,-9.208048160269E-16,7.434829575438E-16));
#1130 = ORIENTED_EDGE('',*,*,#434,.T.);
#1131 = ORIENTED_EDGE('',*,*,#1132,.T.);
#1132 = EDGE_CURVE('',#437,#1118,#1133,.T.);
#1133 = LINE('',#1134,#1135);
#1134 = CARTESIAN_POINT('',(-15.,85.977647228629,44.497474683059));
#1135 = VECTOR('',#1136,1.);
#1136 = DIRECTION('',(1.,-9.208048160269E-16,7.434829575438E-16));
#1137 = PLANE('',#1138);
#1138 = AXIS2_PLACEMENT_3D('',#1139,#1140,#1141);
#1139 = CARTESIAN_POINT('',(-15.,78.05805127934,36.577878733769));
#1140 = DIRECTION('',(9.462175888985E-16,0.707106781187,-0.707106781187)
  );
#1141 = DIRECTION('',(1.,-9.208048160269E-16,7.434829575438E-16));
#1142 = ADVANCED_FACE('',(#1143),#1162,.F.);
#1143 = FACE_BOUND('',#1144,.F.);
#1144 = EDGE_LOOP('',(#1145,#1146,#1154,#1161));
#1145 = ORIENTED_EDGE('',*,*,#444,.T.);
#1146 = ORIENTED_EDGE('',*,*,#1147,.T.);
#1147 = EDGE_CURVE('',#445,#1148,#1150,.T.);
#1148 = VERTEX_POINT('',#1149);
#1149 = CARTESIAN_POINT('',(1.5,78.765158060526,35.870771952583));
#1150 = LINE('',#1151,#1152);
#1151 = CARTESIAN_POINT('',(-15.,78.765158060526,35.870771952583));
#1152 = VECTOR('',#1153,1.);
#1153 = DIRECTION('',(1.,-9.208048160269E-16,7.434829575438E-16));
#1154 = ORIENTED_EDGE('',*,*,#1155,.F.);
#1155 = EDGE_CURVE('',#1116,#1148,#1156,.T.);
#1156 = CIRCLE('',#1157,1.);
#1157 = AXIS2_PLACEMENT_3D('',#1158,#1159,#1160);
#1158 = CARTESIAN_POINT('',(1.5,79.472264841713,36.577878733769));
#1159 = DIRECTION('',(1.,-9.208048160269E-16,7.434829575438E-16));
#1160 = DIRECTION('',(9.208048160269E-16,1.,0.));
#1161 = ORIENTED_EDGE('',*,*,#1125,.F.);
#1162 = CYLINDRICAL_SURFACE('',#1163,1.);
#1163 = AXIS2_PLACEMENT_3D('',#1164,#1165,#1166);
#1164 = CARTESIAN_POINT('',(-15.,79.472264841713,36.577878733769));
#1165 = DIRECTION('',(1.,-9.208048160269E-16,7.434829575438E-16));
#1166 = DIRECTION('',(-1.176829170538E-15,-0.707106781187,0.707106781187
    ));
#1167 = ADVANCED_FACE('',(#1168),#1187,.F.);
#1168 = FACE_BOUND('',#1169,.T.);
#1169 = EDGE_LOOP('',(#1170,#1171,#1179,#1186));
#1170 = ORIENTED_EDGE('',*,*,#495,.T.);
#1171 = ORIENTED_EDGE('',*,*,#1172,.T.);
#1172 = EDGE_CURVE('',#488,#1173,#1175,.T.);
#1173 = VERTEX_POINT('',#1174);
#1174 = CARTESIAN_POINT('',(1.5,87.391860791002,44.497474683059));
#1175 = LINE('',#1176,#1177);
#1176 = CARTESIAN_POINT('',(-15.,87.391860791002,44.497474683059));
#1177 = VECTOR('',#1178,1.);
#1178 = DIRECTION('',(1.,-9.208048160269E-16,7.434829575438E-16));
#1179 = ORIENTED_EDGE('',*,*,#1180,.F.);
#1180 = EDGE_CURVE('',#1118,#1173,#1181,.T.);
#1181 = CIRCLE('',#1182,1.);
#1182 = AXIS2_PLACEMENT_3D('',#1183,#1184,#1185);
#1183 = CARTESIAN_POINT('',(1.5,86.684754009816,43.790367901872));
#1184 = DIRECTION('',(-1.,9.208048160269E-16,-7.434829575438E-16));
#1185 = DIRECTION('',(9.208048160269E-16,1.,0.));
#1186 = ORIENTED_EDGE('',*,*,#1132,.F.);
#1187 = CYLINDRICAL_SURFACE('',#1188,1.);
#1188 = AXIS2_PLACEMENT_3D('',#1189,#1190,#1191);
#1189 = CARTESIAN_POINT('',(-15.,86.684754009816,43.790367901872));
#1190 = DIRECTION('',(1.,-9.208048160269E-16,7.434829575438E-16));
#1191 = DIRECTION('',(-1.176829170538E-15,-0.707106781187,0.707106781187
    ));
#1192 = ADVANCED_FACE('',(#1193),#1259,.T.);
#1193 = FACE_BOUND('',#1194,.T.);
#1194 = EDGE_LOOP('',(#1195,#1196,#1197,#1205,#1213,#1221,#1229,#1237,
    #1245,#1253));
#1195 = ORIENTED_EDGE('',*,*,#453,.F.);
#1196 = ORIENTED_EDGE('',*,*,#1147,.T.);
#1197 = ORIENTED_EDGE('',*,*,#1198,.F.);
#1198 = EDGE_CURVE('',#1199,#1148,#1201,.T.);
#1199 = VERTEX_POINT('',#1200);
#1200 = CARTESIAN_POINT('',(1.5,78.05805127934,36.577878733769));
#1201 = LINE('',#1202,#1203);
#1202 = CARTESIAN_POINT('',(1.5,80.179371622899,34.45655839021));
#1203 = VECTOR('',#1204,1.);
#1204 = DIRECTION('',(8.094351307935E-16,0.707106781187,-0.707106781187)
  );
#1205 = ORIENTED_EDGE('',*,*,#1206,.F.);
#1206 = EDGE_CURVE('',#1207,#1199,#1209,.T.);
#1207 = VERTEX_POINT('',#1208);
#1208 = CARTESIAN_POINT('',(1.5,76.515357430787,38.120572582321));
#1209 = LINE('',#1210,#1211);
#1210 = CARTESIAN_POINT('',(1.5,75.229624154594,39.406305858515));
#1211 = VECTOR('',#1212,1.);
#1212 = DIRECTION('',(8.237529089838E-16,0.707106781187,-0.707106781187)
  );
#1213 = ORIENTED_EDGE('',*,*,#1214,.F.);
#1214 = EDGE_CURVE('',#1215,#1207,#1217,.T.);
#1215 = VERTEX_POINT('',#1216);
#1216 = CARTESIAN_POINT('',(9.,76.515357430787,38.120572582322));
#1217 = LINE('',#1218,#1219);
#1218 = CARTESIAN_POINT('',(1.5,76.515357430787,38.120572582322));
#1219 = VECTOR('',#1220,1.);
#1220 = DIRECTION('',(-1.,6.610179991563E-16,-4.836961406731E-16));
#1221 = ORIENTED_EDGE('',*,*,#1222,.T.);
#1222 = EDGE_CURVE('',#1215,#1223,#1225,.T.);
#1223 = VERTEX_POINT('',#1224);
#1224 = CARTESIAN_POINT('',(9.,83.843385815012,30.792544198097));
#1225 = LINE('',#1226,#1227);
#1226 = CARTESIAN_POINT('',(9.,75.229624154594,39.406305858515));
#1227 = VECTOR('',#1228,1.);
#1228 = DIRECTION('',(8.237529089838E-16,0.707106781187,-0.707106781187)
  );
#1229 = ORIENTED_EDGE('',*,*,#1230,.T.);
#1230 = EDGE_CURVE('',#1223,#1231,#1233,.T.);
#1231 = VERTEX_POINT('',#1232);
#1232 = CARTESIAN_POINT('',(1.5,83.843385815012,30.792544198097));
#1233 = LINE('',#1234,#1235);
#1234 = CARTESIAN_POINT('',(1.5,83.843385815012,30.792544198097));
#1235 = VECTOR('',#1236,1.);
#1236 = DIRECTION('',(-1.,6.610179991563E-16,-4.836961406731E-16));
#1237 = ORIENTED_EDGE('',*,*,#1238,.F.);
#1238 = EDGE_CURVE('',#1239,#1231,#1241,.T.);
#1239 = VERTEX_POINT('',#1240);
#1240 = CARTESIAN_POINT('',(1.5,82.300691966459,32.33523804665));
#1241 = LINE('',#1242,#1243);
#1242 = CARTESIAN_POINT('',(1.5,75.229624154594,39.406305858515));
#1243 = VECTOR('',#1244,1.);
#1244 = DIRECTION('',(8.237529089838E-16,0.707106781187,-0.707106781187)
  );
#1245 = ORIENTED_EDGE('',*,*,#1246,.T.);
#1246 = EDGE_CURVE('',#1239,#1247,#1249,.T.);
#1247 = VERTEX_POINT('',#1248);
#1248 = CARTESIAN_POINT('',(1.5,81.593585185273,33.042344827836));
#1249 = LINE('',#1250,#1251);
#1250 = CARTESIAN_POINT('',(1.5,80.179371622899,34.45655839021));
#1251 = VECTOR('',#1252,1.);
#1252 = DIRECTION('',(-8.094351307935E-16,-0.707106781187,0.707106781187
    ));
#1253 = ORIENTED_EDGE('',*,*,#1254,.F.);
#1254 = EDGE_CURVE('',#454,#1247,#1255,.T.);
#1255 = LINE('',#1256,#1257);
#1256 = CARTESIAN_POINT('',(-15.,81.593585185273,33.042344827836));
#1257 = VECTOR('',#1258,1.);
#1258 = DIRECTION('',(1.,-9.208048160269E-16,7.434829575438E-16));
#1259 = PLANE('',#1260);
#1260 = AXIS2_PLACEMENT_3D('',#1261,#1262,#1263);
#1261 = CARTESIAN_POINT('',(-1.952431095198,80.179371622899,
    34.45655839021));
#1262 = DIRECTION('',(2.245726228922E-16,0.707106781187,0.707106781187)
  );
#1263 = DIRECTION('',(1.,-9.208048160269E-16,7.434829575438E-16));
#1264 = ADVANCED_FACE('',(#1265),#1283,.F.);
#1265 = FACE_BOUND('',#1266,.F.);
#1266 = EDGE_LOOP('',(#1267,#1268,#1269,#1277));
#1267 = ORIENTED_EDGE('',*,*,#487,.F.);
#1268 = ORIENTED_EDGE('',*,*,#1172,.T.);
#1269 = ORIENTED_EDGE('',*,*,#1270,.T.);
#1270 = EDGE_CURVE('',#1173,#1271,#1273,.T.);
#1271 = VERTEX_POINT('',#1272);
#1272 = CARTESIAN_POINT('',(1.5,90.220287915748,41.669047558312));
#1273 = LINE('',#1274,#1275);
#1274 = CARTESIAN_POINT('',(1.5,86.684754009816,45.204581464245));
#1275 = VECTOR('',#1276,1.);
#1276 = DIRECTION('',(9.462175888985E-16,0.707106781187,-0.707106781187)
  );
#1277 = ORIENTED_EDGE('',*,*,#1278,.F.);
#1278 = EDGE_CURVE('',#479,#1271,#1279,.T.);
#1279 = LINE('',#1280,#1281);
#1280 = CARTESIAN_POINT('',(-15.,90.220287915748,41.669047558312));
#1281 = VECTOR('',#1282,1.);
#1282 = DIRECTION('',(1.,-9.208048160269E-16,7.434829575438E-16));
#1283 = PLANE('',#1284);
#1284 = AXIS2_PLACEMENT_3D('',#1285,#1286,#1287);
#1285 = CARTESIAN_POINT('',(-15.,86.684754009816,45.204581464245));
#1286 = DIRECTION('',(2.245726228922E-16,0.707106781187,0.707106781187)
  );
#1287 = DIRECTION('',(1.,-9.208048160269E-16,7.434829575438E-16));
#1288 = ADVANCED_FACE('',(#1289),#1308,.F.);
#1289 = FACE_BOUND('',#1290,.F.);
#1290 = EDGE_LOOP('',(#1291,#1292,#1300,#1307));
#1291 = ORIENTED_EDGE('',*,*,#461,.T.);
#1292 = ORIENTED_EDGE('',*,*,#1293,.T.);
#1293 = EDGE_CURVE('',#462,#1294,#1296,.T.);
#1294 = VERTEX_POINT('',#1295);
#1295 = CARTESIAN_POINT('',(1.5,83.007798747646,33.042344827836));
#1296 = LINE('',#1297,#1298);
#1297 = CARTESIAN_POINT('',(-15.,83.007798747646,33.042344827836));
#1298 = VECTOR('',#1299,1.);
#1299 = DIRECTION('',(1.,-9.208048160269E-16,7.434829575438E-16));
#1300 = ORIENTED_EDGE('',*,*,#1301,.F.);
#1301 = EDGE_CURVE('',#1247,#1294,#1302,.T.);
#1302 = CIRCLE('',#1303,1.);
#1303 = AXIS2_PLACEMENT_3D('',#1304,#1305,#1306);
#1304 = CARTESIAN_POINT('',(1.5,82.300691966459,33.749451609023));
#1305 = DIRECTION('',(1.,-9.208048160269E-16,7.434829575438E-16));
#1306 = DIRECTION('',(9.208048160269E-16,1.,0.));
#1307 = ORIENTED_EDGE('',*,*,#1254,.F.);
#1308 = CYLINDRICAL_SURFACE('',#1309,1.);
#1309 = AXIS2_PLACEMENT_3D('',#1310,#1311,#1312);
#1310 = CARTESIAN_POINT('',(-15.,82.300691966459,33.749451609023));
#1311 = DIRECTION('',(1.,-9.208048160269E-16,7.434829575438E-16));
#1312 = DIRECTION('',(-1.25385488586E-16,-0.707106781187,-0.707106781187
    ));
#1313 = ADVANCED_FACE('',(#1314),#1333,.F.);
#1314 = FACE_BOUND('',#1315,.T.);
#1315 = EDGE_LOOP('',(#1316,#1317,#1325,#1332));
#1316 = ORIENTED_EDGE('',*,*,#478,.T.);
#1317 = ORIENTED_EDGE('',*,*,#1318,.T.);
#1318 = EDGE_CURVE('',#471,#1319,#1321,.T.);
#1319 = VERTEX_POINT('',#1320);
#1320 = CARTESIAN_POINT('',(1.5,90.220287915748,40.254833995939));
#1321 = LINE('',#1322,#1323);
#1322 = CARTESIAN_POINT('',(-15.,90.220287915748,40.254833995939));
#1323 = VECTOR('',#1324,1.);
#1324 = DIRECTION('',(1.,-9.208048160269E-16,7.434829575438E-16));
#1325 = ORIENTED_EDGE('',*,*,#1326,.F.);
#1326 = EDGE_CURVE('',#1271,#1319,#1327,.T.);
#1327 = CIRCLE('',#1328,1.);
#1328 = AXIS2_PLACEMENT_3D('',#1329,#1330,#1331);
#1329 = CARTESIAN_POINT('',(1.5,89.513181134562,40.961940777126));
#1330 = DIRECTION('',(-1.,9.208048160269E-16,-7.434829575438E-16));
#1331 = DIRECTION('',(9.208048160269E-16,1.,0.));
#1332 = ORIENTED_EDGE('',*,*,#1278,.F.);
#1333 = CYLINDRICAL_SURFACE('',#1334,1.);
#1334 = AXIS2_PLACEMENT_3D('',#1335,#1336,#1337);
#1335 = CARTESIAN_POINT('',(-15.,89.513181134562,40.961940777126));
#1336 = DIRECTION('',(1.,-9.208048160269E-16,7.434829575438E-16));
#1337 = DIRECTION('',(1.25385488586E-16,0.707106781187,0.707106781187));
#1338 = ADVANCED_FACE('',(#1339),#1350,.F.);
#1339 = FACE_BOUND('',#1340,.F.);
#1340 = EDGE_LOOP('',(#1341,#1347,#1348,#1349));
#1341 = ORIENTED_EDGE('',*,*,#1342,.F.);
#1342 = EDGE_CURVE('',#1294,#1319,#1343,.T.);
#1343 = LINE('',#1344,#1345);
#1344 = CARTESIAN_POINT('',(1.5,82.300691966459,32.33523804665));
#1345 = VECTOR('',#1346,1.);
#1346 = DIRECTION('',(2.245726228922E-16,0.707106781187,0.707106781187)
  );
#1347 = ORIENTED_EDGE('',*,*,#1293,.F.);
#1348 = ORIENTED_EDGE('',*,*,#470,.T.);
#1349 = ORIENTED_EDGE('',*,*,#1318,.T.);
#1350 = PLANE('',#1351);
#1351 = AXIS2_PLACEMENT_3D('',#1352,#1353,#1354);
#1352 = CARTESIAN_POINT('',(-15.,82.300691966459,32.33523804665));
#1353 = DIRECTION('',(9.462175888985E-16,0.707106781187,-0.707106781187)
  );
#1354 = DIRECTION('',(1.,-9.208048160269E-16,7.434829575438E-16));
#1355 = ADVANCED_FACE('',(#1356),#1375,.F.);
#1356 = FACE_BOUND('',#1357,.T.);
#1357 = EDGE_LOOP('',(#1358,#1366,#1373,#1374));
#1358 = ORIENTED_EDGE('',*,*,#1359,.T.);
#1359 = EDGE_CURVE('',#505,#1360,#1362,.T.);
#1360 = VERTEX_POINT('',#1361);
#1361 = CARTESIAN_POINT('',(-12.3,88.643483393185,30.305797985162));
#1362 = LINE('',#1363,#1364);
#1363 = CARTESIAN_POINT('',(-15.,88.643483393185,30.305797985162));
#1364 = VECTOR('',#1365,1.);
#1365 = DIRECTION('',(1.,-1.165734175856E-15,7.434829575438E-16));
#1366 = ORIENTED_EDGE('',*,*,#1367,.T.);
#1367 = EDGE_CURVE('',#1360,#1360,#1368,.T.);
#1368 = CIRCLE('',#1369,2.7);
#1369 = AXIS2_PLACEMENT_3D('',#1370,#1371,#1372);
#1370 = CARTESIAN_POINT('',(-12.3,87.944671971408,32.913797716142));
#1371 = DIRECTION('',(1.,-1.072803057933E-15,5.102800490722E-16));
#1372 = DIRECTION('',(7.705545410763E-16,0.258819045103,-0.965925826289)
  );
#1373 = ORIENTED_EDGE('',*,*,#1359,.F.);
#1374 = ORIENTED_EDGE('',*,*,#504,.F.);
#1375 = CYLINDRICAL_SURFACE('',#1376,2.7);
#1376 = AXIS2_PLACEMENT_3D('',#1377,#1378,#1379);
#1377 = CARTESIAN_POINT('',(-15.,87.944671971408,32.913797716142));
#1378 = DIRECTION('',(-1.,1.165734175856E-15,-7.434829575438E-16));
#1379 = DIRECTION('',(7.705545410763E-16,0.258819045103,-0.965925826289)
  );
#1380 = ADVANCED_FACE('',(#1381),#1400,.F.);
#1381 = FACE_BOUND('',#1382,.T.);
#1382 = EDGE_LOOP('',(#1383,#1391,#1398,#1399));
#1383 = ORIENTED_EDGE('',*,*,#1384,.T.);
#1384 = EDGE_CURVE('',#516,#1385,#1387,.T.);
#1385 = VERTEX_POINT('',#1386);
#1386 = CARTESIAN_POINT('',(-12.3,76.028611217852,42.920670160495));
#1387 = LINE('',#1388,#1389);
#1388 = CARTESIAN_POINT('',(-15.,76.028611217852,42.920670160495));
#1389 = VECTOR('',#1390,1.);
#1390 = DIRECTION('',(1.,-1.104501835899E-15,6.374254336713E-16));
#1391 = ORIENTED_EDGE('',*,*,#1392,.T.);
#1392 = EDGE_CURVE('',#1385,#1385,#1393,.T.);
#1393 = CIRCLE('',#1394,2.7);
#1394 = AXIS2_PLACEMENT_3D('',#1395,#1396,#1397);
#1395 = CARTESIAN_POINT('',(-12.3,78.636610948832,42.221858738718));
#1396 = DIRECTION('',(1.,-1.011570717976E-15,4.042225251997E-16));
#1397 = DIRECTION('',(-1.081722769592E-15,-0.965925826289,0.258819045103
    ));
#1398 = ORIENTED_EDGE('',*,*,#1384,.F.);
#1399 = ORIENTED_EDGE('',*,*,#515,.F.);
#1400 = CYLINDRICAL_SURFACE('',#1401,2.7);
#1401 = AXIS2_PLACEMENT_3D('',#1402,#1403,#1404);
#1402 = CARTESIAN_POINT('',(-15.,78.636610948832,42.221858738718));
#1403 = DIRECTION('',(-1.,1.104501835899E-15,-6.374254336713E-16));
#1404 = DIRECTION('',(-1.081722769592E-15,-0.965925826289,0.258819045103
    ));
#1405 = ADVANCED_FACE('',(#1406),#1425,.F.);
#1406 = FACE_BOUND('',#1407,.T.);
#1407 = EDGE_LOOP('',(#1408,#1416,#1423,#1424));
#1408 = ORIENTED_EDGE('',*,*,#1409,.T.);
#1409 = EDGE_CURVE('',#527,#1410,#1412,.T.);
#1410 = VERTEX_POINT('',#1411);
#1411 = CARTESIAN_POINT('',(-12.3,93.260847074851,47.538033842161));
#1412 = LINE('',#1413,#1414);
#1413 = CARTESIAN_POINT('',(-15.,93.260847074851,47.538033842161));
#1414 = VECTOR('',#1415,1.);
#1415 = DIRECTION('',(1.,-1.043269495942E-15,7.434829575438E-16));
#1416 = ORIENTED_EDGE('',*,*,#1417,.T.);
#1417 = EDGE_CURVE('',#1410,#1410,#1418,.T.);
#1418 = CIRCLE('',#1419,2.7);
#1419 = AXIS2_PLACEMENT_3D('',#1420,#1421,#1422);
#1420 = CARTESIAN_POINT('',(-12.3,91.351658765647,45.628845532957));
#1421 = DIRECTION('',(1.,-9.503383780187E-16,5.102800490722E-16));
#1422 = DIRECTION('',(3.111682285157E-16,0.707106781187,0.707106781187)
  );
#1423 = ORIENTED_EDGE('',*,*,#1409,.F.);
#1424 = ORIENTED_EDGE('',*,*,#526,.F.);
#1425 = CYLINDRICAL_SURFACE('',#1426,2.7);
#1426 = AXIS2_PLACEMENT_3D('',#1427,#1428,#1429);
#1427 = CARTESIAN_POINT('',(-15.,91.351658765647,45.628845532957));
#1428 = DIRECTION('',(-1.,1.043269495942E-15,-7.434829575438E-16));
#1429 = DIRECTION('',(3.111682285157E-16,0.707106781187,0.707106781187)
  );
#1430 = ADVANCED_FACE('',(#1431),#1443,.T.);
#1431 = FACE_BOUND('',#1432,.T.);
#1432 = EDGE_LOOP('',(#1433,#1434,#1435,#1442));
#1433 = ORIENTED_EDGE('',*,*,#668,.T.);
#1434 = ORIENTED_EDGE('',*,*,#685,.T.);
#1435 = ORIENTED_EDGE('',*,*,#1436,.F.);
#1436 = EDGE_CURVE('',#540,#686,#1437,.T.);
#1437 = CIRCLE('',#1438,1.);
#1438 = AXIS2_PLACEMENT_3D('',#1439,#1440,#1441);
#1439 = CARTESIAN_POINT('',(-14.,77.42837516291,1.92545911237));
#1440 = DIRECTION('',(-1.15339171384E-16,-0.528515741212,-0.848923501437
    ));
#1441 = DIRECTION('',(-1.,4.814912756098E-16,-1.63897626578E-16));
#1442 = ORIENTED_EDGE('',*,*,#537,.F.);
#1443 = CYLINDRICAL_SURFACE('',#1444,1.);
#1444 = AXIS2_PLACEMENT_3D('',#1445,#1446,#1447);
#1445 = CARTESIAN_POINT('',(-14.,97.013652747307,33.384129360189));
#1446 = DIRECTION('',(-1.15339171384E-16,-0.528515741212,-0.848923501437
    ));
#1447 = DIRECTION('',(-1.,4.814912756098E-16,-1.63897626578E-16));
#1448 = ADVANCED_FACE('',(#1449),#1469,.T.);
#1449 = FACE_BOUND('',#1450,.F.);
#1450 = EDGE_LOOP('',(#1451,#1452,#1453,#1462));
#1451 = ORIENTED_EDGE('',*,*,#1436,.F.);
#1452 = ORIENTED_EDGE('',*,*,#547,.T.);
#1453 = ORIENTED_EDGE('',*,*,#1454,.T.);
#1454 = EDGE_CURVE('',#548,#1455,#1457,.T.);
#1455 = VERTEX_POINT('',#1456);
#1456 = CARTESIAN_POINT('',(-14.,75.742373241034,3.650801060641));
#1457 = CIRCLE('',#1458,1.);
#1458 = AXIS2_PLACEMENT_3D('',#1459,#1460,#1461);
#1459 = CARTESIAN_POINT('',(-14.,76.366569672558,2.869533619318));
#1460 = DIRECTION('',(2.738691432698E-16,0.781267441323,0.624196431525)
  );
#1461 = DIRECTION('',(-4.285930154015E-16,-0.624196431525,0.781267441323
    ));
#1462 = ORIENTED_EDGE('',*,*,#1463,.F.);
#1463 = EDGE_CURVE('',#686,#1455,#1464,.T.);
#1464 = CIRCLE('',#1465,1.720786859639);
#1465 = AXIS2_PLACEMENT_3D('',#1466,#1467,#1468);
#1466 = CARTESIAN_POINT('',(-14.,76.816482258235,2.306406313748));
#1467 = DIRECTION('',(-1.,4.814912756098E-16,-1.63897626578E-16));
#1468 = DIRECTION('',(4.953717351956E-16,0.848923501437,-0.528515741212)
  );
#1469 = SURFACE_OF_REVOLUTION('',#1470,#1481);
#1470 = B_SPLINE_CURVE_WITH_KNOTS('',5,(#1471,#1472,#1473,#1474,#1475,
    #1476,#1477,#1478,#1479,#1480),.UNSPECIFIED.,.F.,.F.,(6,4,6),(
    4.712388980385,5.497787143782,6.28318530718),.UNSPECIFIED.);
#1471 = CARTESIAN_POINT('',(-15.,77.42837516291,1.92545911237));
#1472 = CARTESIAN_POINT('',(-15.,77.561723754688,1.842440053875));
#1473 = CARTESIAN_POINT('',(-14.96916440705,77.695074459117,
    1.759419680104));
#1474 = CARTESIAN_POINT('',(-14.90744863094,77.821559870291,
    1.680673443575));
#1475 = CARTESIAN_POINT('',(-14.81817885464,77.934363033976,
    1.610445387025));
#1476 = CARTESIAN_POINT('',(-14.59603470773,78.122946420993,
    1.493038708566));
#1477 = CARTESIAN_POINT('',(-14.46315681768,78.198729632064,
    1.445858226576));
#1478 = CARTESIAN_POINT('',(-14.31416175398,78.251121604814,
    1.41324046742));
#1479 = CARTESIAN_POINT('',(-14.15707963267,78.277298664347,
    1.396943371158));
#1480 = CARTESIAN_POINT('',(-14.,78.277298664346,1.396943371158));
#1481 = AXIS1_PLACEMENT('',#1482,#1483);
#1482 = CARTESIAN_POINT('',(-14.,76.816482258235,2.306406313748));
#1483 = DIRECTION('',(1.,-4.814912756098E-16,1.63897626578E-16));
#1484 = ADVANCED_FACE('',(#1485),#1505,.T.);
#1485 = FACE_BOUND('',#1486,.F.);
#1486 = EDGE_LOOP('',(#1487,#1488,#1489,#1498));
#1487 = ORIENTED_EDGE('',*,*,#1454,.F.);
#1488 = ORIENTED_EDGE('',*,*,#556,.T.);
#1489 = ORIENTED_EDGE('',*,*,#1490,.T.);
#1490 = EDGE_CURVE('',#557,#1491,#1493,.T.);
#1491 = VERTEX_POINT('',#1492);
#1492 = CARTESIAN_POINT('',(-14.,67.627093856482,4.227174866361));
#1493 = CIRCLE('',#1494,1.);
#1494 = AXIS2_PLACEMENT_3D('',#1495,#1496,#1497);
#1495 = CARTESIAN_POINT('',(-14.,66.898743723915,3.541969725991));
#1496 = DIRECTION('',(4.492951551367E-16,0.68520514037,-0.728350132567)
  );
#1497 = DIRECTION('',(-2.383907381947E-16,-0.728350132567,-0.68520514037
    ));
#1498 = ORIENTED_EDGE('',*,*,#1499,.F.);
#1499 = EDGE_CURVE('',#1455,#1491,#1500,.T.);
#1500 = CIRCLE('',#1501,6.);
#1501 = AXIS2_PLACEMENT_3D('',#1502,#1503,#1504);
#1502 = CARTESIAN_POINT('',(-14.,71.997194651886,8.33840570858));
#1503 = DIRECTION('',(1.,-4.814912756098E-16,1.63897626578E-16));
#1504 = DIRECTION('',(4.285930154015E-16,0.624196431525,-0.781267441323)
  );
#1505 = TOROIDAL_SURFACE('',#1506,7.,1.);
#1506 = AXIS2_PLACEMENT_3D('',#1507,#1508,#1509);
#1507 = CARTESIAN_POINT('',(-14.,71.997194651886,8.33840570858));
#1508 = DIRECTION('',(-1.,4.814912756098E-16,-1.63897626578E-16));
#1509 = DIRECTION('',(4.285930154015E-16,0.624196431525,-0.781267441323)
  );
#1510 = ADVANCED_FACE('',(#1511),#1531,.T.);
#1511 = FACE_BOUND('',#1512,.F.);
#1512 = EDGE_LOOP('',(#1513,#1514,#1515,#1524));
#1513 = ORIENTED_EDGE('',*,*,#1490,.F.);
#1514 = ORIENTED_EDGE('',*,*,#565,.T.);
#1515 = ORIENTED_EDGE('',*,*,#1516,.T.);
#1516 = EDGE_CURVE('',#566,#1517,#1519,.T.);
#1517 = VERTEX_POINT('',#1518);
#1518 = CARTESIAN_POINT('',(-14.,64.586702342046,2.450825227877));
#1519 = CIRCLE('',#1520,1.);
#1520 = AXIS2_PLACEMENT_3D('',#1521,#1522,#1523);
#1521 = CARTESIAN_POINT('',(-14.,65.54125790642,2.748858236993));
#1522 = DIRECTION('',(-2.999496851704E-16,-0.298033009115,0.954555564374
    ));
#1523 = DIRECTION('',(-4.107632734951E-16,-0.954555564374,
    -0.298033009115));
#1524 = ORIENTED_EDGE('',*,*,#1525,.F.);
#1525 = EDGE_CURVE('',#1491,#1517,#1526,.T.);
#1526 = CIRCLE('',#1527,1.806632136288);
#1527 = AXIS2_PLACEMENT_3D('',#1528,#1529,#1530);
#1528 = CARTESIAN_POINT('',(-14.,66.311233100517,2.989261239819));
#1529 = DIRECTION('',(-1.,4.814912756098E-16,-1.63897626578E-16));
#1530 = DIRECTION('',(2.383907381947E-16,0.728350132567,0.68520514037));
#1531 = SURFACE_OF_REVOLUTION('',#1532,#1543);
#1532 = B_SPLINE_CURVE_WITH_KNOTS('',5,(#1533,#1534,#1535,#1536,#1537,
    #1538,#1539,#1540,#1541,#1542),.UNSPECIFIED.,.F.,.F.,(6,4,6),(
    4.712388980385,5.497787143782,6.28318530718),.UNSPECIFIED.);
#1533 = CARTESIAN_POINT('',(-15.,66.898743723915,3.541969725991));
#1534 = CARTESIAN_POINT('',(-15.,67.0131526952,3.649601497751));
#1535 = CARTESIAN_POINT('',(-14.96916440705,67.127563479075,
    3.757234974727));
#1536 = CARTESIAN_POINT('',(-14.90744863094,67.236084053473,
    3.859327158265));
#1537 = CARTESIAN_POINT('',(-14.81817885464,67.332865682307,
    3.950375771569));
#1538 = CARTESIAN_POINT('',(-14.59603470773,67.494664401156,
    4.102590082933));
#1539 = CARTESIAN_POINT('',(-14.46315681768,67.55968405456,
    4.163758192535));
#1540 = CARTESIAN_POINT('',(-14.31416175398,67.604634748272,
    4.206046159568));
#1541 = CARTESIAN_POINT('',(-14.15707963267,67.627093856482,
    4.227174866361));
#1542 = CARTESIAN_POINT('',(-14.,67.627093856482,4.227174866361));
#1543 = AXIS1_PLACEMENT('',#1544,#1545);
#1544 = CARTESIAN_POINT('',(-14.,66.311233100517,2.989261239819));
#1545 = DIRECTION('',(1.,-4.814912756098E-16,1.63897626578E-16));
#1546 = ADVANCED_FACE('',(#1547),#1567,.T.);
#1547 = FACE_BOUND('',#1548,.F.);
#1548 = EDGE_LOOP('',(#1549,#1550,#1551,#1560));
#1549 = ORIENTED_EDGE('',*,*,#1516,.F.);
#1550 = ORIENTED_EDGE('',*,*,#574,.T.);
#1551 = ORIENTED_EDGE('',*,*,#1552,.T.);
#1552 = EDGE_CURVE('',#575,#1553,#1555,.T.);
#1553 = VERTEX_POINT('',#1554);
#1554 = CARTESIAN_POINT('',(-14.,15.96176734244,-1.551724137931));
#1555 = CIRCLE('',#1556,1.);
#1556 = AXIS2_PLACEMENT_3D('',#1557,#1558,#1559);
#1557 = CARTESIAN_POINT('',(-14.,14.97132550683,-1.413793103448));
#1558 = DIRECTION('',(9.591847638078E-17,-0.137931034483,-0.99044183561)
  );
#1559 = DIRECTION('',(-4.994956720284E-16,-0.99044183561,0.137931034483)
  );
#1560 = ORIENTED_EDGE('',*,*,#1561,.F.);
#1561 = EDGE_CURVE('',#1517,#1553,#1562,.T.);
#1562 = CIRCLE('',#1563,25.);
#1563 = AXIS2_PLACEMENT_3D('',#1564,#1565,#1566);
#1564 = CARTESIAN_POINT('',(-14.,40.72281323269,-5.));
#1565 = DIRECTION('',(1.,-4.814912756098E-16,1.63897626578E-16));
#1566 = DIRECTION('',(4.107632734951E-16,0.954555564374,0.298033009115)
  );
#1567 = TOROIDAL_SURFACE('',#1568,26.,1.);
#1568 = AXIS2_PLACEMENT_3D('',#1569,#1570,#1571);
#1569 = CARTESIAN_POINT('',(-14.,40.72281323269,-5.));
#1570 = DIRECTION('',(-1.,4.814912756098E-16,-1.63897626578E-16));
#1571 = DIRECTION('',(4.107632734951E-16,0.954555564374,0.298033009115)
  );
#1572 = ADVANCED_FACE('',(#1573),#1585,.T.);
#1573 = FACE_BOUND('',#1574,.F.);
#1574 = EDGE_LOOP('',(#1575,#1582,#1583,#1584));
#1575 = ORIENTED_EDGE('',*,*,#1576,.F.);
#1576 = EDGE_CURVE('',#627,#754,#1577,.T.);
#1577 = CIRCLE('',#1578,1.);
#1578 = AXIS2_PLACEMENT_3D('',#1579,#1580,#1581);
#1579 = CARTESIAN_POINT('',(-14.,18.870057685089,28.301573384949));
#1580 = DIRECTION('',(2.245726228922E-16,0.707106781187,0.707106781187)
  );
#1581 = DIRECTION('',(-1.,4.814912756098E-16,-1.63897626578E-16));
#1582 = ORIENTED_EDGE('',*,*,#634,.T.);
#1583 = ORIENTED_EDGE('',*,*,#733,.T.);
#1584 = ORIENTED_EDGE('',*,*,#761,.F.);
#1585 = TOROIDAL_SURFACE('',#1586,2.,1.);
#1586 = AXIS2_PLACEMENT_3D('',#1587,#1588,#1589);
#1587 = CARTESIAN_POINT('',(-14.,20.284280785132,26.887369360247));
#1588 = DIRECTION('',(1.,-4.814912756098E-16,1.63897626578E-16));
#1589 = DIRECTION('',(-4.563598789361E-16,-0.707109960403,0.707103601956
    ));
#1590 = ADVANCED_FACE('',(#1591),#1611,.T.);
#1591 = FACE_BOUND('',#1592,.F.);
#1592 = EDGE_LOOP('',(#1593,#1594,#1595,#1604));
#1593 = ORIENTED_EDGE('',*,*,#1552,.F.);
#1594 = ORIENTED_EDGE('',*,*,#583,.T.);
#1595 = ORIENTED_EDGE('',*,*,#1596,.T.);
#1596 = EDGE_CURVE('',#584,#1597,#1599,.T.);
#1597 = VERTEX_POINT('',#1598);
#1598 = CARTESIAN_POINT('',(-14.,12.,-5.));
#1599 = CIRCLE('',#1600,1.);
#1600 = AXIS2_PLACEMENT_3D('',#1601,#1602,#1603);
#1601 = CARTESIAN_POINT('',(-14.,12.,-4.));
#1602 = DIRECTION('',(-4.814912756098E-16,-1.,-3.913536161804E-15));
#1603 = DIRECTION('',(1.63897626578E-16,3.913536161804E-15,-1.));
#1604 = ORIENTED_EDGE('',*,*,#1605,.F.);
#1605 = EDGE_CURVE('',#1553,#1597,#1606,.T.);
#1606 = CIRCLE('',#1607,4.);
#1607 = AXIS2_PLACEMENT_3D('',#1608,#1609,#1610);
#1608 = CARTESIAN_POINT('',(-14.,12.,-1.));
#1609 = DIRECTION('',(-1.,4.814912756098E-16,-1.63897626578E-16));
#1610 = DIRECTION('',(4.994956720284E-16,0.99044183561,-0.137931034483)
  );
#1611 = TOROIDAL_SURFACE('',#1612,3.,1.);
#1612 = AXIS2_PLACEMENT_3D('',#1613,#1614,#1615);
#1613 = CARTESIAN_POINT('',(-14.,12.,-1.));
#1614 = DIRECTION('',(1.,-4.814912756098E-16,1.63897626578E-16));
#1615 = DIRECTION('',(4.994956720284E-16,0.99044183561,-0.137931034483)
  );
#1616 = ADVANCED_FACE('',(#1617),#1636,.T.);
#1617 = FACE_BOUND('',#1618,.T.);
#1618 = EDGE_LOOP('',(#1619,#1628,#1634,#1635));
#1619 = ORIENTED_EDGE('',*,*,#1620,.T.);
#1620 = EDGE_CURVE('',#618,#1621,#1623,.T.);
#1621 = VERTEX_POINT('',#1622);
#1622 = CARTESIAN_POINT('',(-14.,-10.12132034356,0.724408918674));
#1623 = CIRCLE('',#1624,1.);
#1624 = AXIS2_PLACEMENT_3D('',#1625,#1626,#1627);
#1625 = CARTESIAN_POINT('',(-14.,-9.414213562373,1.730213748743E-02));
#1626 = DIRECTION('',(2.245726228922E-16,0.707106781187,0.707106781187)
  );
#1627 = DIRECTION('',(-4.563588692396E-16,-0.707106781187,0.707106781187
    ));
#1628 = ORIENTED_EDGE('',*,*,#1629,.T.);
#1629 = EDGE_CURVE('',#1621,#754,#1630,.T.);
#1630 = LINE('',#1631,#1632);
#1631 = CARTESIAN_POINT('',(-14.,-10.12132034356,0.724408918674));
#1632 = VECTOR('',#1633,1.);
#1633 = DIRECTION('',(2.245726228922E-16,0.707106781187,0.707106781187)
  );
#1634 = ORIENTED_EDGE('',*,*,#1576,.F.);
#1635 = ORIENTED_EDGE('',*,*,#626,.F.);
#1636 = CYLINDRICAL_SURFACE('',#1637,1.);
#1637 = AXIS2_PLACEMENT_3D('',#1638,#1639,#1640);
#1638 = CARTESIAN_POINT('',(-14.,-9.414213562373,1.730213748742E-02));
#1639 = DIRECTION('',(2.245726228922E-16,0.707106781187,0.707106781187)
  );
#1640 = DIRECTION('',(-1.,4.814912756098E-16,-1.63897626578E-16));
#1641 = ADVANCED_FACE('',(#1642),#1661,.T.);
#1642 = FACE_BOUND('',#1643,.T.);
#1643 = EDGE_LOOP('',(#1644,#1645,#1653,#1660));
#1644 = ORIENTED_EDGE('',*,*,#1596,.T.);
#1645 = ORIENTED_EDGE('',*,*,#1646,.T.);
#1646 = EDGE_CURVE('',#1597,#1647,#1649,.T.);
#1647 = VERTEX_POINT('',#1648);
#1648 = CARTESIAN_POINT('',(-14.,-8.,-5.));
#1649 = LINE('',#1650,#1651);
#1650 = CARTESIAN_POINT('',(-14.,12.,-5.));
#1651 = VECTOR('',#1652,1.);
#1652 = DIRECTION('',(-4.814912756098E-16,-1.,-2.331468351713E-15));
#1653 = ORIENTED_EDGE('',*,*,#1654,.F.);
#1654 = EDGE_CURVE('',#593,#1647,#1655,.T.);
#1655 = CIRCLE('',#1656,1.);
#1656 = AXIS2_PLACEMENT_3D('',#1657,#1658,#1659);
#1657 = CARTESIAN_POINT('',(-14.,-8.,-4.));
#1658 = DIRECTION('',(-4.814912756098E-16,-1.,-2.331468351713E-15));
#1659 = DIRECTION('',(-1.,4.814912756098E-16,-1.63897626578E-16));
#1660 = ORIENTED_EDGE('',*,*,#592,.F.);
#1661 = CYLINDRICAL_SURFACE('',#1662,1.);
#1662 = AXIS2_PLACEMENT_3D('',#1663,#1664,#1665);
#1663 = CARTESIAN_POINT('',(-14.,12.,-4.));
#1664 = DIRECTION('',(-4.814912756098E-16,-1.,-2.331468351713E-15));
#1665 = DIRECTION('',(-1.,4.814912756098E-16,-1.63897626578E-16));
#1666 = ADVANCED_FACE('',(#1667),#1687,.T.);
#1667 = FACE_BOUND('',#1668,.F.);
#1668 = EDGE_LOOP('',(#1669,#1678,#1679,#1680));
#1669 = ORIENTED_EDGE('',*,*,#1670,.F.);
#1670 = EDGE_CURVE('',#610,#1671,#1673,.T.);
#1671 = VERTEX_POINT('',#1672);
#1672 = CARTESIAN_POINT('',(-14.,-11.,-1.396911424886));
#1673 = CIRCLE('',#1674,1.);
#1674 = AXIS2_PLACEMENT_3D('',#1675,#1676,#1677);
#1675 = CARTESIAN_POINT('',(-14.,-10.,-1.396911424886));
#1676 = DIRECTION('',(-1.63897626578E-16,5.995204332976E-15,1.));
#1677 = DIRECTION('',(-1.,4.814912756098E-16,-1.63897626578E-16));
#1678 = ORIENTED_EDGE('',*,*,#617,.T.);
#1679 = ORIENTED_EDGE('',*,*,#1620,.T.);
#1680 = ORIENTED_EDGE('',*,*,#1681,.F.);
#1681 = EDGE_CURVE('',#1671,#1621,#1682,.T.);
#1682 = CIRCLE('',#1683,3.);
#1683 = AXIS2_PLACEMENT_3D('',#1684,#1685,#1686);
#1684 = CARTESIAN_POINT('',(-14.,-8.,-1.396911424886));
#1685 = DIRECTION('',(-1.,4.814912756098E-16,-1.63897626578E-16));
#1686 = DIRECTION('',(-4.814912756098E-16,-1.,-2.387858111983E-15));
#1687 = TOROIDAL_SURFACE('',#1688,2.,1.);
#1688 = AXIS2_PLACEMENT_3D('',#1689,#1690,#1691);
#1689 = CARTESIAN_POINT('',(-14.,-8.,-1.396911424886));
#1690 = DIRECTION('',(1.,-4.814912756098E-16,1.63897626578E-16));
#1691 = DIRECTION('',(-4.814912756098E-16,-1.,-2.387858111983E-15));
#1692 = ADVANCED_FACE('',(#1693),#1713,.T.);
#1693 = FACE_BOUND('',#1694,.F.);
#1694 = EDGE_LOOP('',(#1695,#1696,#1697,#1706));
#1695 = ORIENTED_EDGE('',*,*,#1654,.F.);
#1696 = ORIENTED_EDGE('',*,*,#600,.T.);
#1697 = ORIENTED_EDGE('',*,*,#1698,.T.);
#1698 = EDGE_CURVE('',#601,#1699,#1701,.T.);
#1699 = VERTEX_POINT('',#1700);
#1700 = CARTESIAN_POINT('',(-14.,-11.,-2.));
#1701 = CIRCLE('',#1702,1.);
#1702 = AXIS2_PLACEMENT_3D('',#1703,#1704,#1705);
#1703 = CARTESIAN_POINT('',(-14.,-10.,-2.));
#1704 = DIRECTION('',(-1.63897626578E-16,-6.414043659222E-15,1.));
#1705 = DIRECTION('',(-4.814912756098E-16,-1.,-6.414043659222E-15));
#1706 = ORIENTED_EDGE('',*,*,#1707,.F.);
#1707 = EDGE_CURVE('',#1647,#1699,#1708,.T.);
#1708 = CIRCLE('',#1709,3.);
#1709 = AXIS2_PLACEMENT_3D('',#1710,#1711,#1712);
#1710 = CARTESIAN_POINT('',(-14.,-8.,-2.));
#1711 = DIRECTION('',(-1.,4.814912756098E-16,-1.63897626578E-16));
#1712 = DIRECTION('',(1.63897626578E-16,4.576454479864E-15,-1.));
#1713 = TOROIDAL_SURFACE('',#1714,2.,1.);
#1714 = AXIS2_PLACEMENT_3D('',#1715,#1716,#1717);
#1715 = CARTESIAN_POINT('',(-14.,-8.,-2.));
#1716 = DIRECTION('',(1.,-4.814912756098E-16,1.63897626578E-16));
#1717 = DIRECTION('',(1.63897626578E-16,4.576454479864E-15,-1.));
#1718 = ADVANCED_FACE('',(#1719),#1730,.T.);
#1719 = FACE_BOUND('',#1720,.T.);
#1720 = EDGE_LOOP('',(#1721,#1722,#1728,#1729));
#1721 = ORIENTED_EDGE('',*,*,#1698,.T.);
#1722 = ORIENTED_EDGE('',*,*,#1723,.T.);
#1723 = EDGE_CURVE('',#1699,#1671,#1724,.T.);
#1724 = LINE('',#1725,#1726);
#1725 = CARTESIAN_POINT('',(-14.,-11.,-2.));
#1726 = VECTOR('',#1727,1.);
#1727 = DIRECTION('',(-1.63897626578E-16,5.995204332976E-15,1.));
#1728 = ORIENTED_EDGE('',*,*,#1670,.F.);
#1729 = ORIENTED_EDGE('',*,*,#609,.F.);
#1730 = CYLINDRICAL_SURFACE('',#1731,1.);
#1731 = AXIS2_PLACEMENT_3D('',#1732,#1733,#1734);
#1732 = CARTESIAN_POINT('',(-14.,-10.,-2.));
#1733 = DIRECTION('',(-1.63897626578E-16,5.995204332976E-15,1.));
#1734 = DIRECTION('',(-1.,4.814912756098E-16,-1.63897626578E-16));
#1735 = ADVANCED_FACE('',(#1736),#1747,.T.);
#1736 = FACE_BOUND('',#1737,.F.);
#1737 = EDGE_LOOP('',(#1738,#1739,#1740,#1746));
#1738 = ORIENTED_EDGE('',*,*,#693,.T.);
#1739 = ORIENTED_EDGE('',*,*,#1463,.T.);
#1740 = ORIENTED_EDGE('',*,*,#1741,.F.);
#1741 = EDGE_CURVE('',#822,#1455,#1742,.T.);
#1742 = LINE('',#1743,#1744);
#1743 = CARTESIAN_POINT('',(15.,75.742373241034,3.650801060641));
#1744 = VECTOR('',#1745,1.);
#1745 = DIRECTION('',(-1.,5.744223935327E-16,-3.971005350496E-16));
#1746 = ORIENTED_EDGE('',*,*,#821,.F.);
#1747 = CYLINDRICAL_SURFACE('',#1748,1.720786859639);
#1748 = AXIS2_PLACEMENT_3D('',#1749,#1750,#1751);
#1749 = CARTESIAN_POINT('',(15.,76.816482258235,2.306406313748));
#1750 = DIRECTION('',(1.,-5.744223935327E-16,3.971005350496E-16));
#1751 = DIRECTION('',(-4.563588692396E-16,-0.707106781187,0.707106781187
    ));
#1752 = ADVANCED_FACE('',(#1753,#1764),#1814,.F.);
#1753 = FACE_BOUND('',#1754,.F.);
#1754 = EDGE_LOOP('',(#1755,#1761,#1762,#1763));
#1755 = ORIENTED_EDGE('',*,*,#1756,.T.);
#1756 = EDGE_CURVE('',#857,#1621,#1757,.T.);
#1757 = LINE('',#1758,#1759);
#1758 = CARTESIAN_POINT('',(15.,-10.12132034356,0.724408918674));
#1759 = VECTOR('',#1760,1.);
#1760 = DIRECTION('',(-1.,5.744223935327E-16,-3.971005350496E-16));
#1761 = ORIENTED_EDGE('',*,*,#1629,.T.);
#1762 = ORIENTED_EDGE('',*,*,#751,.F.);
#1763 = ORIENTED_EDGE('',*,*,#867,.F.);
#1764 = FACE_BOUND('',#1765,.F.);
#1765 = EDGE_LOOP('',(#1766,#1776,#1784,#1792,#1800,#1808));
#1766 = ORIENTED_EDGE('',*,*,#1767,.T.);
#1767 = EDGE_CURVE('',#1768,#1770,#1772,.T.);
#1768 = VERTEX_POINT('',#1769);
#1769 = CARTESIAN_POINT('',(2.35,-4.070319397787,6.775409864447));
#1770 = VERTEX_POINT('',#1771);
#1771 = CARTESIAN_POINT('',(4.7,0.,10.845729262234));
#1772 = LINE('',#1773,#1774);
#1773 = CARTESIAN_POINT('',(0.918097408802,-6.550447437232,
    4.295281825002));
#1774 = VECTOR('',#1775,1.);
#1775 = DIRECTION('',(0.377964473009,0.654653670708,0.654653670708));
#1776 = ORIENTED_EDGE('',*,*,#1777,.T.);
#1777 = EDGE_CURVE('',#1770,#1778,#1780,.T.);
#1778 = VERTEX_POINT('',#1779);
#1779 = CARTESIAN_POINT('',(2.35,4.070319397787,14.916048660021));
#1780 = LINE('',#1781,#1782);
#1781 = CARTESIAN_POINT('',(9.281902591198,-7.936088083287,
    2.909641178947));
#1782 = VECTOR('',#1783,1.);
#1783 = DIRECTION('',(-0.377964473009,0.654653670708,0.654653670708));
#1784 = ORIENTED_EDGE('',*,*,#1785,.T.);
#1785 = EDGE_CURVE('',#1778,#1786,#1788,.T.);
#1786 = VERTEX_POINT('',#1787);
#1787 = CARTESIAN_POINT('',(-2.35,4.070319397787,14.916048660021));
#1788 = LINE('',#1789,#1790);
#1789 = CARTESIAN_POINT('',(8.675,4.070319397787,14.916048660021));
#1790 = VECTOR('',#1791,1.);
#1791 = DIRECTION('',(-1.,1.889741318511E-16,-4.564147703367E-16));
#1792 = ORIENTED_EDGE('',*,*,#1793,.T.);
#1793 = EDGE_CURVE('',#1786,#1794,#1796,.T.);
#1794 = VERTEX_POINT('',#1795);
#1795 = CARTESIAN_POINT('',(-4.7,1.33226762955E-15,10.845729262234));
#1796 = LINE('',#1797,#1798);
#1797 = CARTESIAN_POINT('',(-6.467616876913,-3.061602239129,
    7.784127023105));
#1798 = VECTOR('',#1799,1.);
#1799 = DIRECTION('',(-0.377964473009,-0.654653670708,-0.654653670708));
#1800 = ORIENTED_EDGE('',*,*,#1801,.T.);
#1801 = EDGE_CURVE('',#1794,#1802,#1804,.T.);
#1802 = VERTEX_POINT('',#1803);
#1803 = CARTESIAN_POINT('',(-2.35,-4.070319397787,6.775409864447));
#1804 = LINE('',#1805,#1806);
#1805 = CARTESIAN_POINT('',(0.553331162627,-9.099036482655,
    1.746692779579));
#1806 = VECTOR('',#1807,1.);
#1807 = DIRECTION('',(0.377964473009,-0.654653670708,-0.654653670708));
#1808 = ORIENTED_EDGE('',*,*,#1809,.T.);
#1809 = EDGE_CURVE('',#1802,#1768,#1810,.T.);
#1810 = LINE('',#1811,#1812);
#1811 = CARTESIAN_POINT('',(6.325,-4.070319397787,6.775409864447));
#1812 = VECTOR('',#1813,1.);
#1813 = DIRECTION('',(1.,-5.669223955533E-16,7.846650663457E-17));
#1814 = PLANE('',#1815);
#1815 = AXIS2_PLACEMENT_3D('',#1816,#1817,#1818);
#1816 = CARTESIAN_POINT('',(15.,-10.12132034356,0.724408918674));
#1817 = DIRECTION('',(4.563588692396E-16,0.707106781187,-0.707106781187)
  );
#1818 = DIRECTION('',(2.245726228922E-16,0.707106781187,0.707106781187)
  );
#1819 = ADVANCED_FACE('',(#1820),#1831,.F.);
#1820 = FACE_BOUND('',#1821,.T.);
#1821 = EDGE_LOOP('',(#1822,#1828,#1829,#1830));
#1822 = ORIENTED_EDGE('',*,*,#1823,.T.);
#1823 = EDGE_CURVE('',#883,#1491,#1824,.T.);
#1824 = LINE('',#1825,#1826);
#1825 = CARTESIAN_POINT('',(15.,67.627093856482,4.227174866361));
#1826 = VECTOR('',#1827,1.);
#1827 = DIRECTION('',(-1.,5.744223935327E-16,-3.971005350496E-16));
#1828 = ORIENTED_EDGE('',*,*,#1499,.F.);
#1829 = ORIENTED_EDGE('',*,*,#1741,.F.);
#1830 = ORIENTED_EDGE('',*,*,#882,.T.);
#1831 = CYLINDRICAL_SURFACE('',#1832,6.);
#1832 = AXIS2_PLACEMENT_3D('',#1833,#1834,#1835);
#1833 = CARTESIAN_POINT('',(15.,71.997194651885,8.33840570858));
#1834 = DIRECTION('',(1.,-5.744223935327E-16,3.971005350496E-16));
#1835 = DIRECTION('',(-4.563588692396E-16,-0.707106781187,0.707106781187
    ));
#1836 = ADVANCED_FACE('',(#1837),#1848,.T.);
#1837 = FACE_BOUND('',#1838,.F.);
#1838 = EDGE_LOOP('',(#1839,#1845,#1846,#1847));
#1839 = ORIENTED_EDGE('',*,*,#1840,.T.);
#1840 = EDGE_CURVE('',#908,#1671,#1841,.T.);
#1841 = LINE('',#1842,#1843);
#1842 = CARTESIAN_POINT('',(15.,-11.,-1.396911424886));
#1843 = VECTOR('',#1844,1.);
#1844 = DIRECTION('',(-1.,5.744223935327E-16,-3.971005350496E-16));
#1845 = ORIENTED_EDGE('',*,*,#1681,.T.);
#1846 = ORIENTED_EDGE('',*,*,#1756,.F.);
#1847 = ORIENTED_EDGE('',*,*,#916,.F.);
#1848 = CYLINDRICAL_SURFACE('',#1849,3.);
#1849 = AXIS2_PLACEMENT_3D('',#1850,#1851,#1852);
#1850 = CARTESIAN_POINT('',(15.,-8.,-1.396911424886));
#1851 = DIRECTION('',(1.,-5.744223935327E-16,3.971005350496E-16));
#1852 = DIRECTION('',(-4.563588692396E-16,-0.707106781187,0.707106781187
    ));
#1853 = ADVANCED_FACE('',(#1854),#1865,.T.);
#1854 = FACE_BOUND('',#1855,.F.);
#1855 = EDGE_LOOP('',(#1856,#1857,#1858,#1864));
#1856 = ORIENTED_EDGE('',*,*,#1823,.T.);
#1857 = ORIENTED_EDGE('',*,*,#1525,.T.);
#1858 = ORIENTED_EDGE('',*,*,#1859,.F.);
#1859 = EDGE_CURVE('',#935,#1517,#1860,.T.);
#1860 = LINE('',#1861,#1862);
#1861 = CARTESIAN_POINT('',(15.,64.586702342046,2.450825227877));
#1862 = VECTOR('',#1863,1.);
#1863 = DIRECTION('',(-1.,5.744223935327E-16,-3.971005350496E-16));
#1864 = ORIENTED_EDGE('',*,*,#934,.F.);
#1865 = CYLINDRICAL_SURFACE('',#1866,1.806632136288);
#1866 = AXIS2_PLACEMENT_3D('',#1867,#1868,#1869);
#1867 = CARTESIAN_POINT('',(15.,66.311233100517,2.989261239819));
#1868 = DIRECTION('',(1.,-5.744223935327E-16,3.971005350496E-16));
#1869 = DIRECTION('',(-4.563588692396E-16,-0.707106781187,0.707106781187
    ));
#1870 = ADVANCED_FACE('',(#1871),#1882,.F.);
#1871 = FACE_BOUND('',#1872,.F.);
#1872 = EDGE_LOOP('',(#1873,#1879,#1880,#1881));
#1873 = ORIENTED_EDGE('',*,*,#1874,.T.);
#1874 = EDGE_CURVE('',#970,#1699,#1875,.T.);
#1875 = LINE('',#1876,#1877);
#1876 = CARTESIAN_POINT('',(15.,-11.,-2.));
#1877 = VECTOR('',#1878,1.);
#1878 = DIRECTION('',(-1.,5.744223935327E-16,-3.971005350496E-16));
#1879 = ORIENTED_EDGE('',*,*,#1723,.T.);
#1880 = ORIENTED_EDGE('',*,*,#1840,.F.);
#1881 = ORIENTED_EDGE('',*,*,#980,.F.);
#1882 = PLANE('',#1883);
#1883 = AXIS2_PLACEMENT_3D('',#1884,#1885,#1886);
#1884 = CARTESIAN_POINT('',(15.,-11.,-2.));
#1885 = DIRECTION('',(4.814912756098E-16,1.,-5.995204332976E-15));
#1886 = DIRECTION('',(-1.63897626578E-16,5.995204332976E-15,1.));
#1887 = ADVANCED_FACE('',(#1888),#1899,.F.);
#1888 = FACE_BOUND('',#1889,.T.);
#1889 = EDGE_LOOP('',(#1890,#1896,#1897,#1898));
#1890 = ORIENTED_EDGE('',*,*,#1891,.T.);
#1891 = EDGE_CURVE('',#996,#1553,#1892,.T.);
#1892 = LINE('',#1893,#1894);
#1893 = CARTESIAN_POINT('',(15.,15.96176734244,-1.551724137931));
#1894 = VECTOR('',#1895,1.);
#1895 = DIRECTION('',(-1.,5.744223935327E-16,-3.971005350496E-16));
#1896 = ORIENTED_EDGE('',*,*,#1561,.F.);
#1897 = ORIENTED_EDGE('',*,*,#1859,.F.);
#1898 = ORIENTED_EDGE('',*,*,#995,.T.);
#1899 = CYLINDRICAL_SURFACE('',#1900,25.);
#1900 = AXIS2_PLACEMENT_3D('',#1901,#1902,#1903);
#1901 = CARTESIAN_POINT('',(15.,40.72281323269,-5.));
#1902 = DIRECTION('',(1.,-5.744223935327E-16,3.971005350496E-16));
#1903 = DIRECTION('',(-4.563588692396E-16,-0.707106781187,0.707106781187
    ));
#1904 = ADVANCED_FACE('',(#1905),#1916,.T.);
#1905 = FACE_BOUND('',#1906,.F.);
#1906 = EDGE_LOOP('',(#1907,#1913,#1914,#1915));
#1907 = ORIENTED_EDGE('',*,*,#1908,.T.);
#1908 = EDGE_CURVE('',#1021,#1647,#1909,.T.);
#1909 = LINE('',#1910,#1911);
#1910 = CARTESIAN_POINT('',(15.,-8.,-5.));
#1911 = VECTOR('',#1912,1.);
#1912 = DIRECTION('',(-1.,5.744223935327E-16,-3.971005350496E-16));
#1913 = ORIENTED_EDGE('',*,*,#1707,.T.);
#1914 = ORIENTED_EDGE('',*,*,#1874,.F.);
#1915 = ORIENTED_EDGE('',*,*,#1029,.F.);
#1916 = CYLINDRICAL_SURFACE('',#1917,3.);
#1917 = AXIS2_PLACEMENT_3D('',#1918,#1919,#1920);
#1918 = CARTESIAN_POINT('',(15.,-8.,-2.));
#1919 = DIRECTION('',(1.,-5.744223935327E-16,3.971005350496E-16));
#1920 = DIRECTION('',(-4.563588692396E-16,-0.707106781187,0.707106781187
    ));
#1921 = ADVANCED_FACE('',(#1922),#1933,.T.);
#1922 = FACE_BOUND('',#1923,.F.);
#1923 = EDGE_LOOP('',(#1924,#1925,#1926,#1932));
#1924 = ORIENTED_EDGE('',*,*,#1891,.T.);
#1925 = ORIENTED_EDGE('',*,*,#1605,.T.);
#1926 = ORIENTED_EDGE('',*,*,#1927,.F.);
#1927 = EDGE_CURVE('',#1048,#1597,#1928,.T.);
#1928 = LINE('',#1929,#1930);
#1929 = CARTESIAN_POINT('',(15.,12.,-5.));
#1930 = VECTOR('',#1931,1.);
#1931 = DIRECTION('',(-1.,5.744223935327E-16,-3.971005350496E-16));
#1932 = ORIENTED_EDGE('',*,*,#1047,.F.);
#1933 = CYLINDRICAL_SURFACE('',#1934,4.);
#1934 = AXIS2_PLACEMENT_3D('',#1935,#1936,#1937);
#1935 = CARTESIAN_POINT('',(15.,12.,-1.));
#1936 = DIRECTION('',(1.,-5.744223935327E-16,3.971005350496E-16));
#1937 = DIRECTION('',(-4.563588692396E-16,-0.707106781187,0.707106781187
    ));
#1938 = ADVANCED_FACE('',(#1939,#1945),#1956,.T.);
#1939 = FACE_BOUND('',#1940,.T.);
#1940 = EDGE_LOOP('',(#1941,#1942,#1943,#1944));
#1941 = ORIENTED_EDGE('',*,*,#1908,.T.);
#1942 = ORIENTED_EDGE('',*,*,#1646,.F.);
#1943 = ORIENTED_EDGE('',*,*,#1927,.F.);
#1944 = ORIENTED_EDGE('',*,*,#1075,.T.);
#1945 = FACE_BOUND('',#1946,.T.);
#1946 = EDGE_LOOP('',(#1947));
#1947 = ORIENTED_EDGE('',*,*,#1948,.T.);
#1948 = EDGE_CURVE('',#1949,#1949,#1951,.T.);
#1949 = VERTEX_POINT('',#1950);
#1950 = CARTESIAN_POINT('',(1.43558911442E-15,-3.2,-5.));
#1951 = CIRCLE('',#1952,3.2);
#1952 = AXIS2_PLACEMENT_3D('',#1953,#1954,#1955);
#1953 = CARTESIAN_POINT('',(0.,-1.42108547152E-14,-5.));
#1954 = DIRECTION('',(-7.734914276868E-17,5.551115123126E-16,1.));
#1955 = DIRECTION('',(6.935509580858E-16,-1.,5.551115123126E-16));
#1956 = PLANE('',#1957);
#1957 = AXIS2_PLACEMENT_3D('',#1958,#1959,#1960);
#1958 = CARTESIAN_POINT('',(15.,-8.,-5.));
#1959 = DIRECTION('',(1.63897626578E-16,2.331468351713E-15,-1.));
#1960 = DIRECTION('',(4.814912756098E-16,1.,2.331468351713E-15));
#1961 = ADVANCED_FACE('',(#1962),#2065,.F.);
#1962 = FACE_BOUND('',#1963,.T.);
#1963 = EDGE_LOOP('',(#1964,#1972,#1981,#1989,#1996,#1997,#2004,#2005,
    #2014,#2022,#2031,#2039,#2048,#2056,#2063,#2064));
#1964 = ORIENTED_EDGE('',*,*,#1965,.F.);
#1965 = EDGE_CURVE('',#1966,#1090,#1968,.T.);
#1966 = VERTEX_POINT('',#1967);
#1967 = CARTESIAN_POINT('',(9.,92.836583006139,33.39589821843));
#1968 = LINE('',#1969,#1970);
#1969 = CARTESIAN_POINT('',(1.5,92.836583006139,33.39589821843));
#1970 = VECTOR('',#1971,1.);
#1971 = DIRECTION('',(1.,-6.610179991563E-16,4.836961406731E-16));
#1972 = ORIENTED_EDGE('',*,*,#1973,.T.);
#1973 = EDGE_CURVE('',#1966,#1974,#1976,.T.);
#1974 = VERTEX_POINT('',#1975);
#1975 = CARTESIAN_POINT('',(9.,92.55711673006,33.127381359847));
#1976 = CIRCLE('',#1977,9.7);
#1977 = AXIS2_PLACEMENT_3D('',#1978,#1979,#1980);
#1978 = CARTESIAN_POINT('',(9.,85.977647228629,40.254833995939));
#1979 = DIRECTION('',(-1.,5.680868812334E-16,-2.504932322016E-16));
#1980 = DIRECTION('',(5.788235491543E-16,0.707106781187,-0.707106781187)
  );
#1981 = ORIENTED_EDGE('',*,*,#1982,.T.);
#1982 = EDGE_CURVE('',#1974,#1983,#1985,.T.);
#1983 = VERTEX_POINT('',#1984);
#1984 = CARTESIAN_POINT('',(1.5,92.55711673006,33.127381359847));
#1985 = LINE('',#1986,#1987);
#1986 = CARTESIAN_POINT('',(1.5,92.55711673006,33.127381359847));
#1987 = VECTOR('',#1988,1.);
#1988 = DIRECTION('',(-1.,6.610179991563E-16,-4.836961406731E-16));
#1989 = ORIENTED_EDGE('',*,*,#1990,.F.);
#1990 = EDGE_CURVE('',#1231,#1983,#1991,.T.);
#1991 = CIRCLE('',#1992,9.7);
#1992 = AXIS2_PLACEMENT_3D('',#1993,#1994,#1995);
#1993 = CARTESIAN_POINT('',(1.5,85.977647228629,40.254833995939));
#1994 = DIRECTION('',(1.,-5.680868812334E-16,2.504932322016E-16));
#1995 = DIRECTION('',(5.788235491543E-16,0.707106781187,-0.707106781187)
  );
#1996 = ORIENTED_EDGE('',*,*,#1230,.F.);
#1997 = ORIENTED_EDGE('',*,*,#1998,.T.);
#1998 = EDGE_CURVE('',#1223,#1215,#1999,.T.);
#1999 = CIRCLE('',#2000,9.7);
#2000 = AXIS2_PLACEMENT_3D('',#2001,#2002,#2003);
#2001 = CARTESIAN_POINT('',(9.,85.977647228629,40.254833995939));
#2002 = DIRECTION('',(-1.,5.680868812334E-16,-2.504932322016E-16));
#2003 = DIRECTION('',(5.788235491543E-16,0.707106781187,-0.707106781187)
  );
#2004 = ORIENTED_EDGE('',*,*,#1214,.T.);
#2005 = ORIENTED_EDGE('',*,*,#2006,.F.);
#2006 = EDGE_CURVE('',#2007,#1207,#2009,.T.);
#2007 = VERTEX_POINT('',#2008);
#2008 = CARTESIAN_POINT('',(1.5,78.850194592536,46.83430349737));
#2009 = CIRCLE('',#2010,9.7);
#2010 = AXIS2_PLACEMENT_3D('',#2011,#2012,#2013);
#2011 = CARTESIAN_POINT('',(1.5,85.977647228629,40.254833995939));
#2012 = DIRECTION('',(1.,-5.680868812334E-16,2.504932322016E-16));
#2013 = DIRECTION('',(5.788235491543E-16,0.707106781187,-0.707106781187)
  );
#2014 = ORIENTED_EDGE('',*,*,#2015,.F.);
#2015 = EDGE_CURVE('',#2016,#2007,#2018,.T.);
#2016 = VERTEX_POINT('',#2017);
#2017 = CARTESIAN_POINT('',(9.,78.850194592536,46.83430349737));
#2018 = LINE('',#2019,#2020);
#2019 = CARTESIAN_POINT('',(1.5,78.850194592536,46.83430349737));
#2020 = VECTOR('',#2021,1.);
#2021 = DIRECTION('',(-1.,6.610179991563E-16,-4.836961406731E-16));
#2022 = ORIENTED_EDGE('',*,*,#2023,.T.);
#2023 = EDGE_CURVE('',#2016,#2024,#2026,.T.);
#2024 = VERTEX_POINT('',#2025);
#2025 = CARTESIAN_POINT('',(9.,88.86046752504,49.516548045649));
#2026 = CIRCLE('',#2027,9.7);
#2027 = AXIS2_PLACEMENT_3D('',#2028,#2029,#2030);
#2028 = CARTESIAN_POINT('',(9.,85.977647228629,40.254833995939));
#2029 = DIRECTION('',(-1.,5.680868812334E-16,-2.504932322016E-16));
#2030 = DIRECTION('',(5.788235491543E-16,0.707106781187,-0.707106781187)
  );
#2031 = ORIENTED_EDGE('',*,*,#2032,.T.);
#2032 = EDGE_CURVE('',#2024,#2033,#2035,.T.);
#2033 = VERTEX_POINT('',#2034);
#2034 = CARTESIAN_POINT('',(1.5,88.86046752504,49.516548045649));
#2035 = LINE('',#2036,#2037);
#2036 = CARTESIAN_POINT('',(1.5,88.86046752504,49.516548045649));
#2037 = VECTOR('',#2038,1.);
#2038 = DIRECTION('',(-1.,6.610179991563E-16,-4.836961406731E-16));
#2039 = ORIENTED_EDGE('',*,*,#2040,.F.);
#2040 = EDGE_CURVE('',#2041,#2033,#2043,.T.);
#2041 = VERTEX_POINT('',#2042);
#2042 = CARTESIAN_POINT('',(1.5,95.239361278339,43.137654292351));
#2043 = CIRCLE('',#2044,9.7);
#2044 = AXIS2_PLACEMENT_3D('',#2045,#2046,#2047);
#2045 = CARTESIAN_POINT('',(1.5,85.977647228629,40.254833995939));
#2046 = DIRECTION('',(1.,-5.680868812334E-16,2.504932322016E-16));
#2047 = DIRECTION('',(5.788235491543E-16,0.707106781187,-0.707106781187)
  );
#2048 = ORIENTED_EDGE('',*,*,#2049,.F.);
#2049 = EDGE_CURVE('',#2050,#2041,#2052,.T.);
#2050 = VERTEX_POINT('',#2051);
#2051 = CARTESIAN_POINT('',(9.,95.239361278339,43.137654292351));
#2052 = LINE('',#2053,#2054);
#2053 = CARTESIAN_POINT('',(1.5,95.239361278339,43.137654292351));
#2054 = VECTOR('',#2055,1.);
#2055 = DIRECTION('',(-1.,6.610179991563E-16,-4.836961406731E-16));
#2056 = ORIENTED_EDGE('',*,*,#2057,.T.);
#2057 = EDGE_CURVE('',#2050,#1966,#2058,.T.);
#2058 = CIRCLE('',#2059,9.7);
#2059 = AXIS2_PLACEMENT_3D('',#2060,#2061,#2062);
#2060 = CARTESIAN_POINT('',(9.,85.977647228629,40.254833995939));
#2061 = DIRECTION('',(-1.,5.680868812334E-16,-2.504932322016E-16));
#2062 = DIRECTION('',(5.788235491543E-16,0.707106781187,-0.707106781187)
  );
#2063 = ORIENTED_EDGE('',*,*,#1965,.T.);
#2064 = ORIENTED_EDGE('',*,*,#1100,.T.);
#2065 = CYLINDRICAL_SURFACE('',#2066,9.7);
#2066 = AXIS2_PLACEMENT_3D('',#2067,#2068,#2069);
#2067 = CARTESIAN_POINT('',(1.5,85.977647228629,40.254833995939));
#2068 = DIRECTION('',(-1.,6.610179991563E-16,-4.836961406731E-16));
#2069 = DIRECTION('',(5.788235491543E-16,0.707106781187,-0.707106781187)
  );
#2070 = ADVANCED_FACE('',(#2071,#2099,#2110,#2121),#2132,.T.);
#2071 = FACE_BOUND('',#2072,.T.);
#2072 = EDGE_LOOP('',(#2073,#2074,#2075,#2076,#2077,#2078,#2084,#2085,
    #2091,#2092,#2093,#2094,#2095,#2096,#2097,#2098));
#2073 = ORIENTED_EDGE('',*,*,#1342,.F.);
#2074 = ORIENTED_EDGE('',*,*,#1301,.F.);
#2075 = ORIENTED_EDGE('',*,*,#1246,.F.);
#2076 = ORIENTED_EDGE('',*,*,#1238,.T.);
#2077 = ORIENTED_EDGE('',*,*,#1990,.T.);
#2078 = ORIENTED_EDGE('',*,*,#2079,.T.);
#2079 = EDGE_CURVE('',#1983,#2041,#2080,.T.);
#2080 = LINE('',#2081,#2082);
#2081 = CARTESIAN_POINT('',(1.5,92.086505688482,31.371037042075));
#2082 = VECTOR('',#2083,1.);
#2083 = DIRECTION('',(3.51452429727E-16,0.258819045103,0.965925826289));
#2084 = ORIENTED_EDGE('',*,*,#2040,.T.);
#2085 = ORIENTED_EDGE('',*,*,#2086,.T.);
#2086 = EDGE_CURVE('',#2033,#2007,#2087,.T.);
#2087 = LINE('',#2088,#2089);
#2088 = CARTESIAN_POINT('',(1.5,90.616811842812,49.987159087227));
#2089 = VECTOR('',#2090,1.);
#2090 = DIRECTION('',(-2.298150317496E-16,-0.965925826289,
    -0.258819045103));
#2091 = ORIENTED_EDGE('',*,*,#2006,.T.);
#2092 = ORIENTED_EDGE('',*,*,#1206,.T.);
#2093 = ORIENTED_EDGE('',*,*,#1198,.T.);
#2094 = ORIENTED_EDGE('',*,*,#1155,.F.);
#2095 = ORIENTED_EDGE('',*,*,#1115,.T.);
#2096 = ORIENTED_EDGE('',*,*,#1180,.T.);
#2097 = ORIENTED_EDGE('',*,*,#1270,.T.);
#2098 = ORIENTED_EDGE('',*,*,#1326,.T.);
#2099 = FACE_BOUND('',#2100,.T.);
#2100 = EDGE_LOOP('',(#2101));
#2101 = ORIENTED_EDGE('',*,*,#2102,.F.);
#2102 = EDGE_CURVE('',#2103,#2103,#2105,.T.);
#2103 = VERTEX_POINT('',#2104);
#2104 = CARTESIAN_POINT('',(1.5,79.024839516486,43.670747478152));
#2105 = CIRCLE('',#2106,1.5);
#2106 = AXIS2_PLACEMENT_3D('',#2107,#2108,#2109);
#2107 = CARTESIAN_POINT('',(1.5,78.636610948832,42.221858738718));
#2108 = DIRECTION('',(1.,-7.67453259813E-16,-2.216042308767E-16));
#2109 = DIRECTION('',(4.126847696844E-16,0.258819045103,0.965925826289)
  );
#2110 = FACE_BOUND('',#2111,.T.);
#2111 = EDGE_LOOP('',(#2112));
#2112 = ORIENTED_EDGE('',*,*,#2113,.F.);
#2113 = EDGE_CURVE('',#2114,#2114,#2116,.T.);
#2114 = VERTEX_POINT('',#2115);
#2115 = CARTESIAN_POINT('',(1.5,86.495783231975,32.525569148489));
#2116 = CIRCLE('',#2117,1.5);
#2117 = AXIS2_PLACEMENT_3D('',#2118,#2119,#2120);
#2118 = CARTESIAN_POINT('',(1.5,87.944671971408,32.913797716142));
#2119 = DIRECTION('',(1.,-1.955292914066E-16,7.837174642765E-17));
#2120 = DIRECTION('',(-1.685826917922E-16,-0.965925826289,
    -0.258819045103));
#2121 = FACE_BOUND('',#2122,.T.);
#2122 = EDGE_LOOP('',(#2123));
#2123 = ORIENTED_EDGE('',*,*,#2124,.F.);
#2124 = EDGE_CURVE('',#2125,#2125,#2127,.T.);
#2125 = VERTEX_POINT('',#2126);
#2126 = CARTESIAN_POINT('',(1.5,92.412318937427,44.568185361177));
#2127 = CIRCLE('',#2128,1.5);
#2128 = AXIS2_PLACEMENT_3D('',#2129,#2130,#2131);
#2129 = CARTESIAN_POINT('',(1.5,91.351658765647,45.628845532957));
#2130 = DIRECTION('',(1.,-6.546824868569E-16,3.370888378251E-16));
#2131 = DIRECTION('',(7.01288229069E-16,0.707106781187,-0.707106781187)
  );
#2132 = PLANE('',#2133);
#2133 = AXIS2_PLACEMENT_3D('',#2134,#2135,#2136);
#2134 = CARTESIAN_POINT('',(1.5,85.977647228629,40.254833995939));
#2135 = DIRECTION('',(1.,-6.610179991563E-16,4.836961406731E-16));
#2136 = DIRECTION('',(5.788235491543E-16,0.707106781187,-0.707106781187)
  );
#2137 = ADVANCED_FACE('',(#2138),#2142,.T.);
#2138 = FACE_BOUND('',#2139,.T.);
#2139 = EDGE_LOOP('',(#2140,#2141));
#2140 = ORIENTED_EDGE('',*,*,#1222,.F.);
#2141 = ORIENTED_EDGE('',*,*,#1998,.F.);
#2142 = PLANE('',#2143);
#2143 = AXIS2_PLACEMENT_3D('',#2144,#2145,#2146);
#2144 = CARTESIAN_POINT('',(9.,73.108303811034,37.284985514956));
#2145 = DIRECTION('',(1.,-8.342092104034E-16,6.568873519202E-16));
#2146 = DIRECTION('',(8.237529089838E-16,0.707106781187,-0.707106781187)
  );
#2147 = ADVANCED_FACE('',(#2148,#2151),#2162,.F.);
#2148 = FACE_BOUND('',#2149,.F.);
#2149 = EDGE_LOOP('',(#2150));
#2150 = ORIENTED_EDGE('',*,*,#1367,.T.);
#2151 = FACE_BOUND('',#2152,.F.);
#2152 = EDGE_LOOP('',(#2153));
#2153 = ORIENTED_EDGE('',*,*,#2154,.T.);
#2154 = EDGE_CURVE('',#2155,#2155,#2157,.T.);
#2155 = VERTEX_POINT('',#2156);
#2156 = CARTESIAN_POINT('',(-12.3,86.495783231975,32.525569148489));
#2157 = CIRCLE('',#2158,1.5);
#2158 = AXIS2_PLACEMENT_3D('',#2159,#2160,#2161);
#2159 = CARTESIAN_POINT('',(-12.3,87.944671971408,32.913797716142));
#2160 = DIRECTION('',(-1.,1.955292914066E-16,-7.837174642765E-17));
#2161 = DIRECTION('',(-1.685826917922E-16,-0.965925826289,
    -0.258819045103));
#2162 = PLANE('',#2163);
#2163 = AXIS2_PLACEMENT_3D('',#2164,#2165,#2166);
#2164 = CARTESIAN_POINT('',(-12.3,87.944671971408,32.913797716142));
#2165 = DIRECTION('',(1.,-1.165734175856E-15,7.434829575438E-16));
#2166 = DIRECTION('',(7.705545410763E-16,0.258819045103,-0.965925826289)
  );
#2167 = ADVANCED_FACE('',(#2168,#2171),#2182,.F.);
#2168 = FACE_BOUND('',#2169,.F.);
#2169 = EDGE_LOOP('',(#2170));
#2170 = ORIENTED_EDGE('',*,*,#1392,.T.);
#2171 = FACE_BOUND('',#2172,.F.);
#2172 = EDGE_LOOP('',(#2173));
#2173 = ORIENTED_EDGE('',*,*,#2174,.T.);
#2174 = EDGE_CURVE('',#2175,#2175,#2177,.T.);
#2175 = VERTEX_POINT('',#2176);
#2176 = CARTESIAN_POINT('',(-12.3,79.024839516486,43.670747478152));
#2177 = CIRCLE('',#2178,1.5);
#2178 = AXIS2_PLACEMENT_3D('',#2179,#2180,#2181);
#2179 = CARTESIAN_POINT('',(-12.3,78.636610948832,42.221858738718));
#2180 = DIRECTION('',(-1.,7.67453259813E-16,2.216042308767E-16));
#2181 = DIRECTION('',(4.126847696844E-16,0.258819045103,0.965925826289)
  );
#2182 = PLANE('',#2183);
#2183 = AXIS2_PLACEMENT_3D('',#2184,#2185,#2186);
#2184 = CARTESIAN_POINT('',(-12.3,78.636610948832,42.221858738718));
#2185 = DIRECTION('',(1.,-1.104501835899E-15,6.374254336713E-16));
#2186 = DIRECTION('',(-1.081722769592E-15,-0.965925826289,0.258819045103
    ));
#2187 = ADVANCED_FACE('',(#2188,#2191),#2202,.F.);
#2188 = FACE_BOUND('',#2189,.F.);
#2189 = EDGE_LOOP('',(#2190));
#2190 = ORIENTED_EDGE('',*,*,#1417,.T.);
#2191 = FACE_BOUND('',#2192,.F.);
#2192 = EDGE_LOOP('',(#2193));
#2193 = ORIENTED_EDGE('',*,*,#2194,.T.);
#2194 = EDGE_CURVE('',#2195,#2195,#2197,.T.);
#2195 = VERTEX_POINT('',#2196);
#2196 = CARTESIAN_POINT('',(-12.3,92.412318937427,44.568185361177));
#2197 = CIRCLE('',#2198,1.5);
#2198 = AXIS2_PLACEMENT_3D('',#2199,#2200,#2201);
#2199 = CARTESIAN_POINT('',(-12.3,91.351658765647,45.628845532957));
#2200 = DIRECTION('',(-1.,6.546824868569E-16,-3.370888378251E-16));
#2201 = DIRECTION('',(7.01288229069E-16,0.707106781187,-0.707106781187)
  );
#2202 = PLANE('',#2203);
#2203 = AXIS2_PLACEMENT_3D('',#2204,#2205,#2206);
#2204 = CARTESIAN_POINT('',(-12.3,91.351658765647,45.628845532957));
#2205 = DIRECTION('',(1.,-1.043269495942E-15,7.434829575438E-16));
#2206 = DIRECTION('',(3.111682285157E-16,0.707106781187,0.707106781187)
  );
#2207 = ADVANCED_FACE('',(#2208),#2233,.T.);
#2208 = FACE_BOUND('',#2209,.T.);
#2209 = EDGE_LOOP('',(#2210,#2220,#2226,#2227));
#2210 = ORIENTED_EDGE('',*,*,#2211,.F.);
#2211 = EDGE_CURVE('',#2212,#2214,#2216,.T.);
#2212 = VERTEX_POINT('',#2213);
#2213 = CARTESIAN_POINT('',(2.35,-4.070319397787,0.));
#2214 = VERTEX_POINT('',#2215);
#2215 = CARTESIAN_POINT('',(4.7,0.,0.));
#2216 = LINE('',#2217,#2218);
#2217 = CARTESIAN_POINT('',(2.35,-4.070319397787,0.));
#2218 = VECTOR('',#2219,1.);
#2219 = DIRECTION('',(0.5,0.866025403784,0.));
#2220 = ORIENTED_EDGE('',*,*,#2221,.T.);
#2221 = EDGE_CURVE('',#2212,#1768,#2222,.T.);
#2222 = LINE('',#2223,#2224);
#2223 = CARTESIAN_POINT('',(2.35,-4.070319397787,0.));
#2224 = VECTOR('',#2225,1.);
#2225 = DIRECTION('',(0.,0.,1.));
#2226 = ORIENTED_EDGE('',*,*,#1767,.T.);
#2227 = ORIENTED_EDGE('',*,*,#2228,.F.);
#2228 = EDGE_CURVE('',#2214,#1770,#2229,.T.);
#2229 = LINE('',#2230,#2231);
#2230 = CARTESIAN_POINT('',(4.7,0.,0.));
#2231 = VECTOR('',#2232,1.);
#2232 = DIRECTION('',(0.,0.,1.));
#2233 = PLANE('',#2234);
#2234 = AXIS2_PLACEMENT_3D('',#2235,#2236,#2237);
#2235 = CARTESIAN_POINT('',(2.35,-4.070319397787,0.));
#2236 = DIRECTION('',(-0.866025403784,0.5,0.));
#2237 = DIRECTION('',(0.5,0.866025403784,0.));
#2238 = ADVANCED_FACE('',(#2239),#2257,.T.);
#2239 = FACE_BOUND('',#2240,.T.);
#2240 = EDGE_LOOP('',(#2241,#2249,#2255,#2256));
#2241 = ORIENTED_EDGE('',*,*,#2242,.F.);
#2242 = EDGE_CURVE('',#2243,#2212,#2245,.T.);
#2243 = VERTEX_POINT('',#2244);
#2244 = CARTESIAN_POINT('',(-2.35,-4.070319397787,0.));
#2245 = LINE('',#2246,#2247);
#2246 = CARTESIAN_POINT('',(-2.35,-4.070319397787,0.));
#2247 = VECTOR('',#2248,1.);
#2248 = DIRECTION('',(1.,-5.669223955533E-16,0.));
#2249 = ORIENTED_EDGE('',*,*,#2250,.T.);
#2250 = EDGE_CURVE('',#2243,#1802,#2251,.T.);
#2251 = LINE('',#2252,#2253);
#2252 = CARTESIAN_POINT('',(-2.35,-4.070319397787,0.));
#2253 = VECTOR('',#2254,1.);
#2254 = DIRECTION('',(0.,0.,1.));
#2255 = ORIENTED_EDGE('',*,*,#1809,.T.);
#2256 = ORIENTED_EDGE('',*,*,#2221,.F.);
#2257 = PLANE('',#2258);
#2258 = AXIS2_PLACEMENT_3D('',#2259,#2260,#2261);
#2259 = CARTESIAN_POINT('',(-2.35,-4.070319397787,0.));
#2260 = DIRECTION('',(5.669223955533E-16,1.,0.));
#2261 = DIRECTION('',(1.,-5.669223955533E-16,0.));
#2262 = ADVANCED_FACE('',(#2263),#2281,.T.);
#2263 = FACE_BOUND('',#2264,.T.);
#2264 = EDGE_LOOP('',(#2265,#2273,#2279,#2280));
#2265 = ORIENTED_EDGE('',*,*,#2266,.F.);
#2266 = EDGE_CURVE('',#2267,#2243,#2269,.T.);
#2267 = VERTEX_POINT('',#2268);
#2268 = CARTESIAN_POINT('',(-4.7,1.33226762955E-15,0.));
#2269 = LINE('',#2270,#2271);
#2270 = CARTESIAN_POINT('',(-4.7,1.33226762955E-15,0.));
#2271 = VECTOR('',#2272,1.);
#2272 = DIRECTION('',(0.5,-0.866025403784,0.));
#2273 = ORIENTED_EDGE('',*,*,#2274,.T.);
#2274 = EDGE_CURVE('',#2267,#1794,#2275,.T.);
#2275 = LINE('',#2276,#2277);
#2276 = CARTESIAN_POINT('',(-4.7,1.33226762955E-15,0.));
#2277 = VECTOR('',#2278,1.);
#2278 = DIRECTION('',(0.,0.,1.));
#2279 = ORIENTED_EDGE('',*,*,#1801,.T.);
#2280 = ORIENTED_EDGE('',*,*,#2250,.F.);
#2281 = PLANE('',#2282);
#2282 = AXIS2_PLACEMENT_3D('',#2283,#2284,#2285);
#2283 = CARTESIAN_POINT('',(-4.7,1.33226762955E-15,0.));
#2284 = DIRECTION('',(0.866025403784,0.5,0.));
#2285 = DIRECTION('',(0.5,-0.866025403784,0.));
#2286 = ADVANCED_FACE('',(#2287),#2305,.T.);
#2287 = FACE_BOUND('',#2288,.T.);
#2288 = EDGE_LOOP('',(#2289,#2297,#2303,#2304));
#2289 = ORIENTED_EDGE('',*,*,#2290,.F.);
#2290 = EDGE_CURVE('',#2291,#2267,#2293,.T.);
#2291 = VERTEX_POINT('',#2292);
#2292 = CARTESIAN_POINT('',(-2.35,4.070319397787,0.));
#2293 = LINE('',#2294,#2295);
#2294 = CARTESIAN_POINT('',(-2.35,4.070319397787,0.));
#2295 = VECTOR('',#2296,1.);
#2296 = DIRECTION('',(-0.5,-0.866025403784,0.));
#2297 = ORIENTED_EDGE('',*,*,#2298,.T.);
#2298 = EDGE_CURVE('',#2291,#1786,#2299,.T.);
#2299 = LINE('',#2300,#2301);
#2300 = CARTESIAN_POINT('',(-2.35,4.070319397787,0.));
#2301 = VECTOR('',#2302,1.);
#2302 = DIRECTION('',(0.,0.,1.));
#2303 = ORIENTED_EDGE('',*,*,#1793,.T.);
#2304 = ORIENTED_EDGE('',*,*,#2274,.F.);
#2305 = PLANE('',#2306);
#2306 = AXIS2_PLACEMENT_3D('',#2307,#2308,#2309);
#2307 = CARTESIAN_POINT('',(-2.35,4.070319397787,0.));
#2308 = DIRECTION('',(0.866025403784,-0.5,0.));
#2309 = DIRECTION('',(-0.5,-0.866025403784,0.));
#2310 = ADVANCED_FACE('',(#2311),#2329,.T.);
#2311 = FACE_BOUND('',#2312,.T.);
#2312 = EDGE_LOOP('',(#2313,#2321,#2327,#2328));
#2313 = ORIENTED_EDGE('',*,*,#2314,.F.);
#2314 = EDGE_CURVE('',#2315,#2291,#2317,.T.);
#2315 = VERTEX_POINT('',#2316);
#2316 = CARTESIAN_POINT('',(2.35,4.070319397787,0.));
#2317 = LINE('',#2318,#2319);
#2318 = CARTESIAN_POINT('',(2.35,4.070319397787,0.));
#2319 = VECTOR('',#2320,1.);
#2320 = DIRECTION('',(-1.,1.889741318511E-16,0.));
#2321 = ORIENTED_EDGE('',*,*,#2322,.T.);
#2322 = EDGE_CURVE('',#2315,#1778,#2323,.T.);
#2323 = LINE('',#2324,#2325);
#2324 = CARTESIAN_POINT('',(2.35,4.070319397787,0.));
#2325 = VECTOR('',#2326,1.);
#2326 = DIRECTION('',(0.,0.,1.));
#2327 = ORIENTED_EDGE('',*,*,#1785,.T.);
#2328 = ORIENTED_EDGE('',*,*,#2298,.F.);
#2329 = PLANE('',#2330);
#2330 = AXIS2_PLACEMENT_3D('',#2331,#2332,#2333);
#2331 = CARTESIAN_POINT('',(2.35,4.070319397787,0.));
#2332 = DIRECTION('',(-1.889741318511E-16,-1.,0.));
#2333 = DIRECTION('',(-1.,1.889741318511E-16,0.));
#2334 = ADVANCED_FACE('',(#2335),#2346,.T.);
#2335 = FACE_BOUND('',#2336,.T.);
#2336 = EDGE_LOOP('',(#2337,#2343,#2344,#2345));
#2337 = ORIENTED_EDGE('',*,*,#2338,.F.);
#2338 = EDGE_CURVE('',#2214,#2315,#2339,.T.);
#2339 = LINE('',#2340,#2341);
#2340 = CARTESIAN_POINT('',(4.7,0.,0.));
#2341 = VECTOR('',#2342,1.);
#2342 = DIRECTION('',(-0.5,0.866025403784,0.));
#2343 = ORIENTED_EDGE('',*,*,#2228,.T.);
#2344 = ORIENTED_EDGE('',*,*,#1777,.T.);
#2345 = ORIENTED_EDGE('',*,*,#2322,.F.);
#2346 = PLANE('',#2347);
#2347 = AXIS2_PLACEMENT_3D('',#2348,#2349,#2350);
#2348 = CARTESIAN_POINT('',(4.7,0.,0.));
#2349 = DIRECTION('',(-0.866025403784,-0.5,0.));
#2350 = DIRECTION('',(-0.5,0.866025403784,0.));
#2351 = ADVANCED_FACE('',(#2352),#2371,.F.);
#2352 = FACE_BOUND('',#2353,.T.);
#2353 = EDGE_LOOP('',(#2354,#2362,#2363,#2364));
#2354 = ORIENTED_EDGE('',*,*,#2355,.F.);
#2355 = EDGE_CURVE('',#1949,#2356,#2358,.T.);
#2356 = VERTEX_POINT('',#2357);
#2357 = CARTESIAN_POINT('',(2.220635343762E-15,-3.2,0.));
#2358 = LINE('',#2359,#2360);
#2359 = CARTESIAN_POINT('',(1.43558911442E-15,-3.2,-5.));
#2360 = VECTOR('',#2361,1.);
#2361 = DIRECTION('',(1.570092458684E-16,5.551115123126E-16,1.));
#2362 = ORIENTED_EDGE('',*,*,#1948,.F.);
#2363 = ORIENTED_EDGE('',*,*,#2355,.T.);
#2364 = ORIENTED_EDGE('',*,*,#2365,.F.);
#2365 = EDGE_CURVE('',#2356,#2356,#2366,.T.);
#2366 = CIRCLE('',#2367,3.2);
#2367 = AXIS2_PLACEMENT_3D('',#2368,#2369,#2370);
#2368 = CARTESIAN_POINT('',(7.850462293419E-16,-1.143529715364E-14,0.));
#2369 = DIRECTION('',(-1.570092458684E-16,-5.551115123126E-16,-1.));
#2370 = DIRECTION('',(6.935509580858E-16,-1.,5.551115123126E-16));
#2371 = CYLINDRICAL_SURFACE('',#2372,3.2);
#2372 = AXIS2_PLACEMENT_3D('',#2373,#2374,#2375);
#2373 = CARTESIAN_POINT('',(0.,-1.42108547152E-14,-5.));
#2374 = DIRECTION('',(-1.570092458684E-16,-5.551115123126E-16,-1.));
#2375 = DIRECTION('',(6.935509580858E-16,-1.,5.551115123126E-16));
#2376 = ADVANCED_FACE('',(#2377),#2387,.T.);
#2377 = FACE_BOUND('',#2378,.T.);
#2378 = EDGE_LOOP('',(#2379,#2385,#2386));
#2379 = ORIENTED_EDGE('',*,*,#2380,.F.);
#2380 = EDGE_CURVE('',#1974,#2050,#2381,.T.);
#2381 = LINE('',#2382,#2383);
#2382 = CARTESIAN_POINT('',(9.,92.086505688482,31.371037042075));
#2383 = VECTOR('',#2384,1.);
#2384 = DIRECTION('',(3.51452429727E-16,0.258819045103,0.965925826289));
#2385 = ORIENTED_EDGE('',*,*,#1973,.F.);
#2386 = ORIENTED_EDGE('',*,*,#2057,.F.);
#2387 = PLANE('',#2388);
#2388 = AXIS2_PLACEMENT_3D('',#2389,#2390,#2391);
#2389 = CARTESIAN_POINT('',(9.,94.984283167349,30.594579906768));
#2390 = DIRECTION('',(1.,-9.469799833595E-16,9.819428321838E-17));
#2391 = DIRECTION('',(3.51452429727E-16,0.258819045103,0.965925826289));
#2392 = ADVANCED_FACE('',(#2393),#2399,.T.);
#2393 = FACE_BOUND('',#2394,.T.);
#2394 = EDGE_LOOP('',(#2395,#2396,#2397,#2398));
#2395 = ORIENTED_EDGE('',*,*,#2079,.F.);
#2396 = ORIENTED_EDGE('',*,*,#1982,.F.);
#2397 = ORIENTED_EDGE('',*,*,#2380,.T.);
#2398 = ORIENTED_EDGE('',*,*,#2049,.T.);
#2399 = PLANE('',#2400);
#2400 = AXIS2_PLACEMENT_3D('',#2401,#2402,#2403);
#2401 = CARTESIAN_POINT('',(1.5,92.086505688482,31.371037042075));
#2402 = DIRECTION('',(-7.900050525695E-16,-0.965925826289,0.258819045103
    ));
#2403 = DIRECTION('',(1.,-9.469799833595E-16,9.819428321838E-17));
#2404 = ADVANCED_FACE('',(#2405),#2416,.T.);
#2405 = FACE_BOUND('',#2406,.T.);
#2406 = EDGE_LOOP('',(#2407,#2408,#2409,#2415));
#2407 = ORIENTED_EDGE('',*,*,#2086,.F.);
#2408 = ORIENTED_EDGE('',*,*,#2032,.F.);
#2409 = ORIENTED_EDGE('',*,*,#2410,.T.);
#2410 = EDGE_CURVE('',#2024,#2016,#2411,.T.);
#2411 = LINE('',#2412,#2413);
#2412 = CARTESIAN_POINT('',(9.,90.616811842812,49.987159087227));
#2413 = VECTOR('',#2414,1.);
#2414 = DIRECTION('',(-2.298150317496E-16,-0.965925826289,
    -0.258819045103));
#2415 = ORIENTED_EDGE('',*,*,#2015,.T.);
#2416 = PLANE('',#2417);
#2417 = AXIS2_PLACEMENT_3D('',#2418,#2419,#2420);
#2418 = CARTESIAN_POINT('',(1.5,90.616811842812,49.987159087227));
#2419 = DIRECTION('',(2.323655222898E-16,0.258819045103,-0.965925826289)
  );
#2420 = DIRECTION('',(1.,-3.750560149531E-16,3.981702605227E-16));
#2421 = ADVANCED_FACE('',(#2422),#2426,.T.);
#2422 = FACE_BOUND('',#2423,.T.);
#2423 = EDGE_LOOP('',(#2424,#2425));
#2424 = ORIENTED_EDGE('',*,*,#2410,.F.);
#2425 = ORIENTED_EDGE('',*,*,#2023,.F.);
#2426 = PLANE('',#2427);
#2427 = AXIS2_PLACEMENT_3D('',#2428,#2429,#2430);
#2428 = CARTESIAN_POINT('',(9.,89.840354707504,52.884936566094));
#2429 = DIRECTION('',(1.,-3.750560149531E-16,3.981702605227E-16));
#2430 = DIRECTION('',(-2.298150317496E-16,-0.965925826289,
    -0.258819045103));
#2431 = ADVANCED_FACE('',(#2432),#2443,.F.);
#2432 = FACE_BOUND('',#2433,.T.);
#2433 = EDGE_LOOP('',(#2434,#2435,#2441,#2442));
#2434 = ORIENTED_EDGE('',*,*,#2174,.T.);
#2435 = ORIENTED_EDGE('',*,*,#2436,.T.);
#2436 = EDGE_CURVE('',#2175,#2103,#2437,.T.);
#2437 = LINE('',#2438,#2439);
#2438 = CARTESIAN_POINT('',(-15.,79.024839516486,43.670747478152));
#2439 = VECTOR('',#2440,1.);
#2440 = DIRECTION('',(1.,-8.60384377736E-16,1.159867759483E-17));
#2441 = ORIENTED_EDGE('',*,*,#2102,.T.);
#2442 = ORIENTED_EDGE('',*,*,#2436,.F.);
#2443 = CYLINDRICAL_SURFACE('',#2444,1.5);
#2444 = AXIS2_PLACEMENT_3D('',#2445,#2446,#2447);
#2445 = CARTESIAN_POINT('',(-15.,78.636610948832,42.221858738718));
#2446 = DIRECTION('',(-1.,8.60384377736E-16,-1.159867759483E-17));
#2447 = DIRECTION('',(4.126847696844E-16,0.258819045103,0.965925826289)
  );
#2448 = ADVANCED_FACE('',(#2449),#2460,.F.);
#2449 = FACE_BOUND('',#2450,.T.);
#2450 = EDGE_LOOP('',(#2451,#2452,#2458,#2459));
#2451 = ORIENTED_EDGE('',*,*,#2154,.T.);
#2452 = ORIENTED_EDGE('',*,*,#2453,.T.);
#2453 = EDGE_CURVE('',#2155,#2114,#2454,.T.);
#2454 = LINE('',#2455,#2456);
#2455 = CARTESIAN_POINT('',(-15.,86.495783231975,32.525569148489));
#2456 = VECTOR('',#2457,1.);
#2457 = DIRECTION('',(1.,-2.884604093295E-16,3.115746548992E-16));
#2458 = ORIENTED_EDGE('',*,*,#2113,.T.);
#2459 = ORIENTED_EDGE('',*,*,#2453,.F.);
#2460 = CYLINDRICAL_SURFACE('',#2461,1.5);
#2461 = AXIS2_PLACEMENT_3D('',#2462,#2463,#2464);
#2462 = CARTESIAN_POINT('',(-15.,87.944671971408,32.913797716142));
#2463 = DIRECTION('',(-1.,2.884604093295E-16,-3.115746548992E-16));
#2464 = DIRECTION('',(-1.685826917922E-16,-0.965925826289,
    -0.258819045103));
#2465 = ADVANCED_FACE('',(#2466),#2477,.F.);
#2466 = FACE_BOUND('',#2467,.T.);
#2467 = EDGE_LOOP('',(#2468,#2469,#2475,#2476));
#2468 = ORIENTED_EDGE('',*,*,#2194,.T.);
#2469 = ORIENTED_EDGE('',*,*,#2470,.T.);
#2470 = EDGE_CURVE('',#2195,#2125,#2471,.T.);
#2471 = LINE('',#2472,#2473);
#2472 = CARTESIAN_POINT('',(-15.,92.412318937427,44.568185361177));
#2473 = VECTOR('',#2474,1.);
#2474 = DIRECTION('',(1.,-7.476136047798E-16,5.702917462967E-16));
#2475 = ORIENTED_EDGE('',*,*,#2124,.T.);
#2476 = ORIENTED_EDGE('',*,*,#2470,.F.);
#2477 = CYLINDRICAL_SURFACE('',#2478,1.5);
#2478 = AXIS2_PLACEMENT_3D('',#2479,#2480,#2481);
#2479 = CARTESIAN_POINT('',(-15.,91.351658765647,45.628845532957));
#2480 = DIRECTION('',(-1.,7.476136047798E-16,-5.702917462967E-16));
#2481 = DIRECTION('',(7.01288229069E-16,0.707106781187,-0.707106781187)
  );
#2482 = ADVANCED_FACE('',(#2483,#2491),#2494,.T.);
#2483 = FACE_BOUND('',#2484,.T.);
#2484 = EDGE_LOOP('',(#2485,#2486,#2487,#2488,#2489,#2490));
#2485 = ORIENTED_EDGE('',*,*,#2338,.T.);
#2486 = ORIENTED_EDGE('',*,*,#2314,.T.);
#2487 = ORIENTED_EDGE('',*,*,#2290,.T.);
#2488 = ORIENTED_EDGE('',*,*,#2266,.T.);
#2489 = ORIENTED_EDGE('',*,*,#2242,.T.);
#2490 = ORIENTED_EDGE('',*,*,#2211,.T.);
#2491 = FACE_BOUND('',#2492,.T.);
#2492 = EDGE_LOOP('',(#2493));
#2493 = ORIENTED_EDGE('',*,*,#2365,.T.);
#2494 = PLANE('',#2495);
#2495 = AXIS2_PLACEMENT_3D('',#2496,#2497,#2498);
#2496 = CARTESIAN_POINT('',(-3.779482637022E-16,-5.669223955533E-16,0.)
  );
#2497 = DIRECTION('',(0.,0.,1.));
#2498 = DIRECTION('',(1.,0.,0.));
#2499 = ( GEOMETRIC_REPRESENTATION_CONTEXT(3) 
GLOBAL_UNCERTAINTY_ASSIGNED_CONTEXT((#2503)) 
GLOBAL_UNIT_ASSIGNED_CONTEXT((#2500,#2501,#2502)) REPRESENTATION_CONTEXT
('Context #1','3D Context with UNIT and UNCERTAINTY') );
#2500 = ( LENGTH_UNIT() NAMED_UNIT(*) SI_UNIT(.MILLI.,.METRE.) );
#2501 = ( NAMED_UNIT(*) PLANE_ANGLE_UNIT() SI_UNIT($,.RADIAN.) );
#2502 = ( NAMED_UNIT(*) SI_UNIT($,.STERADIAN.) SOLID_ANGLE_UNIT() );
#2503 = UNCERTAINTY_MEASURE_WITH_UNIT(LENGTH_MEASURE(2.E-06),#2500,
  'distance_accuracy_value','confusion accuracy');
#2504 = PRODUCT_RELATED_PRODUCT_CATEGORY('part',$,(#7));
#2505 = MECHANICAL_DESIGN_GEOMETRIC_PRESENTATION_REPRESENTATION('',(
    #2506),#2499);
#2506 = STYLED_ITEM('color',(#2507),#15);
#2507 = PRESENTATION_STYLE_ASSIGNMENT((#2508,#2514));
#2508 = SURFACE_STYLE_USAGE(.BOTH.,#2509);
#2509 = SURFACE_SIDE_STYLE('',(#2510));
#2510 = SURFACE_STYLE_FILL_AREA(#2511);
#2511 = FILL_AREA_STYLE('',(#2512));
#2512 = FILL_AREA_STYLE_COLOUR('',#2513);
#2513 = COLOUR_RGB('',6.274510072825E-02,8.235294228292E-02,
  0.113725493293);
#2514 = CURVE_STYLE('',#2515,POSITIVE_LENGTH_MEASURE(0.1),#2516);
#2515 = DRAUGHTING_PRE_DEFINED_CURVE_FONT('continuous');
#2516 = COLOUR_RGB('',0.23137255388,0.274509816483,0.345098051753);
ENDSEC;
END-ISO-10303-21;
