ISO-10303-21;
HEADER;
FILE_DESCRIPTION(('FreeCAD Model'),'2;1');
FILE_NAME('Open CASCADE Shape Model','2026-07-08T19:19:53',(''),(''),
  'Open CASCADE STEP processor 7.8','FreeCAD','Unknown');
FILE_SCHEMA(('AUTOMOTIVE_DESIGN { 1 0 10303 214 1 1 1 1 }'));
ENDSEC;
DATA;
#1 = APPLICATION_PROTOCOL_DEFINITION('international standard',
  'automotive_design',2000,#2);
#2 = APPLICATION_CONTEXT(
  'core data for automotive mechanical design processes');
#3 = SHAPE_DEFINITION_REPRESENTATION(#4,#10);
#4 = PRODUCT_DEFINITION_SHAPE('','',#5);
#5 = PRODUCT_DEFINITION('design','',#6,#9);
#6 = PRODUCT_DEFINITION_FORMATION('','',#7);
#7 = PRODUCT('Fillet021','Fillet021','',(#8));
#8 = PRODUCT_CONTEXT('',#2,'mechanical');
#9 = PRODUCT_DEFINITION_CONTEXT('part definition',#2,'design');
#10 = ADVANCED_BREP_SHAPE_REPRESENTATION('',(#11,#15),#3823);
#11 = AXIS2_PLACEMENT_3D('',#12,#13,#14);
#12 = CARTESIAN_POINT('',(0.,0.,0.));
#13 = DIRECTION('',(0.,0.,1.));
#14 = DIRECTION('',(1.,0.,-0.));
#15 = MANIFOLD_SOLID_BREP('',#16);
#16 = CLOSED_SHELL('',(#17,#249,#321,#346,#370,#395,#420,#444,#509,#527,
    #558,#583,#608,#632,#656,#681,#706,#723,#754,#779,#804,#828,#852,
    #877,#902,#919,#1316,#1341,#1430,#1622,#1639,#1656,#1673,#1685,#1707
    ,#1724,#1741,#1758,#1775,#1792,#1809,#1821,#1852,#1876,#1900,#1924,
    #1948,#1965,#1996,#2020,#2044,#2068,#2092,#2109,#2140,#2164,#2188,
    #2212,#2236,#2253,#2284,#2308,#2332,#2356,#2380,#2397,#2419,#2436,
    #2453,#2470,#2487,#2504,#2521,#2533,#2545,#2672,#2697,#2721,#2793,
    #2913,#2931,#2956,#2981,#3006,#3031,#3089,#3114,#3139,#3168,#3244,
    #3269,#3378,#3443,#3460,#3525,#3542,#3559,#3576,#3593,#3610,#3627,
    #3644,#3661,#3678,#3695,#3707,#3719,#3731,#3748,#3765,#3777,#3794,
    #3811));
#17 = ADVANCED_FACE('',(#18,#104,#174),#244,.F.);
#18 = FACE_BOUND('',#19,.F.);
#19 = EDGE_LOOP('',(#20,#30,#39,#47,#56,#64,#72,#81,#89,#98));
#20 = ORIENTED_EDGE('',*,*,#21,.T.);
#21 = EDGE_CURVE('',#22,#24,#26,.T.);
#22 = VERTEX_POINT('',#23);
#23 = CARTESIAN_POINT('',(-42.,9.325873406851E-15,4.184319860347E-15));
#24 = VERTEX_POINT('',#25);
#25 = CARTESIAN_POINT('',(-42.,9.320629777827E-15,8.5));
#26 = LINE('',#27,#28);
#27 = CARTESIAN_POINT('',(-42.,9.325873406851E-15,4.184319860347E-15));
#28 = VECTOR('',#29,1.);
#29 = DIRECTION('',(8.897968055207E-17,1.972152263053E-31,1.));
#30 = ORIENTED_EDGE('',*,*,#31,.T.);
#31 = EDGE_CURVE('',#24,#32,#34,.T.);
#32 = VERTEX_POINT('',#33);
#33 = CARTESIAN_POINT('',(-34.5,1.049106807669E-14,16.));
#34 = CIRCLE('',#35,7.5);
#35 = AXIS2_PLACEMENT_3D('',#36,#37,#38);
#36 = CARTESIAN_POINT('',(-34.5,1.049106807669E-14,8.5));
#37 = DIRECTION('',(-1.553592893122E-16,1.,0.));
#38 = DIRECTION('',(-1.,-1.553592893122E-16,0.));
#39 = ORIENTED_EDGE('',*,*,#40,.T.);
#40 = EDGE_CURVE('',#32,#41,#43,.T.);
#41 = VERTEX_POINT('',#42);
#42 = CARTESIAN_POINT('',(39.5,2.19876554858E-14,16.));
#43 = LINE('',#44,#45);
#44 = CARTESIAN_POINT('',(-42.,9.325873406851E-15,16.));
#45 = VECTOR('',#46,1.);
#46 = DIRECTION('',(1.,1.553592893122E-16,-8.897968055207E-17));
#47 = ORIENTED_EDGE('',*,*,#48,.F.);
#48 = EDGE_CURVE('',#49,#41,#51,.T.);
#49 = VERTEX_POINT('',#50);
#50 = CARTESIAN_POINT('',(47.,2.317898672457E-14,8.5));
#51 = CIRCLE('',#52,7.5);
#52 = AXIS2_PLACEMENT_3D('',#53,#54,#55);
#53 = CARTESIAN_POINT('',(39.5,2.19876554858E-14,8.5));
#54 = DIRECTION('',(1.553592893122E-16,-1.,-0.));
#55 = DIRECTION('',(-1.,-1.553592893122E-16,0.));
#56 = ORIENTED_EDGE('',*,*,#57,.F.);
#57 = EDGE_CURVE('',#58,#49,#60,.T.);
#58 = VERTEX_POINT('',#59);
#59 = CARTESIAN_POINT('',(47.,2.315285015564E-14,-3.734871708788E-15));
#60 = LINE('',#61,#62);
#61 = CARTESIAN_POINT('',(47.,2.315285015564E-14,-3.734871708788E-15));
#62 = VECTOR('',#63,1.);
#63 = DIRECTION('',(8.897968055207E-17,1.972152263053E-31,1.));
#64 = ORIENTED_EDGE('',*,*,#65,.T.);
#65 = EDGE_CURVE('',#58,#66,#68,.T.);
#66 = VERTEX_POINT('',#67);
#67 = CARTESIAN_POINT('',(47.,2.315285015564E-14,-1.));
#68 = LINE('',#69,#70);
#69 = CARTESIAN_POINT('',(47.,2.317825568515E-14,-15.5));
#70 = VECTOR('',#71,1.);
#71 = DIRECTION('',(-8.897968055207E-17,-1.38238199338E-32,-1.));
#72 = ORIENTED_EDGE('',*,*,#73,.T.);
#73 = EDGE_CURVE('',#66,#74,#76,.T.);
#74 = VERTEX_POINT('',#75);
#75 = CARTESIAN_POINT('',(46.,2.348910120319E-14,-7.016609515631E-14));
#76 = CIRCLE('',#77,1.);
#77 = AXIS2_PLACEMENT_3D('',#78,#79,#80);
#78 = CARTESIAN_POINT('',(46.,2.299749086633E-14,-1.));
#79 = DIRECTION('',(1.553592893122E-16,-1.,0.));
#80 = DIRECTION('',(1.,1.553592893122E-16,0.));
#81 = ORIENTED_EDGE('',*,*,#82,.F.);
#82 = EDGE_CURVE('',#83,#74,#85,.T.);
#83 = VERTEX_POINT('',#84);
#84 = CARTESIAN_POINT('',(-41.,9.909819781815E-15,2.39808173319E-14));
#85 = LINE('',#86,#87);
#86 = CARTESIAN_POINT('',(-42.,9.325873406851E-15,4.184319860347E-15));
#87 = VECTOR('',#88,1.);
#88 = DIRECTION('',(1.,1.553592893122E-16,-8.897968055207E-17));
#89 = ORIENTED_EDGE('',*,*,#90,.T.);
#90 = EDGE_CURVE('',#83,#91,#93,.T.);
#91 = VERTEX_POINT('',#92);
#92 = CARTESIAN_POINT('',(-42.,9.325873406851E-15,-1.));
#93 = CIRCLE('',#94,1.);
#94 = AXIS2_PLACEMENT_3D('',#95,#96,#97);
#95 = CARTESIAN_POINT('',(-41.,9.481232696164E-15,-1.));
#96 = DIRECTION('',(1.553592893122E-16,-1.,0.));
#97 = DIRECTION('',(1.,1.553592893122E-16,0.));
#98 = ORIENTED_EDGE('',*,*,#99,.F.);
#99 = EDGE_CURVE('',#22,#91,#100,.T.);
#100 = LINE('',#101,#102);
#101 = CARTESIAN_POINT('',(-42.,9.325873406851E-15,-15.5));
#102 = VECTOR('',#103,1.);
#103 = DIRECTION('',(-8.897968055207E-17,-1.38238199338E-32,-1.));
#104 = FACE_BOUND('',#105,.F.);
#105 = EDGE_LOOP('',(#106,#116,#125,#133,#142,#150,#159,#167));
#106 = ORIENTED_EDGE('',*,*,#107,.F.);
#107 = EDGE_CURVE('',#108,#110,#112,.T.);
#108 = VERTEX_POINT('',#109);
#109 = CARTESIAN_POINT('',(5.,0.,7.99));
#110 = VERTEX_POINT('',#111);
#111 = CARTESIAN_POINT('',(5.,0.,8.01));
#112 = LINE('',#113,#114);
#113 = CARTESIAN_POINT('',(5.,0.,0.));
#114 = VECTOR('',#115,1.);
#115 = DIRECTION('',(0.,0.,1.));
#116 = ORIENTED_EDGE('',*,*,#117,.T.);
#117 = EDGE_CURVE('',#108,#118,#120,.T.);
#118 = VERTEX_POINT('',#119);
#119 = CARTESIAN_POINT('',(7.99,7.774462265158E-15,5.));
#120 = CIRCLE('',#121,2.99);
#121 = AXIS2_PLACEMENT_3D('',#122,#123,#124);
#122 = CARTESIAN_POINT('',(7.99,1.709228427957E-14,7.99));
#123 = DIRECTION('',(0.,-1.,7.395570986447E-32));
#124 = DIRECTION('',(0.,7.395570986447E-32,1.));
#125 = ORIENTED_EDGE('',*,*,#126,.T.);
#126 = EDGE_CURVE('',#118,#127,#129,.T.);
#127 = VERTEX_POINT('',#128);
#128 = CARTESIAN_POINT('',(39.01,9.766720528775E-15,5.));
#129 = LINE('',#130,#131);
#130 = CARTESIAN_POINT('',(-37.,4.884981308351E-15,5.));
#131 = VECTOR('',#132,1.);
#132 = DIRECTION('',(1.,6.422496014241E-17,-8.072810708219E-17));
#133 = ORIENTED_EDGE('',*,*,#134,.T.);
#134 = EDGE_CURVE('',#127,#135,#137,.T.);
#135 = VERTEX_POINT('',#136);
#136 = CARTESIAN_POINT('',(42.,9.958753159601E-15,7.99));
#137 = CIRCLE('',#138,2.99);
#138 = AXIS2_PLACEMENT_3D('',#139,#140,#141);
#139 = CARTESIAN_POINT('',(39.01,2.191152943403E-14,7.99));
#140 = DIRECTION('',(6.422496014241E-17,-1.,0.));
#141 = DIRECTION('',(-1.,-6.422496014241E-17,0.));
#142 = ORIENTED_EDGE('',*,*,#143,.T.);
#143 = EDGE_CURVE('',#135,#144,#146,.T.);
#144 = VERTEX_POINT('',#145);
#145 = CARTESIAN_POINT('',(42.,9.958753159601E-15,8.01));
#146 = LINE('',#147,#148);
#147 = CARTESIAN_POINT('',(42.,9.958753159601E-15,5.));
#148 = VECTOR('',#149,1.);
#149 = DIRECTION('',(8.072810708219E-17,7.395570986447E-32,1.));
#150 = ORIENTED_EDGE('',*,*,#151,.T.);
#151 = EDGE_CURVE('',#144,#152,#154,.T.);
#152 = VERTEX_POINT('',#153);
#153 = CARTESIAN_POINT('',(39.01,9.766720528775E-15,11.));
#154 = CIRCLE('',#155,2.99);
#155 = AXIS2_PLACEMENT_3D('',#156,#157,#158);
#156 = CARTESIAN_POINT('',(39.01,2.191152943403E-14,8.01));
#157 = DIRECTION('',(6.422496014241E-17,-1.,0.));
#158 = DIRECTION('',(-1.,-6.422496014241E-17,0.));
#159 = ORIENTED_EDGE('',*,*,#160,.F.);
#160 = EDGE_CURVE('',#161,#152,#163,.T.);
#161 = VERTEX_POINT('',#162);
#162 = CARTESIAN_POINT('',(7.99,7.774462265158E-15,11.));
#163 = LINE('',#164,#165);
#164 = CARTESIAN_POINT('',(-37.,4.884981308351E-15,11.));
#165 = VECTOR('',#166,1.);
#166 = DIRECTION('',(1.,6.422496014241E-17,-8.072810708219E-17));
#167 = ORIENTED_EDGE('',*,*,#168,.F.);
#168 = EDGE_CURVE('',#110,#161,#169,.T.);
#169 = CIRCLE('',#170,2.99);
#170 = AXIS2_PLACEMENT_3D('',#171,#172,#173);
#171 = CARTESIAN_POINT('',(7.99,1.709228427957E-14,8.01));
#172 = DIRECTION('',(0.,1.,-7.395570986447E-32));
#173 = DIRECTION('',(0.,7.395570986447E-32,1.));
#174 = FACE_BOUND('',#175,.F.);
#175 = EDGE_LOOP('',(#176,#186,#195,#203,#212,#220,#229,#237));
#176 = ORIENTED_EDGE('',*,*,#177,.T.);
#177 = EDGE_CURVE('',#178,#180,#182,.T.);
#178 = VERTEX_POINT('',#179);
#179 = CARTESIAN_POINT('',(0.,0.,7.99));
#180 = VERTEX_POINT('',#181);
#181 = CARTESIAN_POINT('',(4.440892098501E-16,0.,8.01));
#182 = LINE('',#183,#184);
#183 = CARTESIAN_POINT('',(0.,0.,0.));
#184 = VECTOR('',#185,1.);
#185 = DIRECTION('',(0.,0.,1.));
#186 = ORIENTED_EDGE('',*,*,#187,.T.);
#187 = EDGE_CURVE('',#180,#188,#190,.T.);
#188 = VERTEX_POINT('',#189);
#189 = CARTESIAN_POINT('',(-2.99,7.069272202794E-15,11.));
#190 = CIRCLE('',#191,2.99);
#191 = AXIS2_PLACEMENT_3D('',#192,#193,#194);
#192 = CARTESIAN_POINT('',(-2.99,1.538643928292E-14,8.01));
#193 = DIRECTION('',(0.,-1.,7.395570986447E-32));
#194 = DIRECTION('',(0.,7.395570986447E-32,1.));
#195 = ORIENTED_EDGE('',*,*,#196,.F.);
#196 = EDGE_CURVE('',#197,#188,#199,.T.);
#197 = VERTEX_POINT('',#198);
#198 = CARTESIAN_POINT('',(-34.01,5.077013939177E-15,11.));
#199 = LINE('',#200,#201);
#200 = CARTESIAN_POINT('',(-37.,4.884981308351E-15,11.));
#201 = VECTOR('',#202,1.);
#202 = DIRECTION('',(1.,6.422496014241E-17,-8.072810708219E-17));
#203 = ORIENTED_EDGE('',*,*,#204,.T.);
#204 = EDGE_CURVE('',#197,#205,#207,.T.);
#205 = VERTEX_POINT('',#206);
#206 = CARTESIAN_POINT('',(-37.,4.884981308351E-15,8.01));
#207 = CIRCLE('',#208,2.99);
#208 = AXIS2_PLACEMENT_3D('',#209,#210,#211);
#209 = CARTESIAN_POINT('',(-34.01,1.056719412846E-14,8.01));
#210 = DIRECTION('',(6.422496014241E-17,-1.,0.));
#211 = DIRECTION('',(-1.,-6.422496014241E-17,0.));
#212 = ORIENTED_EDGE('',*,*,#213,.F.);
#213 = EDGE_CURVE('',#214,#205,#216,.T.);
#214 = VERTEX_POINT('',#215);
#215 = CARTESIAN_POINT('',(-37.,4.884981308351E-15,7.99));
#216 = LINE('',#217,#218);
#217 = CARTESIAN_POINT('',(-37.,4.884981308351E-15,5.));
#218 = VECTOR('',#219,1.);
#219 = DIRECTION('',(8.072810708219E-17,7.395570986447E-32,1.));
#220 = ORIENTED_EDGE('',*,*,#221,.T.);
#221 = EDGE_CURVE('',#214,#222,#224,.T.);
#222 = VERTEX_POINT('',#223);
#223 = CARTESIAN_POINT('',(-34.01,5.077013939177E-15,5.));
#224 = CIRCLE('',#225,2.99);
#225 = AXIS2_PLACEMENT_3D('',#226,#227,#228);
#226 = CARTESIAN_POINT('',(-34.01,1.056719412846E-14,7.99));
#227 = DIRECTION('',(6.422496014241E-17,-1.,0.));
#228 = DIRECTION('',(-1.,-6.422496014241E-17,0.));
#229 = ORIENTED_EDGE('',*,*,#230,.T.);
#230 = EDGE_CURVE('',#222,#231,#233,.T.);
#231 = VERTEX_POINT('',#232);
#232 = CARTESIAN_POINT('',(-2.99,7.069272202794E-15,5.));
#233 = LINE('',#234,#235);
#234 = CARTESIAN_POINT('',(-37.,4.884981308351E-15,5.));
#235 = VECTOR('',#236,1.);
#236 = DIRECTION('',(1.,6.422496014241E-17,-8.072810708219E-17));
#237 = ORIENTED_EDGE('',*,*,#238,.F.);
#238 = EDGE_CURVE('',#178,#231,#239,.T.);
#239 = CIRCLE('',#240,2.99);
#240 = AXIS2_PLACEMENT_3D('',#241,#242,#243);
#241 = CARTESIAN_POINT('',(-2.99,1.538643928292E-14,7.99));
#242 = DIRECTION('',(0.,1.,-7.395570986447E-32));
#243 = DIRECTION('',(0.,7.395570986447E-32,1.));
#244 = PLANE('',#245);
#245 = AXIS2_PLACEMENT_3D('',#246,#247,#248);
#246 = CARTESIAN_POINT('',(-42.,9.325873406851E-15,4.184319860347E-15));
#247 = DIRECTION('',(-1.553592893122E-16,1.,0.));
#248 = DIRECTION('',(8.897968055207E-17,1.972152263053E-31,1.));
#249 = ADVANCED_FACE('',(#250),#316,.T.);
#250 = FACE_BOUND('',#251,.T.);
#251 = EDGE_LOOP('',(#252,#253,#261,#269,#277,#285,#293,#301,#309,#315)
  );
#252 = ORIENTED_EDGE('',*,*,#21,.T.);
#253 = ORIENTED_EDGE('',*,*,#254,.T.);
#254 = EDGE_CURVE('',#24,#255,#257,.T.);
#255 = VERTEX_POINT('',#256);
#256 = CARTESIAN_POINT('',(-42.,2.5,8.5));
#257 = LINE('',#258,#259);
#258 = CARTESIAN_POINT('',(-42.,-8.404912659315E-14,8.5));
#259 = VECTOR('',#260,1.);
#260 = DIRECTION('',(-1.553592893122E-16,1.,0.));
#261 = ORIENTED_EDGE('',*,*,#262,.T.);
#262 = EDGE_CURVE('',#255,#263,#265,.T.);
#263 = VERTEX_POINT('',#264);
#264 = CARTESIAN_POINT('',(-42.,2.5,-70.5));
#265 = LINE('',#266,#267);
#266 = CARTESIAN_POINT('',(-42.,2.5,-62.));
#267 = VECTOR('',#268,1.);
#268 = DIRECTION('',(-1.889796805521E-16,4.4E-16,-1.));
#269 = ORIENTED_EDGE('',*,*,#270,.T.);
#270 = EDGE_CURVE('',#263,#271,#273,.T.);
#271 = VERTEX_POINT('',#272);
#272 = CARTESIAN_POINT('',(-42.,9.325873406851E-15,-70.5));
#273 = LINE('',#274,#275);
#274 = CARTESIAN_POINT('',(-42.,2.5,-70.5));
#275 = VECTOR('',#276,1.);
#276 = DIRECTION('',(1.553592893122E-16,-1.,0.));
#277 = ORIENTED_EDGE('',*,*,#278,.F.);
#278 = EDGE_CURVE('',#279,#271,#281,.T.);
#279 = VERTEX_POINT('',#280);
#280 = CARTESIAN_POINT('',(-42.,9.325873406851E-15,-62.));
#281 = LINE('',#282,#283);
#282 = CARTESIAN_POINT('',(-42.,9.325873406851E-15,-62.));
#283 = VECTOR('',#284,1.);
#284 = DIRECTION('',(-8.897968055207E-17,-1.972152263053E-31,-1.));
#285 = ORIENTED_EDGE('',*,*,#286,.T.);
#286 = EDGE_CURVE('',#279,#287,#289,.T.);
#287 = VERTEX_POINT('',#288);
#288 = CARTESIAN_POINT('',(-42.,9.325873406851E-15,-61.));
#289 = LINE('',#290,#291);
#290 = CARTESIAN_POINT('',(-42.,9.325873406851E-15,-46.5));
#291 = VECTOR('',#292,1.);
#292 = DIRECTION('',(8.897968055207E-17,1.38238199338E-32,1.));
#293 = ORIENTED_EDGE('',*,*,#294,.T.);
#294 = EDGE_CURVE('',#287,#295,#297,.T.);
#295 = VERTEX_POINT('',#296);
#296 = CARTESIAN_POINT('',(-42.,-5.5,-61.));
#297 = LINE('',#298,#299);
#298 = CARTESIAN_POINT('',(-42.,1.760854715202E-15,-61.));
#299 = VECTOR('',#300,1.);
#300 = DIRECTION('',(1.553592893122E-16,-1.,0.));
#301 = ORIENTED_EDGE('',*,*,#302,.F.);
#302 = EDGE_CURVE('',#303,#295,#305,.T.);
#303 = VERTEX_POINT('',#304);
#304 = CARTESIAN_POINT('',(-42.,-5.5,-1.));
#305 = LINE('',#306,#307);
#306 = CARTESIAN_POINT('',(-42.,-5.5,2.542082878327E-14));
#307 = VECTOR('',#308,1.);
#308 = DIRECTION('',(-1.088979680552E-15,-3.525745156175E-31,-1.));
#309 = ORIENTED_EDGE('',*,*,#310,.F.);
#310 = EDGE_CURVE('',#91,#303,#311,.T.);
#311 = LINE('',#312,#313);
#312 = CARTESIAN_POINT('',(-42.,8.726762955019E-16,-1.));
#313 = VECTOR('',#314,1.);
#314 = DIRECTION('',(1.553592893122E-16,-1.,0.));
#315 = ORIENTED_EDGE('',*,*,#99,.F.);
#316 = PLANE('',#317);
#317 = AXIS2_PLACEMENT_3D('',#318,#319,#320);
#318 = CARTESIAN_POINT('',(-42.,-0.637254901961,-31.));
#319 = DIRECTION('',(-1.,1.229464071069E-14,8.897968055207E-17));
#320 = DIRECTION('',(-1.229464071069E-14,-1.,1.107797022873E-30));
#321 = ADVANCED_FACE('',(#322),#341,.T.);
#322 = FACE_BOUND('',#323,.T.);
#323 = EDGE_LOOP('',(#324,#325,#333,#340));
#324 = ORIENTED_EDGE('',*,*,#31,.T.);
#325 = ORIENTED_EDGE('',*,*,#326,.T.);
#326 = EDGE_CURVE('',#32,#327,#329,.T.);
#327 = VERTEX_POINT('',#328);
#328 = CARTESIAN_POINT('',(-34.5,2.5,16.));
#329 = LINE('',#330,#331);
#330 = CARTESIAN_POINT('',(-34.5,-8.288393192331E-14,16.));
#331 = VECTOR('',#332,1.);
#332 = DIRECTION('',(-1.553592893122E-16,1.,0.));
#333 = ORIENTED_EDGE('',*,*,#334,.F.);
#334 = EDGE_CURVE('',#255,#327,#335,.T.);
#335 = CIRCLE('',#336,7.5);
#336 = AXIS2_PLACEMENT_3D('',#337,#338,#339);
#337 = CARTESIAN_POINT('',(-34.5,2.5,8.5));
#338 = DIRECTION('',(-1.553592893122E-16,1.,0.));
#339 = DIRECTION('',(-1.,-1.553592893122E-16,0.));
#340 = ORIENTED_EDGE('',*,*,#254,.F.);
#341 = CYLINDRICAL_SURFACE('',#342,7.5);
#342 = AXIS2_PLACEMENT_3D('',#343,#344,#345);
#343 = CARTESIAN_POINT('',(-34.5,-8.288393192331E-14,8.5));
#344 = DIRECTION('',(-1.553592893122E-16,1.,0.));
#345 = DIRECTION('',(-1.,-1.553592893122E-16,8.897968055207E-17));
#346 = ADVANCED_FACE('',(#347),#365,.T.);
#347 = FACE_BOUND('',#348,.T.);
#348 = EDGE_LOOP('',(#349,#357,#358,#359));
#349 = ORIENTED_EDGE('',*,*,#350,.F.);
#350 = EDGE_CURVE('',#327,#351,#353,.T.);
#351 = VERTEX_POINT('',#352);
#352 = CARTESIAN_POINT('',(39.5,2.5,16.));
#353 = LINE('',#354,#355);
#354 = CARTESIAN_POINT('',(-42.,2.5,16.));
#355 = VECTOR('',#356,1.);
#356 = DIRECTION('',(1.,1.553592893122E-16,-8.897968055207E-17));
#357 = ORIENTED_EDGE('',*,*,#326,.F.);
#358 = ORIENTED_EDGE('',*,*,#40,.T.);
#359 = ORIENTED_EDGE('',*,*,#360,.T.);
#360 = EDGE_CURVE('',#41,#351,#361,.T.);
#361 = LINE('',#362,#363);
#362 = CARTESIAN_POINT('',(39.5,3.278295539359E-14,16.));
#363 = VECTOR('',#364,1.);
#364 = DIRECTION('',(-1.553592893122E-16,1.,0.));
#365 = PLANE('',#366);
#366 = AXIS2_PLACEMENT_3D('',#367,#368,#369);
#367 = CARTESIAN_POINT('',(-42.,9.325873406851E-15,16.));
#368 = DIRECTION('',(8.897968055207E-17,1.972152263053E-31,1.));
#369 = DIRECTION('',(1.,1.553592893122E-16,-8.897968055207E-17));
#370 = ADVANCED_FACE('',(#371),#390,.T.);
#371 = FACE_BOUND('',#372,.T.);
#372 = EDGE_LOOP('',(#373,#374,#375,#384));
#373 = ORIENTED_EDGE('',*,*,#90,.T.);
#374 = ORIENTED_EDGE('',*,*,#310,.T.);
#375 = ORIENTED_EDGE('',*,*,#376,.F.);
#376 = EDGE_CURVE('',#377,#303,#379,.T.);
#377 = VERTEX_POINT('',#378);
#378 = CARTESIAN_POINT('',(-41.,-5.5,2.39808173319E-14));
#379 = CIRCLE('',#380,1.);
#380 = AXIS2_PLACEMENT_3D('',#381,#382,#383);
#381 = CARTESIAN_POINT('',(-41.,-5.5,-1.));
#382 = DIRECTION('',(1.553592893122E-16,-1.,0.));
#383 = DIRECTION('',(1.,1.553592893122E-16,0.));
#384 = ORIENTED_EDGE('',*,*,#385,.F.);
#385 = EDGE_CURVE('',#83,#377,#386,.T.);
#386 = LINE('',#387,#388);
#387 = CARTESIAN_POINT('',(-41.,1.028035584814E-15,2.39808173319E-14));
#388 = VECTOR('',#389,1.);
#389 = DIRECTION('',(1.553592893122E-16,-1.,0.));
#390 = CYLINDRICAL_SURFACE('',#391,1.);
#391 = AXIS2_PLACEMENT_3D('',#392,#393,#394);
#392 = CARTESIAN_POINT('',(-41.,1.028035584814E-15,-1.));
#393 = DIRECTION('',(1.553592893122E-16,-1.,0.));
#394 = DIRECTION('',(1.088979680552E-15,1.69183109246E-31,1.));
#395 = ADVANCED_FACE('',(#396),#415,.T.);
#396 = FACE_BOUND('',#397,.F.);
#397 = EDGE_LOOP('',(#398,#399,#400,#409));
#398 = ORIENTED_EDGE('',*,*,#48,.T.);
#399 = ORIENTED_EDGE('',*,*,#360,.T.);
#400 = ORIENTED_EDGE('',*,*,#401,.F.);
#401 = EDGE_CURVE('',#402,#351,#404,.T.);
#402 = VERTEX_POINT('',#403);
#403 = CARTESIAN_POINT('',(47.,2.5,8.5));
#404 = CIRCLE('',#405,7.5);
#405 = AXIS2_PLACEMENT_3D('',#406,#407,#408);
#406 = CARTESIAN_POINT('',(39.5,2.5,8.5));
#407 = DIRECTION('',(1.553592893122E-16,-1.,-0.));
#408 = DIRECTION('',(-1.,-1.553592893122E-16,0.));
#409 = ORIENTED_EDGE('',*,*,#410,.F.);
#410 = EDGE_CURVE('',#49,#402,#411,.T.);
#411 = LINE('',#412,#413);
#412 = CARTESIAN_POINT('',(47.,3.394815006343E-14,8.5));
#413 = VECTOR('',#414,1.);
#414 = DIRECTION('',(-1.553592893122E-16,1.,0.));
#415 = CYLINDRICAL_SURFACE('',#416,7.5);
#416 = AXIS2_PLACEMENT_3D('',#417,#418,#419);
#417 = CARTESIAN_POINT('',(39.5,3.278295539359E-14,8.5));
#418 = DIRECTION('',(-1.553592893122E-16,1.,0.));
#419 = DIRECTION('',(1.,1.553592893122E-16,-8.897968055207E-17));
#420 = ADVANCED_FACE('',(#421),#439,.F.);
#421 = FACE_BOUND('',#422,.F.);
#422 = EDGE_LOOP('',(#423,#424,#432,#438));
#423 = ORIENTED_EDGE('',*,*,#82,.T.);
#424 = ORIENTED_EDGE('',*,*,#425,.T.);
#425 = EDGE_CURVE('',#74,#426,#428,.T.);
#426 = VERTEX_POINT('',#427);
#427 = CARTESIAN_POINT('',(46.,-5.5,-7.016609515631E-14));
#428 = LINE('',#429,#430);
#429 = CARTESIAN_POINT('',(46.,2.215683357364E-14,-7.016609515631E-14));
#430 = VECTOR('',#431,1.);
#431 = DIRECTION('',(1.553592893122E-16,-1.,0.));
#432 = ORIENTED_EDGE('',*,*,#433,.T.);
#433 = EDGE_CURVE('',#426,#377,#434,.T.);
#434 = LINE('',#435,#436);
#435 = CARTESIAN_POINT('',(47.,-5.5,-7.149836278586E-14));
#436 = VECTOR('',#437,1.);
#437 = DIRECTION('',(-1.,-1.553592893122E-16,1.088979680552E-15));
#438 = ORIENTED_EDGE('',*,*,#385,.F.);
#439 = PLANE('',#440);
#440 = AXIS2_PLACEMENT_3D('',#441,#442,#443);
#441 = CARTESIAN_POINT('',(47.,2.5,-7.149836278586E-14));
#442 = DIRECTION('',(-1.088979680552E-15,-3.525745156175E-31,-1.));
#443 = DIRECTION('',(1.553592893122E-16,-1.,0.));
#444 = ADVANCED_FACE('',(#445),#504,.T.);
#445 = FACE_BOUND('',#446,.T.);
#446 = EDGE_LOOP('',(#447,#448,#449,#457,#465,#473,#481,#489,#497,#503)
  );
#447 = ORIENTED_EDGE('',*,*,#57,.F.);
#448 = ORIENTED_EDGE('',*,*,#65,.T.);
#449 = ORIENTED_EDGE('',*,*,#450,.T.);
#450 = EDGE_CURVE('',#66,#451,#453,.T.);
#451 = VERTEX_POINT('',#452);
#452 = CARTESIAN_POINT('',(47.,-5.5,-1.));
#453 = LINE('',#454,#455);
#454 = CARTESIAN_POINT('',(47.,2.231219286295E-14,-1.));
#455 = VECTOR('',#456,1.);
#456 = DIRECTION('',(1.553592893122E-16,-1.,0.));
#457 = ORIENTED_EDGE('',*,*,#458,.T.);
#458 = EDGE_CURVE('',#451,#459,#461,.T.);
#459 = VERTEX_POINT('',#460);
#460 = CARTESIAN_POINT('',(47.,-5.5,-61.));
#461 = LINE('',#462,#463);
#462 = CARTESIAN_POINT('',(47.,-5.5,-7.149836278586E-14));
#463 = VECTOR('',#464,1.);
#464 = DIRECTION('',(-1.088979680552E-15,-3.525745156175E-31,-1.));
#465 = ORIENTED_EDGE('',*,*,#466,.F.);
#466 = EDGE_CURVE('',#467,#459,#469,.T.);
#467 = VERTEX_POINT('',#468);
#468 = CARTESIAN_POINT('',(47.,2.315285015564E-14,-61.));
#469 = LINE('',#470,#471);
#470 = CARTESIAN_POINT('',(47.,2.852944180085E-14,-61.));
#471 = VECTOR('',#472,1.);
#472 = DIRECTION('',(1.553592893122E-16,-1.,0.));
#473 = ORIENTED_EDGE('',*,*,#474,.F.);
#474 = EDGE_CURVE('',#475,#467,#477,.T.);
#475 = VERTEX_POINT('',#476);
#476 = CARTESIAN_POINT('',(47.,2.30926389122E-14,-62.));
#477 = LINE('',#478,#479);
#478 = CARTESIAN_POINT('',(47.,2.317825568515E-14,-46.5));
#479 = VECTOR('',#480,1.);
#480 = DIRECTION('',(8.897968055207E-17,1.38238199338E-32,1.));
#481 = ORIENTED_EDGE('',*,*,#482,.T.);
#482 = EDGE_CURVE('',#475,#483,#485,.T.);
#483 = VERTEX_POINT('',#484);
#484 = CARTESIAN_POINT('',(47.,2.353672812205E-14,-70.5));
#485 = LINE('',#486,#487);
#486 = CARTESIAN_POINT('',(47.,2.30926389122E-14,-62.));
#487 = VECTOR('',#488,1.);
#488 = DIRECTION('',(-8.897968055207E-17,-1.972152263053E-31,-1.));
#489 = ORIENTED_EDGE('',*,*,#490,.F.);
#490 = EDGE_CURVE('',#491,#483,#493,.T.);
#491 = VERTEX_POINT('',#492);
#492 = CARTESIAN_POINT('',(47.,2.5,-70.5));
#493 = LINE('',#494,#495);
#494 = CARTESIAN_POINT('',(47.,2.5,-70.5));
#495 = VECTOR('',#496,1.);
#496 = DIRECTION('',(1.553592893122E-16,-1.,0.));
#497 = ORIENTED_EDGE('',*,*,#498,.T.);
#498 = EDGE_CURVE('',#491,#402,#499,.T.);
#499 = LINE('',#500,#501);
#500 = CARTESIAN_POINT('',(47.,2.5,-3.734871708788E-15));
#501 = VECTOR('',#502,1.);
#502 = DIRECTION('',(8.897968055207E-17,1.972152263053E-31,1.));
#503 = ORIENTED_EDGE('',*,*,#410,.F.);
#504 = PLANE('',#505);
#505 = AXIS2_PLACEMENT_3D('',#506,#507,#508);
#506 = CARTESIAN_POINT('',(47.,-0.637254901961,-31.));
#507 = DIRECTION('',(1.,-1.284640710688E-15,-8.897968055207E-17));
#508 = DIRECTION('',(1.284640710688E-15,1.,-1.28130739995E-31));
#509 = ADVANCED_FACE('',(#510),#522,.T.);
#510 = FACE_BOUND('',#511,.T.);
#511 = EDGE_LOOP('',(#512,#513,#514,#521));
#512 = ORIENTED_EDGE('',*,*,#73,.T.);
#513 = ORIENTED_EDGE('',*,*,#425,.T.);
#514 = ORIENTED_EDGE('',*,*,#515,.F.);
#515 = EDGE_CURVE('',#451,#426,#516,.T.);
#516 = CIRCLE('',#517,1.);
#517 = AXIS2_PLACEMENT_3D('',#518,#519,#520);
#518 = CARTESIAN_POINT('',(46.,-5.5,-1.));
#519 = DIRECTION('',(1.553592893122E-16,-1.,0.));
#520 = DIRECTION('',(1.,1.553592893122E-16,0.));
#521 = ORIENTED_EDGE('',*,*,#450,.F.);
#522 = CYLINDRICAL_SURFACE('',#523,1.);
#523 = AXIS2_PLACEMENT_3D('',#524,#525,#526);
#524 = CARTESIAN_POINT('',(46.,2.215683357364E-14,-1.));
#525 = DIRECTION('',(1.553592893122E-16,-1.,0.));
#526 = DIRECTION('',(1.,1.553592893122E-16,-8.897968055207E-17));
#527 = ADVANCED_FACE('',(#528),#553,.T.);
#528 = FACE_BOUND('',#529,.T.);
#529 = EDGE_LOOP('',(#530,#531,#539,#547));
#530 = ORIENTED_EDGE('',*,*,#107,.F.);
#531 = ORIENTED_EDGE('',*,*,#532,.T.);
#532 = EDGE_CURVE('',#108,#533,#535,.T.);
#533 = VERTEX_POINT('',#534);
#534 = CARTESIAN_POINT('',(5.,2.5,7.99));
#535 = LINE('',#536,#537);
#536 = CARTESIAN_POINT('',(5.,7.582429634332E-15,7.99));
#537 = VECTOR('',#538,1.);
#538 = DIRECTION('',(0.,1.,-7.395570986447E-32));
#539 = ORIENTED_EDGE('',*,*,#540,.T.);
#540 = EDGE_CURVE('',#533,#541,#543,.T.);
#541 = VERTEX_POINT('',#542);
#542 = CARTESIAN_POINT('',(5.,2.5,8.01));
#543 = LINE('',#544,#545);
#544 = CARTESIAN_POINT('',(5.,2.5,0.));
#545 = VECTOR('',#546,1.);
#546 = DIRECTION('',(0.,0.,1.));
#547 = ORIENTED_EDGE('',*,*,#548,.F.);
#548 = EDGE_CURVE('',#110,#541,#549,.T.);
#549 = LINE('',#550,#551);
#550 = CARTESIAN_POINT('',(5.,7.582429634332E-15,8.01));
#551 = VECTOR('',#552,1.);
#552 = DIRECTION('',(0.,1.,-7.395570986447E-32));
#553 = PLANE('',#554);
#554 = AXIS2_PLACEMENT_3D('',#555,#556,#557);
#555 = CARTESIAN_POINT('',(5.,0.,0.));
#556 = DIRECTION('',(1.,0.,0.));
#557 = DIRECTION('',(0.,0.,1.));
#558 = ADVANCED_FACE('',(#559),#578,.F.);
#559 = FACE_BOUND('',#560,.T.);
#560 = EDGE_LOOP('',(#561,#562,#570,#577));
#561 = ORIENTED_EDGE('',*,*,#117,.T.);
#562 = ORIENTED_EDGE('',*,*,#563,.T.);
#563 = EDGE_CURVE('',#118,#564,#566,.T.);
#564 = VERTEX_POINT('',#565);
#565 = CARTESIAN_POINT('',(7.99,2.5,5.));
#566 = LINE('',#567,#568);
#567 = CARTESIAN_POINT('',(7.99,7.582429634332E-15,5.));
#568 = VECTOR('',#569,1.);
#569 = DIRECTION('',(0.,1.,-7.395570986447E-32));
#570 = ORIENTED_EDGE('',*,*,#571,.F.);
#571 = EDGE_CURVE('',#533,#564,#572,.T.);
#572 = CIRCLE('',#573,2.99);
#573 = AXIS2_PLACEMENT_3D('',#574,#575,#576);
#574 = CARTESIAN_POINT('',(7.99,2.5,7.99));
#575 = DIRECTION('',(0.,-1.,7.395570986447E-32));
#576 = DIRECTION('',(0.,7.395570986447E-32,1.));
#577 = ORIENTED_EDGE('',*,*,#532,.F.);
#578 = CYLINDRICAL_SURFACE('',#579,2.99);
#579 = AXIS2_PLACEMENT_3D('',#580,#581,#582);
#580 = CARTESIAN_POINT('',(7.99,7.582429634332E-15,7.99));
#581 = DIRECTION('',(0.,1.,-7.395570986447E-32));
#582 = DIRECTION('',(-1.,0.,0.));
#583 = ADVANCED_FACE('',(#584),#603,.F.);
#584 = FACE_BOUND('',#585,.F.);
#585 = EDGE_LOOP('',(#586,#587,#595,#602));
#586 = ORIENTED_EDGE('',*,*,#168,.T.);
#587 = ORIENTED_EDGE('',*,*,#588,.T.);
#588 = EDGE_CURVE('',#161,#589,#591,.T.);
#589 = VERTEX_POINT('',#590);
#590 = CARTESIAN_POINT('',(7.99,2.5,11.));
#591 = LINE('',#592,#593);
#592 = CARTESIAN_POINT('',(7.99,7.582429634332E-15,11.));
#593 = VECTOR('',#594,1.);
#594 = DIRECTION('',(0.,1.,-7.395570986447E-32));
#595 = ORIENTED_EDGE('',*,*,#596,.F.);
#596 = EDGE_CURVE('',#541,#589,#597,.T.);
#597 = CIRCLE('',#598,2.99);
#598 = AXIS2_PLACEMENT_3D('',#599,#600,#601);
#599 = CARTESIAN_POINT('',(7.99,2.5,8.01));
#600 = DIRECTION('',(0.,1.,-7.395570986447E-32));
#601 = DIRECTION('',(0.,7.395570986447E-32,1.));
#602 = ORIENTED_EDGE('',*,*,#548,.F.);
#603 = CYLINDRICAL_SURFACE('',#604,2.99);
#604 = AXIS2_PLACEMENT_3D('',#605,#606,#607);
#605 = CARTESIAN_POINT('',(7.99,7.582429634332E-15,8.01));
#606 = DIRECTION('',(0.,1.,-7.395570986447E-32));
#607 = DIRECTION('',(-1.,0.,0.));
#608 = ADVANCED_FACE('',(#609),#627,.T.);
#609 = FACE_BOUND('',#610,.T.);
#610 = EDGE_LOOP('',(#611,#619,#620,#621));
#611 = ORIENTED_EDGE('',*,*,#612,.F.);
#612 = EDGE_CURVE('',#564,#613,#615,.T.);
#613 = VERTEX_POINT('',#614);
#614 = CARTESIAN_POINT('',(39.01,2.5,5.));
#615 = LINE('',#616,#617);
#616 = CARTESIAN_POINT('',(-37.,2.5,5.));
#617 = VECTOR('',#618,1.);
#618 = DIRECTION('',(1.,6.422496014241E-17,-8.072810708219E-17));
#619 = ORIENTED_EDGE('',*,*,#563,.F.);
#620 = ORIENTED_EDGE('',*,*,#126,.T.);
#621 = ORIENTED_EDGE('',*,*,#622,.T.);
#622 = EDGE_CURVE('',#127,#613,#623,.T.);
#623 = LINE('',#624,#625);
#624 = CARTESIAN_POINT('',(39.01,9.766720528775E-15,5.));
#625 = VECTOR('',#626,1.);
#626 = DIRECTION('',(-6.422496014241E-17,1.,0.));
#627 = PLANE('',#628);
#628 = AXIS2_PLACEMENT_3D('',#629,#630,#631);
#629 = CARTESIAN_POINT('',(-37.,4.884981308351E-15,5.));
#630 = DIRECTION('',(8.072810708219E-17,7.395570986447E-32,1.));
#631 = DIRECTION('',(1.,6.422496014241E-17,-8.072810708219E-17));
#632 = ADVANCED_FACE('',(#633),#651,.F.);
#633 = FACE_BOUND('',#634,.F.);
#634 = EDGE_LOOP('',(#635,#643,#644,#645));
#635 = ORIENTED_EDGE('',*,*,#636,.F.);
#636 = EDGE_CURVE('',#589,#637,#639,.T.);
#637 = VERTEX_POINT('',#638);
#638 = CARTESIAN_POINT('',(39.01,2.5,11.));
#639 = LINE('',#640,#641);
#640 = CARTESIAN_POINT('',(-37.,2.5,11.));
#641 = VECTOR('',#642,1.);
#642 = DIRECTION('',(1.,6.422496014241E-17,-8.072810708219E-17));
#643 = ORIENTED_EDGE('',*,*,#588,.F.);
#644 = ORIENTED_EDGE('',*,*,#160,.T.);
#645 = ORIENTED_EDGE('',*,*,#646,.T.);
#646 = EDGE_CURVE('',#152,#637,#647,.T.);
#647 = LINE('',#648,#649);
#648 = CARTESIAN_POINT('',(39.01,9.766720528775E-15,11.));
#649 = VECTOR('',#650,1.);
#650 = DIRECTION('',(-6.422496014241E-17,1.,0.));
#651 = PLANE('',#652);
#652 = AXIS2_PLACEMENT_3D('',#653,#654,#655);
#653 = CARTESIAN_POINT('',(-37.,4.884981308351E-15,11.));
#654 = DIRECTION('',(8.072810708219E-17,7.395570986447E-32,1.));
#655 = DIRECTION('',(1.,6.422496014241E-17,-8.072810708219E-17));
#656 = ADVANCED_FACE('',(#657),#676,.F.);
#657 = FACE_BOUND('',#658,.T.);
#658 = EDGE_LOOP('',(#659,#660,#668,#675));
#659 = ORIENTED_EDGE('',*,*,#134,.T.);
#660 = ORIENTED_EDGE('',*,*,#661,.T.);
#661 = EDGE_CURVE('',#135,#662,#664,.T.);
#662 = VERTEX_POINT('',#663);
#663 = CARTESIAN_POINT('',(42.,2.5,7.99));
#664 = LINE('',#665,#666);
#665 = CARTESIAN_POINT('',(42.,9.958753159601E-15,7.99));
#666 = VECTOR('',#667,1.);
#667 = DIRECTION('',(-6.422496014241E-17,1.,0.));
#668 = ORIENTED_EDGE('',*,*,#669,.F.);
#669 = EDGE_CURVE('',#613,#662,#670,.T.);
#670 = CIRCLE('',#671,2.99);
#671 = AXIS2_PLACEMENT_3D('',#672,#673,#674);
#672 = CARTESIAN_POINT('',(39.01,2.5,7.99));
#673 = DIRECTION('',(6.422496014241E-17,-1.,0.));
#674 = DIRECTION('',(-1.,-6.422496014241E-17,0.));
#675 = ORIENTED_EDGE('',*,*,#622,.F.);
#676 = CYLINDRICAL_SURFACE('',#677,2.99);
#677 = AXIS2_PLACEMENT_3D('',#678,#679,#680);
#678 = CARTESIAN_POINT('',(39.01,9.766720528775E-15,7.99));
#679 = DIRECTION('',(-6.422496014241E-17,1.,0.));
#680 = DIRECTION('',(-8.072810708219E-17,-5.184759459726E-33,-1.));
#681 = ADVANCED_FACE('',(#682),#701,.F.);
#682 = FACE_BOUND('',#683,.T.);
#683 = EDGE_LOOP('',(#684,#685,#686,#695));
#684 = ORIENTED_EDGE('',*,*,#151,.T.);
#685 = ORIENTED_EDGE('',*,*,#646,.T.);
#686 = ORIENTED_EDGE('',*,*,#687,.F.);
#687 = EDGE_CURVE('',#688,#637,#690,.T.);
#688 = VERTEX_POINT('',#689);
#689 = CARTESIAN_POINT('',(42.,2.5,8.01));
#690 = CIRCLE('',#691,2.99);
#691 = AXIS2_PLACEMENT_3D('',#692,#693,#694);
#692 = CARTESIAN_POINT('',(39.01,2.5,8.01));
#693 = DIRECTION('',(6.422496014241E-17,-1.,0.));
#694 = DIRECTION('',(-1.,-6.422496014241E-17,0.));
#695 = ORIENTED_EDGE('',*,*,#696,.F.);
#696 = EDGE_CURVE('',#144,#688,#697,.T.);
#697 = LINE('',#698,#699);
#698 = CARTESIAN_POINT('',(42.,9.958753159601E-15,8.01));
#699 = VECTOR('',#700,1.);
#700 = DIRECTION('',(-6.422496014241E-17,1.,0.));
#701 = CYLINDRICAL_SURFACE('',#702,2.99);
#702 = AXIS2_PLACEMENT_3D('',#703,#704,#705);
#703 = CARTESIAN_POINT('',(39.01,9.766720528775E-15,8.01));
#704 = DIRECTION('',(-6.422496014241E-17,1.,0.));
#705 = DIRECTION('',(1.,6.422496014241E-17,-8.072810708219E-17));
#706 = ADVANCED_FACE('',(#707),#718,.F.);
#707 = FACE_BOUND('',#708,.F.);
#708 = EDGE_LOOP('',(#709,#710,#711,#717));
#709 = ORIENTED_EDGE('',*,*,#143,.F.);
#710 = ORIENTED_EDGE('',*,*,#661,.T.);
#711 = ORIENTED_EDGE('',*,*,#712,.T.);
#712 = EDGE_CURVE('',#662,#688,#713,.T.);
#713 = LINE('',#714,#715);
#714 = CARTESIAN_POINT('',(42.,2.5,5.));
#715 = VECTOR('',#716,1.);
#716 = DIRECTION('',(8.072810708219E-17,7.395570986447E-32,1.));
#717 = ORIENTED_EDGE('',*,*,#696,.F.);
#718 = PLANE('',#719);
#719 = AXIS2_PLACEMENT_3D('',#720,#721,#722);
#720 = CARTESIAN_POINT('',(42.,9.958753159601E-15,5.));
#721 = DIRECTION('',(1.,6.422496014241E-17,-8.072810708219E-17));
#722 = DIRECTION('',(8.072810708219E-17,7.395570986447E-32,1.));
#723 = ADVANCED_FACE('',(#724),#749,.F.);
#724 = FACE_BOUND('',#725,.F.);
#725 = EDGE_LOOP('',(#726,#727,#735,#743));
#726 = ORIENTED_EDGE('',*,*,#177,.F.);
#727 = ORIENTED_EDGE('',*,*,#728,.T.);
#728 = EDGE_CURVE('',#178,#729,#731,.T.);
#729 = VERTEX_POINT('',#730);
#730 = CARTESIAN_POINT('',(0.,2.5,7.99));
#731 = LINE('',#732,#733);
#732 = CARTESIAN_POINT('',(0.,7.26130483362E-15,7.99));
#733 = VECTOR('',#734,1.);
#734 = DIRECTION('',(0.,1.,-7.395570986447E-32));
#735 = ORIENTED_EDGE('',*,*,#736,.T.);
#736 = EDGE_CURVE('',#729,#737,#739,.T.);
#737 = VERTEX_POINT('',#738);
#738 = CARTESIAN_POINT('',(4.440892098501E-16,2.5,8.01));
#739 = LINE('',#740,#741);
#740 = CARTESIAN_POINT('',(0.,2.5,0.));
#741 = VECTOR('',#742,1.);
#742 = DIRECTION('',(0.,0.,1.));
#743 = ORIENTED_EDGE('',*,*,#744,.F.);
#744 = EDGE_CURVE('',#180,#737,#745,.T.);
#745 = LINE('',#746,#747);
#746 = CARTESIAN_POINT('',(4.440892098501E-16,7.26130483362E-15,8.01));
#747 = VECTOR('',#748,1.);
#748 = DIRECTION('',(0.,1.,-7.395570986447E-32));
#749 = PLANE('',#750);
#750 = AXIS2_PLACEMENT_3D('',#751,#752,#753);
#751 = CARTESIAN_POINT('',(0.,0.,0.));
#752 = DIRECTION('',(1.,0.,0.));
#753 = DIRECTION('',(0.,0.,1.));
#754 = ADVANCED_FACE('',(#755),#774,.F.);
#755 = FACE_BOUND('',#756,.F.);
#756 = EDGE_LOOP('',(#757,#758,#766,#773));
#757 = ORIENTED_EDGE('',*,*,#238,.T.);
#758 = ORIENTED_EDGE('',*,*,#759,.T.);
#759 = EDGE_CURVE('',#231,#760,#762,.T.);
#760 = VERTEX_POINT('',#761);
#761 = CARTESIAN_POINT('',(-2.99,2.5,5.));
#762 = LINE('',#763,#764);
#763 = CARTESIAN_POINT('',(-2.99,7.26130483362E-15,5.));
#764 = VECTOR('',#765,1.);
#765 = DIRECTION('',(0.,1.,-7.395570986447E-32));
#766 = ORIENTED_EDGE('',*,*,#767,.F.);
#767 = EDGE_CURVE('',#729,#760,#768,.T.);
#768 = CIRCLE('',#769,2.99);
#769 = AXIS2_PLACEMENT_3D('',#770,#771,#772);
#770 = CARTESIAN_POINT('',(-2.99,2.5,7.99));
#771 = DIRECTION('',(0.,1.,-7.395570986447E-32));
#772 = DIRECTION('',(0.,7.395570986447E-32,1.));
#773 = ORIENTED_EDGE('',*,*,#728,.F.);
#774 = CYLINDRICAL_SURFACE('',#775,2.99);
#775 = AXIS2_PLACEMENT_3D('',#776,#777,#778);
#776 = CARTESIAN_POINT('',(-2.99,7.26130483362E-15,7.99));
#777 = DIRECTION('',(0.,1.,-7.395570986447E-32));
#778 = DIRECTION('',(1.,0.,0.));
#779 = ADVANCED_FACE('',(#780),#799,.F.);
#780 = FACE_BOUND('',#781,.T.);
#781 = EDGE_LOOP('',(#782,#783,#791,#798));
#782 = ORIENTED_EDGE('',*,*,#187,.T.);
#783 = ORIENTED_EDGE('',*,*,#784,.T.);
#784 = EDGE_CURVE('',#188,#785,#787,.T.);
#785 = VERTEX_POINT('',#786);
#786 = CARTESIAN_POINT('',(-2.99,2.5,11.));
#787 = LINE('',#788,#789);
#788 = CARTESIAN_POINT('',(-2.99,7.26130483362E-15,11.));
#789 = VECTOR('',#790,1.);
#790 = DIRECTION('',(0.,1.,-7.395570986447E-32));
#791 = ORIENTED_EDGE('',*,*,#792,.F.);
#792 = EDGE_CURVE('',#737,#785,#793,.T.);
#793 = CIRCLE('',#794,2.99);
#794 = AXIS2_PLACEMENT_3D('',#795,#796,#797);
#795 = CARTESIAN_POINT('',(-2.99,2.5,8.01));
#796 = DIRECTION('',(0.,-1.,7.395570986447E-32));
#797 = DIRECTION('',(0.,7.395570986447E-32,1.));
#798 = ORIENTED_EDGE('',*,*,#744,.F.);
#799 = CYLINDRICAL_SURFACE('',#800,2.99);
#800 = AXIS2_PLACEMENT_3D('',#801,#802,#803);
#801 = CARTESIAN_POINT('',(-2.99,7.26130483362E-15,8.01));
#802 = DIRECTION('',(0.,1.,-7.395570986447E-32));
#803 = DIRECTION('',(1.,0.,0.));
#804 = ADVANCED_FACE('',(#805),#823,.T.);
#805 = FACE_BOUND('',#806,.T.);
#806 = EDGE_LOOP('',(#807,#815,#821,#822));
#807 = ORIENTED_EDGE('',*,*,#808,.F.);
#808 = EDGE_CURVE('',#809,#760,#811,.T.);
#809 = VERTEX_POINT('',#810);
#810 = CARTESIAN_POINT('',(-34.01,2.5,5.));
#811 = LINE('',#812,#813);
#812 = CARTESIAN_POINT('',(-37.,2.5,5.));
#813 = VECTOR('',#814,1.);
#814 = DIRECTION('',(1.,6.422496014241E-17,-8.072810708219E-17));
#815 = ORIENTED_EDGE('',*,*,#816,.F.);
#816 = EDGE_CURVE('',#222,#809,#817,.T.);
#817 = LINE('',#818,#819);
#818 = CARTESIAN_POINT('',(-34.01,5.077013939177E-15,5.));
#819 = VECTOR('',#820,1.);
#820 = DIRECTION('',(-6.422496014241E-17,1.,0.));
#821 = ORIENTED_EDGE('',*,*,#230,.T.);
#822 = ORIENTED_EDGE('',*,*,#759,.T.);
#823 = PLANE('',#824);
#824 = AXIS2_PLACEMENT_3D('',#825,#826,#827);
#825 = CARTESIAN_POINT('',(-37.,4.884981308351E-15,5.));
#826 = DIRECTION('',(8.072810708219E-17,7.395570986447E-32,1.));
#827 = DIRECTION('',(1.,6.422496014241E-17,-8.072810708219E-17));
#828 = ADVANCED_FACE('',(#829),#847,.F.);
#829 = FACE_BOUND('',#830,.F.);
#830 = EDGE_LOOP('',(#831,#839,#845,#846));
#831 = ORIENTED_EDGE('',*,*,#832,.F.);
#832 = EDGE_CURVE('',#833,#785,#835,.T.);
#833 = VERTEX_POINT('',#834);
#834 = CARTESIAN_POINT('',(-34.01,2.5,11.));
#835 = LINE('',#836,#837);
#836 = CARTESIAN_POINT('',(-37.,2.5,11.));
#837 = VECTOR('',#838,1.);
#838 = DIRECTION('',(1.,6.422496014241E-17,-8.072810708219E-17));
#839 = ORIENTED_EDGE('',*,*,#840,.F.);
#840 = EDGE_CURVE('',#197,#833,#841,.T.);
#841 = LINE('',#842,#843);
#842 = CARTESIAN_POINT('',(-34.01,5.077013939177E-15,11.));
#843 = VECTOR('',#844,1.);
#844 = DIRECTION('',(-6.422496014241E-17,1.,0.));
#845 = ORIENTED_EDGE('',*,*,#196,.T.);
#846 = ORIENTED_EDGE('',*,*,#784,.T.);
#847 = PLANE('',#848);
#848 = AXIS2_PLACEMENT_3D('',#849,#850,#851);
#849 = CARTESIAN_POINT('',(-37.,4.884981308351E-15,11.));
#850 = DIRECTION('',(8.072810708219E-17,7.395570986447E-32,1.));
#851 = DIRECTION('',(1.,6.422496014241E-17,-8.072810708219E-17));
#852 = ADVANCED_FACE('',(#853),#872,.F.);
#853 = FACE_BOUND('',#854,.T.);
#854 = EDGE_LOOP('',(#855,#856,#857,#866));
#855 = ORIENTED_EDGE('',*,*,#221,.T.);
#856 = ORIENTED_EDGE('',*,*,#816,.T.);
#857 = ORIENTED_EDGE('',*,*,#858,.F.);
#858 = EDGE_CURVE('',#859,#809,#861,.T.);
#859 = VERTEX_POINT('',#860);
#860 = CARTESIAN_POINT('',(-37.,2.5,7.99));
#861 = CIRCLE('',#862,2.99);
#862 = AXIS2_PLACEMENT_3D('',#863,#864,#865);
#863 = CARTESIAN_POINT('',(-34.01,2.5,7.99));
#864 = DIRECTION('',(6.422496014241E-17,-1.,0.));
#865 = DIRECTION('',(-1.,-6.422496014241E-17,0.));
#866 = ORIENTED_EDGE('',*,*,#867,.F.);
#867 = EDGE_CURVE('',#214,#859,#868,.T.);
#868 = LINE('',#869,#870);
#869 = CARTESIAN_POINT('',(-37.,4.884981308351E-15,7.99));
#870 = VECTOR('',#871,1.);
#871 = DIRECTION('',(-6.422496014241E-17,1.,0.));
#872 = CYLINDRICAL_SURFACE('',#873,2.99);
#873 = AXIS2_PLACEMENT_3D('',#874,#875,#876);
#874 = CARTESIAN_POINT('',(-34.01,5.077013939177E-15,7.99));
#875 = DIRECTION('',(-6.422496014241E-17,1.,0.));
#876 = DIRECTION('',(-1.,-6.422496014241E-17,8.072810708219E-17));
#877 = ADVANCED_FACE('',(#878),#897,.F.);
#878 = FACE_BOUND('',#879,.T.);
#879 = EDGE_LOOP('',(#880,#881,#889,#896));
#880 = ORIENTED_EDGE('',*,*,#204,.T.);
#881 = ORIENTED_EDGE('',*,*,#882,.T.);
#882 = EDGE_CURVE('',#205,#883,#885,.T.);
#883 = VERTEX_POINT('',#884);
#884 = CARTESIAN_POINT('',(-37.,2.5,8.01));
#885 = LINE('',#886,#887);
#886 = CARTESIAN_POINT('',(-37.,4.884981308351E-15,8.01));
#887 = VECTOR('',#888,1.);
#888 = DIRECTION('',(-6.422496014241E-17,1.,0.));
#889 = ORIENTED_EDGE('',*,*,#890,.F.);
#890 = EDGE_CURVE('',#833,#883,#891,.T.);
#891 = CIRCLE('',#892,2.99);
#892 = AXIS2_PLACEMENT_3D('',#893,#894,#895);
#893 = CARTESIAN_POINT('',(-34.01,2.5,8.01));
#894 = DIRECTION('',(6.422496014241E-17,-1.,0.));
#895 = DIRECTION('',(-1.,-6.422496014241E-17,0.));
#896 = ORIENTED_EDGE('',*,*,#840,.F.);
#897 = CYLINDRICAL_SURFACE('',#898,2.99);
#898 = AXIS2_PLACEMENT_3D('',#899,#900,#901);
#899 = CARTESIAN_POINT('',(-34.01,5.077013939177E-15,8.01));
#900 = DIRECTION('',(-6.422496014241E-17,1.,0.));
#901 = DIRECTION('',(8.072810708219E-17,5.184759459726E-33,1.));
#902 = ADVANCED_FACE('',(#903),#914,.T.);
#903 = FACE_BOUND('',#904,.T.);
#904 = EDGE_LOOP('',(#905,#906,#907,#913));
#905 = ORIENTED_EDGE('',*,*,#213,.F.);
#906 = ORIENTED_EDGE('',*,*,#867,.T.);
#907 = ORIENTED_EDGE('',*,*,#908,.T.);
#908 = EDGE_CURVE('',#859,#883,#909,.T.);
#909 = LINE('',#910,#911);
#910 = CARTESIAN_POINT('',(-37.,2.5,5.));
#911 = VECTOR('',#912,1.);
#912 = DIRECTION('',(8.072810708219E-17,7.395570986447E-32,1.));
#913 = ORIENTED_EDGE('',*,*,#882,.F.);
#914 = PLANE('',#915);
#915 = AXIS2_PLACEMENT_3D('',#916,#917,#918);
#916 = CARTESIAN_POINT('',(-37.,4.884981308351E-15,5.));
#917 = DIRECTION('',(1.,6.422496014241E-17,-8.072810708219E-17));
#918 = DIRECTION('',(8.072810708219E-17,7.395570986447E-32,1.));
#919 = ADVANCED_FACE('',(#920,#951,#1021,#1071,#1121,#1171,#1221,#1291,
    #1301),#1311,.T.);
#920 = FACE_BOUND('',#921,.T.);
#921 = EDGE_LOOP('',(#922,#923,#924,#925,#926,#927,#936,#944));
#922 = ORIENTED_EDGE('',*,*,#262,.F.);
#923 = ORIENTED_EDGE('',*,*,#334,.T.);
#924 = ORIENTED_EDGE('',*,*,#350,.T.);
#925 = ORIENTED_EDGE('',*,*,#401,.F.);
#926 = ORIENTED_EDGE('',*,*,#498,.F.);
#927 = ORIENTED_EDGE('',*,*,#928,.T.);
#928 = EDGE_CURVE('',#491,#929,#931,.T.);
#929 = VERTEX_POINT('',#930);
#930 = CARTESIAN_POINT('',(39.5,2.5,-78.));
#931 = CIRCLE('',#932,7.5);
#932 = AXIS2_PLACEMENT_3D('',#933,#934,#935);
#933 = CARTESIAN_POINT('',(39.5,2.5,-70.5));
#934 = DIRECTION('',(-1.553592893122E-16,1.,0.));
#935 = DIRECTION('',(1.,1.553592893122E-16,0.));
#936 = ORIENTED_EDGE('',*,*,#937,.F.);
#937 = EDGE_CURVE('',#938,#929,#940,.T.);
#938 = VERTEX_POINT('',#939);
#939 = CARTESIAN_POINT('',(-34.5,2.5,-78.));
#940 = LINE('',#941,#942);
#941 = CARTESIAN_POINT('',(-42.,2.5,-78.));
#942 = VECTOR('',#943,1.);
#943 = DIRECTION('',(1.,1.553592893122E-16,-8.897968055207E-17));
#944 = ORIENTED_EDGE('',*,*,#945,.F.);
#945 = EDGE_CURVE('',#263,#938,#946,.T.);
#946 = CIRCLE('',#947,7.5);
#947 = AXIS2_PLACEMENT_3D('',#948,#949,#950);
#948 = CARTESIAN_POINT('',(-34.5,2.5,-70.5));
#949 = DIRECTION('',(1.553592893122E-16,-1.,0.));
#950 = DIRECTION('',(1.,1.553592893122E-16,0.));
#951 = FACE_BOUND('',#952,.T.);
#952 = EDGE_LOOP('',(#953,#963,#972,#980,#989,#997,#1006,#1014));
#953 = ORIENTED_EDGE('',*,*,#954,.F.);
#954 = EDGE_CURVE('',#955,#957,#959,.T.);
#955 = VERTEX_POINT('',#956);
#956 = CARTESIAN_POINT('',(7.99,2.5,-67.));
#957 = VERTEX_POINT('',#958);
#958 = CARTESIAN_POINT('',(39.01,2.5,-67.));
#959 = LINE('',#960,#961);
#960 = CARTESIAN_POINT('',(-37.,2.5,-67.));
#961 = VECTOR('',#962,1.);
#962 = DIRECTION('',(1.,5.597338667253E-17,1.040622208762E-17));
#963 = ORIENTED_EDGE('',*,*,#964,.F.);
#964 = EDGE_CURVE('',#965,#955,#967,.T.);
#965 = VERTEX_POINT('',#966);
#966 = CARTESIAN_POINT('',(5.,2.5,-69.99));
#967 = CIRCLE('',#968,2.99);
#968 = AXIS2_PLACEMENT_3D('',#969,#970,#971);
#969 = CARTESIAN_POINT('',(7.99,2.5,-69.99));
#970 = DIRECTION('',(8.897968055207E-17,1.,4.440892098501E-16));
#971 = DIRECTION('',(0.,4.440892098501E-16,-1.));
#972 = ORIENTED_EDGE('',*,*,#973,.T.);
#973 = EDGE_CURVE('',#965,#974,#976,.T.);
#974 = VERTEX_POINT('',#975);
#975 = CARTESIAN_POINT('',(5.,2.5,-70.01));
#976 = LINE('',#977,#978);
#977 = CARTESIAN_POINT('',(5.,2.5,-62.));
#978 = VECTOR('',#979,1.);
#979 = DIRECTION('',(6.422496014241E-17,4.440892098501E-16,-1.));
#980 = ORIENTED_EDGE('',*,*,#981,.F.);
#981 = EDGE_CURVE('',#982,#974,#984,.T.);
#982 = VERTEX_POINT('',#983);
#983 = CARTESIAN_POINT('',(7.99,2.5,-73.));
#984 = CIRCLE('',#985,2.99);
#985 = AXIS2_PLACEMENT_3D('',#986,#987,#988);
#986 = CARTESIAN_POINT('',(7.99,2.5,-70.01));
#987 = DIRECTION('',(8.897968055207E-17,1.,4.440892098501E-16));
#988 = DIRECTION('',(0.,4.440892098501E-16,-1.));
#989 = ORIENTED_EDGE('',*,*,#990,.T.);
#990 = EDGE_CURVE('',#982,#991,#993,.T.);
#991 = VERTEX_POINT('',#992);
#992 = CARTESIAN_POINT('',(39.01,2.5,-73.));
#993 = LINE('',#994,#995);
#994 = CARTESIAN_POINT('',(-37.,2.5,-73.));
#995 = VECTOR('',#996,1.);
#996 = DIRECTION('',(1.,5.597338667253E-17,1.040622208762E-17));
#997 = ORIENTED_EDGE('',*,*,#998,.T.);
#998 = EDGE_CURVE('',#991,#999,#1001,.T.);
#999 = VERTEX_POINT('',#1000);
#1000 = CARTESIAN_POINT('',(42.,2.5,-70.01));
#1001 = CIRCLE('',#1002,2.99);
#1002 = AXIS2_PLACEMENT_3D('',#1003,#1004,#1005);
#1003 = CARTESIAN_POINT('',(39.01,2.5,-70.01));
#1004 = DIRECTION('',(5.597338667253E-17,-1.,-4.440892098501E-16));
#1005 = DIRECTION('',(0.,4.440892098501E-16,-1.));
#1006 = ORIENTED_EDGE('',*,*,#1007,.F.);
#1007 = EDGE_CURVE('',#1008,#999,#1010,.T.);
#1008 = VERTEX_POINT('',#1009);
#1009 = CARTESIAN_POINT('',(42.,2.5,-69.99));
#1010 = LINE('',#1011,#1012);
#1011 = CARTESIAN_POINT('',(42.,2.5,-67.));
#1012 = VECTOR('',#1013,1.);
#1013 = DIRECTION('',(1.040622208762E-17,4.440892098501E-16,-1.));
#1014 = ORIENTED_EDGE('',*,*,#1015,.F.);
#1015 = EDGE_CURVE('',#957,#1008,#1016,.T.);
#1016 = CIRCLE('',#1017,2.99);
#1017 = AXIS2_PLACEMENT_3D('',#1018,#1019,#1020);
#1018 = CARTESIAN_POINT('',(39.01,2.5,-69.99));
#1019 = DIRECTION('',(-5.597338667253E-17,1.,4.440892098501E-16));
#1020 = DIRECTION('',(0.,4.440892098501E-16,-1.));
#1021 = FACE_BOUND('',#1022,.T.);
#1022 = EDGE_LOOP('',(#1023,#1033,#1041,#1049,#1057,#1065));
#1023 = ORIENTED_EDGE('',*,*,#1024,.T.);
#1024 = EDGE_CURVE('',#1025,#1027,#1029,.T.);
#1025 = VERTEX_POINT('',#1026);
#1026 = CARTESIAN_POINT('',(-36.,2.5,-59.));
#1027 = VERTEX_POINT('',#1028);
#1028 = CARTESIAN_POINT('',(-33.40192378864,2.5,-57.5));
#1029 = LINE('',#1030,#1031);
#1030 = CARTESIAN_POINT('',(-36.,2.5,-59.));
#1031 = VECTOR('',#1032,1.);
#1032 = DIRECTION('',(0.866025403784,1.345450912583E-16,0.5));
#1033 = ORIENTED_EDGE('',*,*,#1034,.T.);
#1034 = EDGE_CURVE('',#1027,#1035,#1037,.T.);
#1035 = VERTEX_POINT('',#1036);
#1036 = CARTESIAN_POINT('',(-33.40192378864,2.5,-54.5));
#1037 = LINE('',#1038,#1039);
#1038 = CARTESIAN_POINT('',(-33.40192378864,2.5,-57.5));
#1039 = VECTOR('',#1040,1.);
#1040 = DIRECTION('',(-7.610203194479E-16,6.515983038986E-32,1.));
#1041 = ORIENTED_EDGE('',*,*,#1042,.T.);
#1042 = EDGE_CURVE('',#1035,#1043,#1045,.T.);
#1043 = VERTEX_POINT('',#1044);
#1044 = CARTESIAN_POINT('',(-36.,2.5,-53.));
#1045 = LINE('',#1046,#1047);
#1046 = CARTESIAN_POINT('',(-33.40192378864,2.5,-54.5));
#1047 = VECTOR('',#1048,1.);
#1048 = DIRECTION('',(-0.866025403784,-1.345450912583E-16,0.5));
#1049 = ORIENTED_EDGE('',*,*,#1050,.T.);
#1050 = EDGE_CURVE('',#1043,#1051,#1053,.T.);
#1051 = VERTEX_POINT('',#1052);
#1052 = CARTESIAN_POINT('',(-38.59807621135,2.5,-54.5));
#1053 = LINE('',#1054,#1055);
#1054 = CARTESIAN_POINT('',(-36.,2.5,-53.));
#1055 = VECTOR('',#1056,1.);
#1056 = DIRECTION('',(-0.866025403784,-1.345450912583E-16,-0.5));
#1057 = ORIENTED_EDGE('',*,*,#1058,.T.);
#1058 = EDGE_CURVE('',#1051,#1059,#1061,.T.);
#1059 = VERTEX_POINT('',#1060);
#1060 = CARTESIAN_POINT('',(-38.59807621135,2.5,-57.5));
#1061 = LINE('',#1062,#1063);
#1062 = CARTESIAN_POINT('',(-38.59807621135,2.5,-54.5));
#1063 = VECTOR('',#1064,1.);
#1064 = DIRECTION('',(4.710203194479E-16,-1.102140242904E-31,-1.));
#1065 = ORIENTED_EDGE('',*,*,#1066,.T.);
#1066 = EDGE_CURVE('',#1059,#1025,#1067,.T.);
#1067 = LINE('',#1068,#1069);
#1068 = CARTESIAN_POINT('',(-38.59807621135,2.5,-57.5));
#1069 = VECTOR('',#1070,1.);
#1070 = DIRECTION('',(0.866025403784,1.345450912583E-16,-0.5));
#1071 = FACE_BOUND('',#1072,.T.);
#1072 = EDGE_LOOP('',(#1073,#1083,#1091,#1099,#1107,#1115));
#1073 = ORIENTED_EDGE('',*,*,#1074,.T.);
#1074 = EDGE_CURVE('',#1075,#1077,#1079,.T.);
#1075 = VERTEX_POINT('',#1076);
#1076 = CARTESIAN_POINT('',(22.,2.5,-59.));
#1077 = VERTEX_POINT('',#1078);
#1078 = CARTESIAN_POINT('',(24.598076211353,2.5,-57.5));
#1079 = LINE('',#1080,#1081);
#1080 = CARTESIAN_POINT('',(22.,2.5,-59.));
#1081 = VECTOR('',#1082,1.);
#1082 = DIRECTION('',(0.866025403784,1.345450912583E-16,0.5));
#1083 = ORIENTED_EDGE('',*,*,#1084,.T.);
#1084 = EDGE_CURVE('',#1077,#1085,#1087,.T.);
#1085 = VERTEX_POINT('',#1086);
#1086 = CARTESIAN_POINT('',(24.598076211353,2.5,-54.5));
#1087 = LINE('',#1088,#1089);
#1088 = CARTESIAN_POINT('',(24.598076211353,2.5,-57.5));
#1089 = VECTOR('',#1090,1.);
#1090 = DIRECTION('',(1.238979680552E-15,3.758784090143E-31,1.));
#1091 = ORIENTED_EDGE('',*,*,#1092,.T.);
#1092 = EDGE_CURVE('',#1085,#1093,#1095,.T.);
#1093 = VERTEX_POINT('',#1094);
#1094 = CARTESIAN_POINT('',(22.,2.5,-53.));
#1095 = LINE('',#1096,#1097);
#1096 = CARTESIAN_POINT('',(24.598076211353,2.5,-54.5));
#1097 = VECTOR('',#1098,1.);
#1098 = DIRECTION('',(-0.866025403784,-1.345450912583E-16,0.5));
#1099 = ORIENTED_EDGE('',*,*,#1100,.T.);
#1100 = EDGE_CURVE('',#1093,#1101,#1103,.T.);
#1101 = VERTEX_POINT('',#1102);
#1102 = CARTESIAN_POINT('',(19.401923788647,2.5,-54.5));
#1103 = LINE('',#1104,#1105);
#1104 = CARTESIAN_POINT('',(22.,2.5,-53.));
#1105 = VECTOR('',#1106,1.);
#1106 = DIRECTION('',(-0.866025403784,-1.345450912583E-16,-0.5));
#1107 = ORIENTED_EDGE('',*,*,#1108,.T.);
#1108 = EDGE_CURVE('',#1101,#1109,#1111,.T.);
#1109 = VERTEX_POINT('',#1110);
#1110 = CARTESIAN_POINT('',(19.401923788647,2.5,-57.5));
#1111 = LINE('',#1112,#1113);
#1112 = CARTESIAN_POINT('',(19.401923788647,2.5,-54.5));
#1113 = VECTOR('',#1114,1.);
#1114 = DIRECTION('',(-1.528979680552E-15,-4.209326029149E-31,-1.));
#1115 = ORIENTED_EDGE('',*,*,#1116,.T.);
#1116 = EDGE_CURVE('',#1109,#1075,#1117,.T.);
#1117 = LINE('',#1118,#1119);
#1118 = CARTESIAN_POINT('',(19.401923788647,2.5,-57.5));
#1119 = VECTOR('',#1120,1.);
#1120 = DIRECTION('',(0.866025403784,1.345450912583E-16,-0.5));
#1121 = FACE_BOUND('',#1122,.T.);
#1122 = EDGE_LOOP('',(#1123,#1133,#1141,#1149,#1157,#1165));
#1123 = ORIENTED_EDGE('',*,*,#1124,.T.);
#1124 = EDGE_CURVE('',#1125,#1127,#1129,.T.);
#1125 = VERTEX_POINT('',#1126);
#1126 = CARTESIAN_POINT('',(-36.,2.5,-10.));
#1127 = VERTEX_POINT('',#1128);
#1128 = CARTESIAN_POINT('',(-33.40192378864,2.5,-8.5));
#1129 = LINE('',#1130,#1131);
#1130 = CARTESIAN_POINT('',(-36.,2.5,-10.));
#1131 = VECTOR('',#1132,1.);
#1132 = DIRECTION('',(0.866025403784,1.345450912583E-16,0.5));
#1133 = ORIENTED_EDGE('',*,*,#1134,.T.);
#1134 = EDGE_CURVE('',#1127,#1135,#1137,.T.);
#1135 = VERTEX_POINT('',#1136);
#1136 = CARTESIAN_POINT('',(-33.40192378864,2.5,-5.5));
#1137 = LINE('',#1138,#1139);
#1138 = CARTESIAN_POINT('',(-33.40192378864,2.5,-8.5));
#1139 = VECTOR('',#1140,1.);
#1140 = DIRECTION('',(2.389796805521E-16,2.205191197021E-31,1.));
#1141 = ORIENTED_EDGE('',*,*,#1142,.T.);
#1142 = EDGE_CURVE('',#1135,#1143,#1145,.T.);
#1143 = VERTEX_POINT('',#1144);
#1144 = CARTESIAN_POINT('',(-36.,2.5,-4.));
#1145 = LINE('',#1146,#1147);
#1146 = CARTESIAN_POINT('',(-33.40192378864,2.5,-5.5));
#1147 = VECTOR('',#1148,1.);
#1148 = DIRECTION('',(-0.866025403784,-1.345450912583E-16,0.5));
#1149 = ORIENTED_EDGE('',*,*,#1150,.T.);
#1150 = EDGE_CURVE('',#1143,#1151,#1153,.T.);
#1151 = VERTEX_POINT('',#1152);
#1152 = CARTESIAN_POINT('',(-38.59807621135,2.5,-5.5));
#1153 = LINE('',#1154,#1155);
#1154 = CARTESIAN_POINT('',(-36.,2.5,-4.));
#1155 = VECTOR('',#1156,1.);
#1156 = DIRECTION('',(-0.866025403784,-1.345450912583E-16,-0.5));
#1157 = ORIENTED_EDGE('',*,*,#1158,.T.);
#1158 = EDGE_CURVE('',#1151,#1159,#1161,.T.);
#1159 = VERTEX_POINT('',#1160);
#1160 = CARTESIAN_POINT('',(-38.59807621135,2.5,-8.5));
#1161 = LINE('',#1162,#1163);
#1162 = CARTESIAN_POINT('',(-38.59807621135,2.5,-5.5));
#1163 = VECTOR('',#1164,1.);
#1164 = DIRECTION('',(-5.289796805521E-16,-2.655733136026E-31,-1.));
#1165 = ORIENTED_EDGE('',*,*,#1166,.T.);
#1166 = EDGE_CURVE('',#1159,#1125,#1167,.T.);
#1167 = LINE('',#1168,#1169);
#1168 = CARTESIAN_POINT('',(-38.59807621135,2.5,-8.5));
#1169 = VECTOR('',#1170,1.);
#1170 = DIRECTION('',(0.866025403784,1.345450912583E-16,-0.5));
#1171 = FACE_BOUND('',#1172,.T.);
#1172 = EDGE_LOOP('',(#1173,#1183,#1191,#1199,#1207,#1215));
#1173 = ORIENTED_EDGE('',*,*,#1174,.T.);
#1174 = EDGE_CURVE('',#1175,#1177,#1179,.T.);
#1175 = VERTEX_POINT('',#1176);
#1176 = CARTESIAN_POINT('',(22.,2.5,-10.));
#1177 = VERTEX_POINT('',#1178);
#1178 = CARTESIAN_POINT('',(24.598076211353,2.5,-8.5));
#1179 = LINE('',#1180,#1181);
#1180 = CARTESIAN_POINT('',(22.,2.5,-10.));
#1181 = VECTOR('',#1182,1.);
#1182 = DIRECTION('',(0.866025403784,1.345450912583E-16,0.5));
#1183 = ORIENTED_EDGE('',*,*,#1184,.T.);
#1184 = EDGE_CURVE('',#1177,#1185,#1187,.T.);
#1185 = VERTEX_POINT('',#1186);
#1186 = CARTESIAN_POINT('',(24.598076211353,2.5,-5.5));
#1187 = LINE('',#1188,#1189);
#1188 = CARTESIAN_POINT('',(24.598076211353,2.5,-8.5));
#1189 = VECTOR('',#1190,1.);
#1190 = DIRECTION('',(1.238979680552E-15,3.758784090143E-31,1.));
#1191 = ORIENTED_EDGE('',*,*,#1192,.T.);
#1192 = EDGE_CURVE('',#1185,#1193,#1195,.T.);
#1193 = VERTEX_POINT('',#1194);
#1194 = CARTESIAN_POINT('',(22.,2.5,-4.));
#1195 = LINE('',#1196,#1197);
#1196 = CARTESIAN_POINT('',(24.598076211353,2.5,-5.5));
#1197 = VECTOR('',#1198,1.);
#1198 = DIRECTION('',(-0.866025403784,-1.345450912583E-16,0.5));
#1199 = ORIENTED_EDGE('',*,*,#1200,.T.);
#1200 = EDGE_CURVE('',#1193,#1201,#1203,.T.);
#1201 = VERTEX_POINT('',#1202);
#1202 = CARTESIAN_POINT('',(19.401923788647,2.5,-5.5));
#1203 = LINE('',#1204,#1205);
#1204 = CARTESIAN_POINT('',(22.,2.5,-4.));
#1205 = VECTOR('',#1206,1.);
#1206 = DIRECTION('',(-0.866025403784,-1.345450912583E-16,-0.5));
#1207 = ORIENTED_EDGE('',*,*,#1208,.T.);
#1208 = EDGE_CURVE('',#1201,#1209,#1211,.T.);
#1209 = VERTEX_POINT('',#1210);
#1210 = CARTESIAN_POINT('',(19.401923788647,2.5,-8.5));
#1211 = LINE('',#1212,#1213);
#1212 = CARTESIAN_POINT('',(19.401923788647,2.5,-5.5));
#1213 = VECTOR('',#1214,1.);
#1214 = DIRECTION('',(-1.528979680552E-15,-4.209326029149E-31,-1.));
#1215 = ORIENTED_EDGE('',*,*,#1216,.T.);
#1216 = EDGE_CURVE('',#1209,#1175,#1217,.T.);
#1217 = LINE('',#1218,#1219);
#1218 = CARTESIAN_POINT('',(19.401923788647,2.5,-8.5));
#1219 = VECTOR('',#1220,1.);
#1220 = DIRECTION('',(0.866025403784,1.345450912583E-16,-0.5));
#1221 = FACE_BOUND('',#1222,.T.);
#1222 = EDGE_LOOP('',(#1223,#1233,#1242,#1250,#1259,#1267,#1276,#1284));
#1223 = ORIENTED_EDGE('',*,*,#1224,.T.);
#1224 = EDGE_CURVE('',#1225,#1227,#1229,.T.);
#1225 = VERTEX_POINT('',#1226);
#1226 = CARTESIAN_POINT('',(-34.01,2.5,-73.));
#1227 = VERTEX_POINT('',#1228);
#1228 = CARTESIAN_POINT('',(-2.99,2.5,-73.));
#1229 = LINE('',#1230,#1231);
#1230 = CARTESIAN_POINT('',(-37.,2.5,-73.));
#1231 = VECTOR('',#1232,1.);
#1232 = DIRECTION('',(1.,5.597338667253E-17,1.040622208762E-17));
#1233 = ORIENTED_EDGE('',*,*,#1234,.F.);
#1234 = EDGE_CURVE('',#1235,#1227,#1237,.T.);
#1235 = VERTEX_POINT('',#1236);
#1236 = CARTESIAN_POINT('',(-7.105427357601E-15,2.5,-70.01));
#1237 = CIRCLE('',#1238,2.99);
#1238 = AXIS2_PLACEMENT_3D('',#1239,#1240,#1241);
#1239 = CARTESIAN_POINT('',(-2.99,2.5,-70.01));
#1240 = DIRECTION('',(8.897968055207E-17,1.,4.440892098501E-16));
#1241 = DIRECTION('',(0.,4.440892098501E-16,-1.));
#1242 = ORIENTED_EDGE('',*,*,#1243,.F.);
#1243 = EDGE_CURVE('',#1244,#1235,#1246,.T.);
#1244 = VERTEX_POINT('',#1245);
#1245 = CARTESIAN_POINT('',(-6.661338147751E-15,2.5,-69.99));
#1246 = LINE('',#1247,#1248);
#1247 = CARTESIAN_POINT('',(-7.105427357601E-15,2.5,-62.));
#1248 = VECTOR('',#1249,1.);
#1249 = DIRECTION('',(6.422496014241E-17,4.440892098501E-16,-1.));
#1250 = ORIENTED_EDGE('',*,*,#1251,.F.);
#1251 = EDGE_CURVE('',#1252,#1244,#1254,.T.);
#1252 = VERTEX_POINT('',#1253);
#1253 = CARTESIAN_POINT('',(-2.99,2.5,-67.));
#1254 = CIRCLE('',#1255,2.99);
#1255 = AXIS2_PLACEMENT_3D('',#1256,#1257,#1258);
#1256 = CARTESIAN_POINT('',(-2.99,2.5,-69.99));
#1257 = DIRECTION('',(8.897968055207E-17,1.,4.440892098501E-16));
#1258 = DIRECTION('',(0.,4.440892098501E-16,-1.));
#1259 = ORIENTED_EDGE('',*,*,#1260,.F.);
#1260 = EDGE_CURVE('',#1261,#1252,#1263,.T.);
#1261 = VERTEX_POINT('',#1262);
#1262 = CARTESIAN_POINT('',(-34.01,2.5,-67.));
#1263 = LINE('',#1264,#1265);
#1264 = CARTESIAN_POINT('',(-37.,2.5,-67.));
#1265 = VECTOR('',#1266,1.);
#1266 = DIRECTION('',(1.,5.597338667253E-17,1.040622208762E-17));
#1267 = ORIENTED_EDGE('',*,*,#1268,.T.);
#1268 = EDGE_CURVE('',#1261,#1269,#1271,.T.);
#1269 = VERTEX_POINT('',#1270);
#1270 = CARTESIAN_POINT('',(-37.,2.5,-69.99));
#1271 = CIRCLE('',#1272,2.99);
#1272 = AXIS2_PLACEMENT_3D('',#1273,#1274,#1275);
#1273 = CARTESIAN_POINT('',(-34.01,2.5,-69.99));
#1274 = DIRECTION('',(5.597338667253E-17,-1.,-4.440892098501E-16));
#1275 = DIRECTION('',(0.,4.440892098501E-16,-1.));
#1276 = ORIENTED_EDGE('',*,*,#1277,.T.);
#1277 = EDGE_CURVE('',#1269,#1278,#1280,.T.);
#1278 = VERTEX_POINT('',#1279);
#1279 = CARTESIAN_POINT('',(-37.,2.5,-70.01));
#1280 = LINE('',#1281,#1282);
#1281 = CARTESIAN_POINT('',(-37.,2.5,-67.));
#1282 = VECTOR('',#1283,1.);
#1283 = DIRECTION('',(1.040622208762E-17,4.440892098501E-16,-1.));
#1284 = ORIENTED_EDGE('',*,*,#1285,.F.);
#1285 = EDGE_CURVE('',#1225,#1278,#1286,.T.);
#1286 = CIRCLE('',#1287,2.99);
#1287 = AXIS2_PLACEMENT_3D('',#1288,#1289,#1290);
#1288 = CARTESIAN_POINT('',(-34.01,2.5,-70.01));
#1289 = DIRECTION('',(-5.597338667253E-17,1.,4.440892098501E-16));
#1290 = DIRECTION('',(0.,4.440892098501E-16,-1.));
#1291 = FACE_BOUND('',#1292,.T.);
#1292 = EDGE_LOOP('',(#1293,#1294,#1295,#1296,#1297,#1298,#1299,#1300));
#1293 = ORIENTED_EDGE('',*,*,#636,.F.);
#1294 = ORIENTED_EDGE('',*,*,#596,.F.);
#1295 = ORIENTED_EDGE('',*,*,#540,.F.);
#1296 = ORIENTED_EDGE('',*,*,#571,.T.);
#1297 = ORIENTED_EDGE('',*,*,#612,.T.);
#1298 = ORIENTED_EDGE('',*,*,#669,.T.);
#1299 = ORIENTED_EDGE('',*,*,#712,.T.);
#1300 = ORIENTED_EDGE('',*,*,#687,.T.);
#1301 = FACE_BOUND('',#1302,.T.);
#1302 = EDGE_LOOP('',(#1303,#1304,#1305,#1306,#1307,#1308,#1309,#1310));
#1303 = ORIENTED_EDGE('',*,*,#808,.T.);
#1304 = ORIENTED_EDGE('',*,*,#767,.F.);
#1305 = ORIENTED_EDGE('',*,*,#736,.T.);
#1306 = ORIENTED_EDGE('',*,*,#792,.T.);
#1307 = ORIENTED_EDGE('',*,*,#832,.F.);
#1308 = ORIENTED_EDGE('',*,*,#890,.T.);
#1309 = ORIENTED_EDGE('',*,*,#908,.F.);
#1310 = ORIENTED_EDGE('',*,*,#858,.T.);
#1311 = PLANE('',#1312);
#1312 = AXIS2_PLACEMENT_3D('',#1313,#1314,#1315);
#1313 = CARTESIAN_POINT('',(2.5,2.5,-31.));
#1314 = DIRECTION('',(0.,1.,0.));
#1315 = DIRECTION('',(0.,0.,1.));
#1316 = ADVANCED_FACE('',(#1317),#1336,.T.);
#1317 = FACE_BOUND('',#1318,.T.);
#1318 = EDGE_LOOP('',(#1319,#1320,#1328,#1335));
#1319 = ORIENTED_EDGE('',*,*,#945,.T.);
#1320 = ORIENTED_EDGE('',*,*,#1321,.T.);
#1321 = EDGE_CURVE('',#938,#1322,#1324,.T.);
#1322 = VERTEX_POINT('',#1323);
#1323 = CARTESIAN_POINT('',(-34.5,1.06581410364E-14,-78.));
#1324 = LINE('',#1325,#1326);
#1325 = CARTESIAN_POINT('',(-34.5,2.5,-78.));
#1326 = VECTOR('',#1327,1.);
#1327 = DIRECTION('',(1.553592893122E-16,-1.,0.));
#1328 = ORIENTED_EDGE('',*,*,#1329,.F.);
#1329 = EDGE_CURVE('',#271,#1322,#1330,.T.);
#1330 = CIRCLE('',#1331,7.5);
#1331 = AXIS2_PLACEMENT_3D('',#1332,#1333,#1334);
#1332 = CARTESIAN_POINT('',(-34.5,1.06581410364E-14,-70.5));
#1333 = DIRECTION('',(1.553592893122E-16,-1.,0.));
#1334 = DIRECTION('',(1.,1.553592893122E-16,0.));
#1335 = ORIENTED_EDGE('',*,*,#270,.F.);
#1336 = CYLINDRICAL_SURFACE('',#1337,7.5);
#1337 = AXIS2_PLACEMENT_3D('',#1338,#1339,#1340);
#1338 = CARTESIAN_POINT('',(-34.5,2.5,-70.5));
#1339 = DIRECTION('',(1.553592893122E-16,-1.,0.));
#1340 = DIRECTION('',(-1.,-1.553592893122E-16,8.897968055207E-17));
#1341 = ADVANCED_FACE('',(#1342,#1373),#1425,.T.);
#1342 = FACE_BOUND('',#1343,.T.);
#1343 = EDGE_LOOP('',(#1344,#1345,#1346,#1347,#1348,#1349,#1358,#1366));
#1344 = ORIENTED_EDGE('',*,*,#458,.F.);
#1345 = ORIENTED_EDGE('',*,*,#515,.T.);
#1346 = ORIENTED_EDGE('',*,*,#433,.T.);
#1347 = ORIENTED_EDGE('',*,*,#376,.T.);
#1348 = ORIENTED_EDGE('',*,*,#302,.T.);
#1349 = ORIENTED_EDGE('',*,*,#1350,.F.);
#1350 = EDGE_CURVE('',#1351,#295,#1353,.T.);
#1351 = VERTEX_POINT('',#1352);
#1352 = CARTESIAN_POINT('',(-41.,-5.5,-62.));
#1353 = CIRCLE('',#1354,1.);
#1354 = AXIS2_PLACEMENT_3D('',#1355,#1356,#1357);
#1355 = CARTESIAN_POINT('',(-41.,-5.5,-61.));
#1356 = DIRECTION('',(-1.553592893122E-16,1.,0.));
#1357 = DIRECTION('',(1.,1.553592893122E-16,0.));
#1358 = ORIENTED_EDGE('',*,*,#1359,.F.);
#1359 = EDGE_CURVE('',#1360,#1351,#1362,.T.);
#1360 = VERTEX_POINT('',#1361);
#1361 = CARTESIAN_POINT('',(46.,-5.5,-62.));
#1362 = LINE('',#1363,#1364);
#1363 = CARTESIAN_POINT('',(47.,-5.5,-62.));
#1364 = VECTOR('',#1365,1.);
#1365 = DIRECTION('',(-1.,-1.553592893122E-16,1.088979680552E-15));
#1366 = ORIENTED_EDGE('',*,*,#1367,.F.);
#1367 = EDGE_CURVE('',#459,#1360,#1368,.T.);
#1368 = CIRCLE('',#1369,1.);
#1369 = AXIS2_PLACEMENT_3D('',#1370,#1371,#1372);
#1370 = CARTESIAN_POINT('',(46.,-5.5,-61.));
#1371 = DIRECTION('',(-1.553592893122E-16,1.,0.));
#1372 = DIRECTION('',(1.,1.553592893122E-16,0.));
#1373 = FACE_BOUND('',#1374,.T.);
#1374 = EDGE_LOOP('',(#1375,#1385,#1393,#1401,#1410,#1418));
#1375 = ORIENTED_EDGE('',*,*,#1376,.F.);
#1376 = EDGE_CURVE('',#1377,#1379,#1381,.T.);
#1377 = VERTEX_POINT('',#1378);
#1378 = CARTESIAN_POINT('',(46.,-5.5,-2.));
#1379 = VERTEX_POINT('',#1380);
#1380 = CARTESIAN_POINT('',(-39.,-5.5,-2.));
#1381 = LINE('',#1382,#1383);
#1382 = CARTESIAN_POINT('',(45.,-5.5,-2.));
#1383 = VECTOR('',#1384,1.);
#1384 = DIRECTION('',(-1.,-3.253592893122E-16,-4.610203194479E-16));
#1385 = ORIENTED_EDGE('',*,*,#1386,.T.);
#1386 = EDGE_CURVE('',#1377,#1387,#1389,.T.);
#1387 = VERTEX_POINT('',#1388);
#1388 = CARTESIAN_POINT('',(46.,-5.5,-60.));
#1389 = LINE('',#1390,#1391);
#1390 = CARTESIAN_POINT('',(46.,-5.5,-2.));
#1391 = VECTOR('',#1392,1.);
#1392 = DIRECTION('',(-1.088979680552E-15,-3.525745156175E-31,-1.));
#1393 = ORIENTED_EDGE('',*,*,#1394,.T.);
#1394 = EDGE_CURVE('',#1387,#1395,#1397,.T.);
#1395 = VERTEX_POINT('',#1396);
#1396 = CARTESIAN_POINT('',(-39.,-5.5,-60.));
#1397 = LINE('',#1398,#1399);
#1398 = CARTESIAN_POINT('',(46.,-5.5,-60.));
#1399 = VECTOR('',#1400,1.);
#1400 = DIRECTION('',(-1.,-1.553592893122E-16,1.088979680552E-15));
#1401 = ORIENTED_EDGE('',*,*,#1402,.T.);
#1402 = EDGE_CURVE('',#1395,#1403,#1405,.T.);
#1403 = VERTEX_POINT('',#1404);
#1404 = CARTESIAN_POINT('',(-40.,-5.5,-59.));
#1405 = CIRCLE('',#1406,1.);
#1406 = AXIS2_PLACEMENT_3D('',#1407,#1408,#1409);
#1407 = CARTESIAN_POINT('',(-39.,-5.5,-59.));
#1408 = DIRECTION('',(-1.553592893122E-16,1.,0.));
#1409 = DIRECTION('',(1.,1.553592893122E-16,0.));
#1410 = ORIENTED_EDGE('',*,*,#1411,.F.);
#1411 = EDGE_CURVE('',#1412,#1403,#1414,.T.);
#1412 = VERTEX_POINT('',#1413);
#1413 = CARTESIAN_POINT('',(-40.,-5.5,-3.));
#1414 = LINE('',#1415,#1416);
#1415 = CARTESIAN_POINT('',(-40.,-5.5,-2.));
#1416 = VECTOR('',#1417,1.);
#1417 = DIRECTION('',(-1.088979680552E-15,-3.525745156175E-31,-1.));
#1418 = ORIENTED_EDGE('',*,*,#1419,.T.);
#1419 = EDGE_CURVE('',#1412,#1379,#1420,.T.);
#1420 = CIRCLE('',#1421,1.);
#1421 = AXIS2_PLACEMENT_3D('',#1422,#1423,#1424);
#1422 = CARTESIAN_POINT('',(-39.,-5.5,-3.));
#1423 = DIRECTION('',(-1.553592893122E-16,1.,0.));
#1424 = DIRECTION('',(1.,1.553592893122E-16,0.));
#1425 = PLANE('',#1426);
#1426 = AXIS2_PLACEMENT_3D('',#1427,#1428,#1429);
#1427 = CARTESIAN_POINT('',(47.,-5.5,-7.149836278586E-14));
#1428 = DIRECTION('',(1.553592893122E-16,-1.,0.));
#1429 = DIRECTION('',(-1.,-1.553592893122E-16,1.088979680552E-15));
#1430 = ADVANCED_FACE('',(#1431,#1477,#1547),#1617,.T.);
#1431 = FACE_BOUND('',#1432,.T.);
#1432 = EDGE_LOOP('',(#1433,#1434,#1435,#1443,#1450,#1451,#1452,#1461,
    #1469,#1476));
#1433 = ORIENTED_EDGE('',*,*,#278,.T.);
#1434 = ORIENTED_EDGE('',*,*,#1329,.T.);
#1435 = ORIENTED_EDGE('',*,*,#1436,.T.);
#1436 = EDGE_CURVE('',#1322,#1437,#1439,.T.);
#1437 = VERTEX_POINT('',#1438);
#1438 = CARTESIAN_POINT('',(39.5,2.22044604925E-14,-78.));
#1439 = LINE('',#1440,#1441);
#1440 = CARTESIAN_POINT('',(-42.,9.325873406851E-15,-78.));
#1441 = VECTOR('',#1442,1.);
#1442 = DIRECTION('',(1.,1.553592893122E-16,-8.897968055207E-17));
#1443 = ORIENTED_EDGE('',*,*,#1444,.F.);
#1444 = EDGE_CURVE('',#483,#1437,#1445,.T.);
#1445 = CIRCLE('',#1446,7.5);
#1446 = AXIS2_PLACEMENT_3D('',#1447,#1448,#1449);
#1447 = CARTESIAN_POINT('',(39.5,2.22044604925E-14,-70.5));
#1448 = DIRECTION('',(-1.553592893122E-16,1.,0.));
#1449 = DIRECTION('',(1.,1.553592893122E-16,0.));
#1450 = ORIENTED_EDGE('',*,*,#482,.F.);
#1451 = ORIENTED_EDGE('',*,*,#474,.T.);
#1452 = ORIENTED_EDGE('',*,*,#1453,.T.);
#1453 = EDGE_CURVE('',#467,#1454,#1456,.T.);
#1454 = VERTEX_POINT('',#1455);
#1455 = CARTESIAN_POINT('',(46.,2.348910120319E-14,-62.));
#1456 = CIRCLE('',#1457,1.);
#1457 = AXIS2_PLACEMENT_3D('',#1458,#1459,#1460);
#1458 = CARTESIAN_POINT('',(46.,2.299749086633E-14,-61.));
#1459 = DIRECTION('',(-1.553592893122E-16,1.,0.));
#1460 = DIRECTION('',(1.,1.553592893122E-16,0.));
#1461 = ORIENTED_EDGE('',*,*,#1462,.F.);
#1462 = EDGE_CURVE('',#1463,#1454,#1465,.T.);
#1463 = VERTEX_POINT('',#1464);
#1464 = CARTESIAN_POINT('',(-41.,9.909819781815E-15,-62.));
#1465 = LINE('',#1466,#1467);
#1466 = CARTESIAN_POINT('',(-42.,9.325873406851E-15,-62.));
#1467 = VECTOR('',#1468,1.);
#1468 = DIRECTION('',(1.,1.553592893122E-16,-8.897968055207E-17));
#1469 = ORIENTED_EDGE('',*,*,#1470,.T.);
#1470 = EDGE_CURVE('',#1463,#287,#1471,.T.);
#1471 = CIRCLE('',#1472,1.);
#1472 = AXIS2_PLACEMENT_3D('',#1473,#1474,#1475);
#1473 = CARTESIAN_POINT('',(-41.,9.481232696164E-15,-61.));
#1474 = DIRECTION('',(-1.553592893122E-16,1.,0.));
#1475 = DIRECTION('',(1.,1.553592893122E-16,0.));
#1476 = ORIENTED_EDGE('',*,*,#286,.F.);
#1477 = FACE_BOUND('',#1478,.T.);
#1478 = EDGE_LOOP('',(#1479,#1489,#1498,#1506,#1515,#1523,#1532,#1540));
#1479 = ORIENTED_EDGE('',*,*,#1480,.F.);
#1480 = EDGE_CURVE('',#1481,#1483,#1485,.T.);
#1481 = VERTEX_POINT('',#1482);
#1482 = CARTESIAN_POINT('',(7.99,1.021405182655E-14,-73.));
#1483 = VERTEX_POINT('',#1484);
#1484 = CARTESIAN_POINT('',(39.01,1.199040866595E-14,-73.));
#1485 = LINE('',#1486,#1487);
#1486 = CARTESIAN_POINT('',(-37.,7.549516567451E-15,-73.));
#1487 = VECTOR('',#1488,1.);
#1488 = DIRECTION('',(1.,5.597338667253E-17,1.040622208762E-17));
#1489 = ORIENTED_EDGE('',*,*,#1490,.T.);
#1490 = EDGE_CURVE('',#1481,#1491,#1493,.T.);
#1491 = VERTEX_POINT('',#1492);
#1492 = CARTESIAN_POINT('',(5.,3.10862446895E-15,-70.01));
#1493 = CIRCLE('',#1494,2.99);
#1494 = AXIS2_PLACEMENT_3D('',#1495,#1496,#1497);
#1495 = CARTESIAN_POINT('',(7.99,1.731947918415E-14,-70.01));
#1496 = DIRECTION('',(8.897968055207E-17,1.,4.440892098501E-16));
#1497 = DIRECTION('',(0.,4.440892098501E-16,-1.));
#1498 = ORIENTED_EDGE('',*,*,#1499,.F.);
#1499 = EDGE_CURVE('',#1500,#1491,#1502,.T.);
#1500 = VERTEX_POINT('',#1501);
#1501 = CARTESIAN_POINT('',(5.,3.10862446895E-15,-69.99));
#1502 = LINE('',#1503,#1504);
#1503 = CARTESIAN_POINT('',(5.,-4.440892098501E-16,-62.));
#1504 = VECTOR('',#1505,1.);
#1505 = DIRECTION('',(6.422496014241E-17,4.440892098501E-16,-1.));
#1506 = ORIENTED_EDGE('',*,*,#1507,.T.);
#1507 = EDGE_CURVE('',#1500,#1508,#1510,.T.);
#1508 = VERTEX_POINT('',#1509);
#1509 = CARTESIAN_POINT('',(7.99,7.549516567451E-15,-67.));
#1510 = CIRCLE('',#1511,2.99);
#1511 = AXIS2_PLACEMENT_3D('',#1512,#1513,#1514);
#1512 = CARTESIAN_POINT('',(7.99,1.731947918415E-14,-69.99));
#1513 = DIRECTION('',(8.897968055207E-17,1.,4.440892098501E-16));
#1514 = DIRECTION('',(0.,4.440892098501E-16,-1.));
#1515 = ORIENTED_EDGE('',*,*,#1516,.T.);
#1516 = EDGE_CURVE('',#1508,#1517,#1519,.T.);
#1517 = VERTEX_POINT('',#1518);
#1518 = CARTESIAN_POINT('',(39.01,9.325873406851E-15,-67.));
#1519 = LINE('',#1520,#1521);
#1520 = CARTESIAN_POINT('',(-37.,4.884981308351E-15,-67.));
#1521 = VECTOR('',#1522,1.);
#1522 = DIRECTION('',(1.,5.597338667253E-17,1.040622208762E-17));
#1523 = ORIENTED_EDGE('',*,*,#1524,.T.);
#1524 = EDGE_CURVE('',#1517,#1525,#1527,.T.);
#1525 = VERTEX_POINT('',#1526);
#1526 = CARTESIAN_POINT('',(42.,1.06581410364E-14,-69.99));
#1527 = CIRCLE('',#1528,2.99);
#1528 = AXIS2_PLACEMENT_3D('',#1529,#1530,#1531);
#1529 = CARTESIAN_POINT('',(39.01,2.22044604925E-14,-69.99));
#1530 = DIRECTION('',(-5.597338667253E-17,1.,4.440892098501E-16));
#1531 = DIRECTION('',(0.,4.440892098501E-16,-1.));
#1532 = ORIENTED_EDGE('',*,*,#1533,.T.);
#1533 = EDGE_CURVE('',#1525,#1534,#1536,.T.);
#1534 = VERTEX_POINT('',#1535);
#1535 = CARTESIAN_POINT('',(42.,1.06581410364E-14,-70.01));
#1536 = LINE('',#1537,#1538);
#1537 = CARTESIAN_POINT('',(42.,9.325873406851E-15,-67.));
#1538 = VECTOR('',#1539,1.);
#1539 = DIRECTION('',(1.040622208762E-17,4.440892098501E-16,-1.));
#1540 = ORIENTED_EDGE('',*,*,#1541,.F.);
#1541 = EDGE_CURVE('',#1483,#1534,#1542,.T.);
#1542 = CIRCLE('',#1543,2.99);
#1543 = AXIS2_PLACEMENT_3D('',#1544,#1545,#1546);
#1544 = CARTESIAN_POINT('',(39.01,2.22044604925E-14,-70.01));
#1545 = DIRECTION('',(5.597338667253E-17,-1.,-4.440892098501E-16));
#1546 = DIRECTION('',(0.,4.440892098501E-16,-1.));
#1547 = FACE_BOUND('',#1548,.T.);
#1548 = EDGE_LOOP('',(#1549,#1559,#1568,#1576,#1585,#1593,#1602,#1610));
#1549 = ORIENTED_EDGE('',*,*,#1550,.T.);
#1550 = EDGE_CURVE('',#1551,#1553,#1555,.T.);
#1551 = VERTEX_POINT('',#1552);
#1552 = CARTESIAN_POINT('',(-34.01,5.329070518201E-15,-67.));
#1553 = VERTEX_POINT('',#1554);
#1554 = CARTESIAN_POINT('',(-2.99,7.105427357601E-15,-67.));
#1555 = LINE('',#1556,#1557);
#1556 = CARTESIAN_POINT('',(-37.,4.884981308351E-15,-67.));
#1557 = VECTOR('',#1558,1.);
#1558 = DIRECTION('',(1.,5.597338667253E-17,1.040622208762E-17));
#1559 = ORIENTED_EDGE('',*,*,#1560,.T.);
#1560 = EDGE_CURVE('',#1553,#1561,#1563,.T.);
#1561 = VERTEX_POINT('',#1562);
#1562 = CARTESIAN_POINT('',(-7.105427357601E-15,3.552713678801E-15,
    -69.99));
#1563 = CIRCLE('',#1564,2.99);
#1564 = AXIS2_PLACEMENT_3D('',#1565,#1566,#1567);
#1565 = CARTESIAN_POINT('',(-2.99,1.554312234475E-14,-69.99));
#1566 = DIRECTION('',(8.897968055207E-17,1.,4.440892098501E-16));
#1567 = DIRECTION('',(0.,4.440892098501E-16,-1.));
#1568 = ORIENTED_EDGE('',*,*,#1569,.T.);
#1569 = EDGE_CURVE('',#1561,#1570,#1572,.T.);
#1570 = VERTEX_POINT('',#1571);
#1571 = CARTESIAN_POINT('',(-7.549516567451E-15,3.552713678801E-15,
    -70.01));
#1572 = LINE('',#1573,#1574);
#1573 = CARTESIAN_POINT('',(-7.327876558981E-15,0.,-62.));
#1574 = VECTOR('',#1575,1.);
#1575 = DIRECTION('',(6.422496014241E-17,4.440892098501E-16,-1.));
#1576 = ORIENTED_EDGE('',*,*,#1577,.T.);
#1577 = EDGE_CURVE('',#1570,#1578,#1580,.T.);
#1578 = VERTEX_POINT('',#1579);
#1579 = CARTESIAN_POINT('',(-2.99,9.769962616701E-15,-73.));
#1580 = CIRCLE('',#1581,2.99);
#1581 = AXIS2_PLACEMENT_3D('',#1582,#1583,#1584);
#1582 = CARTESIAN_POINT('',(-2.99,1.554312234475E-14,-70.01));
#1583 = DIRECTION('',(8.897968055207E-17,1.,4.440892098501E-16));
#1584 = DIRECTION('',(0.,4.440892098501E-16,-1.));
#1585 = ORIENTED_EDGE('',*,*,#1586,.F.);
#1586 = EDGE_CURVE('',#1587,#1578,#1589,.T.);
#1587 = VERTEX_POINT('',#1588);
#1588 = CARTESIAN_POINT('',(-34.01,7.993605777301E-15,-73.));
#1589 = LINE('',#1590,#1591);
#1590 = CARTESIAN_POINT('',(-37.,7.549516567451E-15,-73.));
#1591 = VECTOR('',#1592,1.);
#1592 = DIRECTION('',(1.,5.597338667253E-17,1.040622208762E-17));
#1593 = ORIENTED_EDGE('',*,*,#1594,.T.);
#1594 = EDGE_CURVE('',#1587,#1595,#1597,.T.);
#1595 = VERTEX_POINT('',#1596);
#1596 = CARTESIAN_POINT('',(-37.,6.217248937901E-15,-70.01));
#1597 = CIRCLE('',#1598,2.99);
#1598 = AXIS2_PLACEMENT_3D('',#1599,#1600,#1601);
#1599 = CARTESIAN_POINT('',(-34.01,1.06581410364E-14,-70.01));
#1600 = DIRECTION('',(-5.597338667253E-17,1.,4.440892098501E-16));
#1601 = DIRECTION('',(0.,4.440892098501E-16,-1.));
#1602 = ORIENTED_EDGE('',*,*,#1603,.F.);
#1603 = EDGE_CURVE('',#1604,#1595,#1606,.T.);
#1604 = VERTEX_POINT('',#1605);
#1605 = CARTESIAN_POINT('',(-37.,6.217248937901E-15,-69.99));
#1606 = LINE('',#1607,#1608);
#1607 = CARTESIAN_POINT('',(-37.,4.884981308351E-15,-67.));
#1608 = VECTOR('',#1609,1.);
#1609 = DIRECTION('',(1.040622208762E-17,4.440892098501E-16,-1.));
#1610 = ORIENTED_EDGE('',*,*,#1611,.F.);
#1611 = EDGE_CURVE('',#1551,#1604,#1612,.T.);
#1612 = CIRCLE('',#1613,2.99);
#1613 = AXIS2_PLACEMENT_3D('',#1614,#1615,#1616);
#1614 = CARTESIAN_POINT('',(-34.01,1.06581410364E-14,-69.99));
#1615 = DIRECTION('',(5.597338667253E-17,-1.,-4.440892098501E-16));
#1616 = DIRECTION('',(0.,4.440892098501E-16,-1.));
#1617 = PLANE('',#1618);
#1618 = AXIS2_PLACEMENT_3D('',#1619,#1620,#1621);
#1619 = CARTESIAN_POINT('',(-42.,9.325873406851E-15,-62.));
#1620 = DIRECTION('',(1.553592893122E-16,-1.,0.));
#1621 = DIRECTION('',(-8.897968055207E-17,-1.972152263053E-31,-1.));
#1622 = ADVANCED_FACE('',(#1623),#1634,.T.);
#1623 = FACE_BOUND('',#1624,.F.);
#1624 = EDGE_LOOP('',(#1625,#1626,#1627,#1628));
#1625 = ORIENTED_EDGE('',*,*,#1470,.T.);
#1626 = ORIENTED_EDGE('',*,*,#294,.T.);
#1627 = ORIENTED_EDGE('',*,*,#1350,.F.);
#1628 = ORIENTED_EDGE('',*,*,#1629,.F.);
#1629 = EDGE_CURVE('',#1463,#1351,#1630,.T.);
#1630 = LINE('',#1631,#1632);
#1631 = CARTESIAN_POINT('',(-41.,1.916214004514E-15,-62.));
#1632 = VECTOR('',#1633,1.);
#1633 = DIRECTION('',(1.553592893122E-16,-1.,0.));
#1634 = CYLINDRICAL_SURFACE('',#1635,1.);
#1635 = AXIS2_PLACEMENT_3D('',#1636,#1637,#1638);
#1636 = CARTESIAN_POINT('',(-41.,1.916214004514E-15,-61.));
#1637 = DIRECTION('',(1.553592893122E-16,-1.,0.));
#1638 = DIRECTION('',(-1.088979680552E-15,-1.69183109246E-31,-1.));
#1639 = ADVANCED_FACE('',(#1640),#1651,.T.);
#1640 = FACE_BOUND('',#1641,.F.);
#1641 = EDGE_LOOP('',(#1642,#1643,#1649,#1650));
#1642 = ORIENTED_EDGE('',*,*,#928,.T.);
#1643 = ORIENTED_EDGE('',*,*,#1644,.T.);
#1644 = EDGE_CURVE('',#929,#1437,#1645,.T.);
#1645 = LINE('',#1646,#1647);
#1646 = CARTESIAN_POINT('',(39.5,2.5,-78.));
#1647 = VECTOR('',#1648,1.);
#1648 = DIRECTION('',(1.553592893122E-16,-1.,0.));
#1649 = ORIENTED_EDGE('',*,*,#1444,.F.);
#1650 = ORIENTED_EDGE('',*,*,#490,.F.);
#1651 = CYLINDRICAL_SURFACE('',#1652,7.5);
#1652 = AXIS2_PLACEMENT_3D('',#1653,#1654,#1655);
#1653 = CARTESIAN_POINT('',(39.5,2.5,-70.5));
#1654 = DIRECTION('',(1.553592893122E-16,-1.,0.));
#1655 = DIRECTION('',(1.,1.553592893122E-16,-8.897968055207E-17));
#1656 = ADVANCED_FACE('',(#1657),#1668,.T.);
#1657 = FACE_BOUND('',#1658,.F.);
#1658 = EDGE_LOOP('',(#1659,#1660,#1666,#1667));
#1659 = ORIENTED_EDGE('',*,*,#1453,.T.);
#1660 = ORIENTED_EDGE('',*,*,#1661,.T.);
#1661 = EDGE_CURVE('',#1454,#1360,#1662,.T.);
#1662 = LINE('',#1663,#1664);
#1663 = CARTESIAN_POINT('',(46.,2.837408251154E-14,-62.));
#1664 = VECTOR('',#1665,1.);
#1665 = DIRECTION('',(1.553592893122E-16,-1.,0.));
#1666 = ORIENTED_EDGE('',*,*,#1367,.F.);
#1667 = ORIENTED_EDGE('',*,*,#466,.F.);
#1668 = CYLINDRICAL_SURFACE('',#1669,1.);
#1669 = AXIS2_PLACEMENT_3D('',#1670,#1671,#1672);
#1670 = CARTESIAN_POINT('',(46.,2.837408251154E-14,-61.));
#1671 = DIRECTION('',(1.553592893122E-16,-1.,0.));
#1672 = DIRECTION('',(1.,1.553592893122E-16,-8.897968055207E-17));
#1673 = ADVANCED_FACE('',(#1674),#1680,.T.);
#1674 = FACE_BOUND('',#1675,.T.);
#1675 = EDGE_LOOP('',(#1676,#1677,#1678,#1679));
#1676 = ORIENTED_EDGE('',*,*,#1436,.F.);
#1677 = ORIENTED_EDGE('',*,*,#1321,.F.);
#1678 = ORIENTED_EDGE('',*,*,#937,.T.);
#1679 = ORIENTED_EDGE('',*,*,#1644,.T.);
#1680 = PLANE('',#1681);
#1681 = AXIS2_PLACEMENT_3D('',#1682,#1683,#1684);
#1682 = CARTESIAN_POINT('',(-42.,2.5,-78.));
#1683 = DIRECTION('',(-8.897968055207E-17,-1.972152263053E-31,-1.));
#1684 = DIRECTION('',(1.,1.553592893122E-16,-8.897968055207E-17));
#1685 = ADVANCED_FACE('',(#1686),#1702,.T.);
#1686 = FACE_BOUND('',#1687,.T.);
#1687 = EDGE_LOOP('',(#1688,#1689,#1695,#1696));
#1688 = ORIENTED_EDGE('',*,*,#1516,.F.);
#1689 = ORIENTED_EDGE('',*,*,#1690,.F.);
#1690 = EDGE_CURVE('',#955,#1508,#1691,.T.);
#1691 = LINE('',#1692,#1693);
#1692 = CARTESIAN_POINT('',(7.99,2.5,-67.));
#1693 = VECTOR('',#1694,1.);
#1694 = DIRECTION('',(-8.897968055207E-17,-1.,-4.440892098501E-16));
#1695 = ORIENTED_EDGE('',*,*,#954,.T.);
#1696 = ORIENTED_EDGE('',*,*,#1697,.T.);
#1697 = EDGE_CURVE('',#957,#1517,#1698,.T.);
#1698 = LINE('',#1699,#1700);
#1699 = CARTESIAN_POINT('',(39.01,2.5,-67.));
#1700 = VECTOR('',#1701,1.);
#1701 = DIRECTION('',(5.597338667253E-17,-1.,-4.440892098501E-16));
#1702 = PLANE('',#1703);
#1703 = AXIS2_PLACEMENT_3D('',#1704,#1705,#1706);
#1704 = CARTESIAN_POINT('',(-37.,2.5,-67.));
#1705 = DIRECTION('',(1.040622208762E-17,4.440892098501E-16,-1.));
#1706 = DIRECTION('',(1.,5.597338667253E-17,1.040622208762E-17));
#1707 = ADVANCED_FACE('',(#1708),#1719,.F.);
#1708 = FACE_BOUND('',#1709,.T.);
#1709 = EDGE_LOOP('',(#1710,#1711,#1712,#1713));
#1710 = ORIENTED_EDGE('',*,*,#964,.T.);
#1711 = ORIENTED_EDGE('',*,*,#1690,.T.);
#1712 = ORIENTED_EDGE('',*,*,#1507,.F.);
#1713 = ORIENTED_EDGE('',*,*,#1714,.F.);
#1714 = EDGE_CURVE('',#965,#1500,#1715,.T.);
#1715 = LINE('',#1716,#1717);
#1716 = CARTESIAN_POINT('',(5.,2.5,-69.99));
#1717 = VECTOR('',#1718,1.);
#1718 = DIRECTION('',(-8.897968055207E-17,-1.,-4.440892098501E-16));
#1719 = CYLINDRICAL_SURFACE('',#1720,2.99);
#1720 = AXIS2_PLACEMENT_3D('',#1721,#1722,#1723);
#1721 = CARTESIAN_POINT('',(7.99,2.5,-69.99));
#1722 = DIRECTION('',(-8.897968055207E-17,-1.,-4.440892098501E-16));
#1723 = DIRECTION('',(-1.,8.897968055207E-17,-6.422496014241E-17));
#1724 = ADVANCED_FACE('',(#1725),#1736,.F.);
#1725 = FACE_BOUND('',#1726,.T.);
#1726 = EDGE_LOOP('',(#1727,#1728,#1734,#1735));
#1727 = ORIENTED_EDGE('',*,*,#1015,.T.);
#1728 = ORIENTED_EDGE('',*,*,#1729,.T.);
#1729 = EDGE_CURVE('',#1008,#1525,#1730,.T.);
#1730 = LINE('',#1731,#1732);
#1731 = CARTESIAN_POINT('',(42.,2.5,-69.99));
#1732 = VECTOR('',#1733,1.);
#1733 = DIRECTION('',(5.597338667253E-17,-1.,-4.440892098501E-16));
#1734 = ORIENTED_EDGE('',*,*,#1524,.F.);
#1735 = ORIENTED_EDGE('',*,*,#1697,.F.);
#1736 = CYLINDRICAL_SURFACE('',#1737,2.99);
#1737 = AXIS2_PLACEMENT_3D('',#1738,#1739,#1740);
#1738 = CARTESIAN_POINT('',(39.01,2.5,-69.99));
#1739 = DIRECTION('',(5.597338667253E-17,-1.,-4.440892098501E-16));
#1740 = DIRECTION('',(-1.040622208762E-17,-4.440892098501E-16,1.));
#1741 = ADVANCED_FACE('',(#1742),#1753,.T.);
#1742 = FACE_BOUND('',#1743,.T.);
#1743 = EDGE_LOOP('',(#1744,#1745,#1746,#1747));
#1744 = ORIENTED_EDGE('',*,*,#973,.F.);
#1745 = ORIENTED_EDGE('',*,*,#1714,.T.);
#1746 = ORIENTED_EDGE('',*,*,#1499,.T.);
#1747 = ORIENTED_EDGE('',*,*,#1748,.F.);
#1748 = EDGE_CURVE('',#974,#1491,#1749,.T.);
#1749 = LINE('',#1750,#1751);
#1750 = CARTESIAN_POINT('',(5.,2.5,-70.01));
#1751 = VECTOR('',#1752,1.);
#1752 = DIRECTION('',(-8.897968055207E-17,-1.,-4.440892098501E-16));
#1753 = PLANE('',#1754);
#1754 = AXIS2_PLACEMENT_3D('',#1755,#1756,#1757);
#1755 = CARTESIAN_POINT('',(5.,2.5,-62.));
#1756 = DIRECTION('',(1.,-8.897968055207E-17,6.422496014241E-17));
#1757 = DIRECTION('',(6.422496014241E-17,4.440892098501E-16,-1.));
#1758 = ADVANCED_FACE('',(#1759),#1770,.F.);
#1759 = FACE_BOUND('',#1760,.F.);
#1760 = EDGE_LOOP('',(#1761,#1762,#1763,#1764));
#1761 = ORIENTED_EDGE('',*,*,#1007,.F.);
#1762 = ORIENTED_EDGE('',*,*,#1729,.T.);
#1763 = ORIENTED_EDGE('',*,*,#1533,.T.);
#1764 = ORIENTED_EDGE('',*,*,#1765,.F.);
#1765 = EDGE_CURVE('',#999,#1534,#1766,.T.);
#1766 = LINE('',#1767,#1768);
#1767 = CARTESIAN_POINT('',(42.,2.5,-70.01));
#1768 = VECTOR('',#1769,1.);
#1769 = DIRECTION('',(5.597338667253E-17,-1.,-4.440892098501E-16));
#1770 = PLANE('',#1771);
#1771 = AXIS2_PLACEMENT_3D('',#1772,#1773,#1774);
#1772 = CARTESIAN_POINT('',(42.,2.5,-67.));
#1773 = DIRECTION('',(1.,5.597338667253E-17,1.040622208762E-17));
#1774 = DIRECTION('',(1.040622208762E-17,4.440892098501E-16,-1.));
#1775 = ADVANCED_FACE('',(#1776),#1787,.F.);
#1776 = FACE_BOUND('',#1777,.T.);
#1777 = EDGE_LOOP('',(#1778,#1779,#1780,#1781));
#1778 = ORIENTED_EDGE('',*,*,#981,.T.);
#1779 = ORIENTED_EDGE('',*,*,#1748,.T.);
#1780 = ORIENTED_EDGE('',*,*,#1490,.F.);
#1781 = ORIENTED_EDGE('',*,*,#1782,.F.);
#1782 = EDGE_CURVE('',#982,#1481,#1783,.T.);
#1783 = LINE('',#1784,#1785);
#1784 = CARTESIAN_POINT('',(7.99,2.5,-73.));
#1785 = VECTOR('',#1786,1.);
#1786 = DIRECTION('',(-8.897968055207E-17,-1.,-4.440892098501E-16));
#1787 = CYLINDRICAL_SURFACE('',#1788,2.99);
#1788 = AXIS2_PLACEMENT_3D('',#1789,#1790,#1791);
#1789 = CARTESIAN_POINT('',(7.99,2.5,-70.01));
#1790 = DIRECTION('',(-8.897968055207E-17,-1.,-4.440892098501E-16));
#1791 = DIRECTION('',(1.040622208762E-17,4.440892098501E-16,-1.));
#1792 = ADVANCED_FACE('',(#1793),#1804,.F.);
#1793 = FACE_BOUND('',#1794,.F.);
#1794 = EDGE_LOOP('',(#1795,#1796,#1797,#1798));
#1795 = ORIENTED_EDGE('',*,*,#998,.T.);
#1796 = ORIENTED_EDGE('',*,*,#1765,.T.);
#1797 = ORIENTED_EDGE('',*,*,#1541,.F.);
#1798 = ORIENTED_EDGE('',*,*,#1799,.F.);
#1799 = EDGE_CURVE('',#991,#1483,#1800,.T.);
#1800 = LINE('',#1801,#1802);
#1801 = CARTESIAN_POINT('',(39.01,2.5,-73.));
#1802 = VECTOR('',#1803,1.);
#1803 = DIRECTION('',(5.597338667253E-17,-1.,-4.440892098501E-16));
#1804 = CYLINDRICAL_SURFACE('',#1805,2.99);
#1805 = AXIS2_PLACEMENT_3D('',#1806,#1807,#1808);
#1806 = CARTESIAN_POINT('',(39.01,2.5,-70.01));
#1807 = DIRECTION('',(5.597338667253E-17,-1.,-4.440892098501E-16));
#1808 = DIRECTION('',(1.040622208762E-17,4.440892098501E-16,-1.));
#1809 = ADVANCED_FACE('',(#1810),#1816,.F.);
#1810 = FACE_BOUND('',#1811,.F.);
#1811 = EDGE_LOOP('',(#1812,#1813,#1814,#1815));
#1812 = ORIENTED_EDGE('',*,*,#1480,.F.);
#1813 = ORIENTED_EDGE('',*,*,#1782,.F.);
#1814 = ORIENTED_EDGE('',*,*,#990,.T.);
#1815 = ORIENTED_EDGE('',*,*,#1799,.T.);
#1816 = PLANE('',#1817);
#1817 = AXIS2_PLACEMENT_3D('',#1818,#1819,#1820);
#1818 = CARTESIAN_POINT('',(-37.,2.5,-73.));
#1819 = DIRECTION('',(1.040622208762E-17,4.440892098501E-16,-1.));
#1820 = DIRECTION('',(1.,5.597338667253E-17,1.040622208762E-17));
#1821 = ADVANCED_FACE('',(#1822),#1847,.T.);
#1822 = FACE_BOUND('',#1823,.T.);
#1823 = EDGE_LOOP('',(#1824,#1832,#1840,#1846));
#1824 = ORIENTED_EDGE('',*,*,#1825,.T.);
#1825 = EDGE_CURVE('',#1025,#1826,#1828,.T.);
#1826 = VERTEX_POINT('',#1827);
#1827 = CARTESIAN_POINT('',(-36.,-1.5,-59.));
#1828 = LINE('',#1829,#1830);
#1829 = CARTESIAN_POINT('',(-36.,2.5,-59.));
#1830 = VECTOR('',#1831,1.);
#1831 = DIRECTION('',(1.553592893122E-16,-1.,0.));
#1832 = ORIENTED_EDGE('',*,*,#1833,.T.);
#1833 = EDGE_CURVE('',#1826,#1834,#1836,.T.);
#1834 = VERTEX_POINT('',#1835);
#1835 = CARTESIAN_POINT('',(-33.40192378864,-1.5,-57.5));
#1836 = LINE('',#1837,#1838);
#1837 = CARTESIAN_POINT('',(-36.,-1.5,-59.));
#1838 = VECTOR('',#1839,1.);
#1839 = DIRECTION('',(0.866025403784,1.345450912583E-16,0.5));
#1840 = ORIENTED_EDGE('',*,*,#1841,.F.);
#1841 = EDGE_CURVE('',#1027,#1834,#1842,.T.);
#1842 = LINE('',#1843,#1844);
#1843 = CARTESIAN_POINT('',(-33.40192378864,2.5,-57.5));
#1844 = VECTOR('',#1845,1.);
#1845 = DIRECTION('',(1.553592893122E-16,-1.,0.));
#1846 = ORIENTED_EDGE('',*,*,#1024,.F.);
#1847 = PLANE('',#1848);
#1848 = AXIS2_PLACEMENT_3D('',#1849,#1850,#1851);
#1849 = CARTESIAN_POINT('',(-36.,2.5,-59.));
#1850 = DIRECTION('',(-0.5,-7.767964465611E-17,0.866025403784));
#1851 = DIRECTION('',(0.866025403784,1.345450912583E-16,0.5));
#1852 = ADVANCED_FACE('',(#1853),#1871,.T.);
#1853 = FACE_BOUND('',#1854,.T.);
#1854 = EDGE_LOOP('',(#1855,#1856,#1864,#1870));
#1855 = ORIENTED_EDGE('',*,*,#1841,.T.);
#1856 = ORIENTED_EDGE('',*,*,#1857,.T.);
#1857 = EDGE_CURVE('',#1834,#1858,#1860,.T.);
#1858 = VERTEX_POINT('',#1859);
#1859 = CARTESIAN_POINT('',(-33.40192378864,-1.5,-54.5));
#1860 = LINE('',#1861,#1862);
#1861 = CARTESIAN_POINT('',(-33.40192378864,-1.5,-57.5));
#1862 = VECTOR('',#1863,1.);
#1863 = DIRECTION('',(-7.610203194479E-16,6.515983038986E-32,1.));
#1864 = ORIENTED_EDGE('',*,*,#1865,.F.);
#1865 = EDGE_CURVE('',#1035,#1858,#1866,.T.);
#1866 = LINE('',#1867,#1868);
#1867 = CARTESIAN_POINT('',(-33.40192378864,2.5,-54.5));
#1868 = VECTOR('',#1869,1.);
#1869 = DIRECTION('',(1.553592893122E-16,-1.,0.));
#1870 = ORIENTED_EDGE('',*,*,#1034,.F.);
#1871 = PLANE('',#1872);
#1872 = AXIS2_PLACEMENT_3D('',#1873,#1874,#1875);
#1873 = CARTESIAN_POINT('',(-33.40192378864,2.5,-57.5));
#1874 = DIRECTION('',(-1.,-1.553592893122E-16,-7.610203194479E-16));
#1875 = DIRECTION('',(-7.610203194479E-16,6.515983038986E-32,1.));
#1876 = ADVANCED_FACE('',(#1877),#1895,.T.);
#1877 = FACE_BOUND('',#1878,.T.);
#1878 = EDGE_LOOP('',(#1879,#1880,#1888,#1894));
#1879 = ORIENTED_EDGE('',*,*,#1865,.T.);
#1880 = ORIENTED_EDGE('',*,*,#1881,.T.);
#1881 = EDGE_CURVE('',#1858,#1882,#1884,.T.);
#1882 = VERTEX_POINT('',#1883);
#1883 = CARTESIAN_POINT('',(-36.,-1.5,-53.));
#1884 = LINE('',#1885,#1886);
#1885 = CARTESIAN_POINT('',(-33.40192378864,-1.5,-54.5));
#1886 = VECTOR('',#1887,1.);
#1887 = DIRECTION('',(-0.866025403784,-1.345450912583E-16,0.5));
#1888 = ORIENTED_EDGE('',*,*,#1889,.F.);
#1889 = EDGE_CURVE('',#1043,#1882,#1890,.T.);
#1890 = LINE('',#1891,#1892);
#1891 = CARTESIAN_POINT('',(-36.,2.5,-53.));
#1892 = VECTOR('',#1893,1.);
#1893 = DIRECTION('',(1.553592893122E-16,-1.,0.));
#1894 = ORIENTED_EDGE('',*,*,#1042,.F.);
#1895 = PLANE('',#1896);
#1896 = AXIS2_PLACEMENT_3D('',#1897,#1898,#1899);
#1897 = CARTESIAN_POINT('',(-33.40192378864,2.5,-54.5));
#1898 = DIRECTION('',(-0.5,-7.767964465611E-17,-0.866025403784));
#1899 = DIRECTION('',(-0.866025403784,-1.345450912583E-16,0.5));
#1900 = ADVANCED_FACE('',(#1901),#1919,.T.);
#1901 = FACE_BOUND('',#1902,.T.);
#1902 = EDGE_LOOP('',(#1903,#1904,#1912,#1918));
#1903 = ORIENTED_EDGE('',*,*,#1889,.T.);
#1904 = ORIENTED_EDGE('',*,*,#1905,.T.);
#1905 = EDGE_CURVE('',#1882,#1906,#1908,.T.);
#1906 = VERTEX_POINT('',#1907);
#1907 = CARTESIAN_POINT('',(-38.59807621135,-1.5,-54.5));
#1908 = LINE('',#1909,#1910);
#1909 = CARTESIAN_POINT('',(-36.,-1.5,-53.));
#1910 = VECTOR('',#1911,1.);
#1911 = DIRECTION('',(-0.866025403784,-1.345450912583E-16,-0.5));
#1912 = ORIENTED_EDGE('',*,*,#1913,.F.);
#1913 = EDGE_CURVE('',#1051,#1906,#1914,.T.);
#1914 = LINE('',#1915,#1916);
#1915 = CARTESIAN_POINT('',(-38.59807621135,2.5,-54.5));
#1916 = VECTOR('',#1917,1.);
#1917 = DIRECTION('',(1.553592893122E-16,-1.,0.));
#1918 = ORIENTED_EDGE('',*,*,#1050,.F.);
#1919 = PLANE('',#1920);
#1920 = AXIS2_PLACEMENT_3D('',#1921,#1922,#1923);
#1921 = CARTESIAN_POINT('',(-36.,2.5,-53.));
#1922 = DIRECTION('',(0.5,7.767964465611E-17,-0.866025403784));
#1923 = DIRECTION('',(-0.866025403784,-1.345450912583E-16,-0.5));
#1924 = ADVANCED_FACE('',(#1925),#1943,.T.);
#1925 = FACE_BOUND('',#1926,.T.);
#1926 = EDGE_LOOP('',(#1927,#1928,#1936,#1942));
#1927 = ORIENTED_EDGE('',*,*,#1913,.T.);
#1928 = ORIENTED_EDGE('',*,*,#1929,.T.);
#1929 = EDGE_CURVE('',#1906,#1930,#1932,.T.);
#1930 = VERTEX_POINT('',#1931);
#1931 = CARTESIAN_POINT('',(-38.59807621135,-1.5,-57.5));
#1932 = LINE('',#1933,#1934);
#1933 = CARTESIAN_POINT('',(-38.59807621135,-1.5,-54.5));
#1934 = VECTOR('',#1935,1.);
#1935 = DIRECTION('',(4.710203194479E-16,-1.102140242904E-31,-1.));
#1936 = ORIENTED_EDGE('',*,*,#1937,.F.);
#1937 = EDGE_CURVE('',#1059,#1930,#1938,.T.);
#1938 = LINE('',#1939,#1940);
#1939 = CARTESIAN_POINT('',(-38.59807621135,2.5,-57.5));
#1940 = VECTOR('',#1941,1.);
#1941 = DIRECTION('',(1.553592893122E-16,-1.,0.));
#1942 = ORIENTED_EDGE('',*,*,#1058,.F.);
#1943 = PLANE('',#1944);
#1944 = AXIS2_PLACEMENT_3D('',#1945,#1946,#1947);
#1945 = CARTESIAN_POINT('',(-38.59807621135,2.5,-54.5));
#1946 = DIRECTION('',(1.,1.553592893122E-16,4.710203194479E-16));
#1947 = DIRECTION('',(4.710203194479E-16,-1.102140242904E-31,-1.));
#1948 = ADVANCED_FACE('',(#1949),#1960,.T.);
#1949 = FACE_BOUND('',#1950,.T.);
#1950 = EDGE_LOOP('',(#1951,#1952,#1958,#1959));
#1951 = ORIENTED_EDGE('',*,*,#1937,.T.);
#1952 = ORIENTED_EDGE('',*,*,#1953,.T.);
#1953 = EDGE_CURVE('',#1930,#1826,#1954,.T.);
#1954 = LINE('',#1955,#1956);
#1955 = CARTESIAN_POINT('',(-38.59807621135,-1.5,-57.5));
#1956 = VECTOR('',#1957,1.);
#1957 = DIRECTION('',(0.866025403784,1.345450912583E-16,-0.5));
#1958 = ORIENTED_EDGE('',*,*,#1825,.F.);
#1959 = ORIENTED_EDGE('',*,*,#1066,.F.);
#1960 = PLANE('',#1961);
#1961 = AXIS2_PLACEMENT_3D('',#1962,#1963,#1964);
#1962 = CARTESIAN_POINT('',(-38.59807621135,2.5,-57.5));
#1963 = DIRECTION('',(0.5,7.767964465611E-17,0.866025403784));
#1964 = DIRECTION('',(0.866025403784,1.345450912583E-16,-0.5));
#1965 = ADVANCED_FACE('',(#1966),#1991,.T.);
#1966 = FACE_BOUND('',#1967,.T.);
#1967 = EDGE_LOOP('',(#1968,#1976,#1984,#1990));
#1968 = ORIENTED_EDGE('',*,*,#1969,.T.);
#1969 = EDGE_CURVE('',#1075,#1970,#1972,.T.);
#1970 = VERTEX_POINT('',#1971);
#1971 = CARTESIAN_POINT('',(22.,-1.5,-59.));
#1972 = LINE('',#1973,#1974);
#1973 = CARTESIAN_POINT('',(22.,2.5,-59.));
#1974 = VECTOR('',#1975,1.);
#1975 = DIRECTION('',(1.553592893122E-16,-1.,0.));
#1976 = ORIENTED_EDGE('',*,*,#1977,.T.);
#1977 = EDGE_CURVE('',#1970,#1978,#1980,.T.);
#1978 = VERTEX_POINT('',#1979);
#1979 = CARTESIAN_POINT('',(24.598076211353,-1.5,-57.5));
#1980 = LINE('',#1981,#1982);
#1981 = CARTESIAN_POINT('',(22.,-1.5,-59.));
#1982 = VECTOR('',#1983,1.);
#1983 = DIRECTION('',(0.866025403784,1.345450912583E-16,0.5));
#1984 = ORIENTED_EDGE('',*,*,#1985,.F.);
#1985 = EDGE_CURVE('',#1077,#1978,#1986,.T.);
#1986 = LINE('',#1987,#1988);
#1987 = CARTESIAN_POINT('',(24.598076211353,2.5,-57.5));
#1988 = VECTOR('',#1989,1.);
#1989 = DIRECTION('',(1.553592893122E-16,-1.,0.));
#1990 = ORIENTED_EDGE('',*,*,#1074,.F.);
#1991 = PLANE('',#1992);
#1992 = AXIS2_PLACEMENT_3D('',#1993,#1994,#1995);
#1993 = CARTESIAN_POINT('',(22.,2.5,-59.));
#1994 = DIRECTION('',(-0.5,-7.767964465611E-17,0.866025403784));
#1995 = DIRECTION('',(0.866025403784,1.345450912583E-16,0.5));
#1996 = ADVANCED_FACE('',(#1997),#2015,.T.);
#1997 = FACE_BOUND('',#1998,.T.);
#1998 = EDGE_LOOP('',(#1999,#2000,#2008,#2014));
#1999 = ORIENTED_EDGE('',*,*,#1985,.T.);
#2000 = ORIENTED_EDGE('',*,*,#2001,.T.);
#2001 = EDGE_CURVE('',#1978,#2002,#2004,.T.);
#2002 = VERTEX_POINT('',#2003);
#2003 = CARTESIAN_POINT('',(24.598076211353,-1.5,-54.5));
#2004 = LINE('',#2005,#2006);
#2005 = CARTESIAN_POINT('',(24.598076211353,-1.5,-57.5));
#2006 = VECTOR('',#2007,1.);
#2007 = DIRECTION('',(1.238979680552E-15,3.758784090143E-31,1.));
#2008 = ORIENTED_EDGE('',*,*,#2009,.F.);
#2009 = EDGE_CURVE('',#1085,#2002,#2010,.T.);
#2010 = LINE('',#2011,#2012);
#2011 = CARTESIAN_POINT('',(24.598076211353,2.5,-54.5));
#2012 = VECTOR('',#2013,1.);
#2013 = DIRECTION('',(1.553592893122E-16,-1.,0.));
#2014 = ORIENTED_EDGE('',*,*,#1084,.F.);
#2015 = PLANE('',#2016);
#2016 = AXIS2_PLACEMENT_3D('',#2017,#2018,#2019);
#2017 = CARTESIAN_POINT('',(24.598076211353,2.5,-57.5));
#2018 = DIRECTION('',(-1.,-1.553592893122E-16,1.238979680552E-15));
#2019 = DIRECTION('',(1.238979680552E-15,3.758784090143E-31,1.));
#2020 = ADVANCED_FACE('',(#2021),#2039,.T.);
#2021 = FACE_BOUND('',#2022,.T.);
#2022 = EDGE_LOOP('',(#2023,#2024,#2032,#2038));
#2023 = ORIENTED_EDGE('',*,*,#2009,.T.);
#2024 = ORIENTED_EDGE('',*,*,#2025,.T.);
#2025 = EDGE_CURVE('',#2002,#2026,#2028,.T.);
#2026 = VERTEX_POINT('',#2027);
#2027 = CARTESIAN_POINT('',(22.,-1.5,-53.));
#2028 = LINE('',#2029,#2030);
#2029 = CARTESIAN_POINT('',(24.598076211353,-1.5,-54.5));
#2030 = VECTOR('',#2031,1.);
#2031 = DIRECTION('',(-0.866025403784,-1.345450912583E-16,0.5));
#2032 = ORIENTED_EDGE('',*,*,#2033,.F.);
#2033 = EDGE_CURVE('',#1093,#2026,#2034,.T.);
#2034 = LINE('',#2035,#2036);
#2035 = CARTESIAN_POINT('',(22.,2.5,-53.));
#2036 = VECTOR('',#2037,1.);
#2037 = DIRECTION('',(1.553592893122E-16,-1.,0.));
#2038 = ORIENTED_EDGE('',*,*,#1092,.F.);
#2039 = PLANE('',#2040);
#2040 = AXIS2_PLACEMENT_3D('',#2041,#2042,#2043);
#2041 = CARTESIAN_POINT('',(24.598076211353,2.5,-54.5));
#2042 = DIRECTION('',(-0.5,-7.767964465611E-17,-0.866025403784));
#2043 = DIRECTION('',(-0.866025403784,-1.345450912583E-16,0.5));
#2044 = ADVANCED_FACE('',(#2045),#2063,.T.);
#2045 = FACE_BOUND('',#2046,.T.);
#2046 = EDGE_LOOP('',(#2047,#2048,#2056,#2062));
#2047 = ORIENTED_EDGE('',*,*,#2033,.T.);
#2048 = ORIENTED_EDGE('',*,*,#2049,.T.);
#2049 = EDGE_CURVE('',#2026,#2050,#2052,.T.);
#2050 = VERTEX_POINT('',#2051);
#2051 = CARTESIAN_POINT('',(19.401923788647,-1.5,-54.5));
#2052 = LINE('',#2053,#2054);
#2053 = CARTESIAN_POINT('',(22.,-1.5,-53.));
#2054 = VECTOR('',#2055,1.);
#2055 = DIRECTION('',(-0.866025403784,-1.345450912583E-16,-0.5));
#2056 = ORIENTED_EDGE('',*,*,#2057,.F.);
#2057 = EDGE_CURVE('',#1101,#2050,#2058,.T.);
#2058 = LINE('',#2059,#2060);
#2059 = CARTESIAN_POINT('',(19.401923788647,2.5,-54.5));
#2060 = VECTOR('',#2061,1.);
#2061 = DIRECTION('',(1.553592893122E-16,-1.,0.));
#2062 = ORIENTED_EDGE('',*,*,#1100,.F.);
#2063 = PLANE('',#2064);
#2064 = AXIS2_PLACEMENT_3D('',#2065,#2066,#2067);
#2065 = CARTESIAN_POINT('',(22.,2.5,-53.));
#2066 = DIRECTION('',(0.5,7.767964465611E-17,-0.866025403784));
#2067 = DIRECTION('',(-0.866025403784,-1.345450912583E-16,-0.5));
#2068 = ADVANCED_FACE('',(#2069),#2087,.T.);
#2069 = FACE_BOUND('',#2070,.T.);
#2070 = EDGE_LOOP('',(#2071,#2072,#2080,#2086));
#2071 = ORIENTED_EDGE('',*,*,#2057,.T.);
#2072 = ORIENTED_EDGE('',*,*,#2073,.T.);
#2073 = EDGE_CURVE('',#2050,#2074,#2076,.T.);
#2074 = VERTEX_POINT('',#2075);
#2075 = CARTESIAN_POINT('',(19.401923788647,-1.5,-57.5));
#2076 = LINE('',#2077,#2078);
#2077 = CARTESIAN_POINT('',(19.401923788647,-1.5,-54.5));
#2078 = VECTOR('',#2079,1.);
#2079 = DIRECTION('',(-1.528979680552E-15,-4.209326029149E-31,-1.));
#2080 = ORIENTED_EDGE('',*,*,#2081,.F.);
#2081 = EDGE_CURVE('',#1109,#2074,#2082,.T.);
#2082 = LINE('',#2083,#2084);
#2083 = CARTESIAN_POINT('',(19.401923788647,2.5,-57.5));
#2084 = VECTOR('',#2085,1.);
#2085 = DIRECTION('',(1.553592893122E-16,-1.,0.));
#2086 = ORIENTED_EDGE('',*,*,#1108,.F.);
#2087 = PLANE('',#2088);
#2088 = AXIS2_PLACEMENT_3D('',#2089,#2090,#2091);
#2089 = CARTESIAN_POINT('',(19.401923788647,2.5,-54.5));
#2090 = DIRECTION('',(1.,1.553592893122E-16,-1.528979680552E-15));
#2091 = DIRECTION('',(-1.528979680552E-15,-4.209326029149E-31,-1.));
#2092 = ADVANCED_FACE('',(#2093),#2104,.T.);
#2093 = FACE_BOUND('',#2094,.T.);
#2094 = EDGE_LOOP('',(#2095,#2096,#2102,#2103));
#2095 = ORIENTED_EDGE('',*,*,#2081,.T.);
#2096 = ORIENTED_EDGE('',*,*,#2097,.T.);
#2097 = EDGE_CURVE('',#2074,#1970,#2098,.T.);
#2098 = LINE('',#2099,#2100);
#2099 = CARTESIAN_POINT('',(19.401923788647,-1.5,-57.5));
#2100 = VECTOR('',#2101,1.);
#2101 = DIRECTION('',(0.866025403784,1.345450912583E-16,-0.5));
#2102 = ORIENTED_EDGE('',*,*,#1969,.F.);
#2103 = ORIENTED_EDGE('',*,*,#1116,.F.);
#2104 = PLANE('',#2105);
#2105 = AXIS2_PLACEMENT_3D('',#2106,#2107,#2108);
#2106 = CARTESIAN_POINT('',(19.401923788647,2.5,-57.5));
#2107 = DIRECTION('',(0.5,7.767964465611E-17,0.866025403784));
#2108 = DIRECTION('',(0.866025403784,1.345450912583E-16,-0.5));
#2109 = ADVANCED_FACE('',(#2110),#2135,.T.);
#2110 = FACE_BOUND('',#2111,.T.);
#2111 = EDGE_LOOP('',(#2112,#2120,#2128,#2134));
#2112 = ORIENTED_EDGE('',*,*,#2113,.T.);
#2113 = EDGE_CURVE('',#1125,#2114,#2116,.T.);
#2114 = VERTEX_POINT('',#2115);
#2115 = CARTESIAN_POINT('',(-36.,-1.5,-10.));
#2116 = LINE('',#2117,#2118);
#2117 = CARTESIAN_POINT('',(-36.,2.5,-10.));
#2118 = VECTOR('',#2119,1.);
#2119 = DIRECTION('',(1.553592893122E-16,-1.,0.));
#2120 = ORIENTED_EDGE('',*,*,#2121,.T.);
#2121 = EDGE_CURVE('',#2114,#2122,#2124,.T.);
#2122 = VERTEX_POINT('',#2123);
#2123 = CARTESIAN_POINT('',(-33.40192378864,-1.5,-8.5));
#2124 = LINE('',#2125,#2126);
#2125 = CARTESIAN_POINT('',(-36.,-1.5,-10.));
#2126 = VECTOR('',#2127,1.);
#2127 = DIRECTION('',(0.866025403784,1.345450912583E-16,0.5));
#2128 = ORIENTED_EDGE('',*,*,#2129,.F.);
#2129 = EDGE_CURVE('',#1127,#2122,#2130,.T.);
#2130 = LINE('',#2131,#2132);
#2131 = CARTESIAN_POINT('',(-33.40192378864,2.5,-8.5));
#2132 = VECTOR('',#2133,1.);
#2133 = DIRECTION('',(1.553592893122E-16,-1.,0.));
#2134 = ORIENTED_EDGE('',*,*,#1124,.F.);
#2135 = PLANE('',#2136);
#2136 = AXIS2_PLACEMENT_3D('',#2137,#2138,#2139);
#2137 = CARTESIAN_POINT('',(-36.,2.5,-10.));
#2138 = DIRECTION('',(-0.5,-7.767964465611E-17,0.866025403784));
#2139 = DIRECTION('',(0.866025403784,1.345450912583E-16,0.5));
#2140 = ADVANCED_FACE('',(#2141),#2159,.T.);
#2141 = FACE_BOUND('',#2142,.T.);
#2142 = EDGE_LOOP('',(#2143,#2144,#2152,#2158));
#2143 = ORIENTED_EDGE('',*,*,#2129,.T.);
#2144 = ORIENTED_EDGE('',*,*,#2145,.T.);
#2145 = EDGE_CURVE('',#2122,#2146,#2148,.T.);
#2146 = VERTEX_POINT('',#2147);
#2147 = CARTESIAN_POINT('',(-33.40192378864,-1.5,-5.5));
#2148 = LINE('',#2149,#2150);
#2149 = CARTESIAN_POINT('',(-33.40192378864,-1.5,-8.5));
#2150 = VECTOR('',#2151,1.);
#2151 = DIRECTION('',(2.389796805521E-16,2.205191197021E-31,1.));
#2152 = ORIENTED_EDGE('',*,*,#2153,.F.);
#2153 = EDGE_CURVE('',#1135,#2146,#2154,.T.);
#2154 = LINE('',#2155,#2156);
#2155 = CARTESIAN_POINT('',(-33.40192378864,2.5,-5.5));
#2156 = VECTOR('',#2157,1.);
#2157 = DIRECTION('',(1.553592893122E-16,-1.,0.));
#2158 = ORIENTED_EDGE('',*,*,#1134,.F.);
#2159 = PLANE('',#2160);
#2160 = AXIS2_PLACEMENT_3D('',#2161,#2162,#2163);
#2161 = CARTESIAN_POINT('',(-33.40192378864,2.5,-8.5));
#2162 = DIRECTION('',(-1.,-1.553592893122E-16,2.389796805521E-16));
#2163 = DIRECTION('',(2.389796805521E-16,2.205191197021E-31,1.));
#2164 = ADVANCED_FACE('',(#2165),#2183,.T.);
#2165 = FACE_BOUND('',#2166,.T.);
#2166 = EDGE_LOOP('',(#2167,#2168,#2176,#2182));
#2167 = ORIENTED_EDGE('',*,*,#2153,.T.);
#2168 = ORIENTED_EDGE('',*,*,#2169,.T.);
#2169 = EDGE_CURVE('',#2146,#2170,#2172,.T.);
#2170 = VERTEX_POINT('',#2171);
#2171 = CARTESIAN_POINT('',(-36.,-1.5,-4.));
#2172 = LINE('',#2173,#2174);
#2173 = CARTESIAN_POINT('',(-33.40192378864,-1.5,-5.5));
#2174 = VECTOR('',#2175,1.);
#2175 = DIRECTION('',(-0.866025403784,-1.345450912583E-16,0.5));
#2176 = ORIENTED_EDGE('',*,*,#2177,.F.);
#2177 = EDGE_CURVE('',#1143,#2170,#2178,.T.);
#2178 = LINE('',#2179,#2180);
#2179 = CARTESIAN_POINT('',(-36.,2.5,-4.));
#2180 = VECTOR('',#2181,1.);
#2181 = DIRECTION('',(1.553592893122E-16,-1.,0.));
#2182 = ORIENTED_EDGE('',*,*,#1142,.F.);
#2183 = PLANE('',#2184);
#2184 = AXIS2_PLACEMENT_3D('',#2185,#2186,#2187);
#2185 = CARTESIAN_POINT('',(-33.40192378864,2.5,-5.5));
#2186 = DIRECTION('',(-0.5,-7.767964465611E-17,-0.866025403784));
#2187 = DIRECTION('',(-0.866025403784,-1.345450912583E-16,0.5));
#2188 = ADVANCED_FACE('',(#2189),#2207,.T.);
#2189 = FACE_BOUND('',#2190,.T.);
#2190 = EDGE_LOOP('',(#2191,#2192,#2200,#2206));
#2191 = ORIENTED_EDGE('',*,*,#2177,.T.);
#2192 = ORIENTED_EDGE('',*,*,#2193,.T.);
#2193 = EDGE_CURVE('',#2170,#2194,#2196,.T.);
#2194 = VERTEX_POINT('',#2195);
#2195 = CARTESIAN_POINT('',(-38.59807621135,-1.5,-5.5));
#2196 = LINE('',#2197,#2198);
#2197 = CARTESIAN_POINT('',(-36.,-1.5,-4.));
#2198 = VECTOR('',#2199,1.);
#2199 = DIRECTION('',(-0.866025403784,-1.345450912583E-16,-0.5));
#2200 = ORIENTED_EDGE('',*,*,#2201,.F.);
#2201 = EDGE_CURVE('',#1151,#2194,#2202,.T.);
#2202 = LINE('',#2203,#2204);
#2203 = CARTESIAN_POINT('',(-38.59807621135,2.5,-5.5));
#2204 = VECTOR('',#2205,1.);
#2205 = DIRECTION('',(1.553592893122E-16,-1.,0.));
#2206 = ORIENTED_EDGE('',*,*,#1150,.F.);
#2207 = PLANE('',#2208);
#2208 = AXIS2_PLACEMENT_3D('',#2209,#2210,#2211);
#2209 = CARTESIAN_POINT('',(-36.,2.5,-4.));
#2210 = DIRECTION('',(0.5,7.767964465611E-17,-0.866025403784));
#2211 = DIRECTION('',(-0.866025403784,-1.345450912583E-16,-0.5));
#2212 = ADVANCED_FACE('',(#2213),#2231,.T.);
#2213 = FACE_BOUND('',#2214,.T.);
#2214 = EDGE_LOOP('',(#2215,#2216,#2224,#2230));
#2215 = ORIENTED_EDGE('',*,*,#2201,.T.);
#2216 = ORIENTED_EDGE('',*,*,#2217,.T.);
#2217 = EDGE_CURVE('',#2194,#2218,#2220,.T.);
#2218 = VERTEX_POINT('',#2219);
#2219 = CARTESIAN_POINT('',(-38.59807621135,-1.5,-8.5));
#2220 = LINE('',#2221,#2222);
#2221 = CARTESIAN_POINT('',(-38.59807621135,-1.5,-5.5));
#2222 = VECTOR('',#2223,1.);
#2223 = DIRECTION('',(-5.289796805521E-16,-2.655733136026E-31,-1.));
#2224 = ORIENTED_EDGE('',*,*,#2225,.F.);
#2225 = EDGE_CURVE('',#1159,#2218,#2226,.T.);
#2226 = LINE('',#2227,#2228);
#2227 = CARTESIAN_POINT('',(-38.59807621135,2.5,-8.5));
#2228 = VECTOR('',#2229,1.);
#2229 = DIRECTION('',(1.553592893122E-16,-1.,0.));
#2230 = ORIENTED_EDGE('',*,*,#1158,.F.);
#2231 = PLANE('',#2232);
#2232 = AXIS2_PLACEMENT_3D('',#2233,#2234,#2235);
#2233 = CARTESIAN_POINT('',(-38.59807621135,2.5,-5.5));
#2234 = DIRECTION('',(1.,1.553592893122E-16,-5.289796805521E-16));
#2235 = DIRECTION('',(-5.289796805521E-16,-2.655733136026E-31,-1.));
#2236 = ADVANCED_FACE('',(#2237),#2248,.T.);
#2237 = FACE_BOUND('',#2238,.T.);
#2238 = EDGE_LOOP('',(#2239,#2240,#2246,#2247));
#2239 = ORIENTED_EDGE('',*,*,#2225,.T.);
#2240 = ORIENTED_EDGE('',*,*,#2241,.T.);
#2241 = EDGE_CURVE('',#2218,#2114,#2242,.T.);
#2242 = LINE('',#2243,#2244);
#2243 = CARTESIAN_POINT('',(-38.59807621135,-1.5,-8.5));
#2244 = VECTOR('',#2245,1.);
#2245 = DIRECTION('',(0.866025403784,1.345450912583E-16,-0.5));
#2246 = ORIENTED_EDGE('',*,*,#2113,.F.);
#2247 = ORIENTED_EDGE('',*,*,#1166,.F.);
#2248 = PLANE('',#2249);
#2249 = AXIS2_PLACEMENT_3D('',#2250,#2251,#2252);
#2250 = CARTESIAN_POINT('',(-38.59807621135,2.5,-8.5));
#2251 = DIRECTION('',(0.5,7.767964465611E-17,0.866025403784));
#2252 = DIRECTION('',(0.866025403784,1.345450912583E-16,-0.5));
#2253 = ADVANCED_FACE('',(#2254),#2279,.T.);
#2254 = FACE_BOUND('',#2255,.T.);
#2255 = EDGE_LOOP('',(#2256,#2264,#2272,#2278));
#2256 = ORIENTED_EDGE('',*,*,#2257,.T.);
#2257 = EDGE_CURVE('',#1175,#2258,#2260,.T.);
#2258 = VERTEX_POINT('',#2259);
#2259 = CARTESIAN_POINT('',(22.,-1.5,-10.));
#2260 = LINE('',#2261,#2262);
#2261 = CARTESIAN_POINT('',(22.,2.5,-10.));
#2262 = VECTOR('',#2263,1.);
#2263 = DIRECTION('',(1.553592893122E-16,-1.,0.));
#2264 = ORIENTED_EDGE('',*,*,#2265,.T.);
#2265 = EDGE_CURVE('',#2258,#2266,#2268,.T.);
#2266 = VERTEX_POINT('',#2267);
#2267 = CARTESIAN_POINT('',(24.598076211353,-1.5,-8.5));
#2268 = LINE('',#2269,#2270);
#2269 = CARTESIAN_POINT('',(22.,-1.5,-10.));
#2270 = VECTOR('',#2271,1.);
#2271 = DIRECTION('',(0.866025403784,1.345450912583E-16,0.5));
#2272 = ORIENTED_EDGE('',*,*,#2273,.F.);
#2273 = EDGE_CURVE('',#1177,#2266,#2274,.T.);
#2274 = LINE('',#2275,#2276);
#2275 = CARTESIAN_POINT('',(24.598076211353,2.5,-8.5));
#2276 = VECTOR('',#2277,1.);
#2277 = DIRECTION('',(1.553592893122E-16,-1.,0.));
#2278 = ORIENTED_EDGE('',*,*,#1174,.F.);
#2279 = PLANE('',#2280);
#2280 = AXIS2_PLACEMENT_3D('',#2281,#2282,#2283);
#2281 = CARTESIAN_POINT('',(22.,2.5,-10.));
#2282 = DIRECTION('',(-0.5,-7.767964465611E-17,0.866025403784));
#2283 = DIRECTION('',(0.866025403784,1.345450912583E-16,0.5));
#2284 = ADVANCED_FACE('',(#2285),#2303,.T.);
#2285 = FACE_BOUND('',#2286,.T.);
#2286 = EDGE_LOOP('',(#2287,#2288,#2296,#2302));
#2287 = ORIENTED_EDGE('',*,*,#2273,.T.);
#2288 = ORIENTED_EDGE('',*,*,#2289,.T.);
#2289 = EDGE_CURVE('',#2266,#2290,#2292,.T.);
#2290 = VERTEX_POINT('',#2291);
#2291 = CARTESIAN_POINT('',(24.598076211353,-1.5,-5.5));
#2292 = LINE('',#2293,#2294);
#2293 = CARTESIAN_POINT('',(24.598076211353,-1.5,-8.5));
#2294 = VECTOR('',#2295,1.);
#2295 = DIRECTION('',(1.238979680552E-15,3.758784090143E-31,1.));
#2296 = ORIENTED_EDGE('',*,*,#2297,.F.);
#2297 = EDGE_CURVE('',#1185,#2290,#2298,.T.);
#2298 = LINE('',#2299,#2300);
#2299 = CARTESIAN_POINT('',(24.598076211353,2.5,-5.5));
#2300 = VECTOR('',#2301,1.);
#2301 = DIRECTION('',(1.553592893122E-16,-1.,0.));
#2302 = ORIENTED_EDGE('',*,*,#1184,.F.);
#2303 = PLANE('',#2304);
#2304 = AXIS2_PLACEMENT_3D('',#2305,#2306,#2307);
#2305 = CARTESIAN_POINT('',(24.598076211353,2.5,-8.5));
#2306 = DIRECTION('',(-1.,-1.553592893122E-16,1.238979680552E-15));
#2307 = DIRECTION('',(1.238979680552E-15,3.758784090143E-31,1.));
#2308 = ADVANCED_FACE('',(#2309),#2327,.T.);
#2309 = FACE_BOUND('',#2310,.T.);
#2310 = EDGE_LOOP('',(#2311,#2312,#2320,#2326));
#2311 = ORIENTED_EDGE('',*,*,#2297,.T.);
#2312 = ORIENTED_EDGE('',*,*,#2313,.T.);
#2313 = EDGE_CURVE('',#2290,#2314,#2316,.T.);
#2314 = VERTEX_POINT('',#2315);
#2315 = CARTESIAN_POINT('',(22.,-1.5,-4.));
#2316 = LINE('',#2317,#2318);
#2317 = CARTESIAN_POINT('',(24.598076211353,-1.5,-5.5));
#2318 = VECTOR('',#2319,1.);
#2319 = DIRECTION('',(-0.866025403784,-1.345450912583E-16,0.5));
#2320 = ORIENTED_EDGE('',*,*,#2321,.F.);
#2321 = EDGE_CURVE('',#1193,#2314,#2322,.T.);
#2322 = LINE('',#2323,#2324);
#2323 = CARTESIAN_POINT('',(22.,2.5,-4.));
#2324 = VECTOR('',#2325,1.);
#2325 = DIRECTION('',(1.553592893122E-16,-1.,0.));
#2326 = ORIENTED_EDGE('',*,*,#1192,.F.);
#2327 = PLANE('',#2328);
#2328 = AXIS2_PLACEMENT_3D('',#2329,#2330,#2331);
#2329 = CARTESIAN_POINT('',(24.598076211353,2.5,-5.5));
#2330 = DIRECTION('',(-0.5,-7.767964465611E-17,-0.866025403784));
#2331 = DIRECTION('',(-0.866025403784,-1.345450912583E-16,0.5));
#2332 = ADVANCED_FACE('',(#2333),#2351,.T.);
#2333 = FACE_BOUND('',#2334,.T.);
#2334 = EDGE_LOOP('',(#2335,#2336,#2344,#2350));
#2335 = ORIENTED_EDGE('',*,*,#2321,.T.);
#2336 = ORIENTED_EDGE('',*,*,#2337,.T.);
#2337 = EDGE_CURVE('',#2314,#2338,#2340,.T.);
#2338 = VERTEX_POINT('',#2339);
#2339 = CARTESIAN_POINT('',(19.401923788647,-1.5,-5.5));
#2340 = LINE('',#2341,#2342);
#2341 = CARTESIAN_POINT('',(22.,-1.5,-4.));
#2342 = VECTOR('',#2343,1.);
#2343 = DIRECTION('',(-0.866025403784,-1.345450912583E-16,-0.5));
#2344 = ORIENTED_EDGE('',*,*,#2345,.F.);
#2345 = EDGE_CURVE('',#1201,#2338,#2346,.T.);
#2346 = LINE('',#2347,#2348);
#2347 = CARTESIAN_POINT('',(19.401923788647,2.5,-5.5));
#2348 = VECTOR('',#2349,1.);
#2349 = DIRECTION('',(1.553592893122E-16,-1.,0.));
#2350 = ORIENTED_EDGE('',*,*,#1200,.F.);
#2351 = PLANE('',#2352);
#2352 = AXIS2_PLACEMENT_3D('',#2353,#2354,#2355);
#2353 = CARTESIAN_POINT('',(22.,2.5,-4.));
#2354 = DIRECTION('',(0.5,7.767964465611E-17,-0.866025403784));
#2355 = DIRECTION('',(-0.866025403784,-1.345450912583E-16,-0.5));
#2356 = ADVANCED_FACE('',(#2357),#2375,.T.);
#2357 = FACE_BOUND('',#2358,.T.);
#2358 = EDGE_LOOP('',(#2359,#2360,#2368,#2374));
#2359 = ORIENTED_EDGE('',*,*,#2345,.T.);
#2360 = ORIENTED_EDGE('',*,*,#2361,.T.);
#2361 = EDGE_CURVE('',#2338,#2362,#2364,.T.);
#2362 = VERTEX_POINT('',#2363);
#2363 = CARTESIAN_POINT('',(19.401923788647,-1.5,-8.5));
#2364 = LINE('',#2365,#2366);
#2365 = CARTESIAN_POINT('',(19.401923788647,-1.5,-5.5));
#2366 = VECTOR('',#2367,1.);
#2367 = DIRECTION('',(-1.528979680552E-15,-4.209326029149E-31,-1.));
#2368 = ORIENTED_EDGE('',*,*,#2369,.F.);
#2369 = EDGE_CURVE('',#1209,#2362,#2370,.T.);
#2370 = LINE('',#2371,#2372);
#2371 = CARTESIAN_POINT('',(19.401923788647,2.5,-8.5));
#2372 = VECTOR('',#2373,1.);
#2373 = DIRECTION('',(1.553592893122E-16,-1.,0.));
#2374 = ORIENTED_EDGE('',*,*,#1208,.F.);
#2375 = PLANE('',#2376);
#2376 = AXIS2_PLACEMENT_3D('',#2377,#2378,#2379);
#2377 = CARTESIAN_POINT('',(19.401923788647,2.5,-5.5));
#2378 = DIRECTION('',(1.,1.553592893122E-16,-1.528979680552E-15));
#2379 = DIRECTION('',(-1.528979680552E-15,-4.209326029149E-31,-1.));
#2380 = ADVANCED_FACE('',(#2381),#2392,.T.);
#2381 = FACE_BOUND('',#2382,.T.);
#2382 = EDGE_LOOP('',(#2383,#2384,#2390,#2391));
#2383 = ORIENTED_EDGE('',*,*,#2369,.T.);
#2384 = ORIENTED_EDGE('',*,*,#2385,.T.);
#2385 = EDGE_CURVE('',#2362,#2258,#2386,.T.);
#2386 = LINE('',#2387,#2388);
#2387 = CARTESIAN_POINT('',(19.401923788647,-1.5,-8.5));
#2388 = VECTOR('',#2389,1.);
#2389 = DIRECTION('',(0.866025403784,1.345450912583E-16,-0.5));
#2390 = ORIENTED_EDGE('',*,*,#2257,.F.);
#2391 = ORIENTED_EDGE('',*,*,#1216,.F.);
#2392 = PLANE('',#2393);
#2393 = AXIS2_PLACEMENT_3D('',#2394,#2395,#2396);
#2394 = CARTESIAN_POINT('',(19.401923788647,2.5,-8.5));
#2395 = DIRECTION('',(0.5,7.767964465611E-17,0.866025403784));
#2396 = DIRECTION('',(0.866025403784,1.345450912583E-16,-0.5));
#2397 = ADVANCED_FACE('',(#2398),#2414,.F.);
#2398 = FACE_BOUND('',#2399,.F.);
#2399 = EDGE_LOOP('',(#2400,#2401,#2407,#2408));
#2400 = ORIENTED_EDGE('',*,*,#1586,.F.);
#2401 = ORIENTED_EDGE('',*,*,#2402,.F.);
#2402 = EDGE_CURVE('',#1225,#1587,#2403,.T.);
#2403 = LINE('',#2404,#2405);
#2404 = CARTESIAN_POINT('',(-34.01,2.5,-73.));
#2405 = VECTOR('',#2406,1.);
#2406 = DIRECTION('',(5.597338667253E-17,-1.,-4.440892098501E-16));
#2407 = ORIENTED_EDGE('',*,*,#1224,.T.);
#2408 = ORIENTED_EDGE('',*,*,#2409,.T.);
#2409 = EDGE_CURVE('',#1227,#1578,#2410,.T.);
#2410 = LINE('',#2411,#2412);
#2411 = CARTESIAN_POINT('',(-2.99,2.5,-73.));
#2412 = VECTOR('',#2413,1.);
#2413 = DIRECTION('',(-8.897968055207E-17,-1.,-4.440892098501E-16));
#2414 = PLANE('',#2415);
#2415 = AXIS2_PLACEMENT_3D('',#2416,#2417,#2418);
#2416 = CARTESIAN_POINT('',(-37.,2.5,-73.));
#2417 = DIRECTION('',(1.040622208762E-17,4.440892098501E-16,-1.));
#2418 = DIRECTION('',(1.,5.597338667253E-17,1.040622208762E-17));
#2419 = ADVANCED_FACE('',(#2420),#2431,.F.);
#2420 = FACE_BOUND('',#2421,.T.);
#2421 = EDGE_LOOP('',(#2422,#2423,#2429,#2430));
#2422 = ORIENTED_EDGE('',*,*,#1285,.T.);
#2423 = ORIENTED_EDGE('',*,*,#2424,.T.);
#2424 = EDGE_CURVE('',#1278,#1595,#2425,.T.);
#2425 = LINE('',#2426,#2427);
#2426 = CARTESIAN_POINT('',(-37.,2.5,-70.01));
#2427 = VECTOR('',#2428,1.);
#2428 = DIRECTION('',(5.597338667253E-17,-1.,-4.440892098501E-16));
#2429 = ORIENTED_EDGE('',*,*,#1594,.F.);
#2430 = ORIENTED_EDGE('',*,*,#2402,.F.);
#2431 = CYLINDRICAL_SURFACE('',#2432,2.99);
#2432 = AXIS2_PLACEMENT_3D('',#2433,#2434,#2435);
#2433 = CARTESIAN_POINT('',(-34.01,2.5,-70.01));
#2434 = DIRECTION('',(5.597338667253E-17,-1.,-4.440892098501E-16));
#2435 = DIRECTION('',(1.040622208762E-17,4.440892098501E-16,-1.));
#2436 = ADVANCED_FACE('',(#2437),#2448,.F.);
#2437 = FACE_BOUND('',#2438,.T.);
#2438 = EDGE_LOOP('',(#2439,#2440,#2441,#2442));
#2439 = ORIENTED_EDGE('',*,*,#1234,.T.);
#2440 = ORIENTED_EDGE('',*,*,#2409,.T.);
#2441 = ORIENTED_EDGE('',*,*,#1577,.F.);
#2442 = ORIENTED_EDGE('',*,*,#2443,.F.);
#2443 = EDGE_CURVE('',#1235,#1570,#2444,.T.);
#2444 = LINE('',#2445,#2446);
#2445 = CARTESIAN_POINT('',(-7.105427357601E-15,2.5,-70.01));
#2446 = VECTOR('',#2447,1.);
#2447 = DIRECTION('',(-8.897968055207E-17,-1.,-4.440892098501E-16));
#2448 = CYLINDRICAL_SURFACE('',#2449,2.99);
#2449 = AXIS2_PLACEMENT_3D('',#2450,#2451,#2452);
#2450 = CARTESIAN_POINT('',(-2.99,2.5,-70.01));
#2451 = DIRECTION('',(-8.897968055207E-17,-1.,-4.440892098501E-16));
#2452 = DIRECTION('',(1.,-8.897968055207E-17,6.422496014241E-17));
#2453 = ADVANCED_FACE('',(#2454),#2465,.T.);
#2454 = FACE_BOUND('',#2455,.T.);
#2455 = EDGE_LOOP('',(#2456,#2457,#2463,#2464));
#2456 = ORIENTED_EDGE('',*,*,#1277,.F.);
#2457 = ORIENTED_EDGE('',*,*,#2458,.T.);
#2458 = EDGE_CURVE('',#1269,#1604,#2459,.T.);
#2459 = LINE('',#2460,#2461);
#2460 = CARTESIAN_POINT('',(-37.,2.5,-69.99));
#2461 = VECTOR('',#2462,1.);
#2462 = DIRECTION('',(5.597338667253E-17,-1.,-4.440892098501E-16));
#2463 = ORIENTED_EDGE('',*,*,#1603,.T.);
#2464 = ORIENTED_EDGE('',*,*,#2424,.F.);
#2465 = PLANE('',#2466);
#2466 = AXIS2_PLACEMENT_3D('',#2467,#2468,#2469);
#2467 = CARTESIAN_POINT('',(-37.,2.5,-67.));
#2468 = DIRECTION('',(1.,5.597338667253E-17,1.040622208762E-17));
#2469 = DIRECTION('',(1.040622208762E-17,4.440892098501E-16,-1.));
#2470 = ADVANCED_FACE('',(#2471),#2482,.F.);
#2471 = FACE_BOUND('',#2472,.F.);
#2472 = EDGE_LOOP('',(#2473,#2474,#2480,#2481));
#2473 = ORIENTED_EDGE('',*,*,#1243,.F.);
#2474 = ORIENTED_EDGE('',*,*,#2475,.T.);
#2475 = EDGE_CURVE('',#1244,#1561,#2476,.T.);
#2476 = LINE('',#2477,#2478);
#2477 = CARTESIAN_POINT('',(-6.661338147751E-15,2.5,-69.99));
#2478 = VECTOR('',#2479,1.);
#2479 = DIRECTION('',(-8.897968055207E-17,-1.,-4.440892098501E-16));
#2480 = ORIENTED_EDGE('',*,*,#1569,.T.);
#2481 = ORIENTED_EDGE('',*,*,#2443,.F.);
#2482 = PLANE('',#2483);
#2483 = AXIS2_PLACEMENT_3D('',#2484,#2485,#2486);
#2484 = CARTESIAN_POINT('',(-7.105427357601E-15,2.5,-62.));
#2485 = DIRECTION('',(1.,-8.897968055207E-17,6.422496014241E-17));
#2486 = DIRECTION('',(6.422496014241E-17,4.440892098501E-16,-1.));
#2487 = ADVANCED_FACE('',(#2488),#2499,.F.);
#2488 = FACE_BOUND('',#2489,.F.);
#2489 = EDGE_LOOP('',(#2490,#2491,#2492,#2493));
#2490 = ORIENTED_EDGE('',*,*,#1268,.T.);
#2491 = ORIENTED_EDGE('',*,*,#2458,.T.);
#2492 = ORIENTED_EDGE('',*,*,#1611,.F.);
#2493 = ORIENTED_EDGE('',*,*,#2494,.F.);
#2494 = EDGE_CURVE('',#1261,#1551,#2495,.T.);
#2495 = LINE('',#2496,#2497);
#2496 = CARTESIAN_POINT('',(-34.01,2.5,-67.));
#2497 = VECTOR('',#2498,1.);
#2498 = DIRECTION('',(5.597338667253E-17,-1.,-4.440892098501E-16));
#2499 = CYLINDRICAL_SURFACE('',#2500,2.99);
#2500 = AXIS2_PLACEMENT_3D('',#2501,#2502,#2503);
#2501 = CARTESIAN_POINT('',(-34.01,2.5,-69.99));
#2502 = DIRECTION('',(5.597338667253E-17,-1.,-4.440892098501E-16));
#2503 = DIRECTION('',(-1.040622208762E-17,-4.440892098501E-16,1.));
#2504 = ADVANCED_FACE('',(#2505),#2516,.F.);
#2505 = FACE_BOUND('',#2506,.T.);
#2506 = EDGE_LOOP('',(#2507,#2508,#2509,#2510));
#2507 = ORIENTED_EDGE('',*,*,#1251,.T.);
#2508 = ORIENTED_EDGE('',*,*,#2475,.T.);
#2509 = ORIENTED_EDGE('',*,*,#1560,.F.);
#2510 = ORIENTED_EDGE('',*,*,#2511,.F.);
#2511 = EDGE_CURVE('',#1252,#1553,#2512,.T.);
#2512 = LINE('',#2513,#2514);
#2513 = CARTESIAN_POINT('',(-2.99,2.5,-67.));
#2514 = VECTOR('',#2515,1.);
#2515 = DIRECTION('',(-8.897968055207E-17,-1.,-4.440892098501E-16));
#2516 = CYLINDRICAL_SURFACE('',#2517,2.99);
#2517 = AXIS2_PLACEMENT_3D('',#2518,#2519,#2520);
#2518 = CARTESIAN_POINT('',(-2.99,2.5,-69.99));
#2519 = DIRECTION('',(-8.897968055207E-17,-1.,-4.440892098501E-16));
#2520 = DIRECTION('',(-1.040622208762E-17,-4.440892098501E-16,1.));
#2521 = ADVANCED_FACE('',(#2522),#2528,.T.);
#2522 = FACE_BOUND('',#2523,.T.);
#2523 = EDGE_LOOP('',(#2524,#2525,#2526,#2527));
#2524 = ORIENTED_EDGE('',*,*,#1550,.F.);
#2525 = ORIENTED_EDGE('',*,*,#2494,.F.);
#2526 = ORIENTED_EDGE('',*,*,#1260,.T.);
#2527 = ORIENTED_EDGE('',*,*,#2511,.T.);
#2528 = PLANE('',#2529);
#2529 = AXIS2_PLACEMENT_3D('',#2530,#2531,#2532);
#2530 = CARTESIAN_POINT('',(-37.,2.5,-67.));
#2531 = DIRECTION('',(1.040622208762E-17,4.440892098501E-16,-1.));
#2532 = DIRECTION('',(1.,5.597338667253E-17,1.040622208762E-17));
#2533 = ADVANCED_FACE('',(#2534),#2540,.T.);
#2534 = FACE_BOUND('',#2535,.T.);
#2535 = EDGE_LOOP('',(#2536,#2537,#2538,#2539));
#2536 = ORIENTED_EDGE('',*,*,#1462,.T.);
#2537 = ORIENTED_EDGE('',*,*,#1661,.T.);
#2538 = ORIENTED_EDGE('',*,*,#1359,.T.);
#2539 = ORIENTED_EDGE('',*,*,#1629,.F.);
#2540 = PLANE('',#2541);
#2541 = AXIS2_PLACEMENT_3D('',#2542,#2543,#2544);
#2542 = CARTESIAN_POINT('',(47.,2.5,-62.));
#2543 = DIRECTION('',(-1.088979680552E-15,-3.525745156175E-31,-1.));
#2544 = DIRECTION('',(1.553592893122E-16,-1.,0.));
#2545 = ADVANCED_FACE('',(#2546),#2667,.T.);
#2546 = FACE_BOUND('',#2547,.T.);
#2547 = EDGE_LOOP('',(#2548,#2558,#2566,#2574,#2582,#2588,#2589,#2597,
    #2605,#2613,#2621,#2629,#2637,#2645,#2653,#2661));
#2548 = ORIENTED_EDGE('',*,*,#2549,.F.);
#2549 = EDGE_CURVE('',#2550,#2552,#2554,.T.);
#2550 = VERTEX_POINT('',#2551);
#2551 = CARTESIAN_POINT('',(44.,1.1,-2.));
#2552 = VERTEX_POINT('',#2553);
#2553 = CARTESIAN_POINT('',(26.5,1.1,-2.));
#2554 = LINE('',#2555,#2556);
#2555 = CARTESIAN_POINT('',(45.,1.1,-2.));
#2556 = VECTOR('',#2557,1.);
#2557 = DIRECTION('',(-1.,-1.553592893122E-16,1.088979680552E-15));
#2558 = ORIENTED_EDGE('',*,*,#2559,.T.);
#2559 = EDGE_CURVE('',#2550,#2560,#2562,.T.);
#2560 = VERTEX_POINT('',#2561);
#2561 = CARTESIAN_POINT('',(44.,-2.9,-2.));
#2562 = LINE('',#2563,#2564);
#2563 = CARTESIAN_POINT('',(44.,1.1,-2.));
#2564 = VECTOR('',#2565,1.);
#2565 = DIRECTION('',(1.553592893122E-16,-1.,0.));
#2566 = ORIENTED_EDGE('',*,*,#2567,.F.);
#2567 = EDGE_CURVE('',#2568,#2560,#2570,.T.);
#2568 = VERTEX_POINT('',#2569);
#2569 = CARTESIAN_POINT('',(45.,-2.9,-2.));
#2570 = LINE('',#2571,#2572);
#2571 = CARTESIAN_POINT('',(24.96066252588,-2.9,-2.));
#2572 = VECTOR('',#2573,1.);
#2573 = DIRECTION('',(-1.,-1.553592893122E-16,-3.910203194479E-16));
#2574 = ORIENTED_EDGE('',*,*,#2575,.F.);
#2575 = EDGE_CURVE('',#2576,#2568,#2578,.T.);
#2576 = VERTEX_POINT('',#2577);
#2577 = CARTESIAN_POINT('',(46.,-2.9,-2.));
#2578 = LINE('',#2579,#2580);
#2579 = CARTESIAN_POINT('',(46.,-2.9,-2.));
#2580 = VECTOR('',#2581,1.);
#2581 = DIRECTION('',(-1.,-1.553592893122E-16,1.088979680552E-15));
#2582 = ORIENTED_EDGE('',*,*,#2583,.T.);
#2583 = EDGE_CURVE('',#2576,#1377,#2584,.T.);
#2584 = LINE('',#2585,#2586);
#2585 = CARTESIAN_POINT('',(46.,-2.9,-2.));
#2586 = VECTOR('',#2587,1.);
#2587 = DIRECTION('',(1.553592893122E-16,-1.,0.));
#2588 = ORIENTED_EDGE('',*,*,#1376,.T.);
#2589 = ORIENTED_EDGE('',*,*,#2590,.F.);
#2590 = EDGE_CURVE('',#2591,#1379,#2593,.T.);
#2591 = VERTEX_POINT('',#2592);
#2592 = CARTESIAN_POINT('',(-39.,-2.9,-2.));
#2593 = LINE('',#2594,#2595);
#2594 = CARTESIAN_POINT('',(-39.,-2.9,-2.));
#2595 = VECTOR('',#2596,1.);
#2596 = DIRECTION('',(1.553592893122E-16,-1.,0.));
#2597 = ORIENTED_EDGE('',*,*,#2598,.F.);
#2598 = EDGE_CURVE('',#2599,#2591,#2601,.T.);
#2599 = VERTEX_POINT('',#2600);
#2600 = CARTESIAN_POINT('',(-32.5,-2.9,-2.));
#2601 = LINE('',#2602,#2603);
#2602 = CARTESIAN_POINT('',(-32.5,-2.9,-2.));
#2603 = VECTOR('',#2604,1.);
#2604 = DIRECTION('',(-1.,-1.553592893122E-16,1.088979680552E-15));
#2605 = ORIENTED_EDGE('',*,*,#2606,.T.);
#2606 = EDGE_CURVE('',#2599,#2607,#2609,.T.);
#2607 = VERTEX_POINT('',#2608);
#2608 = CARTESIAN_POINT('',(-31.5,-2.9,-2.));
#2609 = LINE('',#2610,#2611);
#2610 = CARTESIAN_POINT('',(-14.28933747412,-2.9,-2.));
#2611 = VECTOR('',#2612,1.);
#2612 = DIRECTION('',(1.,1.553592893122E-16,3.910203194479E-16));
#2613 = ORIENTED_EDGE('',*,*,#2614,.F.);
#2614 = EDGE_CURVE('',#2615,#2607,#2617,.T.);
#2615 = VERTEX_POINT('',#2616);
#2616 = CARTESIAN_POINT('',(-31.5,1.1,-2.));
#2617 = LINE('',#2618,#2619);
#2618 = CARTESIAN_POINT('',(-31.5,1.1,-2.));
#2619 = VECTOR('',#2620,1.);
#2620 = DIRECTION('',(1.553592893122E-16,-1.,0.));
#2621 = ORIENTED_EDGE('',*,*,#2622,.F.);
#2622 = EDGE_CURVE('',#2623,#2615,#2625,.T.);
#2623 = VERTEX_POINT('',#2624);
#2624 = CARTESIAN_POINT('',(17.5,1.1,-2.));
#2625 = LINE('',#2626,#2627);
#2626 = CARTESIAN_POINT('',(45.,1.1,-2.));
#2627 = VECTOR('',#2628,1.);
#2628 = DIRECTION('',(-1.,-1.553592893122E-16,1.088979680552E-15));
#2629 = ORIENTED_EDGE('',*,*,#2630,.T.);
#2630 = EDGE_CURVE('',#2623,#2631,#2633,.T.);
#2631 = VERTEX_POINT('',#2632);
#2632 = CARTESIAN_POINT('',(17.5,-2.9,-2.));
#2633 = LINE('',#2634,#2635);
#2634 = CARTESIAN_POINT('',(17.5,1.1,-2.));
#2635 = VECTOR('',#2636,1.);
#2636 = DIRECTION('',(1.553592893122E-16,-1.,0.));
#2637 = ORIENTED_EDGE('',*,*,#2638,.F.);
#2638 = EDGE_CURVE('',#2639,#2631,#2641,.T.);
#2639 = VERTEX_POINT('',#2640);
#2640 = CARTESIAN_POINT('',(18.5,-2.9,-2.));
#2641 = LINE('',#2642,#2643);
#2642 = CARTESIAN_POINT('',(14.71066252588,-2.9,-2.));
#2643 = VECTOR('',#2644,1.);
#2644 = DIRECTION('',(-1.,-1.553592893122E-16,-3.910203194479E-16));
#2645 = ORIENTED_EDGE('',*,*,#2646,.F.);
#2646 = EDGE_CURVE('',#2647,#2639,#2649,.T.);
#2647 = VERTEX_POINT('',#2648);
#2648 = CARTESIAN_POINT('',(25.5,-2.9,-2.));
#2649 = LINE('',#2650,#2651);
#2650 = CARTESIAN_POINT('',(25.5,-2.9,-2.));
#2651 = VECTOR('',#2652,1.);
#2652 = DIRECTION('',(-1.,-1.553592893122E-16,1.088979680552E-15));
#2653 = ORIENTED_EDGE('',*,*,#2654,.T.);
#2654 = EDGE_CURVE('',#2647,#2655,#2657,.T.);
#2655 = VERTEX_POINT('',#2656);
#2656 = CARTESIAN_POINT('',(26.5,-2.9,-2.));
#2657 = LINE('',#2658,#2659);
#2658 = CARTESIAN_POINT('',(14.71066252588,-2.9,-2.));
#2659 = VECTOR('',#2660,1.);
#2660 = DIRECTION('',(1.,1.553592893122E-16,3.910203194479E-16));
#2661 = ORIENTED_EDGE('',*,*,#2662,.F.);
#2662 = EDGE_CURVE('',#2552,#2655,#2663,.T.);
#2663 = LINE('',#2664,#2665);
#2664 = CARTESIAN_POINT('',(26.5,1.1,-2.));
#2665 = VECTOR('',#2666,1.);
#2666 = DIRECTION('',(1.553592893122E-16,-1.,0.));
#2667 = PLANE('',#2668);
#2668 = AXIS2_PLACEMENT_3D('',#2669,#2670,#2671);
#2669 = CARTESIAN_POINT('',(3.92132505176,-2.467080745342,-2.));
#2670 = DIRECTION('',(3.910203194479E-16,6.1E-16,-1.));
#2671 = DIRECTION('',(-1.,-1.553592893122E-16,-3.910203194479E-16));
#2672 = ADVANCED_FACE('',(#2673),#2692,.F.);
#2673 = FACE_BOUND('',#2674,.T.);
#2674 = EDGE_LOOP('',(#2675,#2684,#2685,#2686));
#2675 = ORIENTED_EDGE('',*,*,#2676,.T.);
#2676 = EDGE_CURVE('',#2677,#2591,#2679,.T.);
#2677 = VERTEX_POINT('',#2678);
#2678 = CARTESIAN_POINT('',(-40.,-2.9,-3.));
#2679 = CIRCLE('',#2680,1.);
#2680 = AXIS2_PLACEMENT_3D('',#2681,#2682,#2683);
#2681 = CARTESIAN_POINT('',(-39.,-2.9,-3.));
#2682 = DIRECTION('',(-1.553592893122E-16,1.,0.));
#2683 = DIRECTION('',(1.,1.553592893122E-16,0.));
#2684 = ORIENTED_EDGE('',*,*,#2590,.T.);
#2685 = ORIENTED_EDGE('',*,*,#1419,.F.);
#2686 = ORIENTED_EDGE('',*,*,#2687,.F.);
#2687 = EDGE_CURVE('',#2677,#1412,#2688,.T.);
#2688 = LINE('',#2689,#2690);
#2689 = CARTESIAN_POINT('',(-40.,-2.9,-3.));
#2690 = VECTOR('',#2691,1.);
#2691 = DIRECTION('',(1.553592893122E-16,-1.,0.));
#2692 = CYLINDRICAL_SURFACE('',#2693,1.);
#2693 = AXIS2_PLACEMENT_3D('',#2694,#2695,#2696);
#2694 = CARTESIAN_POINT('',(-39.,-2.9,-3.));
#2695 = DIRECTION('',(1.553592893122E-16,-1.,0.));
#2696 = DIRECTION('',(-1.,-1.553592893122E-16,1.088979680552E-15));
#2697 = ADVANCED_FACE('',(#2698),#2716,.T.);
#2698 = FACE_BOUND('',#2699,.T.);
#2699 = EDGE_LOOP('',(#2700,#2701,#2709,#2715));
#2700 = ORIENTED_EDGE('',*,*,#2583,.F.);
#2701 = ORIENTED_EDGE('',*,*,#2702,.T.);
#2702 = EDGE_CURVE('',#2576,#2703,#2705,.T.);
#2703 = VERTEX_POINT('',#2704);
#2704 = CARTESIAN_POINT('',(46.,-2.9,-60.));
#2705 = LINE('',#2706,#2707);
#2706 = CARTESIAN_POINT('',(46.,-2.9,-2.));
#2707 = VECTOR('',#2708,1.);
#2708 = DIRECTION('',(-1.088979680552E-15,-3.525745156175E-31,-1.));
#2709 = ORIENTED_EDGE('',*,*,#2710,.T.);
#2710 = EDGE_CURVE('',#2703,#1387,#2711,.T.);
#2711 = LINE('',#2712,#2713);
#2712 = CARTESIAN_POINT('',(46.,-2.9,-60.));
#2713 = VECTOR('',#2714,1.);
#2714 = DIRECTION('',(1.553592893122E-16,-1.,0.));
#2715 = ORIENTED_EDGE('',*,*,#1386,.F.);
#2716 = PLANE('',#2717);
#2717 = AXIS2_PLACEMENT_3D('',#2718,#2719,#2720);
#2718 = CARTESIAN_POINT('',(46.,-2.9,-2.));
#2719 = DIRECTION('',(-1.,-1.553592893122E-16,1.088979680552E-15));
#2720 = DIRECTION('',(1.553592893122E-16,-1.,0.));
#2721 = ADVANCED_FACE('',(#2722),#2788,.F.);
#2722 = FACE_BOUND('',#2723,.F.);
#2723 = EDGE_LOOP('',(#2724,#2725,#2726,#2734,#2742,#2750,#2758,#2766,
    #2774,#2782));
#2724 = ORIENTED_EDGE('',*,*,#1411,.F.);
#2725 = ORIENTED_EDGE('',*,*,#2687,.F.);
#2726 = ORIENTED_EDGE('',*,*,#2727,.T.);
#2727 = EDGE_CURVE('',#2677,#2728,#2730,.T.);
#2728 = VERTEX_POINT('',#2729);
#2729 = CARTESIAN_POINT('',(-40.,-2.9,-10.5));
#2730 = LINE('',#2731,#2732);
#2731 = CARTESIAN_POINT('',(-40.,-2.9,-2.));
#2732 = VECTOR('',#2733,1.);
#2733 = DIRECTION('',(-1.088979680552E-15,-3.525745156175E-31,-1.));
#2734 = ORIENTED_EDGE('',*,*,#2735,.T.);
#2735 = EDGE_CURVE('',#2728,#2736,#2738,.T.);
#2736 = VERTEX_POINT('',#2737);
#2737 = CARTESIAN_POINT('',(-40.,-2.9,-11.5));
#2738 = LINE('',#2739,#2740);
#2739 = CARTESIAN_POINT('',(-40.,-2.9,-2.));
#2740 = VECTOR('',#2741,1.);
#2741 = DIRECTION('',(-1.088979680552E-15,-1.69183109246E-31,-1.));
#2742 = ORIENTED_EDGE('',*,*,#2743,.F.);
#2743 = EDGE_CURVE('',#2744,#2736,#2746,.T.);
#2744 = VERTEX_POINT('',#2745);
#2745 = CARTESIAN_POINT('',(-40.,1.1,-11.5));
#2746 = LINE('',#2747,#2748);
#2747 = CARTESIAN_POINT('',(-40.,1.1,-11.5));
#2748 = VECTOR('',#2749,1.);
#2749 = DIRECTION('',(1.553592893122E-16,-1.,0.));
#2750 = ORIENTED_EDGE('',*,*,#2751,.T.);
#2751 = EDGE_CURVE('',#2744,#2752,#2754,.T.);
#2752 = VERTEX_POINT('',#2753);
#2753 = CARTESIAN_POINT('',(-40.,1.1,-51.5));
#2754 = LINE('',#2755,#2756);
#2755 = CARTESIAN_POINT('',(-40.,1.1,-2.));
#2756 = VECTOR('',#2757,1.);
#2757 = DIRECTION('',(-1.088979680552E-15,-3.525745156175E-31,-1.));
#2758 = ORIENTED_EDGE('',*,*,#2759,.T.);
#2759 = EDGE_CURVE('',#2752,#2760,#2762,.T.);
#2760 = VERTEX_POINT('',#2761);
#2761 = CARTESIAN_POINT('',(-40.,-2.9,-51.5));
#2762 = LINE('',#2763,#2764);
#2763 = CARTESIAN_POINT('',(-40.,1.1,-51.5));
#2764 = VECTOR('',#2765,1.);
#2765 = DIRECTION('',(1.553592893122E-16,-1.,0.));
#2766 = ORIENTED_EDGE('',*,*,#2767,.F.);
#2767 = EDGE_CURVE('',#2768,#2760,#2770,.T.);
#2768 = VERTEX_POINT('',#2769);
#2769 = CARTESIAN_POINT('',(-40.,-2.9,-52.5));
#2770 = LINE('',#2771,#2772);
#2771 = CARTESIAN_POINT('',(-40.,-2.9,-27.25));
#2772 = VECTOR('',#2773,1.);
#2773 = DIRECTION('',(1.088979680552E-15,1.69183109246E-31,1.));
#2774 = ORIENTED_EDGE('',*,*,#2775,.T.);
#2775 = EDGE_CURVE('',#2768,#2776,#2778,.T.);
#2776 = VERTEX_POINT('',#2777);
#2777 = CARTESIAN_POINT('',(-40.,-2.9,-59.));
#2778 = LINE('',#2779,#2780);
#2779 = CARTESIAN_POINT('',(-40.,-2.9,-52.5));
#2780 = VECTOR('',#2781,1.);
#2781 = DIRECTION('',(-1.088979680552E-15,-3.525745156175E-31,-1.));
#2782 = ORIENTED_EDGE('',*,*,#2783,.T.);
#2783 = EDGE_CURVE('',#2776,#1403,#2784,.T.);
#2784 = LINE('',#2785,#2786);
#2785 = CARTESIAN_POINT('',(-40.,-2.9,-59.));
#2786 = VECTOR('',#2787,1.);
#2787 = DIRECTION('',(1.553592893122E-16,-1.,0.));
#2788 = PLANE('',#2789);
#2789 = AXIS2_PLACEMENT_3D('',#2790,#2791,#2792);
#2790 = CARTESIAN_POINT('',(-40.,1.1,-2.));
#2791 = DIRECTION('',(-1.,-1.553592893122E-16,1.088979680552E-15));
#2792 = DIRECTION('',(1.553592893122E-16,-1.,0.));
#2793 = ADVANCED_FACE('',(#2794),#2908,.T.);
#2794 = FACE_BOUND('',#2795,.T.);
#2795 = EDGE_LOOP('',(#2796,#2806,#2814,#2822,#2830,#2838,#2846,#2854,
    #2862,#2870,#2878,#2884,#2885,#2886,#2894,#2902));
#2796 = ORIENTED_EDGE('',*,*,#2797,.T.);
#2797 = EDGE_CURVE('',#2798,#2800,#2802,.T.);
#2798 = VERTEX_POINT('',#2799);
#2799 = CARTESIAN_POINT('',(44.,1.1,-60.));
#2800 = VERTEX_POINT('',#2801);
#2801 = CARTESIAN_POINT('',(26.5,1.1,-60.));
#2802 = LINE('',#2803,#2804);
#2803 = CARTESIAN_POINT('',(45.,1.1,-60.));
#2804 = VECTOR('',#2805,1.);
#2805 = DIRECTION('',(-1.,-1.553592893122E-16,1.088979680552E-15));
#2806 = ORIENTED_EDGE('',*,*,#2807,.T.);
#2807 = EDGE_CURVE('',#2800,#2808,#2810,.T.);
#2808 = VERTEX_POINT('',#2809);
#2809 = CARTESIAN_POINT('',(26.5,-2.9,-60.));
#2810 = LINE('',#2811,#2812);
#2811 = CARTESIAN_POINT('',(26.5,1.1,-60.));
#2812 = VECTOR('',#2813,1.);
#2813 = DIRECTION('',(1.553592893122E-16,-1.,0.));
#2814 = ORIENTED_EDGE('',*,*,#2815,.F.);
#2815 = EDGE_CURVE('',#2816,#2808,#2818,.T.);
#2816 = VERTEX_POINT('',#2817);
#2817 = CARTESIAN_POINT('',(25.5,-2.9,-60.));
#2818 = LINE('',#2819,#2820);
#2819 = CARTESIAN_POINT('',(14.71066252588,-2.9,-60.));
#2820 = VECTOR('',#2821,1.);
#2821 = DIRECTION('',(1.,1.553592893122E-16,4.610203194479E-16));
#2822 = ORIENTED_EDGE('',*,*,#2823,.T.);
#2823 = EDGE_CURVE('',#2816,#2824,#2826,.T.);
#2824 = VERTEX_POINT('',#2825);
#2825 = CARTESIAN_POINT('',(18.5,-2.9,-60.));
#2826 = LINE('',#2827,#2828);
#2827 = CARTESIAN_POINT('',(25.5,-2.9,-60.));
#2828 = VECTOR('',#2829,1.);
#2829 = DIRECTION('',(-1.,-1.553592893122E-16,1.088979680552E-15));
#2830 = ORIENTED_EDGE('',*,*,#2831,.T.);
#2831 = EDGE_CURVE('',#2824,#2832,#2834,.T.);
#2832 = VERTEX_POINT('',#2833);
#2833 = CARTESIAN_POINT('',(17.5,-2.9,-60.));
#2834 = LINE('',#2835,#2836);
#2835 = CARTESIAN_POINT('',(14.71066252588,-2.9,-60.));
#2836 = VECTOR('',#2837,1.);
#2837 = DIRECTION('',(-1.,-1.553592893122E-16,-4.610203194479E-16));
#2838 = ORIENTED_EDGE('',*,*,#2839,.F.);
#2839 = EDGE_CURVE('',#2840,#2832,#2842,.T.);
#2840 = VERTEX_POINT('',#2841);
#2841 = CARTESIAN_POINT('',(17.5,1.1,-60.));
#2842 = LINE('',#2843,#2844);
#2843 = CARTESIAN_POINT('',(17.5,1.1,-60.));
#2844 = VECTOR('',#2845,1.);
#2845 = DIRECTION('',(1.553592893122E-16,-1.,0.));
#2846 = ORIENTED_EDGE('',*,*,#2847,.T.);
#2847 = EDGE_CURVE('',#2840,#2848,#2850,.T.);
#2848 = VERTEX_POINT('',#2849);
#2849 = CARTESIAN_POINT('',(-31.5,1.1,-60.));
#2850 = LINE('',#2851,#2852);
#2851 = CARTESIAN_POINT('',(45.,1.1,-60.));
#2852 = VECTOR('',#2853,1.);
#2853 = DIRECTION('',(-1.,-1.553592893122E-16,1.088979680552E-15));
#2854 = ORIENTED_EDGE('',*,*,#2855,.T.);
#2855 = EDGE_CURVE('',#2848,#2856,#2858,.T.);
#2856 = VERTEX_POINT('',#2857);
#2857 = CARTESIAN_POINT('',(-31.5,-2.9,-60.));
#2858 = LINE('',#2859,#2860);
#2859 = CARTESIAN_POINT('',(-31.5,1.1,-60.));
#2860 = VECTOR('',#2861,1.);
#2861 = DIRECTION('',(1.553592893122E-16,-1.,0.));
#2862 = ORIENTED_EDGE('',*,*,#2863,.F.);
#2863 = EDGE_CURVE('',#2864,#2856,#2866,.T.);
#2864 = VERTEX_POINT('',#2865);
#2865 = CARTESIAN_POINT('',(-32.5,-2.9,-60.));
#2866 = LINE('',#2867,#2868);
#2867 = CARTESIAN_POINT('',(-14.28933747412,-2.9,-60.));
#2868 = VECTOR('',#2869,1.);
#2869 = DIRECTION('',(1.,1.553592893122E-16,4.610203194479E-16));
#2870 = ORIENTED_EDGE('',*,*,#2871,.T.);
#2871 = EDGE_CURVE('',#2864,#2872,#2874,.T.);
#2872 = VERTEX_POINT('',#2873);
#2873 = CARTESIAN_POINT('',(-39.,-2.9,-60.));
#2874 = LINE('',#2875,#2876);
#2875 = CARTESIAN_POINT('',(-32.5,-2.9,-60.));
#2876 = VECTOR('',#2877,1.);
#2877 = DIRECTION('',(-1.,-1.553592893122E-16,1.088979680552E-15));
#2878 = ORIENTED_EDGE('',*,*,#2879,.T.);
#2879 = EDGE_CURVE('',#2872,#1395,#2880,.T.);
#2880 = LINE('',#2881,#2882);
#2881 = CARTESIAN_POINT('',(-39.,-2.9,-60.));
#2882 = VECTOR('',#2883,1.);
#2883 = DIRECTION('',(1.553592893122E-16,-1.,0.));
#2884 = ORIENTED_EDGE('',*,*,#1394,.F.);
#2885 = ORIENTED_EDGE('',*,*,#2710,.F.);
#2886 = ORIENTED_EDGE('',*,*,#2887,.T.);
#2887 = EDGE_CURVE('',#2703,#2888,#2890,.T.);
#2888 = VERTEX_POINT('',#2889);
#2889 = CARTESIAN_POINT('',(45.,-2.9,-60.));
#2890 = LINE('',#2891,#2892);
#2891 = CARTESIAN_POINT('',(46.,-2.9,-60.));
#2892 = VECTOR('',#2893,1.);
#2893 = DIRECTION('',(-1.,-1.553592893122E-16,1.088979680552E-15));
#2894 = ORIENTED_EDGE('',*,*,#2895,.T.);
#2895 = EDGE_CURVE('',#2888,#2896,#2898,.T.);
#2896 = VERTEX_POINT('',#2897);
#2897 = CARTESIAN_POINT('',(44.,-2.9,-60.));
#2898 = LINE('',#2899,#2900);
#2899 = CARTESIAN_POINT('',(24.96066252588,-2.9,-60.));
#2900 = VECTOR('',#2901,1.);
#2901 = DIRECTION('',(-1.,-1.553592893122E-16,-4.610203194479E-16));
#2902 = ORIENTED_EDGE('',*,*,#2903,.F.);
#2903 = EDGE_CURVE('',#2798,#2896,#2904,.T.);
#2904 = LINE('',#2905,#2906);
#2905 = CARTESIAN_POINT('',(44.,1.1,-60.));
#2906 = VECTOR('',#2907,1.);
#2907 = DIRECTION('',(1.553592893122E-16,-1.,0.));
#2908 = PLANE('',#2909);
#2909 = AXIS2_PLACEMENT_3D('',#2910,#2911,#2912);
#2910 = CARTESIAN_POINT('',(3.92132505176,-2.467080745342,-60.));
#2911 = DIRECTION('',(-4.610203194479E-16,-3.6E-16,1.));
#2912 = DIRECTION('',(1.,1.553592893122E-16,4.610203194479E-16));
#2913 = ADVANCED_FACE('',(#2914),#2926,.F.);
#2914 = FACE_BOUND('',#2915,.T.);
#2915 = EDGE_LOOP('',(#2916,#2923,#2924,#2925));
#2916 = ORIENTED_EDGE('',*,*,#2917,.T.);
#2917 = EDGE_CURVE('',#2872,#2776,#2918,.T.);
#2918 = CIRCLE('',#2919,1.);
#2919 = AXIS2_PLACEMENT_3D('',#2920,#2921,#2922);
#2920 = CARTESIAN_POINT('',(-39.,-2.9,-59.));
#2921 = DIRECTION('',(-1.553592893122E-16,1.,0.));
#2922 = DIRECTION('',(1.,1.553592893122E-16,0.));
#2923 = ORIENTED_EDGE('',*,*,#2783,.T.);
#2924 = ORIENTED_EDGE('',*,*,#1402,.F.);
#2925 = ORIENTED_EDGE('',*,*,#2879,.F.);
#2926 = CYLINDRICAL_SURFACE('',#2927,1.);
#2927 = AXIS2_PLACEMENT_3D('',#2928,#2929,#2930);
#2928 = CARTESIAN_POINT('',(-39.,-2.9,-59.));
#2929 = DIRECTION('',(1.553592893122E-16,-1.,0.));
#2930 = DIRECTION('',(4.610203194479E-16,7.162378918792E-32,-1.));
#2931 = ADVANCED_FACE('',(#2932,#2940),#2951,.F.);
#2932 = FACE_BOUND('',#2933,.F.);
#2933 = EDGE_LOOP('',(#2934,#2935,#2936,#2937,#2938,#2939));
#2934 = ORIENTED_EDGE('',*,*,#1833,.T.);
#2935 = ORIENTED_EDGE('',*,*,#1857,.T.);
#2936 = ORIENTED_EDGE('',*,*,#1881,.T.);
#2937 = ORIENTED_EDGE('',*,*,#1905,.T.);
#2938 = ORIENTED_EDGE('',*,*,#1929,.T.);
#2939 = ORIENTED_EDGE('',*,*,#1953,.T.);
#2940 = FACE_BOUND('',#2941,.F.);
#2941 = EDGE_LOOP('',(#2942));
#2942 = ORIENTED_EDGE('',*,*,#2943,.T.);
#2943 = EDGE_CURVE('',#2944,#2944,#2946,.T.);
#2944 = VERTEX_POINT('',#2945);
#2945 = CARTESIAN_POINT('',(-36.,-1.5,-54.5));
#2946 = CIRCLE('',#2947,1.5);
#2947 = AXIS2_PLACEMENT_3D('',#2948,#2949,#2950);
#2948 = CARTESIAN_POINT('',(-36.,-1.5,-56.));
#2949 = DIRECTION('',(-1.553592893122E-16,1.,-1.833914063715E-31));
#2950 = DIRECTION('',(-8.010203194479E-16,5.894545881738E-32,1.));
#2951 = PLANE('',#2952);
#2952 = AXIS2_PLACEMENT_3D('',#2953,#2954,#2955);
#2953 = CARTESIAN_POINT('',(-36.,-1.5,-56.));
#2954 = DIRECTION('',(1.553592893122E-16,-1.,0.));
#2955 = DIRECTION('',(9.110203194479E-16,-4.185593699303E-32,-1.));
#2956 = ADVANCED_FACE('',(#2957,#2965),#2976,.F.);
#2957 = FACE_BOUND('',#2958,.F.);
#2958 = EDGE_LOOP('',(#2959,#2960,#2961,#2962,#2963,#2964));
#2959 = ORIENTED_EDGE('',*,*,#1977,.T.);
#2960 = ORIENTED_EDGE('',*,*,#2001,.T.);
#2961 = ORIENTED_EDGE('',*,*,#2025,.T.);
#2962 = ORIENTED_EDGE('',*,*,#2049,.T.);
#2963 = ORIENTED_EDGE('',*,*,#2073,.T.);
#2964 = ORIENTED_EDGE('',*,*,#2097,.T.);
#2965 = FACE_BOUND('',#2966,.F.);
#2966 = EDGE_LOOP('',(#2967));
#2967 = ORIENTED_EDGE('',*,*,#2968,.T.);
#2968 = EDGE_CURVE('',#2969,#2969,#2971,.T.);
#2969 = VERTEX_POINT('',#2970);
#2970 = CARTESIAN_POINT('',(22.,-1.5,-54.5));
#2971 = CIRCLE('',#2972,1.5);
#2972 = AXIS2_PLACEMENT_3D('',#2973,#2974,#2975);
#2973 = CARTESIAN_POINT('',(22.,-1.5,-56.));
#2974 = DIRECTION('',(-1.553592893122E-16,1.,-1.833914063715E-31));
#2975 = DIRECTION('',(4.189796805521E-16,2.484837917783E-31,1.));
#2976 = PLANE('',#2977);
#2977 = AXIS2_PLACEMENT_3D('',#2978,#2979,#2980);
#2978 = CARTESIAN_POINT('',(22.,-1.5,-56.));
#2979 = DIRECTION('',(1.553592893122E-16,-1.,0.));
#2980 = DIRECTION('',(-1.088979680552E-15,-3.525745156175E-31,-1.));
#2981 = ADVANCED_FACE('',(#2982,#2990),#3001,.F.);
#2982 = FACE_BOUND('',#2983,.F.);
#2983 = EDGE_LOOP('',(#2984,#2985,#2986,#2987,#2988,#2989));
#2984 = ORIENTED_EDGE('',*,*,#2121,.T.);
#2985 = ORIENTED_EDGE('',*,*,#2145,.T.);
#2986 = ORIENTED_EDGE('',*,*,#2169,.T.);
#2987 = ORIENTED_EDGE('',*,*,#2193,.T.);
#2988 = ORIENTED_EDGE('',*,*,#2217,.T.);
#2989 = ORIENTED_EDGE('',*,*,#2241,.T.);
#2990 = FACE_BOUND('',#2991,.F.);
#2991 = EDGE_LOOP('',(#2992));
#2992 = ORIENTED_EDGE('',*,*,#2993,.T.);
#2993 = EDGE_CURVE('',#2994,#2994,#2996,.T.);
#2994 = VERTEX_POINT('',#2995);
#2995 = CARTESIAN_POINT('',(-36.,-1.5,-5.5));
#2996 = CIRCLE('',#2997,1.5);
#2997 = AXIS2_PLACEMENT_3D('',#2998,#2999,#3000);
#2998 = CARTESIAN_POINT('',(-36.,-1.5,-7.));
#2999 = DIRECTION('',(-1.553592893122E-16,1.,-1.833914063715E-31));
#3000 = DIRECTION('',(8.897968055207E-17,1.972152263053E-31,1.));
#3001 = PLANE('',#3002);
#3002 = AXIS2_PLACEMENT_3D('',#3003,#3004,#3005);
#3003 = CARTESIAN_POINT('',(-36.,-1.5,-7.));
#3004 = DIRECTION('',(1.553592893122E-16,-1.,0.));
#3005 = DIRECTION('',(-8.897968055207E-17,-1.972152263053E-31,-1.));
#3006 = ADVANCED_FACE('',(#3007,#3015),#3026,.F.);
#3007 = FACE_BOUND('',#3008,.F.);
#3008 = EDGE_LOOP('',(#3009,#3010,#3011,#3012,#3013,#3014));
#3009 = ORIENTED_EDGE('',*,*,#2265,.T.);
#3010 = ORIENTED_EDGE('',*,*,#2289,.T.);
#3011 = ORIENTED_EDGE('',*,*,#2313,.T.);
#3012 = ORIENTED_EDGE('',*,*,#2337,.T.);
#3013 = ORIENTED_EDGE('',*,*,#2361,.T.);
#3014 = ORIENTED_EDGE('',*,*,#2385,.T.);
#3015 = FACE_BOUND('',#3016,.F.);
#3016 = EDGE_LOOP('',(#3017));
#3017 = ORIENTED_EDGE('',*,*,#3018,.T.);
#3018 = EDGE_CURVE('',#3019,#3019,#3021,.T.);
#3019 = VERTEX_POINT('',#3020);
#3020 = CARTESIAN_POINT('',(22.,-1.5,-5.5));
#3021 = CIRCLE('',#3022,1.5);
#3022 = AXIS2_PLACEMENT_3D('',#3023,#3024,#3025);
#3023 = CARTESIAN_POINT('',(22.,-1.5,-7.));
#3024 = DIRECTION('',(-1.553592893122E-16,1.,-1.833914063715E-31));
#3025 = DIRECTION('',(6.489796805521E-16,2.842164283201E-31,1.));
#3026 = PLANE('',#3027);
#3027 = AXIS2_PLACEMENT_3D('',#3028,#3029,#3030);
#3028 = CARTESIAN_POINT('',(22.,-1.5,-7.));
#3029 = DIRECTION('',(1.553592893122E-16,-1.,0.));
#3030 = DIRECTION('',(-1.088979680552E-15,-3.525745156175E-31,-1.));
#3031 = ADVANCED_FACE('',(#3032),#3084,.T.);
#3032 = FACE_BOUND('',#3033,.T.);
#3033 = EDGE_LOOP('',(#3034,#3035,#3044,#3052,#3059,#3060,#3069,#3077));
#3034 = ORIENTED_EDGE('',*,*,#2797,.F.);
#3035 = ORIENTED_EDGE('',*,*,#3036,.T.);
#3036 = EDGE_CURVE('',#2798,#3037,#3039,.T.);
#3037 = VERTEX_POINT('',#3038);
#3038 = CARTESIAN_POINT('',(45.,1.1,-59.));
#3039 = CIRCLE('',#3040,1.);
#3040 = AXIS2_PLACEMENT_3D('',#3041,#3042,#3043);
#3041 = CARTESIAN_POINT('',(44.,1.1,-59.));
#3042 = DIRECTION('',(1.553592893122E-16,-1.,0.));
#3043 = DIRECTION('',(1.,1.553592893122E-16,0.));
#3044 = ORIENTED_EDGE('',*,*,#3045,.F.);
#3045 = EDGE_CURVE('',#3046,#3037,#3048,.T.);
#3046 = VERTEX_POINT('',#3047);
#3047 = CARTESIAN_POINT('',(45.,1.1,-3.));
#3048 = LINE('',#3049,#3050);
#3049 = CARTESIAN_POINT('',(45.,1.1,-2.));
#3050 = VECTOR('',#3051,1.);
#3051 = DIRECTION('',(-1.088979680552E-15,-3.525745156175E-31,-1.));
#3052 = ORIENTED_EDGE('',*,*,#3053,.T.);
#3053 = EDGE_CURVE('',#3046,#2550,#3054,.T.);
#3054 = CIRCLE('',#3055,1.);
#3055 = AXIS2_PLACEMENT_3D('',#3056,#3057,#3058);
#3056 = CARTESIAN_POINT('',(44.,1.1,-3.));
#3057 = DIRECTION('',(1.553592893122E-16,-1.,0.));
#3058 = DIRECTION('',(1.,1.553592893122E-16,0.));
#3059 = ORIENTED_EDGE('',*,*,#2549,.T.);
#3060 = ORIENTED_EDGE('',*,*,#3061,.F.);
#3061 = EDGE_CURVE('',#3062,#2552,#3064,.T.);
#3062 = VERTEX_POINT('',#3063);
#3063 = CARTESIAN_POINT('',(25.5,1.1,-3.));
#3064 = CIRCLE('',#3065,1.);
#3065 = AXIS2_PLACEMENT_3D('',#3066,#3067,#3068);
#3066 = CARTESIAN_POINT('',(26.5,1.1,-3.));
#3067 = DIRECTION('',(-1.553592893122E-16,1.,0.));
#3068 = DIRECTION('',(1.,1.553592893122E-16,0.));
#3069 = ORIENTED_EDGE('',*,*,#3070,.T.);
#3070 = EDGE_CURVE('',#3062,#3071,#3073,.T.);
#3071 = VERTEX_POINT('',#3072);
#3072 = CARTESIAN_POINT('',(25.5,1.1,-59.));
#3073 = LINE('',#3074,#3075);
#3074 = CARTESIAN_POINT('',(25.5,1.1,-2.));
#3075 = VECTOR('',#3076,1.);
#3076 = DIRECTION('',(-1.088979680552E-15,6.E-17,-1.));
#3077 = ORIENTED_EDGE('',*,*,#3078,.F.);
#3078 = EDGE_CURVE('',#2800,#3071,#3079,.T.);
#3079 = CIRCLE('',#3080,1.);
#3080 = AXIS2_PLACEMENT_3D('',#3081,#3082,#3083);
#3081 = CARTESIAN_POINT('',(26.5,1.1,-59.));
#3082 = DIRECTION('',(-1.553592893122E-16,1.,0.));
#3083 = DIRECTION('',(1.,1.553592893122E-16,0.));
#3084 = PLANE('',#3085);
#3085 = AXIS2_PLACEMENT_3D('',#3086,#3087,#3088);
#3086 = CARTESIAN_POINT('',(45.,1.1,-2.));
#3087 = DIRECTION('',(1.553592893122E-16,-1.,0.));
#3088 = DIRECTION('',(-1.,-1.553592893122E-16,1.088979680552E-15));
#3089 = ADVANCED_FACE('',(#3090),#3109,.F.);
#3090 = FACE_BOUND('',#3091,.F.);
#3091 = EDGE_LOOP('',(#3092,#3093,#3094,#3103));
#3092 = ORIENTED_EDGE('',*,*,#3053,.T.);
#3093 = ORIENTED_EDGE('',*,*,#2559,.T.);
#3094 = ORIENTED_EDGE('',*,*,#3095,.F.);
#3095 = EDGE_CURVE('',#3096,#2560,#3098,.T.);
#3096 = VERTEX_POINT('',#3097);
#3097 = CARTESIAN_POINT('',(45.,-2.9,-3.));
#3098 = CIRCLE('',#3099,1.);
#3099 = AXIS2_PLACEMENT_3D('',#3100,#3101,#3102);
#3100 = CARTESIAN_POINT('',(44.,-2.9,-3.));
#3101 = DIRECTION('',(1.553592893122E-16,-1.,0.));
#3102 = DIRECTION('',(1.,1.553592893122E-16,0.));
#3103 = ORIENTED_EDGE('',*,*,#3104,.F.);
#3104 = EDGE_CURVE('',#3046,#3096,#3105,.T.);
#3105 = LINE('',#3106,#3107);
#3106 = CARTESIAN_POINT('',(45.,1.1,-3.));
#3107 = VECTOR('',#3108,1.);
#3108 = DIRECTION('',(1.553592893122E-16,-1.,0.));
#3109 = CYLINDRICAL_SURFACE('',#3110,1.);
#3110 = AXIS2_PLACEMENT_3D('',#3111,#3112,#3113);
#3111 = CARTESIAN_POINT('',(44.,1.1,-3.));
#3112 = DIRECTION('',(1.553592893122E-16,-1.,0.));
#3113 = DIRECTION('',(1.,1.553592893122E-16,-1.088979680552E-15));
#3114 = ADVANCED_FACE('',(#3115),#3134,.F.);
#3115 = FACE_BOUND('',#3116,.T.);
#3116 = EDGE_LOOP('',(#3117,#3118,#3119,#3128));
#3117 = ORIENTED_EDGE('',*,*,#3061,.T.);
#3118 = ORIENTED_EDGE('',*,*,#2662,.T.);
#3119 = ORIENTED_EDGE('',*,*,#3120,.F.);
#3120 = EDGE_CURVE('',#3121,#2655,#3123,.T.);
#3121 = VERTEX_POINT('',#3122);
#3122 = CARTESIAN_POINT('',(25.5,-2.9,-3.));
#3123 = CIRCLE('',#3124,1.);
#3124 = AXIS2_PLACEMENT_3D('',#3125,#3126,#3127);
#3125 = CARTESIAN_POINT('',(26.5,-2.9,-3.));
#3126 = DIRECTION('',(-1.553592893122E-16,1.,0.));
#3127 = DIRECTION('',(1.,1.553592893122E-16,0.));
#3128 = ORIENTED_EDGE('',*,*,#3129,.F.);
#3129 = EDGE_CURVE('',#3062,#3121,#3130,.T.);
#3130 = LINE('',#3131,#3132);
#3131 = CARTESIAN_POINT('',(25.5,1.1,-3.));
#3132 = VECTOR('',#3133,1.);
#3133 = DIRECTION('',(1.553592893122E-16,-1.,0.));
#3134 = CYLINDRICAL_SURFACE('',#3135,1.);
#3135 = AXIS2_PLACEMENT_3D('',#3136,#3137,#3138);
#3136 = CARTESIAN_POINT('',(26.5,1.1,-3.));
#3137 = DIRECTION('',(1.553592893122E-16,-1.,0.));
#3138 = DIRECTION('',(-1.,-1.553592893122E-16,1.088979680552E-15));
#3139 = ADVANCED_FACE('',(#3140),#3163,.T.);
#3140 = FACE_BOUND('',#3141,.T.);
#3141 = EDGE_LOOP('',(#3142,#3150,#3157,#3158,#3159,#3160,#3161,#3162));
#3142 = ORIENTED_EDGE('',*,*,#3143,.T.);
#3143 = EDGE_CURVE('',#3096,#3144,#3146,.T.);
#3144 = VERTEX_POINT('',#3145);
#3145 = CARTESIAN_POINT('',(45.,-2.9,-59.));
#3146 = LINE('',#3147,#3148);
#3147 = CARTESIAN_POINT('',(45.,-2.9,-2.));
#3148 = VECTOR('',#3149,1.);
#3149 = DIRECTION('',(-1.088979680552E-15,-3.525745156175E-31,-1.));
#3150 = ORIENTED_EDGE('',*,*,#3151,.F.);
#3151 = EDGE_CURVE('',#2896,#3144,#3152,.T.);
#3152 = CIRCLE('',#3153,1.);
#3153 = AXIS2_PLACEMENT_3D('',#3154,#3155,#3156);
#3154 = CARTESIAN_POINT('',(44.,-2.9,-59.));
#3155 = DIRECTION('',(1.553592893122E-16,-1.,0.));
#3156 = DIRECTION('',(1.,1.553592893122E-16,0.));
#3157 = ORIENTED_EDGE('',*,*,#2895,.F.);
#3158 = ORIENTED_EDGE('',*,*,#2887,.F.);
#3159 = ORIENTED_EDGE('',*,*,#2702,.F.);
#3160 = ORIENTED_EDGE('',*,*,#2575,.T.);
#3161 = ORIENTED_EDGE('',*,*,#2567,.T.);
#3162 = ORIENTED_EDGE('',*,*,#3095,.F.);
#3163 = PLANE('',#3164);
#3164 = AXIS2_PLACEMENT_3D('',#3165,#3166,#3167);
#3165 = CARTESIAN_POINT('',(46.,-2.9,-2.));
#3166 = DIRECTION('',(1.553592893122E-16,-1.,0.));
#3167 = DIRECTION('',(-1.,-1.553592893122E-16,1.088979680552E-15));
#3168 = ADVANCED_FACE('',(#3169,#3217,#3228),#3239,.T.);
#3169 = FACE_BOUND('',#3170,.T.);
#3170 = EDGE_LOOP('',(#3171,#3179,#3180,#3181,#3182,#3183,#3192,#3200,
    #3207,#3208,#3209,#3210));
#3171 = ORIENTED_EDGE('',*,*,#3172,.F.);
#3172 = EDGE_CURVE('',#3121,#3173,#3175,.T.);
#3173 = VERTEX_POINT('',#3174);
#3174 = CARTESIAN_POINT('',(25.5,-2.9,-59.));
#3175 = LINE('',#3176,#3177);
#3176 = CARTESIAN_POINT('',(25.5,-2.9,-2.));
#3177 = VECTOR('',#3178,1.);
#3178 = DIRECTION('',(-1.088979680552E-15,-3.525745156175E-31,-1.));
#3179 = ORIENTED_EDGE('',*,*,#3120,.T.);
#3180 = ORIENTED_EDGE('',*,*,#2654,.F.);
#3181 = ORIENTED_EDGE('',*,*,#2646,.T.);
#3182 = ORIENTED_EDGE('',*,*,#2638,.T.);
#3183 = ORIENTED_EDGE('',*,*,#3184,.F.);
#3184 = EDGE_CURVE('',#3185,#2631,#3187,.T.);
#3185 = VERTEX_POINT('',#3186);
#3186 = CARTESIAN_POINT('',(18.5,-2.9,-3.));
#3187 = CIRCLE('',#3188,1.);
#3188 = AXIS2_PLACEMENT_3D('',#3189,#3190,#3191);
#3189 = CARTESIAN_POINT('',(17.5,-2.9,-3.));
#3190 = DIRECTION('',(1.553592893122E-16,-1.,0.));
#3191 = DIRECTION('',(1.,1.553592893122E-16,0.));
#3192 = ORIENTED_EDGE('',*,*,#3193,.T.);
#3193 = EDGE_CURVE('',#3185,#3194,#3196,.T.);
#3194 = VERTEX_POINT('',#3195);
#3195 = CARTESIAN_POINT('',(18.5,-2.9,-59.));
#3196 = LINE('',#3197,#3198);
#3197 = CARTESIAN_POINT('',(18.5,-2.9,-2.));
#3198 = VECTOR('',#3199,1.);
#3199 = DIRECTION('',(-1.088979680552E-15,-3.525745156175E-31,-1.));
#3200 = ORIENTED_EDGE('',*,*,#3201,.F.);
#3201 = EDGE_CURVE('',#2832,#3194,#3202,.T.);
#3202 = CIRCLE('',#3203,1.);
#3203 = AXIS2_PLACEMENT_3D('',#3204,#3205,#3206);
#3204 = CARTESIAN_POINT('',(17.5,-2.9,-59.));
#3205 = DIRECTION('',(1.553592893122E-16,-1.,0.));
#3206 = DIRECTION('',(1.,1.553592893122E-16,0.));
#3207 = ORIENTED_EDGE('',*,*,#2831,.F.);
#3208 = ORIENTED_EDGE('',*,*,#2823,.F.);
#3209 = ORIENTED_EDGE('',*,*,#2815,.T.);
#3210 = ORIENTED_EDGE('',*,*,#3211,.T.);
#3211 = EDGE_CURVE('',#2808,#3173,#3212,.T.);
#3212 = CIRCLE('',#3213,1.);
#3213 = AXIS2_PLACEMENT_3D('',#3214,#3215,#3216);
#3214 = CARTESIAN_POINT('',(26.5,-2.9,-59.));
#3215 = DIRECTION('',(-1.553592893122E-16,1.,0.));
#3216 = DIRECTION('',(1.,1.553592893122E-16,0.));
#3217 = FACE_BOUND('',#3218,.T.);
#3218 = EDGE_LOOP('',(#3219));
#3219 = ORIENTED_EDGE('',*,*,#3220,.F.);
#3220 = EDGE_CURVE('',#3221,#3221,#3223,.T.);
#3221 = VERTEX_POINT('',#3222);
#3222 = CARTESIAN_POINT('',(22.,-2.9,-5.5));
#3223 = CIRCLE('',#3224,1.5);
#3224 = AXIS2_PLACEMENT_3D('',#3225,#3226,#3227);
#3225 = CARTESIAN_POINT('',(22.,-2.9,-7.));
#3226 = DIRECTION('',(1.553592893122E-16,-1.,1.833914063715E-31));
#3227 = DIRECTION('',(1.088979680552E-15,3.525745156175E-31,1.));
#3228 = FACE_BOUND('',#3229,.T.);
#3229 = EDGE_LOOP('',(#3230));
#3230 = ORIENTED_EDGE('',*,*,#3231,.F.);
#3231 = EDGE_CURVE('',#3232,#3232,#3234,.T.);
#3232 = VERTEX_POINT('',#3233);
#3233 = CARTESIAN_POINT('',(22.,-2.9,-54.5));
#3234 = CIRCLE('',#3235,1.5);
#3235 = AXIS2_PLACEMENT_3D('',#3236,#3237,#3238);
#3236 = CARTESIAN_POINT('',(22.,-2.9,-56.));
#3237 = DIRECTION('',(1.553592893122E-16,-1.,1.833914063715E-31));
#3238 = DIRECTION('',(1.088979680552E-15,3.525745156175E-31,1.));
#3239 = PLANE('',#3240);
#3240 = AXIS2_PLACEMENT_3D('',#3241,#3242,#3243);
#3241 = CARTESIAN_POINT('',(25.5,-2.9,-2.));
#3242 = DIRECTION('',(1.553592893122E-16,-1.,0.));
#3243 = DIRECTION('',(-1.,-1.553592893122E-16,1.088979680552E-15));
#3244 = ADVANCED_FACE('',(#3245),#3264,.F.);
#3245 = FACE_BOUND('',#3246,.F.);
#3246 = EDGE_LOOP('',(#3247,#3256,#3257,#3258));
#3247 = ORIENTED_EDGE('',*,*,#3248,.T.);
#3248 = EDGE_CURVE('',#3249,#2623,#3251,.T.);
#3249 = VERTEX_POINT('',#3250);
#3250 = CARTESIAN_POINT('',(18.5,1.1,-3.));
#3251 = CIRCLE('',#3252,1.);
#3252 = AXIS2_PLACEMENT_3D('',#3253,#3254,#3255);
#3253 = CARTESIAN_POINT('',(17.5,1.1,-3.));
#3254 = DIRECTION('',(1.553592893122E-16,-1.,0.));
#3255 = DIRECTION('',(1.,1.553592893122E-16,0.));
#3256 = ORIENTED_EDGE('',*,*,#2630,.T.);
#3257 = ORIENTED_EDGE('',*,*,#3184,.F.);
#3258 = ORIENTED_EDGE('',*,*,#3259,.F.);
#3259 = EDGE_CURVE('',#3249,#3185,#3260,.T.);
#3260 = LINE('',#3261,#3262);
#3261 = CARTESIAN_POINT('',(18.5,1.1,-3.));
#3262 = VECTOR('',#3263,1.);
#3263 = DIRECTION('',(1.553592893122E-16,-1.,0.));
#3264 = CYLINDRICAL_SURFACE('',#3265,1.);
#3265 = AXIS2_PLACEMENT_3D('',#3266,#3267,#3268);
#3266 = CARTESIAN_POINT('',(17.5,1.1,-3.));
#3267 = DIRECTION('',(1.553592893122E-16,-1.,0.));
#3268 = DIRECTION('',(1.,1.553592893122E-16,-1.088979680552E-15));
#3269 = ADVANCED_FACE('',(#3270),#3373,.T.);
#3270 = FACE_BOUND('',#3271,.T.);
#3271 = EDGE_LOOP('',(#3272,#3282,#3289,#3290,#3299,#3305,#3306,#3307,
    #3316,#3324,#3333,#3341,#3348,#3349,#3358,#3366));
#3272 = ORIENTED_EDGE('',*,*,#3273,.T.);
#3273 = EDGE_CURVE('',#3274,#3276,#3278,.T.);
#3274 = VERTEX_POINT('',#3275);
#3275 = CARTESIAN_POINT('',(-32.5,1.1,-54.5));
#3276 = VERTEX_POINT('',#3277);
#3277 = CARTESIAN_POINT('',(-32.5,1.1,-59.));
#3278 = LINE('',#3279,#3280);
#3279 = CARTESIAN_POINT('',(-32.5,1.1,-27.25));
#3280 = VECTOR('',#3281,1.);
#3281 = DIRECTION('',(-1.088979680552E-15,1.7E-16,-1.));
#3282 = ORIENTED_EDGE('',*,*,#3283,.T.);
#3283 = EDGE_CURVE('',#3276,#2848,#3284,.T.);
#3284 = CIRCLE('',#3285,1.);
#3285 = AXIS2_PLACEMENT_3D('',#3286,#3287,#3288);
#3286 = CARTESIAN_POINT('',(-31.5,1.1,-59.));
#3287 = DIRECTION('',(1.553592893122E-16,-1.,0.));
#3288 = DIRECTION('',(1.,1.553592893122E-16,0.));
#3289 = ORIENTED_EDGE('',*,*,#2847,.F.);
#3290 = ORIENTED_EDGE('',*,*,#3291,.T.);
#3291 = EDGE_CURVE('',#2840,#3292,#3294,.T.);
#3292 = VERTEX_POINT('',#3293);
#3293 = CARTESIAN_POINT('',(18.5,1.1,-59.));
#3294 = CIRCLE('',#3295,1.);
#3295 = AXIS2_PLACEMENT_3D('',#3296,#3297,#3298);
#3296 = CARTESIAN_POINT('',(17.5,1.1,-59.));
#3297 = DIRECTION('',(1.553592893122E-16,-1.,0.));
#3298 = DIRECTION('',(1.,1.553592893122E-16,0.));
#3299 = ORIENTED_EDGE('',*,*,#3300,.F.);
#3300 = EDGE_CURVE('',#3249,#3292,#3301,.T.);
#3301 = LINE('',#3302,#3303);
#3302 = CARTESIAN_POINT('',(18.5,1.1,-2.));
#3303 = VECTOR('',#3304,1.);
#3304 = DIRECTION('',(-1.088979680552E-15,6.E-17,-1.));
#3305 = ORIENTED_EDGE('',*,*,#3248,.T.);
#3306 = ORIENTED_EDGE('',*,*,#2622,.T.);
#3307 = ORIENTED_EDGE('',*,*,#3308,.T.);
#3308 = EDGE_CURVE('',#2615,#3309,#3311,.T.);
#3309 = VERTEX_POINT('',#3310);
#3310 = CARTESIAN_POINT('',(-32.5,1.1,-3.));
#3311 = CIRCLE('',#3312,1.);
#3312 = AXIS2_PLACEMENT_3D('',#3313,#3314,#3315);
#3313 = CARTESIAN_POINT('',(-31.5,1.1,-3.));
#3314 = DIRECTION('',(1.553592893122E-16,-1.,0.));
#3315 = DIRECTION('',(1.,1.553592893122E-16,0.));
#3316 = ORIENTED_EDGE('',*,*,#3317,.T.);
#3317 = EDGE_CURVE('',#3309,#3318,#3320,.T.);
#3318 = VERTEX_POINT('',#3319);
#3319 = CARTESIAN_POINT('',(-32.5,1.1,-8.5));
#3320 = LINE('',#3321,#3322);
#3321 = CARTESIAN_POINT('',(-32.5,1.1,-2.));
#3322 = VECTOR('',#3323,1.);
#3323 = DIRECTION('',(-1.088979680552E-15,1.1E-16,-1.));
#3324 = ORIENTED_EDGE('',*,*,#3325,.T.);
#3325 = EDGE_CURVE('',#3318,#3326,#3328,.T.);
#3326 = VERTEX_POINT('',#3327);
#3327 = CARTESIAN_POINT('',(-34.5,1.1,-10.5));
#3328 = CIRCLE('',#3329,2.);
#3329 = AXIS2_PLACEMENT_3D('',#3330,#3331,#3332);
#3330 = CARTESIAN_POINT('',(-34.5,1.1,-8.5));
#3331 = DIRECTION('',(-1.553592893122E-16,1.,0.));
#3332 = DIRECTION('',(1.,1.553592893122E-16,0.));
#3333 = ORIENTED_EDGE('',*,*,#3334,.F.);
#3334 = EDGE_CURVE('',#3335,#3326,#3337,.T.);
#3335 = VERTEX_POINT('',#3336);
#3336 = CARTESIAN_POINT('',(-39.,1.1,-10.5));
#3337 = LINE('',#3338,#3339);
#3338 = CARTESIAN_POINT('',(6.25,1.1,-10.5));
#3339 = VECTOR('',#3340,1.);
#3340 = DIRECTION('',(1.,1.553592893122E-16,-1.088979680552E-15));
#3341 = ORIENTED_EDGE('',*,*,#3342,.F.);
#3342 = EDGE_CURVE('',#2744,#3335,#3343,.T.);
#3343 = CIRCLE('',#3344,1.);
#3344 = AXIS2_PLACEMENT_3D('',#3345,#3346,#3347);
#3345 = CARTESIAN_POINT('',(-39.,1.1,-11.5));
#3346 = DIRECTION('',(-1.553592893122E-16,1.,0.));
#3347 = DIRECTION('',(1.,1.553592893122E-16,0.));
#3348 = ORIENTED_EDGE('',*,*,#2751,.T.);
#3349 = ORIENTED_EDGE('',*,*,#3350,.F.);
#3350 = EDGE_CURVE('',#3351,#2752,#3353,.T.);
#3351 = VERTEX_POINT('',#3352);
#3352 = CARTESIAN_POINT('',(-39.,1.1,-52.5));
#3353 = CIRCLE('',#3354,1.);
#3354 = AXIS2_PLACEMENT_3D('',#3355,#3356,#3357);
#3355 = CARTESIAN_POINT('',(-39.,1.1,-51.5));
#3356 = DIRECTION('',(-1.553592893122E-16,1.,0.));
#3357 = DIRECTION('',(1.,1.553592893122E-16,0.));
#3358 = ORIENTED_EDGE('',*,*,#3359,.T.);
#3359 = EDGE_CURVE('',#3351,#3360,#3362,.T.);
#3360 = VERTEX_POINT('',#3361);
#3361 = CARTESIAN_POINT('',(-34.5,1.1,-52.5));
#3362 = LINE('',#3363,#3364);
#3363 = CARTESIAN_POINT('',(6.25,1.1,-52.5));
#3364 = VECTOR('',#3365,1.);
#3365 = DIRECTION('',(1.,1.553592893122E-16,-1.088979680552E-15));
#3366 = ORIENTED_EDGE('',*,*,#3367,.F.);
#3367 = EDGE_CURVE('',#3274,#3360,#3368,.T.);
#3368 = CIRCLE('',#3369,2.);
#3369 = AXIS2_PLACEMENT_3D('',#3370,#3371,#3372);
#3370 = CARTESIAN_POINT('',(-34.5,1.1,-54.5));
#3371 = DIRECTION('',(1.553592893122E-16,-1.,0.));
#3372 = DIRECTION('',(1.,1.553592893122E-16,0.));
#3373 = PLANE('',#3374);
#3374 = AXIS2_PLACEMENT_3D('',#3375,#3376,#3377);
#3375 = CARTESIAN_POINT('',(45.,1.1,-2.));
#3376 = DIRECTION('',(1.553592893122E-16,-1.,0.));
#3377 = DIRECTION('',(-1.,-1.553592893122E-16,1.088979680552E-15));
#3378 = ADVANCED_FACE('',(#3379,#3427),#3438,.T.);
#3379 = FACE_BOUND('',#3380,.T.);
#3380 = EDGE_LOOP('',(#3381,#3391,#3398,#3399,#3400,#3401,#3402,#3403,
    #3412,#3420));
#3381 = ORIENTED_EDGE('',*,*,#3382,.F.);
#3382 = EDGE_CURVE('',#3383,#3385,#3387,.T.);
#3383 = VERTEX_POINT('',#3384);
#3384 = CARTESIAN_POINT('',(-32.5,-2.9,-3.));
#3385 = VERTEX_POINT('',#3386);
#3386 = CARTESIAN_POINT('',(-32.5,-2.9,-8.5));
#3387 = LINE('',#3388,#3389);
#3388 = CARTESIAN_POINT('',(-32.5,-2.9,-2.));
#3389 = VECTOR('',#3390,1.);
#3390 = DIRECTION('',(-1.088979680552E-15,-3.525745156175E-31,-1.));
#3391 = ORIENTED_EDGE('',*,*,#3392,.F.);
#3392 = EDGE_CURVE('',#2607,#3383,#3393,.T.);
#3393 = CIRCLE('',#3394,1.);
#3394 = AXIS2_PLACEMENT_3D('',#3395,#3396,#3397);
#3395 = CARTESIAN_POINT('',(-31.5,-2.9,-3.));
#3396 = DIRECTION('',(1.553592893122E-16,-1.,0.));
#3397 = DIRECTION('',(1.,1.553592893122E-16,0.));
#3398 = ORIENTED_EDGE('',*,*,#2606,.F.);
#3399 = ORIENTED_EDGE('',*,*,#2598,.T.);
#3400 = ORIENTED_EDGE('',*,*,#2676,.F.);
#3401 = ORIENTED_EDGE('',*,*,#2727,.T.);
#3402 = ORIENTED_EDGE('',*,*,#2735,.T.);
#3403 = ORIENTED_EDGE('',*,*,#3404,.T.);
#3404 = EDGE_CURVE('',#2736,#3405,#3407,.T.);
#3405 = VERTEX_POINT('',#3406);
#3406 = CARTESIAN_POINT('',(-39.,-2.9,-10.5));
#3407 = CIRCLE('',#3408,1.);
#3408 = AXIS2_PLACEMENT_3D('',#3409,#3410,#3411);
#3409 = CARTESIAN_POINT('',(-39.,-2.9,-11.5));
#3410 = DIRECTION('',(-1.553592893122E-16,1.,0.));
#3411 = DIRECTION('',(1.,1.553592893122E-16,0.));
#3412 = ORIENTED_EDGE('',*,*,#3413,.F.);
#3413 = EDGE_CURVE('',#3414,#3405,#3416,.T.);
#3414 = VERTEX_POINT('',#3415);
#3415 = CARTESIAN_POINT('',(-34.5,-2.9,-10.5));
#3416 = LINE('',#3417,#3418);
#3417 = CARTESIAN_POINT('',(-32.5,-2.9,-10.5));
#3418 = VECTOR('',#3419,1.);
#3419 = DIRECTION('',(-1.,-1.553592893122E-16,1.088979680552E-15));
#3420 = ORIENTED_EDGE('',*,*,#3421,.F.);
#3421 = EDGE_CURVE('',#3385,#3414,#3422,.T.);
#3422 = CIRCLE('',#3423,2.);
#3423 = AXIS2_PLACEMENT_3D('',#3424,#3425,#3426);
#3424 = CARTESIAN_POINT('',(-34.5,-2.9,-8.5));
#3425 = DIRECTION('',(-1.553592893122E-16,1.,0.));
#3426 = DIRECTION('',(1.,1.553592893122E-16,0.));
#3427 = FACE_BOUND('',#3428,.T.);
#3428 = EDGE_LOOP('',(#3429));
#3429 = ORIENTED_EDGE('',*,*,#3430,.F.);
#3430 = EDGE_CURVE('',#3431,#3431,#3433,.T.);
#3431 = VERTEX_POINT('',#3432);
#3432 = CARTESIAN_POINT('',(-36.,-2.9,-5.5));
#3433 = CIRCLE('',#3434,1.5);
#3434 = AXIS2_PLACEMENT_3D('',#3435,#3436,#3437);
#3435 = CARTESIAN_POINT('',(-36.,-2.9,-7.));
#3436 = DIRECTION('',(1.553592893122E-16,-1.,1.833914063715E-31));
#3437 = DIRECTION('',(1.088979680552E-15,3.525745156175E-31,1.));
#3438 = PLANE('',#3439);
#3439 = AXIS2_PLACEMENT_3D('',#3440,#3441,#3442);
#3440 = CARTESIAN_POINT('',(-32.5,-2.9,-2.));
#3441 = DIRECTION('',(1.553592893122E-16,-1.,0.));
#3442 = DIRECTION('',(-1.,-1.553592893122E-16,1.088979680552E-15));
#3443 = ADVANCED_FACE('',(#3444),#3455,.F.);
#3444 = FACE_BOUND('',#3445,.F.);
#3445 = EDGE_LOOP('',(#3446,#3447,#3453,#3454));
#3446 = ORIENTED_EDGE('',*,*,#3308,.T.);
#3447 = ORIENTED_EDGE('',*,*,#3448,.T.);
#3448 = EDGE_CURVE('',#3309,#3383,#3449,.T.);
#3449 = LINE('',#3450,#3451);
#3450 = CARTESIAN_POINT('',(-32.5,1.1,-3.));
#3451 = VECTOR('',#3452,1.);
#3452 = DIRECTION('',(1.553592893122E-16,-1.,0.));
#3453 = ORIENTED_EDGE('',*,*,#3392,.F.);
#3454 = ORIENTED_EDGE('',*,*,#2614,.F.);
#3455 = CYLINDRICAL_SURFACE('',#3456,1.);
#3456 = AXIS2_PLACEMENT_3D('',#3457,#3458,#3459);
#3457 = CARTESIAN_POINT('',(-31.5,1.1,-3.));
#3458 = DIRECTION('',(1.553592893122E-16,-1.,0.));
#3459 = DIRECTION('',(-3.910203194479E-16,-6.074863893607E-32,1.));
#3460 = ADVANCED_FACE('',(#3461,#3509),#3520,.T.);
#3461 = FACE_BOUND('',#3462,.T.);
#3462 = EDGE_LOOP('',(#3463,#3473,#3482,#3490,#3497,#3498,#3499,#3500,
    #3501,#3502));
#3463 = ORIENTED_EDGE('',*,*,#3464,.F.);
#3464 = EDGE_CURVE('',#3465,#3467,#3469,.T.);
#3465 = VERTEX_POINT('',#3466);
#3466 = CARTESIAN_POINT('',(-32.5,-2.9,-54.5));
#3467 = VERTEX_POINT('',#3468);
#3468 = CARTESIAN_POINT('',(-32.5,-2.9,-59.));
#3469 = LINE('',#3470,#3471);
#3470 = CARTESIAN_POINT('',(-32.5,-2.9,-52.5));
#3471 = VECTOR('',#3472,1.);
#3472 = DIRECTION('',(-1.088979680552E-15,-3.525745156175E-31,-1.));
#3473 = ORIENTED_EDGE('',*,*,#3474,.T.);
#3474 = EDGE_CURVE('',#3465,#3475,#3477,.T.);
#3475 = VERTEX_POINT('',#3476);
#3476 = CARTESIAN_POINT('',(-34.5,-2.9,-52.5));
#3477 = CIRCLE('',#3478,2.);
#3478 = AXIS2_PLACEMENT_3D('',#3479,#3480,#3481);
#3479 = CARTESIAN_POINT('',(-34.5,-2.9,-54.5));
#3480 = DIRECTION('',(1.553592893122E-16,-1.,0.));
#3481 = DIRECTION('',(1.,1.553592893122E-16,0.));
#3482 = ORIENTED_EDGE('',*,*,#3483,.T.);
#3483 = EDGE_CURVE('',#3475,#3484,#3486,.T.);
#3484 = VERTEX_POINT('',#3485);
#3485 = CARTESIAN_POINT('',(-39.,-2.9,-52.5));
#3486 = LINE('',#3487,#3488);
#3487 = CARTESIAN_POINT('',(-32.5,-2.9,-52.5));
#3488 = VECTOR('',#3489,1.);
#3489 = DIRECTION('',(-1.,-1.553592893122E-16,1.088979680552E-15));
#3490 = ORIENTED_EDGE('',*,*,#3491,.T.);
#3491 = EDGE_CURVE('',#3484,#2760,#3492,.T.);
#3492 = CIRCLE('',#3493,1.);
#3493 = AXIS2_PLACEMENT_3D('',#3494,#3495,#3496);
#3494 = CARTESIAN_POINT('',(-39.,-2.9,-51.5));
#3495 = DIRECTION('',(-1.553592893122E-16,1.,0.));
#3496 = DIRECTION('',(1.,1.553592893122E-16,0.));
#3497 = ORIENTED_EDGE('',*,*,#2767,.F.);
#3498 = ORIENTED_EDGE('',*,*,#2775,.T.);
#3499 = ORIENTED_EDGE('',*,*,#2917,.F.);
#3500 = ORIENTED_EDGE('',*,*,#2871,.F.);
#3501 = ORIENTED_EDGE('',*,*,#2863,.T.);
#3502 = ORIENTED_EDGE('',*,*,#3503,.F.);
#3503 = EDGE_CURVE('',#3467,#2856,#3504,.T.);
#3504 = CIRCLE('',#3505,1.);
#3505 = AXIS2_PLACEMENT_3D('',#3506,#3507,#3508);
#3506 = CARTESIAN_POINT('',(-31.5,-2.9,-59.));
#3507 = DIRECTION('',(1.553592893122E-16,-1.,0.));
#3508 = DIRECTION('',(1.,1.553592893122E-16,0.));
#3509 = FACE_BOUND('',#3510,.T.);
#3510 = EDGE_LOOP('',(#3511));
#3511 = ORIENTED_EDGE('',*,*,#3512,.F.);
#3512 = EDGE_CURVE('',#3513,#3513,#3515,.T.);
#3513 = VERTEX_POINT('',#3514);
#3514 = CARTESIAN_POINT('',(-36.,-2.9,-54.5));
#3515 = CIRCLE('',#3516,1.5);
#3516 = AXIS2_PLACEMENT_3D('',#3517,#3518,#3519);
#3517 = CARTESIAN_POINT('',(-36.,-2.9,-56.));
#3518 = DIRECTION('',(1.553592893122E-16,-1.,1.833914063715E-31));
#3519 = DIRECTION('',(1.088979680552E-15,3.525745156175E-31,1.));
#3520 = PLANE('',#3521);
#3521 = AXIS2_PLACEMENT_3D('',#3522,#3523,#3524);
#3522 = CARTESIAN_POINT('',(-32.5,-2.9,-52.5));
#3523 = DIRECTION('',(1.553592893122E-16,-1.,0.));
#3524 = DIRECTION('',(-1.,-1.553592893122E-16,1.088979680552E-15));
#3525 = ADVANCED_FACE('',(#3526),#3537,.F.);
#3526 = FACE_BOUND('',#3527,.T.);
#3527 = EDGE_LOOP('',(#3528,#3529,#3535,#3536));
#3528 = ORIENTED_EDGE('',*,*,#3342,.T.);
#3529 = ORIENTED_EDGE('',*,*,#3530,.T.);
#3530 = EDGE_CURVE('',#3335,#3405,#3531,.T.);
#3531 = LINE('',#3532,#3533);
#3532 = CARTESIAN_POINT('',(-39.,1.1,-10.5));
#3533 = VECTOR('',#3534,1.);
#3534 = DIRECTION('',(1.553592893122E-16,-1.,0.));
#3535 = ORIENTED_EDGE('',*,*,#3404,.F.);
#3536 = ORIENTED_EDGE('',*,*,#2743,.F.);
#3537 = CYLINDRICAL_SURFACE('',#3538,1.);
#3538 = AXIS2_PLACEMENT_3D('',#3539,#3540,#3541);
#3539 = CARTESIAN_POINT('',(-39.,1.1,-11.5));
#3540 = DIRECTION('',(1.553592893122E-16,-1.,0.));
#3541 = DIRECTION('',(-1.,-1.553592893122E-16,1.088979680552E-15));
#3542 = ADVANCED_FACE('',(#3543),#3554,.F.);
#3543 = FACE_BOUND('',#3544,.T.);
#3544 = EDGE_LOOP('',(#3545,#3546,#3547,#3548));
#3545 = ORIENTED_EDGE('',*,*,#3350,.T.);
#3546 = ORIENTED_EDGE('',*,*,#2759,.T.);
#3547 = ORIENTED_EDGE('',*,*,#3491,.F.);
#3548 = ORIENTED_EDGE('',*,*,#3549,.F.);
#3549 = EDGE_CURVE('',#3351,#3484,#3550,.T.);
#3550 = LINE('',#3551,#3552);
#3551 = CARTESIAN_POINT('',(-39.,1.1,-52.5));
#3552 = VECTOR('',#3553,1.);
#3553 = DIRECTION('',(1.553592893122E-16,-1.,0.));
#3554 = CYLINDRICAL_SURFACE('',#3555,1.);
#3555 = AXIS2_PLACEMENT_3D('',#3556,#3557,#3558);
#3556 = CARTESIAN_POINT('',(-39.,1.1,-51.5));
#3557 = DIRECTION('',(1.553592893122E-16,-1.,0.));
#3558 = DIRECTION('',(-1.088979680552E-15,-1.69183109246E-31,-1.));
#3559 = ADVANCED_FACE('',(#3560),#3571,.F.);
#3560 = FACE_BOUND('',#3561,.F.);
#3561 = EDGE_LOOP('',(#3562,#3563,#3569,#3570));
#3562 = ORIENTED_EDGE('',*,*,#3036,.T.);
#3563 = ORIENTED_EDGE('',*,*,#3564,.T.);
#3564 = EDGE_CURVE('',#3037,#3144,#3565,.T.);
#3565 = LINE('',#3566,#3567);
#3566 = CARTESIAN_POINT('',(45.,1.1,-59.));
#3567 = VECTOR('',#3568,1.);
#3568 = DIRECTION('',(1.553592893122E-16,-1.,0.));
#3569 = ORIENTED_EDGE('',*,*,#3151,.F.);
#3570 = ORIENTED_EDGE('',*,*,#2903,.F.);
#3571 = CYLINDRICAL_SURFACE('',#3572,1.);
#3572 = AXIS2_PLACEMENT_3D('',#3573,#3574,#3575);
#3573 = CARTESIAN_POINT('',(44.,1.1,-59.));
#3574 = DIRECTION('',(1.553592893122E-16,-1.,0.));
#3575 = DIRECTION('',(4.610203194479E-16,7.162378918792E-32,-1.));
#3576 = ADVANCED_FACE('',(#3577),#3588,.F.);
#3577 = FACE_BOUND('',#3578,.T.);
#3578 = EDGE_LOOP('',(#3579,#3580,#3586,#3587));
#3579 = ORIENTED_EDGE('',*,*,#3078,.T.);
#3580 = ORIENTED_EDGE('',*,*,#3581,.T.);
#3581 = EDGE_CURVE('',#3071,#3173,#3582,.T.);
#3582 = LINE('',#3583,#3584);
#3583 = CARTESIAN_POINT('',(25.5,1.1,-59.));
#3584 = VECTOR('',#3585,1.);
#3585 = DIRECTION('',(1.553592893122E-16,-1.,0.));
#3586 = ORIENTED_EDGE('',*,*,#3211,.F.);
#3587 = ORIENTED_EDGE('',*,*,#2807,.F.);
#3588 = CYLINDRICAL_SURFACE('',#3589,1.);
#3589 = AXIS2_PLACEMENT_3D('',#3590,#3591,#3592);
#3590 = CARTESIAN_POINT('',(26.5,1.1,-59.));
#3591 = DIRECTION('',(1.553592893122E-16,-1.,0.));
#3592 = DIRECTION('',(4.610203194479E-16,7.162378918792E-32,-1.));
#3593 = ADVANCED_FACE('',(#3594),#3605,.F.);
#3594 = FACE_BOUND('',#3595,.F.);
#3595 = EDGE_LOOP('',(#3596,#3597,#3603,#3604));
#3596 = ORIENTED_EDGE('',*,*,#3291,.T.);
#3597 = ORIENTED_EDGE('',*,*,#3598,.T.);
#3598 = EDGE_CURVE('',#3292,#3194,#3599,.T.);
#3599 = LINE('',#3600,#3601);
#3600 = CARTESIAN_POINT('',(18.5,1.1,-59.));
#3601 = VECTOR('',#3602,1.);
#3602 = DIRECTION('',(1.553592893122E-16,-1.,0.));
#3603 = ORIENTED_EDGE('',*,*,#3201,.F.);
#3604 = ORIENTED_EDGE('',*,*,#2839,.F.);
#3605 = CYLINDRICAL_SURFACE('',#3606,1.);
#3606 = AXIS2_PLACEMENT_3D('',#3607,#3608,#3609);
#3607 = CARTESIAN_POINT('',(17.5,1.1,-59.));
#3608 = DIRECTION('',(1.553592893122E-16,-1.,0.));
#3609 = DIRECTION('',(4.610203194479E-16,7.162378918792E-32,-1.));
#3610 = ADVANCED_FACE('',(#3611),#3622,.F.);
#3611 = FACE_BOUND('',#3612,.F.);
#3612 = EDGE_LOOP('',(#3613,#3614,#3615,#3616));
#3613 = ORIENTED_EDGE('',*,*,#3283,.T.);
#3614 = ORIENTED_EDGE('',*,*,#2855,.T.);
#3615 = ORIENTED_EDGE('',*,*,#3503,.F.);
#3616 = ORIENTED_EDGE('',*,*,#3617,.F.);
#3617 = EDGE_CURVE('',#3276,#3467,#3618,.T.);
#3618 = LINE('',#3619,#3620);
#3619 = CARTESIAN_POINT('',(-32.5,1.1,-59.));
#3620 = VECTOR('',#3621,1.);
#3621 = DIRECTION('',(1.553592893122E-16,-1.,0.));
#3622 = CYLINDRICAL_SURFACE('',#3623,1.);
#3623 = AXIS2_PLACEMENT_3D('',#3624,#3625,#3626);
#3624 = CARTESIAN_POINT('',(-31.5,1.1,-59.));
#3625 = DIRECTION('',(1.553592893122E-16,-1.,0.));
#3626 = DIRECTION('',(-1.,-1.553592893122E-16,1.088979680552E-15));
#3627 = ADVANCED_FACE('',(#3628),#3639,.F.);
#3628 = FACE_BOUND('',#3629,.T.);
#3629 = EDGE_LOOP('',(#3630,#3631,#3637,#3638));
#3630 = ORIENTED_EDGE('',*,*,#2943,.T.);
#3631 = ORIENTED_EDGE('',*,*,#3632,.T.);
#3632 = EDGE_CURVE('',#2944,#3513,#3633,.T.);
#3633 = LINE('',#3634,#3635);
#3634 = CARTESIAN_POINT('',(-36.,2.5,-54.5));
#3635 = VECTOR('',#3636,1.);
#3636 = DIRECTION('',(1.553592893122E-16,-1.,0.));
#3637 = ORIENTED_EDGE('',*,*,#3512,.T.);
#3638 = ORIENTED_EDGE('',*,*,#3632,.F.);
#3639 = CYLINDRICAL_SURFACE('',#3640,1.5);
#3640 = AXIS2_PLACEMENT_3D('',#3641,#3642,#3643);
#3641 = CARTESIAN_POINT('',(-36.,2.5,-56.));
#3642 = DIRECTION('',(-1.553592893122E-16,1.,-0.));
#3643 = DIRECTION('',(1.088979680552E-15,3.525745156175E-31,1.));
#3644 = ADVANCED_FACE('',(#3645),#3656,.F.);
#3645 = FACE_BOUND('',#3646,.T.);
#3646 = EDGE_LOOP('',(#3647,#3648,#3654,#3655));
#3647 = ORIENTED_EDGE('',*,*,#2968,.T.);
#3648 = ORIENTED_EDGE('',*,*,#3649,.T.);
#3649 = EDGE_CURVE('',#2969,#3232,#3650,.T.);
#3650 = LINE('',#3651,#3652);
#3651 = CARTESIAN_POINT('',(22.,2.5,-54.5));
#3652 = VECTOR('',#3653,1.);
#3653 = DIRECTION('',(1.553592893122E-16,-1.,0.));
#3654 = ORIENTED_EDGE('',*,*,#3231,.T.);
#3655 = ORIENTED_EDGE('',*,*,#3649,.F.);
#3656 = CYLINDRICAL_SURFACE('',#3657,1.5);
#3657 = AXIS2_PLACEMENT_3D('',#3658,#3659,#3660);
#3658 = CARTESIAN_POINT('',(22.,2.5,-56.));
#3659 = DIRECTION('',(-1.553592893122E-16,1.,-0.));
#3660 = DIRECTION('',(1.088979680552E-15,3.525745156175E-31,1.));
#3661 = ADVANCED_FACE('',(#3662),#3673,.F.);
#3662 = FACE_BOUND('',#3663,.T.);
#3663 = EDGE_LOOP('',(#3664,#3665,#3671,#3672));
#3664 = ORIENTED_EDGE('',*,*,#2993,.T.);
#3665 = ORIENTED_EDGE('',*,*,#3666,.T.);
#3666 = EDGE_CURVE('',#2994,#3431,#3667,.T.);
#3667 = LINE('',#3668,#3669);
#3668 = CARTESIAN_POINT('',(-36.,2.5,-5.5));
#3669 = VECTOR('',#3670,1.);
#3670 = DIRECTION('',(1.553592893122E-16,-1.,0.));
#3671 = ORIENTED_EDGE('',*,*,#3430,.T.);
#3672 = ORIENTED_EDGE('',*,*,#3666,.F.);
#3673 = CYLINDRICAL_SURFACE('',#3674,1.5);
#3674 = AXIS2_PLACEMENT_3D('',#3675,#3676,#3677);
#3675 = CARTESIAN_POINT('',(-36.,2.5,-7.));
#3676 = DIRECTION('',(-1.553592893122E-16,1.,-0.));
#3677 = DIRECTION('',(1.088979680552E-15,3.525745156175E-31,1.));
#3678 = ADVANCED_FACE('',(#3679),#3690,.F.);
#3679 = FACE_BOUND('',#3680,.T.);
#3680 = EDGE_LOOP('',(#3681,#3682,#3688,#3689));
#3681 = ORIENTED_EDGE('',*,*,#3018,.T.);
#3682 = ORIENTED_EDGE('',*,*,#3683,.T.);
#3683 = EDGE_CURVE('',#3019,#3221,#3684,.T.);
#3684 = LINE('',#3685,#3686);
#3685 = CARTESIAN_POINT('',(22.,2.5,-5.5));
#3686 = VECTOR('',#3687,1.);
#3687 = DIRECTION('',(1.553592893122E-16,-1.,0.));
#3688 = ORIENTED_EDGE('',*,*,#3220,.T.);
#3689 = ORIENTED_EDGE('',*,*,#3683,.F.);
#3690 = CYLINDRICAL_SURFACE('',#3691,1.5);
#3691 = AXIS2_PLACEMENT_3D('',#3692,#3693,#3694);
#3692 = CARTESIAN_POINT('',(22.,2.5,-7.));
#3693 = DIRECTION('',(-1.553592893122E-16,1.,-0.));
#3694 = DIRECTION('',(1.088979680552E-15,3.525745156175E-31,1.));
#3695 = ADVANCED_FACE('',(#3696),#3702,.T.);
#3696 = FACE_BOUND('',#3697,.T.);
#3697 = EDGE_LOOP('',(#3698,#3699,#3700,#3701));
#3698 = ORIENTED_EDGE('',*,*,#3143,.F.);
#3699 = ORIENTED_EDGE('',*,*,#3104,.F.);
#3700 = ORIENTED_EDGE('',*,*,#3045,.T.);
#3701 = ORIENTED_EDGE('',*,*,#3564,.T.);
#3702 = PLANE('',#3703);
#3703 = AXIS2_PLACEMENT_3D('',#3704,#3705,#3706);
#3704 = CARTESIAN_POINT('',(45.,1.1,-2.));
#3705 = DIRECTION('',(-1.,-1.553592893122E-16,1.088979680552E-15));
#3706 = DIRECTION('',(1.553592893122E-16,-1.,0.));
#3707 = ADVANCED_FACE('',(#3708),#3714,.F.);
#3708 = FACE_BOUND('',#3709,.F.);
#3709 = EDGE_LOOP('',(#3710,#3711,#3712,#3713));
#3710 = ORIENTED_EDGE('',*,*,#3172,.F.);
#3711 = ORIENTED_EDGE('',*,*,#3129,.F.);
#3712 = ORIENTED_EDGE('',*,*,#3070,.T.);
#3713 = ORIENTED_EDGE('',*,*,#3581,.T.);
#3714 = PLANE('',#3715);
#3715 = AXIS2_PLACEMENT_3D('',#3716,#3717,#3718);
#3716 = CARTESIAN_POINT('',(25.5,2.1,-2.));
#3717 = DIRECTION('',(-1.,-1.553592893122E-16,1.088979680552E-15));
#3718 = DIRECTION('',(-1.088979680552E-15,-3.525745156175E-31,-1.));
#3719 = ADVANCED_FACE('',(#3720),#3726,.T.);
#3720 = FACE_BOUND('',#3721,.T.);
#3721 = EDGE_LOOP('',(#3722,#3723,#3724,#3725));
#3722 = ORIENTED_EDGE('',*,*,#3193,.F.);
#3723 = ORIENTED_EDGE('',*,*,#3259,.F.);
#3724 = ORIENTED_EDGE('',*,*,#3300,.T.);
#3725 = ORIENTED_EDGE('',*,*,#3598,.T.);
#3726 = PLANE('',#3727);
#3727 = AXIS2_PLACEMENT_3D('',#3728,#3729,#3730);
#3728 = CARTESIAN_POINT('',(18.5,2.1,-2.));
#3729 = DIRECTION('',(-1.,-1.553592893122E-16,1.088979680552E-15));
#3730 = DIRECTION('',(-1.088979680552E-15,-3.525745156175E-31,-1.));
#3731 = ADVANCED_FACE('',(#3732),#3743,.F.);
#3732 = FACE_BOUND('',#3733,.F.);
#3733 = EDGE_LOOP('',(#3734,#3735,#3741,#3742));
#3734 = ORIENTED_EDGE('',*,*,#3464,.F.);
#3735 = ORIENTED_EDGE('',*,*,#3736,.F.);
#3736 = EDGE_CURVE('',#3274,#3465,#3737,.T.);
#3737 = LINE('',#3738,#3739);
#3738 = CARTESIAN_POINT('',(-32.5,1.1,-54.5));
#3739 = VECTOR('',#3740,1.);
#3740 = DIRECTION('',(1.553592893122E-16,-1.,0.));
#3741 = ORIENTED_EDGE('',*,*,#3273,.T.);
#3742 = ORIENTED_EDGE('',*,*,#3617,.T.);
#3743 = PLANE('',#3744);
#3744 = AXIS2_PLACEMENT_3D('',#3745,#3746,#3747);
#3745 = CARTESIAN_POINT('',(-32.5,2.1,-52.5));
#3746 = DIRECTION('',(-1.,-1.553592893122E-16,1.088979680552E-15));
#3747 = DIRECTION('',(-1.088979680552E-15,-3.525745156175E-31,-1.));
#3748 = ADVANCED_FACE('',(#3749),#3760,.T.);
#3749 = FACE_BOUND('',#3750,.T.);
#3750 = EDGE_LOOP('',(#3751,#3752,#3758,#3759));
#3751 = ORIENTED_EDGE('',*,*,#3367,.T.);
#3752 = ORIENTED_EDGE('',*,*,#3753,.T.);
#3753 = EDGE_CURVE('',#3360,#3475,#3754,.T.);
#3754 = LINE('',#3755,#3756);
#3755 = CARTESIAN_POINT('',(-34.5,1.1,-52.5));
#3756 = VECTOR('',#3757,1.);
#3757 = DIRECTION('',(1.553592893122E-16,-1.,0.));
#3758 = ORIENTED_EDGE('',*,*,#3474,.F.);
#3759 = ORIENTED_EDGE('',*,*,#3736,.F.);
#3760 = CYLINDRICAL_SURFACE('',#3761,2.);
#3761 = AXIS2_PLACEMENT_3D('',#3762,#3763,#3764);
#3762 = CARTESIAN_POINT('',(-34.5,1.1,-54.5));
#3763 = DIRECTION('',(1.553592893122E-16,-1.,0.));
#3764 = DIRECTION('',(1.,1.553592893122E-16,-1.088979680552E-15));
#3765 = ADVANCED_FACE('',(#3766),#3772,.F.);
#3766 = FACE_BOUND('',#3767,.F.);
#3767 = EDGE_LOOP('',(#3768,#3769,#3770,#3771));
#3768 = ORIENTED_EDGE('',*,*,#3483,.T.);
#3769 = ORIENTED_EDGE('',*,*,#3549,.F.);
#3770 = ORIENTED_EDGE('',*,*,#3359,.T.);
#3771 = ORIENTED_EDGE('',*,*,#3753,.T.);
#3772 = PLANE('',#3773);
#3773 = AXIS2_PLACEMENT_3D('',#3774,#3775,#3776);
#3774 = CARTESIAN_POINT('',(-32.5,2.1,-52.5));
#3775 = DIRECTION('',(-1.088979680552E-15,-3.525745156175E-31,-1.));
#3776 = DIRECTION('',(-1.,-1.553592893122E-16,1.088979680552E-15));
#3777 = ADVANCED_FACE('',(#3778),#3789,.T.);
#3778 = FACE_BOUND('',#3779,.T.);
#3779 = EDGE_LOOP('',(#3780,#3781,#3782,#3783));
#3780 = ORIENTED_EDGE('',*,*,#3413,.T.);
#3781 = ORIENTED_EDGE('',*,*,#3530,.F.);
#3782 = ORIENTED_EDGE('',*,*,#3334,.T.);
#3783 = ORIENTED_EDGE('',*,*,#3784,.T.);
#3784 = EDGE_CURVE('',#3326,#3414,#3785,.T.);
#3785 = LINE('',#3786,#3787);
#3786 = CARTESIAN_POINT('',(-34.5,1.1,-10.5));
#3787 = VECTOR('',#3788,1.);
#3788 = DIRECTION('',(1.553592893122E-16,-1.,0.));
#3789 = PLANE('',#3790);
#3790 = AXIS2_PLACEMENT_3D('',#3791,#3792,#3793);
#3791 = CARTESIAN_POINT('',(-32.5,2.1,-10.5));
#3792 = DIRECTION('',(-1.088979680552E-15,-3.525745156175E-31,-1.));
#3793 = DIRECTION('',(-1.,-1.553592893122E-16,1.088979680552E-15));
#3794 = ADVANCED_FACE('',(#3795),#3806,.T.);
#3795 = FACE_BOUND('',#3796,.F.);
#3796 = EDGE_LOOP('',(#3797,#3798,#3799,#3800));
#3797 = ORIENTED_EDGE('',*,*,#3325,.T.);
#3798 = ORIENTED_EDGE('',*,*,#3784,.T.);
#3799 = ORIENTED_EDGE('',*,*,#3421,.F.);
#3800 = ORIENTED_EDGE('',*,*,#3801,.F.);
#3801 = EDGE_CURVE('',#3318,#3385,#3802,.T.);
#3802 = LINE('',#3803,#3804);
#3803 = CARTESIAN_POINT('',(-32.5,1.1,-8.5));
#3804 = VECTOR('',#3805,1.);
#3805 = DIRECTION('',(1.553592893122E-16,-1.,0.));
#3806 = CYLINDRICAL_SURFACE('',#3807,2.);
#3807 = AXIS2_PLACEMENT_3D('',#3808,#3809,#3810);
#3808 = CARTESIAN_POINT('',(-34.5,1.1,-8.5));
#3809 = DIRECTION('',(1.553592893122E-16,-1.,0.));
#3810 = DIRECTION('',(1.,1.553592893122E-16,-1.088979680552E-15));
#3811 = ADVANCED_FACE('',(#3812),#3818,.F.);
#3812 = FACE_BOUND('',#3813,.F.);
#3813 = EDGE_LOOP('',(#3814,#3815,#3816,#3817));
#3814 = ORIENTED_EDGE('',*,*,#3382,.F.);
#3815 = ORIENTED_EDGE('',*,*,#3448,.F.);
#3816 = ORIENTED_EDGE('',*,*,#3317,.T.);
#3817 = ORIENTED_EDGE('',*,*,#3801,.T.);
#3818 = PLANE('',#3819);
#3819 = AXIS2_PLACEMENT_3D('',#3820,#3821,#3822);
#3820 = CARTESIAN_POINT('',(-32.5,2.1,-2.));
#3821 = DIRECTION('',(-1.,-1.553592893122E-16,1.088979680552E-15));
#3822 = DIRECTION('',(-1.088979680552E-15,-3.525745156175E-31,-1.));
#3823 = ( GEOMETRIC_REPRESENTATION_CONTEXT(3) 
GLOBAL_UNCERTAINTY_ASSIGNED_CONTEXT((#3827)) 
GLOBAL_UNIT_ASSIGNED_CONTEXT((#3824,#3825,#3826)) REPRESENTATION_CONTEXT
('Context #1','3D Context with UNIT and UNCERTAINTY') );
#3824 = ( LENGTH_UNIT() NAMED_UNIT(*) SI_UNIT(.MILLI.,.METRE.) );
#3825 = ( NAMED_UNIT(*) PLANE_ANGLE_UNIT() SI_UNIT($,.RADIAN.) );
#3826 = ( NAMED_UNIT(*) SI_UNIT($,.STERADIAN.) SOLID_ANGLE_UNIT() );
#3827 = UNCERTAINTY_MEASURE_WITH_UNIT(LENGTH_MEASURE(2.E-06),#3824,
  'distance_accuracy_value','confusion accuracy');
#3828 = PRODUCT_RELATED_PRODUCT_CATEGORY('part',$,(#7));
#3829 = MECHANICAL_DESIGN_GEOMETRIC_PRESENTATION_REPRESENTATION('',(
    #3830),#3823);
#3830 = STYLED_ITEM('color',(#3831),#15);
#3831 = PRESENTATION_STYLE_ASSIGNMENT((#3832,#3838));
#3832 = SURFACE_STYLE_USAGE(.BOTH.,#3833);
#3833 = SURFACE_SIDE_STYLE('',(#3834));
#3834 = SURFACE_STYLE_FILL_AREA(#3835);
#3835 = FILL_AREA_STYLE('',(#3836));
#3836 = FILL_AREA_STYLE_COLOUR('',#3837);
#3837 = COLOUR_RGB('',0.447058818107,0.474509808674,0.501960817233);
#3838 = CURVE_STYLE('',#3839,POSITIVE_LENGTH_MEASURE(0.1),#3840);
#3839 = DRAUGHTING_PRE_DEFINED_CURVE_FONT('continuous');
#3840 = COLOUR_RGB('',9.803921802644E-02,9.803921802644E-02,
  9.803921802644E-02);
ENDSEC;
END-ISO-10303-21;
